[2026-03-19 09:06:52] [DEPRECATED] session_set_save_handler(): Providing individual callbacks instead of an object implementing SessionHandlerInterface is deprecated en C:\tools\nginx\html\sistema_biometrico\index.php línea 52
URI: /login
--------------------------------------------------------------------------------
[2026-03-19 09:07:00] [DEPRECATED] session_set_save_handler(): Providing individual callbacks instead of an object implementing SessionHandlerInterface is deprecated en C:\tools\nginx\html\sistema_biometrico\index.php línea 52
URI: /login
--------------------------------------------------------------------------------
[2026-03-19 09:07:06] [DEPRECATED] session_set_save_handler(): Providing individual callbacks instead of an object implementing SessionHandlerInterface is deprecated en C:\tools\nginx\html\sistema_biometrico\index.php línea 52
URI: /login
--------------------------------------------------------------------------------
[2026-03-19 09:07:06] [DEPRECATED] session_set_save_handler(): Providing individual callbacks instead of an object implementing SessionHandlerInterface is deprecated en C:\tools\nginx\html\sistema_biometrico\index.php línea 52
URI: /dashboard
--------------------------------------------------------------------------------
[2026-03-19 09:07:15] [DEPRECATED] session_set_save_handler(): Providing individual callbacks instead of an object implementing SessionHandlerInterface is deprecated en C:\tools\nginx\html\sistema_biometrico\index.php línea 52
URI: /validaciones
--------------------------------------------------------------------------------
[2026-03-19 09:07:15] [DEPRECATED] session_set_save_handler(): Providing individual callbacks instead of an object implementing SessionHandlerInterface is deprecated en C:\tools\nginx\html\sistema_biometrico\index.php línea 52
URI: /validaciones/buscar-empleados?solo_con_incidencias=1
--------------------------------------------------------------------------------
[2026-03-19 09:07:15] [DEPRECATED] session_set_save_handler(): Providing individual callbacks instead of an object implementing SessionHandlerInterface is deprecated en C:\tools\nginx\html\sistema_biometrico\index.php línea 52
URI: /validaciones/obtener-areas
--------------------------------------------------------------------------------
[2026-03-19 09:07:15] [DEPRECATED] session_set_save_handler(): Providing individual callbacks instead of an object implementing SessionHandlerInterface is deprecated en C:\tools\nginx\html\sistema_biometrico\index.php línea 52
URI: /validaciones/estadisticas
--------------------------------------------------------------------------------
[2026-03-19 09:07:22] [DEPRECATED] session_set_save_handler(): Providing individual callbacks instead of an object implementing SessionHandlerInterface is deprecated en C:\tools\nginx\html\sistema_biometrico\index.php línea 52
URI: /validaciones/incidencias-empleados
--------------------------------------------------------------------------------
[2026-03-19 09:07:25] [DEPRECATED] session_set_save_handler(): Providing individual callbacks instead of an object implementing SessionHandlerInterface is deprecated en C:\tools\nginx\html\sistema_biometrico\index.php línea 52
URI: /validaciones/incidencias-empleados
--------------------------------------------------------------------------------
[2026-03-19 09:07:26] [DEPRECATED] session_set_save_handler(): Providing individual callbacks instead of an object implementing SessionHandlerInterface is deprecated en C:\tools\nginx\html\sistema_biometrico\index.php línea 52
URI: /validaciones/incidencias-empleados
--------------------------------------------------------------------------------
[2026-03-19 09:07:27] [DEPRECATED] session_set_save_handler(): Providing individual callbacks instead of an object implementing SessionHandlerInterface is deprecated en C:\tools\nginx\html\sistema_biometrico\index.php línea 52
URI: /validaciones/incidencias-empleados
--------------------------------------------------------------------------------
[2026-03-19 09:07:28] [DEPRECATED] session_set_save_handler(): Providing individual callbacks instead of an object implementing SessionHandlerInterface is deprecated en C:\tools\nginx\html\sistema_biometrico\index.php línea 52
URI: /validaciones/incidencias-empleados
--------------------------------------------------------------------------------
[2026-03-19 09:07:34] [DEPRECATED] session_set_save_handler(): Providing individual callbacks instead of an object implementing SessionHandlerInterface is deprecated en C:\tools\nginx\html\sistema_biometrico\index.php línea 52
URI: /validaciones/incidencias-empleados
--------------------------------------------------------------------------------
[2026-03-19 09:07:37] [DEPRECATED] session_set_save_handler(): Providing individual callbacks instead of an object implementing SessionHandlerInterface is deprecated en C:\tools\nginx\html\sistema_biometrico\index.php línea 52
URI: /validaciones/incidencias-empleados
--------------------------------------------------------------------------------
[2026-03-19 09:07:42] [DEPRECATED] session_set_save_handler(): Providing individual callbacks instead of an object implementing SessionHandlerInterface is deprecated en C:\tools\nginx\html\sistema_biometrico\index.php línea 52
URI: /validaciones/incidencias-empleados
--------------------------------------------------------------------------------
[2026-03-19 09:07:45] [DEPRECATED] session_set_save_handler(): Providing individual callbacks instead of an object implementing SessionHandlerInterface is deprecated en C:\tools\nginx\html\sistema_biometrico\index.php línea 52
URI: /validaciones/estadisticas
--------------------------------------------------------------------------------
[2026-03-19 09:08:15] [DEPRECATED] session_set_save_handler(): Providing individual callbacks instead of an object implementing SessionHandlerInterface is deprecated en C:\tools\nginx\html\sistema_biometrico\index.php línea 52
URI: /validaciones/estadisticas
--------------------------------------------------------------------------------
[2026-03-19 09:08:29] [DEPRECATED] session_set_save_handler(): Providing individual callbacks instead of an object implementing SessionHandlerInterface is deprecated en C:\tools\nginx\html\sistema_biometrico\index.php línea 52
URI: /validaciones/obtener-incidencia/3049?origen=retardos
--------------------------------------------------------------------------------
[2026-03-19 09:08:45] [DEPRECATED] session_set_save_handler(): Providing individual callbacks instead of an object implementing SessionHandlerInterface is deprecated en C:\tools\nginx\html\sistema_biometrico\index.php línea 52
URI: /validaciones/estadisticas
--------------------------------------------------------------------------------
[2026-03-19 09:08:59] [DEPRECATED] session_set_save_handler(): Providing individual callbacks instead of an object implementing SessionHandlerInterface is deprecated en C:\tools\nginx\html\sistema_biometrico\index.php línea 52
URI: /validaciones/obtener-incidencia/3048?origen=retardos
--------------------------------------------------------------------------------
[2026-03-19 09:09:15] [DEPRECATED] session_set_save_handler(): Providing individual callbacks instead of an object implementing SessionHandlerInterface is deprecated en C:\tools\nginx\html\sistema_biometrico\index.php línea 52
URI: /validaciones/estadisticas
--------------------------------------------------------------------------------
[2026-03-19 09:09:45] [DEPRECATED] session_set_save_handler(): Providing individual callbacks instead of an object implementing SessionHandlerInterface is deprecated en C:\tools\nginx\html\sistema_biometrico\index.php línea 52
URI: /validaciones/estadisticas
--------------------------------------------------------------------------------
[2026-03-19 09:10:15] [DEPRECATED] session_set_save_handler(): Providing individual callbacks instead of an object implementing SessionHandlerInterface is deprecated en C:\tools\nginx\html\sistema_biometrico\index.php línea 52
URI: /validaciones/estadisticas
--------------------------------------------------------------------------------
[2026-03-19 09:10:45] [DEPRECATED] session_set_save_handler(): Providing individual callbacks instead of an object implementing SessionHandlerInterface is deprecated en C:\tools\nginx\html\sistema_biometrico\index.php línea 52
URI: /validaciones/estadisticas
--------------------------------------------------------------------------------
[2026-03-19 09:11:46] [DEPRECATED] session_set_save_handler(): Providing individual callbacks instead of an object implementing SessionHandlerInterface is deprecated en C:\tools\nginx\html\sistema_biometrico\index.php línea 52
URI: /validaciones/estadisticas
--------------------------------------------------------------------------------
[2026-03-19 09:12:47] [DEPRECATED] session_set_save_handler(): Providing individual callbacks instead of an object implementing SessionHandlerInterface is deprecated en C:\tools\nginx\html\sistema_biometrico\index.php línea 52
URI: /validaciones/estadisticas
--------------------------------------------------------------------------------
[2026-03-19 09:13:47] [DEPRECATED] session_set_save_handler(): Providing individual callbacks instead of an object implementing SessionHandlerInterface is deprecated en C:\tools\nginx\html\sistema_biometrico\index.php línea 52
URI: /validaciones/estadisticas
--------------------------------------------------------------------------------
[2026-03-19 09:14:03] [DEPRECATED] session_set_save_handler(): Providing individual callbacks instead of an object implementing SessionHandlerInterface is deprecated en C:\tools\nginx\html\sistema_biometrico\index.php línea 52
URI: /validaciones
--------------------------------------------------------------------------------
[2026-03-19 09:14:03] [DEPRECATED] session_set_save_handler(): Providing individual callbacks instead of an object implementing SessionHandlerInterface is deprecated en C:\tools\nginx\html\sistema_biometrico\index.php línea 52
URI: /validaciones/buscar-empleados?solo_con_incidencias=1
--------------------------------------------------------------------------------
[2026-03-19 09:14:03] [DEPRECATED] session_set_save_handler(): Providing individual callbacks instead of an object implementing SessionHandlerInterface is deprecated en C:\tools\nginx\html\sistema_biometrico\index.php línea 52
URI: /api/log-error
--------------------------------------------------------------------------------
[2026-03-19 09:14:04] [DEPRECATED] session_set_save_handler(): Providing individual callbacks instead of an object implementing SessionHandlerInterface is deprecated en C:\tools\nginx\html\sistema_biometrico\index.php línea 52
URI: /validaciones/obtener-areas
--------------------------------------------------------------------------------
[2026-03-19 09:14:04] [DEPRECATED] session_set_save_handler(): Providing individual callbacks instead of an object implementing SessionHandlerInterface is deprecated en C:\tools\nginx\html\sistema_biometrico\index.php línea 52
URI: /validaciones/estadisticas
--------------------------------------------------------------------------------
[2026-03-19 09:14:12] [DEPRECATED] session_set_save_handler(): Providing individual callbacks instead of an object implementing SessionHandlerInterface is deprecated en C:\tools\nginx\html\sistema_biometrico\index.php línea 52
URI: /.well-known/appspecific/com.chrome.devtools.json
--------------------------------------------------------------------------------
[2026-03-19 09:14:34] [DEPRECATED] session_set_save_handler(): Providing individual callbacks instead of an object implementing SessionHandlerInterface is deprecated en C:\tools\nginx\html\sistema_biometrico\index.php línea 52
URI: /validaciones/estadisticas
--------------------------------------------------------------------------------
[2026-03-19 09:15:04] [DEPRECATED] session_set_save_handler(): Providing individual callbacks instead of an object implementing SessionHandlerInterface is deprecated en C:\tools\nginx\html\sistema_biometrico\index.php línea 52
URI: /validaciones/estadisticas
--------------------------------------------------------------------------------
[2026-03-19 09:15:33] [DEPRECATED] session_set_save_handler(): Providing individual callbacks instead of an object implementing SessionHandlerInterface is deprecated en C:\tools\nginx\html\sistema_biometrico\index.php línea 52
URI: /validaciones/estadisticas
--------------------------------------------------------------------------------
[2026-03-19 09:15:34] [DEPRECATED] session_set_save_handler(): Providing individual callbacks instead of an object implementing SessionHandlerInterface is deprecated en C:\tools\nginx\html\sistema_biometrico\index.php línea 52
URI: /validaciones
--------------------------------------------------------------------------------
[2026-03-19 09:15:34] [DEPRECATED] session_set_save_handler(): Providing individual callbacks instead of an object implementing SessionHandlerInterface is deprecated en C:\tools\nginx\html\sistema_biometrico\index.php línea 52
URI: /.well-known/appspecific/com.chrome.devtools.json
--------------------------------------------------------------------------------
[2026-03-19 09:15:34] [DEPRECATED] session_set_save_handler(): Providing individual callbacks instead of an object implementing SessionHandlerInterface is deprecated en C:\tools\nginx\html\sistema_biometrico\index.php línea 52
URI: /validaciones/buscar-empleados?solo_con_incidencias=1
--------------------------------------------------------------------------------
[2026-03-19 09:15:34] [DEPRECATED] session_set_save_handler(): Providing individual callbacks instead of an object implementing SessionHandlerInterface is deprecated en C:\tools\nginx\html\sistema_biometrico\index.php línea 52
URI: /validaciones/obtener-areas
--------------------------------------------------------------------------------
[2026-03-19 09:15:34] [DEPRECATED] session_set_save_handler(): Providing individual callbacks instead of an object implementing SessionHandlerInterface is deprecated en C:\tools\nginx\html\sistema_biometrico\index.php línea 52
URI: /validaciones/estadisticas
--------------------------------------------------------------------------------
[2026-03-19 09:16:04] [DEPRECATED] session_set_save_handler(): Providing individual callbacks instead of an object implementing SessionHandlerInterface is deprecated en C:\tools\nginx\html\sistema_biometrico\index.php línea 52
URI: /validaciones/estadisticas
--------------------------------------------------------------------------------
[2026-03-19 09:16:26] [DEPRECATED] session_set_save_handler(): Providing individual callbacks instead of an object implementing SessionHandlerInterface is deprecated en C:\tools\nginx\html\sistema_biometrico\index.php línea 52
URI: /validaciones/incidencias-empleados
--------------------------------------------------------------------------------
[2026-03-19 09:16:34] [DEPRECATED] session_set_save_handler(): Providing individual callbacks instead of an object implementing SessionHandlerInterface is deprecated en C:\tools\nginx\html\sistema_biometrico\index.php línea 52
URI: /validaciones/estadisticas
--------------------------------------------------------------------------------
[2026-03-19 09:17:05] [DEPRECATED] session_set_save_handler(): Providing individual callbacks instead of an object implementing SessionHandlerInterface is deprecated en C:\tools\nginx\html\sistema_biometrico\index.php línea 52
URI: /validaciones/estadisticas
--------------------------------------------------------------------------------
[2026-03-19 09:17:35] [DEPRECATED] session_set_save_handler(): Providing individual callbacks instead of an object implementing SessionHandlerInterface is deprecated en C:\tools\nginx\html\sistema_biometrico\index.php línea 52
URI: /validaciones/estadisticas
--------------------------------------------------------------------------------
[2026-03-19 09:18:05] [DEPRECATED] session_set_save_handler(): Providing individual callbacks instead of an object implementing SessionHandlerInterface is deprecated en C:\tools\nginx\html\sistema_biometrico\index.php línea 52
URI: /validaciones/estadisticas
--------------------------------------------------------------------------------
[2026-03-19 09:18:34] [DEPRECATED] session_set_save_handler(): Providing individual callbacks instead of an object implementing SessionHandlerInterface is deprecated en C:\tools\nginx\html\sistema_biometrico\index.php línea 52
URI: /validaciones/estadisticas
--------------------------------------------------------------------------------
[2026-03-19 09:19:04] [DEPRECATED] session_set_save_handler(): Providing individual callbacks instead of an object implementing SessionHandlerInterface is deprecated en C:\tools\nginx\html\sistema_biometrico\index.php línea 52
URI: /validaciones/estadisticas
--------------------------------------------------------------------------------
[2026-03-19 09:19:35] [DEPRECATED] session_set_save_handler(): Providing individual callbacks instead of an object implementing SessionHandlerInterface is deprecated en C:\tools\nginx\html\sistema_biometrico\index.php línea 52
URI: /validaciones/estadisticas
--------------------------------------------------------------------------------
[2026-03-19 09:19:43] [DEPRECATED] session_set_save_handler(): Providing individual callbacks instead of an object implementing SessionHandlerInterface is deprecated en C:\tools\nginx\html\sistema_biometrico\index.php línea 52
URI: /validaciones
--------------------------------------------------------------------------------
[2026-03-19 09:19:43] [DEPRECATED] session_set_save_handler(): Providing individual callbacks instead of an object implementing SessionHandlerInterface is deprecated en C:\tools\nginx\html\sistema_biometrico\index.php línea 52
URI: /validaciones/buscar-empleados?solo_con_incidencias=1
--------------------------------------------------------------------------------
[2026-03-19 09:19:43] [DEPRECATED] session_set_save_handler(): Providing individual callbacks instead of an object implementing SessionHandlerInterface is deprecated en C:\tools\nginx\html\sistema_biometrico\index.php línea 52
URI: /validaciones/obtener-areas
--------------------------------------------------------------------------------
[2026-03-19 09:19:43] [DEPRECATED] session_set_save_handler(): Providing individual callbacks instead of an object implementing SessionHandlerInterface is deprecated en C:\tools\nginx\html\sistema_biometrico\index.php línea 52
URI: /validaciones/estadisticas
--------------------------------------------------------------------------------
[2026-03-19 09:19:47] [DEPRECATED] session_set_save_handler(): Providing individual callbacks instead of an object implementing SessionHandlerInterface is deprecated en C:\tools\nginx\html\sistema_biometrico\index.php línea 52
URI: /validaciones
--------------------------------------------------------------------------------
[2026-03-19 09:19:47] [DEPRECATED] session_set_save_handler(): Providing individual callbacks instead of an object implementing SessionHandlerInterface is deprecated en C:\tools\nginx\html\sistema_biometrico\index.php línea 52
URI: /validaciones/buscar-empleados?solo_con_incidencias=1
--------------------------------------------------------------------------------
[2026-03-19 09:19:47] [DEPRECATED] session_set_save_handler(): Providing individual callbacks instead of an object implementing SessionHandlerInterface is deprecated en C:\tools\nginx\html\sistema_biometrico\index.php línea 52
URI: /validaciones/obtener-areas
--------------------------------------------------------------------------------
[2026-03-19 09:19:47] [DEPRECATED] session_set_save_handler(): Providing individual callbacks instead of an object implementing SessionHandlerInterface is deprecated en C:\tools\nginx\html\sistema_biometrico\index.php línea 52
URI: /validaciones/estadisticas
--------------------------------------------------------------------------------
[2026-03-19 09:19:48] [DEPRECATED] session_set_save_handler(): Providing individual callbacks instead of an object implementing SessionHandlerInterface is deprecated en C:\tools\nginx\html\sistema_biometrico\index.php línea 52
URI: /validaciones
--------------------------------------------------------------------------------
[2026-03-19 09:19:48] [DEPRECATED] session_set_save_handler(): Providing individual callbacks instead of an object implementing SessionHandlerInterface is deprecated en C:\tools\nginx\html\sistema_biometrico\index.php línea 52
URI: /validaciones/buscar-empleados?solo_con_incidencias=1
--------------------------------------------------------------------------------
[2026-03-19 09:19:48] [DEPRECATED] session_set_save_handler(): Providing individual callbacks instead of an object implementing SessionHandlerInterface is deprecated en C:\tools\nginx\html\sistema_biometrico\index.php línea 52
URI: /validaciones/obtener-areas
--------------------------------------------------------------------------------
[2026-03-19 09:19:48] [DEPRECATED] session_set_save_handler(): Providing individual callbacks instead of an object implementing SessionHandlerInterface is deprecated en C:\tools\nginx\html\sistema_biometrico\index.php línea 52
URI: /validaciones/estadisticas
--------------------------------------------------------------------------------
[2026-03-19 09:19:48] [DEPRECATED] session_set_save_handler(): Providing individual callbacks instead of an object implementing SessionHandlerInterface is deprecated en C:\tools\nginx\html\sistema_biometrico\index.php línea 52
URI: /validaciones
--------------------------------------------------------------------------------
[2026-03-19 09:19:48] [DEPRECATED] session_set_save_handler(): Providing individual callbacks instead of an object implementing SessionHandlerInterface is deprecated en C:\tools\nginx\html\sistema_biometrico\index.php línea 52
URI: /validaciones/buscar-empleados?solo_con_incidencias=1
--------------------------------------------------------------------------------
[2026-03-19 09:19:48] [DEPRECATED] session_set_save_handler(): Providing individual callbacks instead of an object implementing SessionHandlerInterface is deprecated en C:\tools\nginx\html\sistema_biometrico\index.php línea 52
URI: /validaciones/obtener-areas
--------------------------------------------------------------------------------
[2026-03-19 09:19:48] [DEPRECATED] session_set_save_handler(): Providing individual callbacks instead of an object implementing SessionHandlerInterface is deprecated en C:\tools\nginx\html\sistema_biometrico\index.php línea 52
URI: /validaciones/estadisticas
--------------------------------------------------------------------------------
[2026-03-19 09:19:48] [DEPRECATED] session_set_save_handler(): Providing individual callbacks instead of an object implementing SessionHandlerInterface is deprecated en C:\tools\nginx\html\sistema_biometrico\index.php línea 52
URI: /validaciones
--------------------------------------------------------------------------------
[2026-03-19 09:19:48] [DEPRECATED] session_set_save_handler(): Providing individual callbacks instead of an object implementing SessionHandlerInterface is deprecated en C:\tools\nginx\html\sistema_biometrico\index.php línea 52
URI: /validaciones/buscar-empleados?solo_con_incidencias=1
--------------------------------------------------------------------------------
[2026-03-19 09:19:48] [DEPRECATED] session_set_save_handler(): Providing individual callbacks instead of an object implementing SessionHandlerInterface is deprecated en C:\tools\nginx\html\sistema_biometrico\index.php línea 52
URI: /validaciones/obtener-areas
--------------------------------------------------------------------------------
[2026-03-19 09:19:48] [DEPRECATED] session_set_save_handler(): Providing individual callbacks instead of an object implementing SessionHandlerInterface is deprecated en C:\tools\nginx\html\sistema_biometrico\index.php línea 52
URI: /validaciones/estadisticas
--------------------------------------------------------------------------------
[2026-03-19 09:19:48] [DEPRECATED] session_set_save_handler(): Providing individual callbacks instead of an object implementing SessionHandlerInterface is deprecated en C:\tools\nginx\html\sistema_biometrico\index.php línea 52
URI: /validaciones
--------------------------------------------------------------------------------
[2026-03-19 09:19:49] [DEPRECATED] session_set_save_handler(): Providing individual callbacks instead of an object implementing SessionHandlerInterface is deprecated en C:\tools\nginx\html\sistema_biometrico\index.php línea 52
URI: /validaciones/buscar-empleados?solo_con_incidencias=1
--------------------------------------------------------------------------------
[2026-03-19 09:19:49] [DEPRECATED] session_set_save_handler(): Providing individual callbacks instead of an object implementing SessionHandlerInterface is deprecated en C:\tools\nginx\html\sistema_biometrico\index.php línea 52
URI: /validaciones
--------------------------------------------------------------------------------
[2026-03-19 09:19:49] [DEPRECATED] session_set_save_handler(): Providing individual callbacks instead of an object implementing SessionHandlerInterface is deprecated en C:\tools\nginx\html\sistema_biometrico\index.php línea 52
URI: /validaciones/obtener-areas
--------------------------------------------------------------------------------
[2026-03-19 09:19:49] [DEPRECATED] session_set_save_handler(): Providing individual callbacks instead of an object implementing SessionHandlerInterface is deprecated en C:\tools\nginx\html\sistema_biometrico\index.php línea 52
URI: /validaciones/estadisticas
--------------------------------------------------------------------------------
[2026-03-19 09:19:49] [DEPRECATED] session_set_save_handler(): Providing individual callbacks instead of an object implementing SessionHandlerInterface is deprecated en C:\tools\nginx\html\sistema_biometrico\index.php línea 52
URI: /api/log-error
--------------------------------------------------------------------------------
[2026-03-19 09:19:49] [DEPRECATED] session_set_save_handler(): Providing individual callbacks instead of an object implementing SessionHandlerInterface is deprecated en C:\tools\nginx\html\sistema_biometrico\index.php línea 52
URI: /api/log-error
--------------------------------------------------------------------------------
[2026-03-19 09:19:49] [DEPRECATED] session_set_save_handler(): Providing individual callbacks instead of an object implementing SessionHandlerInterface is deprecated en C:\tools\nginx\html\sistema_biometrico\index.php línea 52
URI: /api/log-error
--------------------------------------------------------------------------------
[2026-03-19 09:19:49] [DEPRECATED] session_set_save_handler(): Providing individual callbacks instead of an object implementing SessionHandlerInterface is deprecated en C:\tools\nginx\html\sistema_biometrico\index.php línea 52
URI: /api/log-error
--------------------------------------------------------------------------------
[2026-03-19 09:19:49] [DEPRECATED] session_set_save_handler(): Providing individual callbacks instead of an object implementing SessionHandlerInterface is deprecated en C:\tools\nginx\html\sistema_biometrico\index.php línea 52
URI: /api/log-error
--------------------------------------------------------------------------------
[2026-03-19 09:19:49] [DEPRECATED] session_set_save_handler(): Providing individual callbacks instead of an object implementing SessionHandlerInterface is deprecated en C:\tools\nginx\html\sistema_biometrico\index.php línea 52
URI: /api/log-error
--------------------------------------------------------------------------------
[2026-03-19 09:19:49] [DEPRECATED] session_set_save_handler(): Providing individual callbacks instead of an object implementing SessionHandlerInterface is deprecated en C:\tools\nginx\html\sistema_biometrico\index.php línea 52
URI: /validaciones/buscar-empleados?solo_con_incidencias=1
--------------------------------------------------------------------------------
[2026-03-19 09:19:49] [DEPRECATED] session_set_save_handler(): Providing individual callbacks instead of an object implementing SessionHandlerInterface is deprecated en C:\tools\nginx\html\sistema_biometrico\index.php línea 52
URI: /validaciones
--------------------------------------------------------------------------------
[2026-03-19 09:19:49] [DEPRECATED] session_set_save_handler(): Providing individual callbacks instead of an object implementing SessionHandlerInterface is deprecated en C:\tools\nginx\html\sistema_biometrico\index.php línea 52
URI: /validaciones/obtener-areas
--------------------------------------------------------------------------------
[2026-03-19 09:19:49] [DEPRECATED] session_set_save_handler(): Providing individual callbacks instead of an object implementing SessionHandlerInterface is deprecated en C:\tools\nginx\html\sistema_biometrico\index.php línea 52
URI: /validaciones/estadisticas
--------------------------------------------------------------------------------
[2026-03-19 09:19:49] [DEPRECATED] session_set_save_handler(): Providing individual callbacks instead of an object implementing SessionHandlerInterface is deprecated en C:\tools\nginx\html\sistema_biometrico\index.php línea 52
URI: /api/log-error
--------------------------------------------------------------------------------
[2026-03-19 09:19:49] [DEPRECATED] session_set_save_handler(): Providing individual callbacks instead of an object implementing SessionHandlerInterface is deprecated en C:\tools\nginx\html\sistema_biometrico\index.php línea 52
URI: /api/log-error
--------------------------------------------------------------------------------
[2026-03-19 09:19:49] [DEPRECATED] session_set_save_handler(): Providing individual callbacks instead of an object implementing SessionHandlerInterface is deprecated en C:\tools\nginx\html\sistema_biometrico\index.php línea 52
URI: /api/log-error
--------------------------------------------------------------------------------
[2026-03-19 09:19:49] [DEPRECATED] session_set_save_handler(): Providing individual callbacks instead of an object implementing SessionHandlerInterface is deprecated en C:\tools\nginx\html\sistema_biometrico\index.php línea 52
URI: /api/log-error
--------------------------------------------------------------------------------
[2026-03-19 09:19:49] [DEPRECATED] session_set_save_handler(): Providing individual callbacks instead of an object implementing SessionHandlerInterface is deprecated en C:\tools\nginx\html\sistema_biometrico\index.php línea 52
URI: /api/log-error
--------------------------------------------------------------------------------
[2026-03-19 09:19:49] [DEPRECATED] session_set_save_handler(): Providing individual callbacks instead of an object implementing SessionHandlerInterface is deprecated en C:\tools\nginx\html\sistema_biometrico\index.php línea 52
URI: /api/log-error
--------------------------------------------------------------------------------
[2026-03-19 09:19:49] [DEPRECATED] session_set_save_handler(): Providing individual callbacks instead of an object implementing SessionHandlerInterface is deprecated en C:\tools\nginx\html\sistema_biometrico\index.php línea 52
URI: /validaciones/buscar-empleados?solo_con_incidencias=1
--------------------------------------------------------------------------------
[2026-03-19 09:19:49] [DEPRECATED] session_set_save_handler(): Providing individual callbacks instead of an object implementing SessionHandlerInterface is deprecated en C:\tools\nginx\html\sistema_biometrico\index.php línea 52
URI: /validaciones/obtener-areas
--------------------------------------------------------------------------------
[2026-03-19 09:19:49] [DEPRECATED] session_set_save_handler(): Providing individual callbacks instead of an object implementing SessionHandlerInterface is deprecated en C:\tools\nginx\html\sistema_biometrico\index.php línea 52
URI: /validaciones/estadisticas
--------------------------------------------------------------------------------
[2026-03-19 09:20:01] [DEPRECATED] session_set_save_handler(): Providing individual callbacks instead of an object implementing SessionHandlerInterface is deprecated en C:\tools\nginx\html\sistema_biometrico\index.php línea 52
URI: /validaciones/incidencias-empleados
--------------------------------------------------------------------------------
[2026-03-19 09:20:08] [DEPRECATED] session_set_save_handler(): Providing individual callbacks instead of an object implementing SessionHandlerInterface is deprecated en C:\tools\nginx\html\sistema_biometrico\index.php línea 52
URI: /validaciones/incidencias-empleados
--------------------------------------------------------------------------------
[2026-03-19 09:20:19] [DEPRECATED] session_set_save_handler(): Providing individual callbacks instead of an object implementing SessionHandlerInterface is deprecated en C:\tools\nginx\html\sistema_biometrico\index.php línea 52
URI: /validaciones/estadisticas
--------------------------------------------------------------------------------
[2026-03-19 09:20:23] [DEPRECATED] session_set_save_handler(): Providing individual callbacks instead of an object implementing SessionHandlerInterface is deprecated en C:\tools\nginx\html\sistema_biometrico\index.php línea 52
URI: /validaciones/incidencias-empleados
--------------------------------------------------------------------------------
[2026-03-19 09:20:49] [DEPRECATED] session_set_save_handler(): Providing individual callbacks instead of an object implementing SessionHandlerInterface is deprecated en C:\tools\nginx\html\sistema_biometrico\index.php línea 52
URI: /validaciones/estadisticas
--------------------------------------------------------------------------------
[2026-03-19 09:21:19] [DEPRECATED] session_set_save_handler(): Providing individual callbacks instead of an object implementing SessionHandlerInterface is deprecated en C:\tools\nginx\html\sistema_biometrico\index.php línea 52
URI: /validaciones/estadisticas
--------------------------------------------------------------------------------
[2026-03-19 09:21:49] [DEPRECATED] session_set_save_handler(): Providing individual callbacks instead of an object implementing SessionHandlerInterface is deprecated en C:\tools\nginx\html\sistema_biometrico\index.php línea 52
URI: /validaciones/estadisticas
--------------------------------------------------------------------------------
[2026-03-19 09:22:19] [DEPRECATED] session_set_save_handler(): Providing individual callbacks instead of an object implementing SessionHandlerInterface is deprecated en C:\tools\nginx\html\sistema_biometrico\index.php línea 52
URI: /validaciones/estadisticas
--------------------------------------------------------------------------------
[2026-03-19 09:22:19] [DEPRECATED] session_set_save_handler(): Providing individual callbacks instead of an object implementing SessionHandlerInterface is deprecated en C:\tools\nginx\html\sistema_biometrico\index.php línea 52
URI: /validaciones
--------------------------------------------------------------------------------
[2026-03-19 09:22:19] [DEPRECATED] session_set_save_handler(): Providing individual callbacks instead of an object implementing SessionHandlerInterface is deprecated en C:\tools\nginx\html\sistema_biometrico\index.php línea 52
URI: /validaciones/buscar-empleados?solo_con_incidencias=1
--------------------------------------------------------------------------------
[2026-03-19 09:22:20] [DEPRECATED] session_set_save_handler(): Providing individual callbacks instead of an object implementing SessionHandlerInterface is deprecated en C:\tools\nginx\html\sistema_biometrico\index.php línea 52
URI: /validaciones/obtener-areas
--------------------------------------------------------------------------------
[2026-03-19 09:22:20] [DEPRECATED] session_set_save_handler(): Providing individual callbacks instead of an object implementing SessionHandlerInterface is deprecated en C:\tools\nginx\html\sistema_biometrico\index.php línea 52
URI: /validaciones/estadisticas
--------------------------------------------------------------------------------
[2026-03-19 09:22:21] [DEPRECATED] session_set_save_handler(): Providing individual callbacks instead of an object implementing SessionHandlerInterface is deprecated en C:\tools\nginx\html\sistema_biometrico\index.php línea 52
URI: /validaciones
--------------------------------------------------------------------------------
[2026-03-19 09:22:22] [DEPRECATED] session_set_save_handler(): Providing individual callbacks instead of an object implementing SessionHandlerInterface is deprecated en C:\tools\nginx\html\sistema_biometrico\index.php línea 52
URI: /validaciones/buscar-empleados?solo_con_incidencias=1
--------------------------------------------------------------------------------
[2026-03-19 09:22:22] [DEPRECATED] session_set_save_handler(): Providing individual callbacks instead of an object implementing SessionHandlerInterface is deprecated en C:\tools\nginx\html\sistema_biometrico\index.php línea 52
URI: /validaciones/obtener-areas
--------------------------------------------------------------------------------
[2026-03-19 09:22:22] [DEPRECATED] session_set_save_handler(): Providing individual callbacks instead of an object implementing SessionHandlerInterface is deprecated en C:\tools\nginx\html\sistema_biometrico\index.php línea 52
URI: /validaciones/estadisticas
--------------------------------------------------------------------------------
[2026-03-19 09:22:22] [DEPRECATED] session_set_save_handler(): Providing individual callbacks instead of an object implementing SessionHandlerInterface is deprecated en C:\tools\nginx\html\sistema_biometrico\index.php línea 52
URI: /validaciones
--------------------------------------------------------------------------------
[2026-03-19 09:22:22] [DEPRECATED] session_set_save_handler(): Providing individual callbacks instead of an object implementing SessionHandlerInterface is deprecated en C:\tools\nginx\html\sistema_biometrico\index.php línea 52
URI: /validaciones/buscar-empleados?solo_con_incidencias=1
--------------------------------------------------------------------------------
[2026-03-19 09:22:22] [DEPRECATED] session_set_save_handler(): Providing individual callbacks instead of an object implementing SessionHandlerInterface is deprecated en C:\tools\nginx\html\sistema_biometrico\index.php línea 52
URI: /validaciones/obtener-areas
--------------------------------------------------------------------------------
[2026-03-19 09:22:22] [DEPRECATED] session_set_save_handler(): Providing individual callbacks instead of an object implementing SessionHandlerInterface is deprecated en C:\tools\nginx\html\sistema_biometrico\index.php línea 52
URI: /validaciones/estadisticas
--------------------------------------------------------------------------------
[2026-03-19 09:22:22] [DEPRECATED] session_set_save_handler(): Providing individual callbacks instead of an object implementing SessionHandlerInterface is deprecated en C:\tools\nginx\html\sistema_biometrico\index.php línea 52
URI: /validaciones
--------------------------------------------------------------------------------
[2026-03-19 09:22:22] [DEPRECATED] session_set_save_handler(): Providing individual callbacks instead of an object implementing SessionHandlerInterface is deprecated en C:\tools\nginx\html\sistema_biometrico\index.php línea 52
URI: /validaciones/buscar-empleados?solo_con_incidencias=1
--------------------------------------------------------------------------------
[2026-03-19 09:22:22] [DEPRECATED] session_set_save_handler(): Providing individual callbacks instead of an object implementing SessionHandlerInterface is deprecated en C:\tools\nginx\html\sistema_biometrico\index.php línea 52
URI: /validaciones/obtener-areas
--------------------------------------------------------------------------------
[2026-03-19 09:22:22] [DEPRECATED] session_set_save_handler(): Providing individual callbacks instead of an object implementing SessionHandlerInterface is deprecated en C:\tools\nginx\html\sistema_biometrico\index.php línea 52
URI: /validaciones/estadisticas
--------------------------------------------------------------------------------
[2026-03-19 09:22:22] [DEPRECATED] session_set_save_handler(): Providing individual callbacks instead of an object implementing SessionHandlerInterface is deprecated en C:\tools\nginx\html\sistema_biometrico\index.php línea 52
URI: /validaciones
--------------------------------------------------------------------------------
[2026-03-19 09:22:22] [DEPRECATED] session_set_save_handler(): Providing individual callbacks instead of an object implementing SessionHandlerInterface is deprecated en C:\tools\nginx\html\sistema_biometrico\index.php línea 52
URI: /validaciones/buscar-empleados?solo_con_incidencias=1
--------------------------------------------------------------------------------
[2026-03-19 09:22:23] [DEPRECATED] session_set_save_handler(): Providing individual callbacks instead of an object implementing SessionHandlerInterface is deprecated en C:\tools\nginx\html\sistema_biometrico\index.php línea 52
URI: /validaciones/obtener-areas
--------------------------------------------------------------------------------
[2026-03-19 09:22:23] [DEPRECATED] session_set_save_handler(): Providing individual callbacks instead of an object implementing SessionHandlerInterface is deprecated en C:\tools\nginx\html\sistema_biometrico\index.php línea 52
URI: /validaciones/estadisticas
--------------------------------------------------------------------------------
[2026-03-19 09:22:23] [DEPRECATED] session_set_save_handler(): Providing individual callbacks instead of an object implementing SessionHandlerInterface is deprecated en C:\tools\nginx\html\sistema_biometrico\index.php línea 52
URI: /validaciones
--------------------------------------------------------------------------------
[2026-03-19 09:22:23] [DEPRECATED] session_set_save_handler(): Providing individual callbacks instead of an object implementing SessionHandlerInterface is deprecated en C:\tools\nginx\html\sistema_biometrico\index.php línea 52
URI: /validaciones/buscar-empleados?solo_con_incidencias=1
--------------------------------------------------------------------------------
[2026-03-19 09:22:23] [DEPRECATED] session_set_save_handler(): Providing individual callbacks instead of an object implementing SessionHandlerInterface is deprecated en C:\tools\nginx\html\sistema_biometrico\index.php línea 52
URI: /validaciones/obtener-areas
--------------------------------------------------------------------------------
[2026-03-19 09:22:23] [DEPRECATED] session_set_save_handler(): Providing individual callbacks instead of an object implementing SessionHandlerInterface is deprecated en C:\tools\nginx\html\sistema_biometrico\index.php línea 52
URI: /validaciones/estadisticas
--------------------------------------------------------------------------------
[2026-03-19 09:22:23] [DEPRECATED] session_set_save_handler(): Providing individual callbacks instead of an object implementing SessionHandlerInterface is deprecated en C:\tools\nginx\html\sistema_biometrico\index.php línea 52
URI: /validaciones
--------------------------------------------------------------------------------
[2026-03-19 09:22:23] [DEPRECATED] session_set_save_handler(): Providing individual callbacks instead of an object implementing SessionHandlerInterface is deprecated en C:\tools\nginx\html\sistema_biometrico\index.php línea 52
URI: /validaciones/buscar-empleados?solo_con_incidencias=1
--------------------------------------------------------------------------------
[2026-03-19 09:22:23] [DEPRECATED] session_set_save_handler(): Providing individual callbacks instead of an object implementing SessionHandlerInterface is deprecated en C:\tools\nginx\html\sistema_biometrico\index.php línea 52
URI: /validaciones
--------------------------------------------------------------------------------
[2026-03-19 09:22:23] [DEPRECATED] session_set_save_handler(): Providing individual callbacks instead of an object implementing SessionHandlerInterface is deprecated en C:\tools\nginx\html\sistema_biometrico\index.php línea 52
URI: /validaciones/obtener-areas
--------------------------------------------------------------------------------
[2026-03-19 09:22:23] [DEPRECATED] session_set_save_handler(): Providing individual callbacks instead of an object implementing SessionHandlerInterface is deprecated en C:\tools\nginx\html\sistema_biometrico\index.php línea 52
URI: /validaciones/estadisticas
--------------------------------------------------------------------------------
[2026-03-19 09:22:23] [DEPRECATED] session_set_save_handler(): Providing individual callbacks instead of an object implementing SessionHandlerInterface is deprecated en C:\tools\nginx\html\sistema_biometrico\index.php línea 52
URI: /api/log-error
--------------------------------------------------------------------------------
[2026-03-19 09:22:23] [DEPRECATED] session_set_save_handler(): Providing individual callbacks instead of an object implementing SessionHandlerInterface is deprecated en C:\tools\nginx\html\sistema_biometrico\index.php línea 52
URI: /api/log-error
--------------------------------------------------------------------------------
[2026-03-19 09:22:23] [DEPRECATED] session_set_save_handler(): Providing individual callbacks instead of an object implementing SessionHandlerInterface is deprecated en C:\tools\nginx\html\sistema_biometrico\index.php línea 52
URI: /api/log-error
--------------------------------------------------------------------------------
[2026-03-19 09:22:23] [DEPRECATED] session_set_save_handler(): Providing individual callbacks instead of an object implementing SessionHandlerInterface is deprecated en C:\tools\nginx\html\sistema_biometrico\index.php línea 52
URI: /api/log-error
--------------------------------------------------------------------------------
[2026-03-19 09:22:23] [DEPRECATED] session_set_save_handler(): Providing individual callbacks instead of an object implementing SessionHandlerInterface is deprecated en C:\tools\nginx\html\sistema_biometrico\index.php línea 52
URI: /api/log-error
--------------------------------------------------------------------------------
[2026-03-19 09:22:23] [DEPRECATED] session_set_save_handler(): Providing individual callbacks instead of an object implementing SessionHandlerInterface is deprecated en C:\tools\nginx\html\sistema_biometrico\index.php línea 52
URI: /validaciones/buscar-empleados?solo_con_incidencias=1
--------------------------------------------------------------------------------
[2026-03-19 09:22:23] [DEPRECATED] session_set_save_handler(): Providing individual callbacks instead of an object implementing SessionHandlerInterface is deprecated en C:\tools\nginx\html\sistema_biometrico\index.php línea 52
URI: /validaciones
--------------------------------------------------------------------------------
[2026-03-19 09:22:23] [DEPRECATED] session_set_save_handler(): Providing individual callbacks instead of an object implementing SessionHandlerInterface is deprecated en C:\tools\nginx\html\sistema_biometrico\index.php línea 52
URI: /validaciones/obtener-areas
--------------------------------------------------------------------------------
[2026-03-19 09:22:23] [DEPRECATED] session_set_save_handler(): Providing individual callbacks instead of an object implementing SessionHandlerInterface is deprecated en C:\tools\nginx\html\sistema_biometrico\index.php línea 52
URI: /validaciones/estadisticas
--------------------------------------------------------------------------------
[2026-03-19 09:22:24] [DEPRECATED] session_set_save_handler(): Providing individual callbacks instead of an object implementing SessionHandlerInterface is deprecated en C:\tools\nginx\html\sistema_biometrico\index.php línea 52
URI: /api/log-error
--------------------------------------------------------------------------------
[2026-03-19 09:22:24] [DEPRECATED] session_set_save_handler(): Providing individual callbacks instead of an object implementing SessionHandlerInterface is deprecated en C:\tools\nginx\html\sistema_biometrico\index.php línea 52
URI: /validaciones
--------------------------------------------------------------------------------
[2026-03-19 09:22:24] [DEPRECATED] session_set_save_handler(): Providing individual callbacks instead of an object implementing SessionHandlerInterface is deprecated en C:\tools\nginx\html\sistema_biometrico\index.php línea 52
URI: /validaciones/buscar-empleados?solo_con_incidencias=1
--------------------------------------------------------------------------------
[2026-03-19 09:22:24] [DEPRECATED] session_set_save_handler(): Providing individual callbacks instead of an object implementing SessionHandlerInterface is deprecated en C:\tools\nginx\html\sistema_biometrico\index.php línea 52
URI: /api/log-error
--------------------------------------------------------------------------------
[2026-03-19 09:22:24] [DEPRECATED] session_set_save_handler(): Providing individual callbacks instead of an object implementing SessionHandlerInterface is deprecated en C:\tools\nginx\html\sistema_biometrico\index.php línea 52
URI: /api/log-error
--------------------------------------------------------------------------------
[2026-03-19 09:22:24] [DEPRECATED] session_set_save_handler(): Providing individual callbacks instead of an object implementing SessionHandlerInterface is deprecated en C:\tools\nginx\html\sistema_biometrico\index.php línea 52
URI: /api/log-error
--------------------------------------------------------------------------------
[2026-03-19 09:22:24] [DEPRECATED] session_set_save_handler(): Providing individual callbacks instead of an object implementing SessionHandlerInterface is deprecated en C:\tools\nginx\html\sistema_biometrico\index.php línea 52
URI: /validaciones/obtener-areas
--------------------------------------------------------------------------------
[2026-03-19 09:22:24] [DEPRECATED] session_set_save_handler(): Providing individual callbacks instead of an object implementing SessionHandlerInterface is deprecated en C:\tools\nginx\html\sistema_biometrico\index.php línea 52
URI: /validaciones/estadisticas
--------------------------------------------------------------------------------
[2026-03-19 09:22:24] [DEPRECATED] session_set_save_handler(): Providing individual callbacks instead of an object implementing SessionHandlerInterface is deprecated en C:\tools\nginx\html\sistema_biometrico\index.php línea 52
URI: /validaciones/buscar-empleados?solo_con_incidencias=1
--------------------------------------------------------------------------------
[2026-03-19 09:22:24] [DEPRECATED] session_set_save_handler(): Providing individual callbacks instead of an object implementing SessionHandlerInterface is deprecated en C:\tools\nginx\html\sistema_biometrico\index.php línea 52
URI: /validaciones
--------------------------------------------------------------------------------
[2026-03-19 09:22:24] [DEPRECATED] session_set_save_handler(): Providing individual callbacks instead of an object implementing SessionHandlerInterface is deprecated en C:\tools\nginx\html\sistema_biometrico\index.php línea 52
URI: /validaciones/obtener-areas
--------------------------------------------------------------------------------
[2026-03-19 09:22:24] [DEPRECATED] session_set_save_handler(): Providing individual callbacks instead of an object implementing SessionHandlerInterface is deprecated en C:\tools\nginx\html\sistema_biometrico\index.php línea 52
URI: /validaciones/estadisticas
--------------------------------------------------------------------------------
[2026-03-19 09:22:24] [DEPRECATED] session_set_save_handler(): Providing individual callbacks instead of an object implementing SessionHandlerInterface is deprecated en C:\tools\nginx\html\sistema_biometrico\index.php línea 52
URI: /api/log-error
--------------------------------------------------------------------------------
[2026-03-19 09:22:24] [DEPRECATED] session_set_save_handler(): Providing individual callbacks instead of an object implementing SessionHandlerInterface is deprecated en C:\tools\nginx\html\sistema_biometrico\index.php línea 52
URI: /api/log-error
--------------------------------------------------------------------------------
[2026-03-19 09:22:24] [DEPRECATED] session_set_save_handler(): Providing individual callbacks instead of an object implementing SessionHandlerInterface is deprecated en C:\tools\nginx\html\sistema_biometrico\index.php línea 52
URI: /api/log-error
--------------------------------------------------------------------------------
[2026-03-19 09:22:24] [DEPRECATED] session_set_save_handler(): Providing individual callbacks instead of an object implementing SessionHandlerInterface is deprecated en C:\tools\nginx\html\sistema_biometrico\index.php línea 52
URI: /api/log-error
--------------------------------------------------------------------------------
[2026-03-19 09:22:24] [DEPRECATED] session_set_save_handler(): Providing individual callbacks instead of an object implementing SessionHandlerInterface is deprecated en C:\tools\nginx\html\sistema_biometrico\index.php línea 52
URI: /api/log-error
--------------------------------------------------------------------------------
[2026-03-19 09:22:24] [DEPRECATED] session_set_save_handler(): Providing individual callbacks instead of an object implementing SessionHandlerInterface is deprecated en C:\tools\nginx\html\sistema_biometrico\index.php línea 52
URI: /api/log-error
--------------------------------------------------------------------------------
[2026-03-19 09:22:24] [DEPRECATED] session_set_save_handler(): Providing individual callbacks instead of an object implementing SessionHandlerInterface is deprecated en C:\tools\nginx\html\sistema_biometrico\index.php línea 52
URI: /validaciones/buscar-empleados?solo_con_incidencias=1
--------------------------------------------------------------------------------
[2026-03-19 09:22:24] [DEPRECATED] session_set_save_handler(): Providing individual callbacks instead of an object implementing SessionHandlerInterface is deprecated en C:\tools\nginx\html\sistema_biometrico\index.php línea 52
URI: /validaciones
--------------------------------------------------------------------------------
[2026-03-19 09:22:25] [DEPRECATED] session_set_save_handler(): Providing individual callbacks instead of an object implementing SessionHandlerInterface is deprecated en C:\tools\nginx\html\sistema_biometrico\index.php línea 52
URI: /validaciones/obtener-areas
--------------------------------------------------------------------------------
[2026-03-19 09:22:25] [DEPRECATED] session_set_save_handler(): Providing individual callbacks instead of an object implementing SessionHandlerInterface is deprecated en C:\tools\nginx\html\sistema_biometrico\index.php línea 52
URI: /validaciones/estadisticas
--------------------------------------------------------------------------------
[2026-03-19 09:22:25] [DEPRECATED] session_set_save_handler(): Providing individual callbacks instead of an object implementing SessionHandlerInterface is deprecated en C:\tools\nginx\html\sistema_biometrico\index.php línea 52
URI: /api/log-error
--------------------------------------------------------------------------------
[2026-03-19 09:22:25] [DEPRECATED] session_set_save_handler(): Providing individual callbacks instead of an object implementing SessionHandlerInterface is deprecated en C:\tools\nginx\html\sistema_biometrico\index.php línea 52
URI: /api/log-error
--------------------------------------------------------------------------------
[2026-03-19 09:22:25] [DEPRECATED] session_set_save_handler(): Providing individual callbacks instead of an object implementing SessionHandlerInterface is deprecated en C:\tools\nginx\html\sistema_biometrico\index.php línea 52
URI: /api/log-error
--------------------------------------------------------------------------------
[2026-03-19 09:22:25] [DEPRECATED] session_set_save_handler(): Providing individual callbacks instead of an object implementing SessionHandlerInterface is deprecated en C:\tools\nginx\html\sistema_biometrico\index.php línea 52
URI: /api/log-error
--------------------------------------------------------------------------------
[2026-03-19 09:22:25] [DEPRECATED] session_set_save_handler(): Providing individual callbacks instead of an object implementing SessionHandlerInterface is deprecated en C:\tools\nginx\html\sistema_biometrico\index.php línea 52
URI: /api/log-error
--------------------------------------------------------------------------------
[2026-03-19 09:22:25] [DEPRECATED] session_set_save_handler(): Providing individual callbacks instead of an object implementing SessionHandlerInterface is deprecated en C:\tools\nginx\html\sistema_biometrico\index.php línea 52
URI: /api/log-error
--------------------------------------------------------------------------------
[2026-03-19 09:22:25] [DEPRECATED] session_set_save_handler(): Providing individual callbacks instead of an object implementing SessionHandlerInterface is deprecated en C:\tools\nginx\html\sistema_biometrico\index.php línea 52
URI: /validaciones
--------------------------------------------------------------------------------
[2026-03-19 09:22:25] [DEPRECATED] session_set_save_handler(): Providing individual callbacks instead of an object implementing SessionHandlerInterface is deprecated en C:\tools\nginx\html\sistema_biometrico\index.php línea 52
URI: /validaciones/buscar-empleados?solo_con_incidencias=1
--------------------------------------------------------------------------------
[2026-03-19 09:22:25] [DEPRECATED] session_set_save_handler(): Providing individual callbacks instead of an object implementing SessionHandlerInterface is deprecated en C:\tools\nginx\html\sistema_biometrico\index.php línea 52
URI: /validaciones
--------------------------------------------------------------------------------
[2026-03-19 09:22:25] [DEPRECATED] session_set_save_handler(): Providing individual callbacks instead of an object implementing SessionHandlerInterface is deprecated en C:\tools\nginx\html\sistema_biometrico\index.php línea 52
URI: /validaciones/obtener-areas
--------------------------------------------------------------------------------
[2026-03-19 09:22:25] [DEPRECATED] session_set_save_handler(): Providing individual callbacks instead of an object implementing SessionHandlerInterface is deprecated en C:\tools\nginx\html\sistema_biometrico\index.php línea 52
URI: /validaciones/estadisticas
--------------------------------------------------------------------------------
[2026-03-19 09:22:25] [DEPRECATED] session_set_save_handler(): Providing individual callbacks instead of an object implementing SessionHandlerInterface is deprecated en C:\tools\nginx\html\sistema_biometrico\index.php línea 52
URI: /api/log-error
--------------------------------------------------------------------------------
[2026-03-19 09:22:25] [DEPRECATED] session_set_save_handler(): Providing individual callbacks instead of an object implementing SessionHandlerInterface is deprecated en C:\tools\nginx\html\sistema_biometrico\index.php línea 52
URI: /api/log-error
--------------------------------------------------------------------------------
[2026-03-19 09:22:25] [DEPRECATED] session_set_save_handler(): Providing individual callbacks instead of an object implementing SessionHandlerInterface is deprecated en C:\tools\nginx\html\sistema_biometrico\index.php línea 52
URI: /api/log-error
--------------------------------------------------------------------------------
[2026-03-19 09:22:25] [DEPRECATED] session_set_save_handler(): Providing individual callbacks instead of an object implementing SessionHandlerInterface is deprecated en C:\tools\nginx\html\sistema_biometrico\index.php línea 52
URI: /api/log-error
--------------------------------------------------------------------------------
[2026-03-19 09:22:25] [DEPRECATED] session_set_save_handler(): Providing individual callbacks instead of an object implementing SessionHandlerInterface is deprecated en C:\tools\nginx\html\sistema_biometrico\index.php línea 52
URI: /api/log-error
--------------------------------------------------------------------------------
[2026-03-19 09:22:25] [DEPRECATED] session_set_save_handler(): Providing individual callbacks instead of an object implementing SessionHandlerInterface is deprecated en C:\tools\nginx\html\sistema_biometrico\index.php línea 52
URI: /api/log-error
--------------------------------------------------------------------------------
[2026-03-19 09:22:25] [DEPRECATED] session_set_save_handler(): Providing individual callbacks instead of an object implementing SessionHandlerInterface is deprecated en C:\tools\nginx\html\sistema_biometrico\index.php línea 52
URI: /validaciones/buscar-empleados?solo_con_incidencias=1
--------------------------------------------------------------------------------
[2026-03-19 09:22:25] [DEPRECATED] session_set_save_handler(): Providing individual callbacks instead of an object implementing SessionHandlerInterface is deprecated en C:\tools\nginx\html\sistema_biometrico\index.php línea 52
URI: /validaciones
--------------------------------------------------------------------------------
[2026-03-19 09:22:26] [DEPRECATED] session_set_save_handler(): Providing individual callbacks instead of an object implementing SessionHandlerInterface is deprecated en C:\tools\nginx\html\sistema_biometrico\index.php línea 52
URI: /validaciones
--------------------------------------------------------------------------------
[2026-03-19 09:22:26] [DEPRECATED] session_set_save_handler(): Providing individual callbacks instead of an object implementing SessionHandlerInterface is deprecated en C:\tools\nginx\html\sistema_biometrico\index.php línea 52
URI: /validaciones/obtener-areas
--------------------------------------------------------------------------------
[2026-03-19 09:22:26] [DEPRECATED] session_set_save_handler(): Providing individual callbacks instead of an object implementing SessionHandlerInterface is deprecated en C:\tools\nginx\html\sistema_biometrico\index.php línea 52
URI: /validaciones/estadisticas
--------------------------------------------------------------------------------
[2026-03-19 09:22:26] [DEPRECATED] session_set_save_handler(): Providing individual callbacks instead of an object implementing SessionHandlerInterface is deprecated en C:\tools\nginx\html\sistema_biometrico\index.php línea 52
URI: /api/log-error
--------------------------------------------------------------------------------
[2026-03-19 09:22:26] [DEPRECATED] session_set_save_handler(): Providing individual callbacks instead of an object implementing SessionHandlerInterface is deprecated en C:\tools\nginx\html\sistema_biometrico\index.php línea 52
URI: /api/log-error
--------------------------------------------------------------------------------
[2026-03-19 09:22:26] [DEPRECATED] session_set_save_handler(): Providing individual callbacks instead of an object implementing SessionHandlerInterface is deprecated en C:\tools\nginx\html\sistema_biometrico\index.php línea 52
URI: /validaciones
--------------------------------------------------------------------------------
[2026-03-19 09:22:26] [DEPRECATED] session_set_save_handler(): Providing individual callbacks instead of an object implementing SessionHandlerInterface is deprecated en C:\tools\nginx\html\sistema_biometrico\index.php línea 52
URI: /validaciones/buscar-empleados?solo_con_incidencias=1
--------------------------------------------------------------------------------
[2026-03-19 09:22:26] [DEPRECATED] session_set_save_handler(): Providing individual callbacks instead of an object implementing SessionHandlerInterface is deprecated en C:\tools\nginx\html\sistema_biometrico\index.php línea 52
URI: /api/log-error
--------------------------------------------------------------------------------
[2026-03-19 09:22:26] [DEPRECATED] session_set_save_handler(): Providing individual callbacks instead of an object implementing SessionHandlerInterface is deprecated en C:\tools\nginx\html\sistema_biometrico\index.php línea 52
URI: /api/log-error
--------------------------------------------------------------------------------
[2026-03-19 09:22:26] [DEPRECATED] session_set_save_handler(): Providing individual callbacks instead of an object implementing SessionHandlerInterface is deprecated en C:\tools\nginx\html\sistema_biometrico\index.php línea 52
URI: /api/log-error
--------------------------------------------------------------------------------
[2026-03-19 09:22:26] [DEPRECATED] session_set_save_handler(): Providing individual callbacks instead of an object implementing SessionHandlerInterface is deprecated en C:\tools\nginx\html\sistema_biometrico\index.php línea 52
URI: /validaciones/buscar-empleados?solo_con_incidencias=1
--------------------------------------------------------------------------------
[2026-03-19 09:22:26] [DEPRECATED] session_set_save_handler(): Providing individual callbacks instead of an object implementing SessionHandlerInterface is deprecated en C:\tools\nginx\html\sistema_biometrico\index.php línea 52
URI: /validaciones
--------------------------------------------------------------------------------
[2026-03-19 09:22:26] [DEPRECATED] session_set_save_handler(): Providing individual callbacks instead of an object implementing SessionHandlerInterface is deprecated en C:\tools\nginx\html\sistema_biometrico\index.php línea 52
URI: /validaciones/estadisticas
--------------------------------------------------------------------------------
[2026-03-19 09:22:26] [DEPRECATED] session_set_save_handler(): Providing individual callbacks instead of an object implementing SessionHandlerInterface is deprecated en C:\tools\nginx\html\sistema_biometrico\index.php línea 52
URI: /validaciones/obtener-areas
--------------------------------------------------------------------------------
[2026-03-19 09:22:26] [DEPRECATED] session_set_save_handler(): Providing individual callbacks instead of an object implementing SessionHandlerInterface is deprecated en C:\tools\nginx\html\sistema_biometrico\index.php línea 52
URI: /validaciones
--------------------------------------------------------------------------------
[2026-03-19 09:22:26] [DEPRECATED] session_set_save_handler(): Providing individual callbacks instead of an object implementing SessionHandlerInterface is deprecated en C:\tools\nginx\html\sistema_biometrico\index.php línea 52
URI: /validaciones/buscar-empleados?solo_con_incidencias=1
--------------------------------------------------------------------------------
[2026-03-19 09:22:26] [DEPRECATED] session_set_save_handler(): Providing individual callbacks instead of an object implementing SessionHandlerInterface is deprecated en C:\tools\nginx\html\sistema_biometrico\index.php línea 52
URI: /validaciones/obtener-areas
--------------------------------------------------------------------------------
[2026-03-19 09:22:26] [DEPRECATED] session_set_save_handler(): Providing individual callbacks instead of an object implementing SessionHandlerInterface is deprecated en C:\tools\nginx\html\sistema_biometrico\index.php línea 52
URI: /validaciones/estadisticas
--------------------------------------------------------------------------------
[2026-03-19 09:22:28] [DEPRECATED] session_set_save_handler(): Providing individual callbacks instead of an object implementing SessionHandlerInterface is deprecated en C:\tools\nginx\html\sistema_biometrico\index.php línea 52
URI: /validaciones
--------------------------------------------------------------------------------
[2026-03-19 09:22:28] [DEPRECATED] session_set_save_handler(): Providing individual callbacks instead of an object implementing SessionHandlerInterface is deprecated en C:\tools\nginx\html\sistema_biometrico\index.php línea 52
URI: /validaciones/buscar-empleados?solo_con_incidencias=1
--------------------------------------------------------------------------------
[2026-03-19 09:22:28] [DEPRECATED] session_set_save_handler(): Providing individual callbacks instead of an object implementing SessionHandlerInterface is deprecated en C:\tools\nginx\html\sistema_biometrico\index.php línea 52
URI: /validaciones/obtener-areas
--------------------------------------------------------------------------------
[2026-03-19 09:22:29] [DEPRECATED] session_set_save_handler(): Providing individual callbacks instead of an object implementing SessionHandlerInterface is deprecated en C:\tools\nginx\html\sistema_biometrico\index.php línea 52
URI: /validaciones/estadisticas
--------------------------------------------------------------------------------
[2026-03-19 09:22:37] [DEPRECATED] session_set_save_handler(): Providing individual callbacks instead of an object implementing SessionHandlerInterface is deprecated en C:\tools\nginx\html\sistema_biometrico\index.php línea 52
URI: /validaciones/incidencias-empleados
--------------------------------------------------------------------------------
[2026-03-19 09:22:58] [DEPRECATED] session_set_save_handler(): Providing individual callbacks instead of an object implementing SessionHandlerInterface is deprecated en C:\tools\nginx\html\sistema_biometrico\index.php línea 52
URI: /validaciones/estadisticas
--------------------------------------------------------------------------------
[2026-03-19 09:23:29] [DEPRECATED] session_set_save_handler(): Providing individual callbacks instead of an object implementing SessionHandlerInterface is deprecated en C:\tools\nginx\html\sistema_biometrico\index.php línea 52
URI: /validaciones/estadisticas
--------------------------------------------------------------------------------
[2026-03-19 09:23:59] [DEPRECATED] session_set_save_handler(): Providing individual callbacks instead of an object implementing SessionHandlerInterface is deprecated en C:\tools\nginx\html\sistema_biometrico\index.php línea 52
URI: /validaciones/estadisticas
--------------------------------------------------------------------------------
[2026-03-19 09:24:29] [DEPRECATED] session_set_save_handler(): Providing individual callbacks instead of an object implementing SessionHandlerInterface is deprecated en C:\tools\nginx\html\sistema_biometrico\index.php línea 52
URI: /validaciones/estadisticas
--------------------------------------------------------------------------------
[2026-03-19 09:24:58] [DEPRECATED] session_set_save_handler(): Providing individual callbacks instead of an object implementing SessionHandlerInterface is deprecated en C:\tools\nginx\html\sistema_biometrico\index.php línea 52
URI: /validaciones/estadisticas
--------------------------------------------------------------------------------
[2026-03-19 09:25:28] [DEPRECATED] session_set_save_handler(): Providing individual callbacks instead of an object implementing SessionHandlerInterface is deprecated en C:\tools\nginx\html\sistema_biometrico\index.php línea 52
URI: /validaciones/estadisticas
--------------------------------------------------------------------------------
[2026-03-19 09:25:59] [DEPRECATED] session_set_save_handler(): Providing individual callbacks instead of an object implementing SessionHandlerInterface is deprecated en C:\tools\nginx\html\sistema_biometrico\index.php línea 52
URI: /validaciones/estadisticas
--------------------------------------------------------------------------------
[2026-03-19 09:26:29] [DEPRECATED] session_set_save_handler(): Providing individual callbacks instead of an object implementing SessionHandlerInterface is deprecated en C:\tools\nginx\html\sistema_biometrico\index.php línea 52
URI: /validaciones/estadisticas
--------------------------------------------------------------------------------
[2026-03-19 09:27:29] [DEPRECATED] session_set_save_handler(): Providing individual callbacks instead of an object implementing SessionHandlerInterface is deprecated en C:\tools\nginx\html\sistema_biometrico\index.php línea 52
URI: /validaciones/estadisticas
--------------------------------------------------------------------------------
[2026-03-19 09:27:31] [DEPRECATED] session_set_save_handler(): Providing individual callbacks instead of an object implementing SessionHandlerInterface is deprecated en C:\tools\nginx\html\sistema_biometrico\index.php línea 52
URI: /validaciones
--------------------------------------------------------------------------------
[2026-03-19 09:27:31] [DEPRECATED] session_set_save_handler(): Providing individual callbacks instead of an object implementing SessionHandlerInterface is deprecated en C:\tools\nginx\html\sistema_biometrico\index.php línea 52
URI: /validaciones/buscar-empleados?solo_con_incidencias=1
--------------------------------------------------------------------------------
[2026-03-19 09:27:31] [DEPRECATED] session_set_save_handler(): Providing individual callbacks instead of an object implementing SessionHandlerInterface is deprecated en C:\tools\nginx\html\sistema_biometrico\index.php línea 52
URI: /validaciones/obtener-areas
--------------------------------------------------------------------------------
[2026-03-19 09:27:31] [DEPRECATED] session_set_save_handler(): Providing individual callbacks instead of an object implementing SessionHandlerInterface is deprecated en C:\tools\nginx\html\sistema_biometrico\index.php línea 52
URI: /validaciones/estadisticas
--------------------------------------------------------------------------------
[2026-03-19 09:28:01] [DEPRECATED] session_set_save_handler(): Providing individual callbacks instead of an object implementing SessionHandlerInterface is deprecated en C:\tools\nginx\html\sistema_biometrico\index.php línea 52
URI: /validaciones/estadisticas
--------------------------------------------------------------------------------
[2026-03-19 09:28:31] [DEPRECATED] session_set_save_handler(): Providing individual callbacks instead of an object implementing SessionHandlerInterface is deprecated en C:\tools\nginx\html\sistema_biometrico\index.php línea 52
URI: /validaciones/estadisticas
--------------------------------------------------------------------------------
[2026-03-19 09:29:01] [DEPRECATED] session_set_save_handler(): Providing individual callbacks instead of an object implementing SessionHandlerInterface is deprecated en C:\tools\nginx\html\sistema_biometrico\index.php línea 52
URI: /validaciones/estadisticas
--------------------------------------------------------------------------------
[2026-03-19 09:29:31] [DEPRECATED] session_set_save_handler(): Providing individual callbacks instead of an object implementing SessionHandlerInterface is deprecated en C:\tools\nginx\html\sistema_biometrico\index.php línea 52
URI: /validaciones/estadisticas
--------------------------------------------------------------------------------
[2026-03-19 09:30:01] [DEPRECATED] session_set_save_handler(): Providing individual callbacks instead of an object implementing SessionHandlerInterface is deprecated en C:\tools\nginx\html\sistema_biometrico\index.php línea 52
URI: /validaciones/estadisticas
--------------------------------------------------------------------------------
[2026-03-19 09:30:31] [DEPRECATED] session_set_save_handler(): Providing individual callbacks instead of an object implementing SessionHandlerInterface is deprecated en C:\tools\nginx\html\sistema_biometrico\index.php línea 52
URI: /validaciones/estadisticas
--------------------------------------------------------------------------------
[2026-03-19 09:31:01] [DEPRECATED] session_set_save_handler(): Providing individual callbacks instead of an object implementing SessionHandlerInterface is deprecated en C:\tools\nginx\html\sistema_biometrico\index.php línea 52
URI: /validaciones/estadisticas
--------------------------------------------------------------------------------
[2026-03-19 09:31:31] [DEPRECATED] session_set_save_handler(): Providing individual callbacks instead of an object implementing SessionHandlerInterface is deprecated en C:\tools\nginx\html\sistema_biometrico\index.php línea 52
URI: /validaciones/estadisticas
--------------------------------------------------------------------------------
[2026-03-19 09:31:32] [DEPRECATED] session_set_save_handler(): Providing individual callbacks instead of an object implementing SessionHandlerInterface is deprecated en C:\tools\nginx\html\sistema_biometrico\index.php línea 52
URI: /logout
--------------------------------------------------------------------------------
[2026-03-19 09:31:32] [DEPRECATED] session_set_save_handler(): Providing individual callbacks instead of an object implementing SessionHandlerInterface is deprecated en C:\tools\nginx\html\sistema_biometrico\index.php línea 52
URI: /login
--------------------------------------------------------------------------------
[2026-03-19 09:31:42] [DEPRECATED] session_set_save_handler(): Providing individual callbacks instead of an object implementing SessionHandlerInterface is deprecated en C:\tools\nginx\html\sistema_biometrico\index.php línea 52
URI: /login
--------------------------------------------------------------------------------
[2026-03-19 09:31:43] [DEPRECATED] session_set_save_handler(): Providing individual callbacks instead of an object implementing SessionHandlerInterface is deprecated en C:\tools\nginx\html\sistema_biometrico\index.php línea 52
URI: /dashboard
--------------------------------------------------------------------------------
[2026-03-19 09:31:49] [DEPRECATED] session_set_save_handler(): Providing individual callbacks instead of an object implementing SessionHandlerInterface is deprecated en C:\tools\nginx\html\sistema_biometrico\index.php línea 52
URI: /validaciones
--------------------------------------------------------------------------------
[2026-03-19 09:31:49] [DEPRECATED] session_set_save_handler(): Providing individual callbacks instead of an object implementing SessionHandlerInterface is deprecated en C:\tools\nginx\html\sistema_biometrico\index.php línea 52
URI: /validaciones/buscar-empleados?solo_con_incidencias=1
--------------------------------------------------------------------------------
[2026-03-19 09:31:49] [DEPRECATED] session_set_save_handler(): Providing individual callbacks instead of an object implementing SessionHandlerInterface is deprecated en C:\tools\nginx\html\sistema_biometrico\index.php línea 52
URI: /validaciones/obtener-areas
--------------------------------------------------------------------------------
[2026-03-19 09:31:49] [DEPRECATED] session_set_save_handler(): Providing individual callbacks instead of an object implementing SessionHandlerInterface is deprecated en C:\tools\nginx\html\sistema_biometrico\index.php línea 52
URI: /validaciones/estadisticas
--------------------------------------------------------------------------------
[2026-03-19 09:32:07] [DEPRECATED] session_set_save_handler(): Providing individual callbacks instead of an object implementing SessionHandlerInterface is deprecated en C:\tools\nginx\html\sistema_biometrico\index.php línea 52
URI: /logout
--------------------------------------------------------------------------------
[2026-03-19 09:32:07] [DEPRECATED] session_set_save_handler(): Providing individual callbacks instead of an object implementing SessionHandlerInterface is deprecated en C:\tools\nginx\html\sistema_biometrico\index.php línea 52
URI: /login
--------------------------------------------------------------------------------
[2026-03-19 09:32:16] [DEPRECATED] session_set_save_handler(): Providing individual callbacks instead of an object implementing SessionHandlerInterface is deprecated en C:\tools\nginx\html\sistema_biometrico\index.php línea 52
URI: /login
--------------------------------------------------------------------------------
[2026-03-19 09:32:16] [DEPRECATED] session_set_save_handler(): Providing individual callbacks instead of an object implementing SessionHandlerInterface is deprecated en C:\tools\nginx\html\sistema_biometrico\index.php línea 52
URI: /dashboard
--------------------------------------------------------------------------------
[2026-03-19 09:32:21] [DEPRECATED] session_set_save_handler(): Providing individual callbacks instead of an object implementing SessionHandlerInterface is deprecated en C:\tools\nginx\html\sistema_biometrico\index.php línea 52
URI: /validaciones
--------------------------------------------------------------------------------
[2026-03-19 09:32:21] [DEPRECATED] session_set_save_handler(): Providing individual callbacks instead of an object implementing SessionHandlerInterface is deprecated en C:\tools\nginx\html\sistema_biometrico\index.php línea 52
URI: /validaciones/buscar-empleados?solo_con_incidencias=1
--------------------------------------------------------------------------------
[2026-03-19 09:32:21] [DEPRECATED] session_set_save_handler(): Providing individual callbacks instead of an object implementing SessionHandlerInterface is deprecated en C:\tools\nginx\html\sistema_biometrico\index.php línea 52
URI: /validaciones/obtener-areas
--------------------------------------------------------------------------------
[2026-03-19 09:32:21] [DEPRECATED] session_set_save_handler(): Providing individual callbacks instead of an object implementing SessionHandlerInterface is deprecated en C:\tools\nginx\html\sistema_biometrico\index.php línea 52
URI: /validaciones/estadisticas
--------------------------------------------------------------------------------
[2026-03-19 09:32:52] [DEPRECATED] session_set_save_handler(): Providing individual callbacks instead of an object implementing SessionHandlerInterface is deprecated en C:\tools\nginx\html\sistema_biometrico\index.php línea 52
URI: /validaciones/estadisticas
--------------------------------------------------------------------------------
[2026-03-19 09:33:22] [DEPRECATED] session_set_save_handler(): Providing individual callbacks instead of an object implementing SessionHandlerInterface is deprecated en C:\tools\nginx\html\sistema_biometrico\index.php línea 52
URI: /validaciones/estadisticas
--------------------------------------------------------------------------------
[2026-03-19 09:33:51] [DEPRECATED] session_set_save_handler(): Providing individual callbacks instead of an object implementing SessionHandlerInterface is deprecated en C:\tools\nginx\html\sistema_biometrico\index.php línea 52
URI: /validaciones/estadisticas
--------------------------------------------------------------------------------
[2026-03-19 09:34:22] [DEPRECATED] session_set_save_handler(): Providing individual callbacks instead of an object implementing SessionHandlerInterface is deprecated en C:\tools\nginx\html\sistema_biometrico\index.php línea 52
URI: /validaciones/estadisticas
--------------------------------------------------------------------------------
[2026-03-19 09:34:52] [EXCEPTION] ParseError
Mensaje: syntax error, unexpected variable "$jefeEmpleadoId", expecting "function"
URI: /validaciones/estadisticas
#0 C:\tools\nginx\html\sistema_biometrico\index.php(12): require_once()
#1 {main}
[2026-03-19 09:34:52] [EXCEPTION] ParseError
Mensaje: syntax error, unexpected variable "$jefeEmpleadoId", expecting "function"
URI: /api/log-error
#0 C:\tools\nginx\html\sistema_biometrico\index.php(12): require_once()
#1 {main}
[2026-03-19 09:35:21] [DEPRECATED] session_set_save_handler(): Providing individual callbacks instead of an object implementing SessionHandlerInterface is deprecated en C:\tools\nginx\html\sistema_biometrico\index.php línea 52
URI: /validaciones/estadisticas
--------------------------------------------------------------------------------
[2026-03-19 09:35:51] [DEPRECATED] session_set_save_handler(): Providing individual callbacks instead of an object implementing SessionHandlerInterface is deprecated en C:\tools\nginx\html\sistema_biometrico\index.php línea 52
URI: /validaciones/estadisticas
--------------------------------------------------------------------------------
[2026-03-19 09:36:21] [DEPRECATED] session_set_save_handler(): Providing individual callbacks instead of an object implementing SessionHandlerInterface is deprecated en C:\tools\nginx\html\sistema_biometrico\index.php línea 52
URI: /validaciones/estadisticas
--------------------------------------------------------------------------------
[2026-03-19 09:36:21] [EXCEPTION] PDOException
Contexto: {"action":"estadisticas"}
Mensaje: SQLSTATE[HY093]: Invalid parameter number
URI: /validaciones/estadisticas
Archivo: C:\tools\nginx\html\sistema_biometrico\models\ValidacionJefe.php Línea: 294
#0 C:\tools\nginx\html\sistema_biometrico\models\ValidacionJefe.php(294): PDOStatement->execute(Array)
#1 C:\tools\nginx\html\sistema_biometrico\controllers\ValidacionJefeController.php(575): ValidacionJefe->getEstadisticasPorJefe(128, Array)
#2 C:\tools\nginx\html\sistema_biometrico\index.php(184): ValidacionJefeController->estadisticas()
#3 {main}
--------------------------------------------------------------------------------
[2026-03-19 09:36:21] [DEPRECATED] session_set_save_handler(): Providing individual callbacks instead of an object implementing SessionHandlerInterface is deprecated en C:\tools\nginx\html\sistema_biometrico\index.php línea 52
URI: /api/log-error
--------------------------------------------------------------------------------
[2026-03-19 09:36:21] [DEPRECATED] session_set_save_handler(): Providing individual callbacks instead of an object implementing SessionHandlerInterface is deprecated en C:\tools\nginx\html\sistema_biometrico\index.php línea 52
URI: /api/log-error
--------------------------------------------------------------------------------
[2026-03-19 09:36:52] [DEPRECATED] session_set_save_handler(): Providing individual callbacks instead of an object implementing SessionHandlerInterface is deprecated en C:\tools\nginx\html\sistema_biometrico\index.php línea 52
URI: /validaciones/estadisticas
--------------------------------------------------------------------------------
[2026-03-19 09:36:52] [EXCEPTION] PDOException
Contexto: {"action":"estadisticas"}
Mensaje: SQLSTATE[HY093]: Invalid parameter number
URI: /validaciones/estadisticas
Archivo: C:\tools\nginx\html\sistema_biometrico\models\ValidacionJefe.php Línea: 294
#0 C:\tools\nginx\html\sistema_biometrico\models\ValidacionJefe.php(294): PDOStatement->execute(Array)
#1 C:\tools\nginx\html\sistema_biometrico\controllers\ValidacionJefeController.php(575): ValidacionJefe->getEstadisticasPorJefe(128, Array)
#2 C:\tools\nginx\html\sistema_biometrico\index.php(184): ValidacionJefeController->estadisticas()
#3 {main}
--------------------------------------------------------------------------------
[2026-03-19 09:36:52] [DEPRECATED] session_set_save_handler(): Providing individual callbacks instead of an object implementing SessionHandlerInterface is deprecated en C:\tools\nginx\html\sistema_biometrico\index.php línea 52
URI: /api/log-error
--------------------------------------------------------------------------------
[2026-03-19 09:36:52] [DEPRECATED] session_set_save_handler(): Providing individual callbacks instead of an object implementing SessionHandlerInterface is deprecated en C:\tools\nginx\html\sistema_biometrico\index.php línea 52
URI: /api/log-error
--------------------------------------------------------------------------------
[2026-03-19 09:37:22] [DEPRECATED] session_set_save_handler(): Providing individual callbacks instead of an object implementing SessionHandlerInterface is deprecated en C:\tools\nginx\html\sistema_biometrico\index.php línea 52
URI: /validaciones/estadisticas
--------------------------------------------------------------------------------
[2026-03-19 09:37:22] [EXCEPTION] PDOException
Contexto: {"action":"estadisticas"}
Mensaje: SQLSTATE[HY093]: Invalid parameter number
URI: /validaciones/estadisticas
Archivo: C:\tools\nginx\html\sistema_biometrico\models\ValidacionJefe.php Línea: 294
#0 C:\tools\nginx\html\sistema_biometrico\models\ValidacionJefe.php(294): PDOStatement->execute(Array)
#1 C:\tools\nginx\html\sistema_biometrico\controllers\ValidacionJefeController.php(575): ValidacionJefe->getEstadisticasPorJefe(128, Array)
#2 C:\tools\nginx\html\sistema_biometrico\index.php(184): ValidacionJefeController->estadisticas()
#3 {main}
--------------------------------------------------------------------------------
[2026-03-19 09:37:22] [DEPRECATED] session_set_save_handler(): Providing individual callbacks instead of an object implementing SessionHandlerInterface is deprecated en C:\tools\nginx\html\sistema_biometrico\index.php línea 52
URI: /api/log-error
--------------------------------------------------------------------------------
[2026-03-19 09:37:22] [DEPRECATED] session_set_save_handler(): Providing individual callbacks instead of an object implementing SessionHandlerInterface is deprecated en C:\tools\nginx\html\sistema_biometrico\index.php línea 52
URI: /api/log-error
--------------------------------------------------------------------------------
[2026-03-19 09:38:23] [DEPRECATED] session_set_save_handler(): Providing individual callbacks instead of an object implementing SessionHandlerInterface is deprecated en C:\tools\nginx\html\sistema_biometrico\index.php línea 52
URI: /validaciones/estadisticas
--------------------------------------------------------------------------------
[2026-03-19 09:38:23] [EXCEPTION] PDOException
Contexto: {"action":"estadisticas"}
Mensaje: SQLSTATE[HY093]: Invalid parameter number
URI: /validaciones/estadisticas
Archivo: C:\tools\nginx\html\sistema_biometrico\models\ValidacionJefe.php Línea: 294
#0 C:\tools\nginx\html\sistema_biometrico\models\ValidacionJefe.php(294): PDOStatement->execute(Array)
#1 C:\tools\nginx\html\sistema_biometrico\controllers\ValidacionJefeController.php(575): ValidacionJefe->getEstadisticasPorJefe(128, Array)
#2 C:\tools\nginx\html\sistema_biometrico\index.php(184): ValidacionJefeController->estadisticas()
#3 {main}
--------------------------------------------------------------------------------
[2026-03-19 09:38:23] [DEPRECATED] session_set_save_handler(): Providing individual callbacks instead of an object implementing SessionHandlerInterface is deprecated en C:\tools\nginx\html\sistema_biometrico\index.php línea 52
URI: /api/log-error
--------------------------------------------------------------------------------
[2026-03-19 09:38:23] [DEPRECATED] session_set_save_handler(): Providing individual callbacks instead of an object implementing SessionHandlerInterface is deprecated en C:\tools\nginx\html\sistema_biometrico\index.php línea 52
URI: /api/log-error
--------------------------------------------------------------------------------
[2026-03-19 09:39:16] [DEPRECATED] session_set_save_handler(): Providing individual callbacks instead of an object implementing SessionHandlerInterface is deprecated en C:\tools\nginx\html\sistema_biometrico\index.php línea 52
URI: /validaciones/estadisticas
--------------------------------------------------------------------------------
[2026-03-19 09:39:16] [EXCEPTION] PDOException
Contexto: {"action":"estadisticas"}
Mensaje: SQLSTATE[HY093]: Invalid parameter number
URI: /validaciones/estadisticas
Archivo: C:\tools\nginx\html\sistema_biometrico\models\ValidacionJefe.php Línea: 294
#0 C:\tools\nginx\html\sistema_biometrico\models\ValidacionJefe.php(294): PDOStatement->execute(Array)
#1 C:\tools\nginx\html\sistema_biometrico\controllers\ValidacionJefeController.php(575): ValidacionJefe->getEstadisticasPorJefe(128, Array)
#2 C:\tools\nginx\html\sistema_biometrico\index.php(184): ValidacionJefeController->estadisticas()
#3 {main}
--------------------------------------------------------------------------------
[2026-03-19 09:39:16] [DEPRECATED] session_set_save_handler(): Providing individual callbacks instead of an object implementing SessionHandlerInterface is deprecated en C:\tools\nginx\html\sistema_biometrico\index.php línea 52
URI: /api/log-error
--------------------------------------------------------------------------------
[2026-03-19 09:39:16] [DEPRECATED] session_set_save_handler(): Providing individual callbacks instead of an object implementing SessionHandlerInterface is deprecated en C:\tools\nginx\html\sistema_biometrico\index.php línea 52
URI: /api/log-error
--------------------------------------------------------------------------------
[2026-03-19 09:39:21] [DEPRECATED] session_set_save_handler(): Providing individual callbacks instead of an object implementing SessionHandlerInterface is deprecated en C:\tools\nginx\html\sistema_biometrico\index.php línea 52
URI: /validaciones/estadisticas
--------------------------------------------------------------------------------
[2026-03-19 09:39:21] [EXCEPTION] PDOException
Contexto: {"action":"estadisticas"}
Mensaje: SQLSTATE[HY093]: Invalid parameter number
URI: /validaciones/estadisticas
Archivo: C:\tools\nginx\html\sistema_biometrico\models\ValidacionJefe.php Línea: 294
#0 C:\tools\nginx\html\sistema_biometrico\models\ValidacionJefe.php(294): PDOStatement->execute(Array)
#1 C:\tools\nginx\html\sistema_biometrico\controllers\ValidacionJefeController.php(575): ValidacionJefe->getEstadisticasPorJefe(128, Array)
#2 C:\tools\nginx\html\sistema_biometrico\index.php(184): ValidacionJefeController->estadisticas()
#3 {main}
--------------------------------------------------------------------------------
[2026-03-19 09:39:21] [DEPRECATED] session_set_save_handler(): Providing individual callbacks instead of an object implementing SessionHandlerInterface is deprecated en C:\tools\nginx\html\sistema_biometrico\index.php línea 52
URI: /api/log-error
--------------------------------------------------------------------------------
[2026-03-19 09:39:21] [DEPRECATED] session_set_save_handler(): Providing individual callbacks instead of an object implementing SessionHandlerInterface is deprecated en C:\tools\nginx\html\sistema_biometrico\index.php línea 52
URI: /api/log-error
--------------------------------------------------------------------------------
[2026-03-19 09:39:52] [DEPRECATED] session_set_save_handler(): Providing individual callbacks instead of an object implementing SessionHandlerInterface is deprecated en C:\tools\nginx\html\sistema_biometrico\index.php línea 52
URI: /validaciones/estadisticas
--------------------------------------------------------------------------------
[2026-03-19 09:39:52] [EXCEPTION] PDOException
Contexto: {"action":"estadisticas"}
Mensaje: SQLSTATE[HY093]: Invalid parameter number
URI: /validaciones/estadisticas
Archivo: C:\tools\nginx\html\sistema_biometrico\models\ValidacionJefe.php Línea: 294
#0 C:\tools\nginx\html\sistema_biometrico\models\ValidacionJefe.php(294): PDOStatement->execute(Array)
#1 C:\tools\nginx\html\sistema_biometrico\controllers\ValidacionJefeController.php(575): ValidacionJefe->getEstadisticasPorJefe(128, Array)
#2 C:\tools\nginx\html\sistema_biometrico\index.php(184): ValidacionJefeController->estadisticas()
#3 {main}
--------------------------------------------------------------------------------
[2026-03-19 09:39:52] [DEPRECATED] session_set_save_handler(): Providing individual callbacks instead of an object implementing SessionHandlerInterface is deprecated en C:\tools\nginx\html\sistema_biometrico\index.php línea 52
URI: /api/log-error
--------------------------------------------------------------------------------
[2026-03-19 09:39:52] [DEPRECATED] session_set_save_handler(): Providing individual callbacks instead of an object implementing SessionHandlerInterface is deprecated en C:\tools\nginx\html\sistema_biometrico\index.php línea 52
URI: /api/log-error
--------------------------------------------------------------------------------
[2026-03-19 09:40:47] [DEPRECATED] session_set_save_handler(): Providing individual callbacks instead of an object implementing SessionHandlerInterface is deprecated en C:\tools\nginx\html\sistema_biometrico\index.php línea 52
URI: /validaciones/estadisticas
--------------------------------------------------------------------------------
[2026-03-19 09:40:47] [EXCEPTION] PDOException
Contexto: {"action":"estadisticas"}
Mensaje: SQLSTATE[HY093]: Invalid parameter number
URI: /validaciones/estadisticas
Archivo: C:\tools\nginx\html\sistema_biometrico\models\ValidacionJefe.php Línea: 294
#0 C:\tools\nginx\html\sistema_biometrico\models\ValidacionJefe.php(294): PDOStatement->execute(Array)
#1 C:\tools\nginx\html\sistema_biometrico\controllers\ValidacionJefeController.php(575): ValidacionJefe->getEstadisticasPorJefe(128, Array)
#2 C:\tools\nginx\html\sistema_biometrico\index.php(184): ValidacionJefeController->estadisticas()
#3 {main}
--------------------------------------------------------------------------------
[2026-03-19 09:40:47] [DEPRECATED] session_set_save_handler(): Providing individual callbacks instead of an object implementing SessionHandlerInterface is deprecated en C:\tools\nginx\html\sistema_biometrico\index.php línea 52
URI: /api/log-error
--------------------------------------------------------------------------------
[2026-03-19 09:40:47] [DEPRECATED] session_set_save_handler(): Providing individual callbacks instead of an object implementing SessionHandlerInterface is deprecated en C:\tools\nginx\html\sistema_biometrico\index.php línea 52
URI: /api/log-error
--------------------------------------------------------------------------------
[2026-03-19 09:41:47] [DEPRECATED] session_set_save_handler(): Providing individual callbacks instead of an object implementing SessionHandlerInterface is deprecated en C:\tools\nginx\html\sistema_biometrico\index.php línea 52
URI: /validaciones/estadisticas
--------------------------------------------------------------------------------
[2026-03-19 09:41:52] [DEPRECATED] session_set_save_handler(): Providing individual callbacks instead of an object implementing SessionHandlerInterface is deprecated en C:\tools\nginx\html\sistema_biometrico\index.php línea 52
URI: /validaciones/estadisticas
--------------------------------------------------------------------------------
[2026-03-19 09:42:21] [DEPRECATED] session_set_save_handler(): Providing individual callbacks instead of an object implementing SessionHandlerInterface is deprecated en C:\tools\nginx\html\sistema_biometrico\index.php línea 52
URI: /validaciones/estadisticas
--------------------------------------------------------------------------------
[2026-03-19 09:42:52] [DEPRECATED] session_set_save_handler(): Providing individual callbacks instead of an object implementing SessionHandlerInterface is deprecated en C:\tools\nginx\html\sistema_biometrico\index.php línea 52
URI: /validaciones/estadisticas
--------------------------------------------------------------------------------
[2026-03-19 09:43:22] [DEPRECATED] session_set_save_handler(): Providing individual callbacks instead of an object implementing SessionHandlerInterface is deprecated en C:\tools\nginx\html\sistema_biometrico\index.php línea 52
URI: /validaciones/estadisticas
--------------------------------------------------------------------------------
[2026-03-19 09:43:52] [DEPRECATED] session_set_save_handler(): Providing individual callbacks instead of an object implementing SessionHandlerInterface is deprecated en C:\tools\nginx\html\sistema_biometrico\index.php línea 52
URI: /validaciones/estadisticas
--------------------------------------------------------------------------------
[2026-03-19 09:44:22] [DEPRECATED] session_set_save_handler(): Providing individual callbacks instead of an object implementing SessionHandlerInterface is deprecated en C:\tools\nginx\html\sistema_biometrico\index.php línea 52
URI: /validaciones/estadisticas
--------------------------------------------------------------------------------
[2026-03-19 09:44:52] [DEPRECATED] session_set_save_handler(): Providing individual callbacks instead of an object implementing SessionHandlerInterface is deprecated en C:\tools\nginx\html\sistema_biometrico\index.php línea 52
URI: /validaciones/estadisticas
--------------------------------------------------------------------------------
[2026-03-19 09:45:47] [DEPRECATED] session_set_save_handler(): Providing individual callbacks instead of an object implementing SessionHandlerInterface is deprecated en C:\tools\nginx\html\sistema_biometrico\index.php línea 52
URI: /validaciones/estadisticas
--------------------------------------------------------------------------------
[2026-03-19 09:46:47] [DEPRECATED] session_set_save_handler(): Providing individual callbacks instead of an object implementing SessionHandlerInterface is deprecated en C:\tools\nginx\html\sistema_biometrico\index.php línea 52
URI: /validaciones/estadisticas
--------------------------------------------------------------------------------
[2026-03-19 09:47:47] [DEPRECATED] session_set_save_handler(): Providing individual callbacks instead of an object implementing SessionHandlerInterface is deprecated en C:\tools\nginx\html\sistema_biometrico\index.php línea 52
URI: /validaciones/estadisticas
--------------------------------------------------------------------------------
[2026-03-19 09:48:47] [DEPRECATED] session_set_save_handler(): Providing individual callbacks instead of an object implementing SessionHandlerInterface is deprecated en C:\tools\nginx\html\sistema_biometrico\index.php línea 52
URI: /validaciones/estadisticas
--------------------------------------------------------------------------------
[2026-03-19 09:49:47] [DEPRECATED] session_set_save_handler(): Providing individual callbacks instead of an object implementing SessionHandlerInterface is deprecated en C:\tools\nginx\html\sistema_biometrico\index.php línea 52
URI: /validaciones/estadisticas
--------------------------------------------------------------------------------
[2026-03-19 09:50:47] [DEPRECATED] session_set_save_handler(): Providing individual callbacks instead of an object implementing SessionHandlerInterface is deprecated en C:\tools\nginx\html\sistema_biometrico\index.php línea 52
URI: /validaciones/estadisticas
--------------------------------------------------------------------------------
[2026-03-19 09:52:01] [FATAL_ERROR] Uncaught PDOException: SQLSTATE[42S22]: Column not found: 1054 Unknown column 'clave' in 'SELECT' in Command line code:8
Stack trace:
#0 Command line code(8): PDO->query('SELECT clave, n...')
#1 {main}
  thrown en Command line code línea 8
URI: N/A
--------------------------------------------------------------------------------
[2026-03-19 09:52:27] [FATAL_ERROR] Uncaught PDOException: SQLSTATE[HY000]: General error: 1364 Field 'clave_area' doesn't have a default value in Command line code:26
Stack trace:
#0 Command line code(26): PDOStatement->execute(Array)
#1 {main}
  thrown en Command line code línea 26
URI: N/A
--------------------------------------------------------------------------------
[2026-03-19 09:59:06] [DEPRECATED] session_set_save_handler(): Providing individual callbacks instead of an object implementing SessionHandlerInterface is deprecated en C:\tools\nginx\html\sistema_biometrico\index.php línea 52
URI: /validaciones/estadisticas
--------------------------------------------------------------------------------
[2026-03-19 09:59:08] [DEPRECATED] session_set_save_handler(): Providing individual callbacks instead of an object implementing SessionHandlerInterface is deprecated en C:\tools\nginx\html\sistema_biometrico\index.php línea 52
URI: /logout
--------------------------------------------------------------------------------
[2026-03-19 09:59:08] [DEPRECATED] session_set_save_handler(): Providing individual callbacks instead of an object implementing SessionHandlerInterface is deprecated en C:\tools\nginx\html\sistema_biometrico\index.php línea 52
URI: /login
--------------------------------------------------------------------------------
[2026-03-19 09:59:18] [DEPRECATED] session_set_save_handler(): Providing individual callbacks instead of an object implementing SessionHandlerInterface is deprecated en C:\tools\nginx\html\sistema_biometrico\index.php línea 52
URI: /login
--------------------------------------------------------------------------------
[2026-03-19 09:59:53] [DEPRECATED] session_set_save_handler(): Providing individual callbacks instead of an object implementing SessionHandlerInterface is deprecated en C:\tools\nginx\html\sistema_biometrico\index.php línea 52
URI: /login
--------------------------------------------------------------------------------
[2026-03-19 10:00:02] [DEPRECATED] session_set_save_handler(): Providing individual callbacks instead of an object implementing SessionHandlerInterface is deprecated en C:\tools\nginx\html\sistema_biometrico\index.php línea 52
URI: /login
--------------------------------------------------------------------------------
[2026-03-19 10:00:02] [DEPRECATED] session_set_save_handler(): Providing individual callbacks instead of an object implementing SessionHandlerInterface is deprecated en C:\tools\nginx\html\sistema_biometrico\index.php línea 52
URI: /dashboard
--------------------------------------------------------------------------------
[2026-03-19 10:00:08] [DEPRECATED] session_set_save_handler(): Providing individual callbacks instead of an object implementing SessionHandlerInterface is deprecated en C:\tools\nginx\html\sistema_biometrico\index.php línea 52
URI: /usuarios
--------------------------------------------------------------------------------
[2026-03-19 10:00:21] [DEPRECATED] session_set_save_handler(): Providing individual callbacks instead of an object implementing SessionHandlerInterface is deprecated en C:\tools\nginx\html\sistema_biometrico\index.php línea 52
URI: /usuarios/131/edit-modal
--------------------------------------------------------------------------------
[2026-03-19 10:00:31] [DEPRECATED] session_set_save_handler(): Providing individual callbacks instead of an object implementing SessionHandlerInterface is deprecated en C:\tools\nginx\html\sistema_biometrico\index.php línea 52
URI: /usuarios/update
--------------------------------------------------------------------------------
[2026-03-19 10:00:33] [DEPRECATED] session_set_save_handler(): Providing individual callbacks instead of an object implementing SessionHandlerInterface is deprecated en C:\tools\nginx\html\sistema_biometrico\index.php línea 52
URI: /usuarios
--------------------------------------------------------------------------------
[2026-03-19 10:00:36] [DEPRECATED] session_set_save_handler(): Providing individual callbacks instead of an object implementing SessionHandlerInterface is deprecated en C:\tools\nginx\html\sistema_biometrico\index.php línea 52
URI: /logout
--------------------------------------------------------------------------------
[2026-03-19 10:00:36] [DEPRECATED] session_set_save_handler(): Providing individual callbacks instead of an object implementing SessionHandlerInterface is deprecated en C:\tools\nginx\html\sistema_biometrico\index.php línea 52
URI: /login
--------------------------------------------------------------------------------
[2026-03-19 10:00:42] [DEPRECATED] session_set_save_handler(): Providing individual callbacks instead of an object implementing SessionHandlerInterface is deprecated en C:\tools\nginx\html\sistema_biometrico\index.php línea 52
URI: /login
--------------------------------------------------------------------------------
[2026-03-19 10:00:42] [DEPRECATED] session_set_save_handler(): Providing individual callbacks instead of an object implementing SessionHandlerInterface is deprecated en C:\tools\nginx\html\sistema_biometrico\index.php línea 52
URI: /dashboard
--------------------------------------------------------------------------------
[2026-03-19 10:00:47] [DEPRECATED] session_set_save_handler(): Providing individual callbacks instead of an object implementing SessionHandlerInterface is deprecated en C:\tools\nginx\html\sistema_biometrico\index.php línea 52
URI: /validaciones
--------------------------------------------------------------------------------
[2026-03-19 10:00:48] [DEPRECATED] session_set_save_handler(): Providing individual callbacks instead of an object implementing SessionHandlerInterface is deprecated en C:\tools\nginx\html\sistema_biometrico\index.php línea 52
URI: /validaciones/buscar-empleados?solo_con_incidencias=1
--------------------------------------------------------------------------------
[2026-03-19 10:00:48] [DEPRECATED] session_set_save_handler(): Providing individual callbacks instead of an object implementing SessionHandlerInterface is deprecated en C:\tools\nginx\html\sistema_biometrico\index.php línea 52
URI: /validaciones/obtener-areas
--------------------------------------------------------------------------------
[2026-03-19 10:00:48] [DEPRECATED] session_set_save_handler(): Providing individual callbacks instead of an object implementing SessionHandlerInterface is deprecated en C:\tools\nginx\html\sistema_biometrico\index.php línea 52
URI: /validaciones/estadisticas
--------------------------------------------------------------------------------
[2026-03-19 10:01:18] [DEPRECATED] session_set_save_handler(): Providing individual callbacks instead of an object implementing SessionHandlerInterface is deprecated en C:\tools\nginx\html\sistema_biometrico\index.php línea 52
URI: /validaciones/estadisticas
--------------------------------------------------------------------------------
[2026-03-19 10:01:48] [DEPRECATED] session_set_save_handler(): Providing individual callbacks instead of an object implementing SessionHandlerInterface is deprecated en C:\tools\nginx\html\sistema_biometrico\index.php línea 52
URI: /validaciones/estadisticas
--------------------------------------------------------------------------------
[2026-03-19 10:02:18] [DEPRECATED] session_set_save_handler(): Providing individual callbacks instead of an object implementing SessionHandlerInterface is deprecated en C:\tools\nginx\html\sistema_biometrico\index.php línea 52
URI: /validaciones/estadisticas
--------------------------------------------------------------------------------
[2026-03-19 10:02:48] [DEPRECATED] session_set_save_handler(): Providing individual callbacks instead of an object implementing SessionHandlerInterface is deprecated en C:\tools\nginx\html\sistema_biometrico\index.php línea 52
URI: /validaciones/estadisticas
--------------------------------------------------------------------------------
[2026-03-19 10:03:18] [DEPRECATED] session_set_save_handler(): Providing individual callbacks instead of an object implementing SessionHandlerInterface is deprecated en C:\tools\nginx\html\sistema_biometrico\index.php línea 52
URI: /validaciones/estadisticas
--------------------------------------------------------------------------------
[2026-03-19 10:03:48] [DEPRECATED] session_set_save_handler(): Providing individual callbacks instead of an object implementing SessionHandlerInterface is deprecated en C:\tools\nginx\html\sistema_biometrico\index.php línea 52
URI: /validaciones/estadisticas
--------------------------------------------------------------------------------
[2026-03-19 10:03:59] [DEPRECATED] session_set_save_handler(): Providing individual callbacks instead of an object implementing SessionHandlerInterface is deprecated en C:\tools\nginx\html\sistema_biometrico\index.php línea 52
URI: /validaciones
--------------------------------------------------------------------------------
[2026-03-19 10:03:59] [DEPRECATED] session_set_save_handler(): Providing individual callbacks instead of an object implementing SessionHandlerInterface is deprecated en C:\tools\nginx\html\sistema_biometrico\index.php línea 52
URI: /validaciones/buscar-empleados?solo_con_incidencias=1
--------------------------------------------------------------------------------
[2026-03-19 10:03:59] [DEPRECATED] session_set_save_handler(): Providing individual callbacks instead of an object implementing SessionHandlerInterface is deprecated en C:\tools\nginx\html\sistema_biometrico\index.php línea 52
URI: /validaciones/obtener-areas
--------------------------------------------------------------------------------
[2026-03-19 10:03:59] [DEPRECATED] session_set_save_handler(): Providing individual callbacks instead of an object implementing SessionHandlerInterface is deprecated en C:\tools\nginx\html\sistema_biometrico\index.php línea 52
URI: /validaciones/estadisticas
--------------------------------------------------------------------------------
[2026-03-19 10:04:27] [DEPRECATED] session_set_save_handler(): Providing individual callbacks instead of an object implementing SessionHandlerInterface is deprecated en C:\tools\nginx\html\sistema_biometrico\index.php línea 52
URI: /validaciones/incidencias-empleados
--------------------------------------------------------------------------------
[2026-03-19 10:04:29] [DEPRECATED] session_set_save_handler(): Providing individual callbacks instead of an object implementing SessionHandlerInterface is deprecated en C:\tools\nginx\html\sistema_biometrico\index.php línea 52
URI: /validaciones/estadisticas
--------------------------------------------------------------------------------
[2026-03-19 10:04:48] [DEPRECATED] session_set_save_handler(): Providing individual callbacks instead of an object implementing SessionHandlerInterface is deprecated en C:\tools\nginx\html\sistema_biometrico\index.php línea 52
URI: /logout
--------------------------------------------------------------------------------
[2026-03-19 10:04:48] [DEPRECATED] session_set_save_handler(): Providing individual callbacks instead of an object implementing SessionHandlerInterface is deprecated en C:\tools\nginx\html\sistema_biometrico\index.php línea 52
URI: /login
--------------------------------------------------------------------------------
[2026-03-19 10:05:18] [DEPRECATED] session_set_save_handler(): Providing individual callbacks instead of an object implementing SessionHandlerInterface is deprecated en C:\tools\nginx\html\sistema_biometrico\index.php línea 52
URI: /login
--------------------------------------------------------------------------------
[2026-03-19 10:05:18] [DEPRECATED] session_set_save_handler(): Providing individual callbacks instead of an object implementing SessionHandlerInterface is deprecated en C:\tools\nginx\html\sistema_biometrico\index.php línea 52
URI: /dashboard
--------------------------------------------------------------------------------
[2026-03-19 10:22:22] [DEPRECATED] session_set_save_handler(): Providing individual callbacks instead of an object implementing SessionHandlerInterface is deprecated en C:\tools\nginx\html\sistema_biometrico\index.php línea 52
URI: /dashboard
--------------------------------------------------------------------------------
[2026-03-19 10:22:25] [DEPRECATED] session_set_save_handler(): Providing individual callbacks instead of an object implementing SessionHandlerInterface is deprecated en C:\tools\nginx\html\sistema_biometrico\index.php línea 52
URI: /logout
--------------------------------------------------------------------------------
[2026-03-19 10:22:25] [DEPRECATED] session_set_save_handler(): Providing individual callbacks instead of an object implementing SessionHandlerInterface is deprecated en C:\tools\nginx\html\sistema_biometrico\index.php línea 52
URI: /login
--------------------------------------------------------------------------------
[2026-03-19 10:22:37] [DEPRECATED] session_set_save_handler(): Providing individual callbacks instead of an object implementing SessionHandlerInterface is deprecated en C:\tools\nginx\html\sistema_biometrico\index.php línea 52
URI: /login
--------------------------------------------------------------------------------
[2026-03-19 10:22:43] [DEPRECATED] session_set_save_handler(): Providing individual callbacks instead of an object implementing SessionHandlerInterface is deprecated en C:\tools\nginx\html\sistema_biometrico\index.php línea 52
URI: /login
--------------------------------------------------------------------------------
[2026-03-19 10:22:44] [DEPRECATED] session_set_save_handler(): Providing individual callbacks instead of an object implementing SessionHandlerInterface is deprecated en C:\tools\nginx\html\sistema_biometrico\index.php línea 52
URI: /dashboard
--------------------------------------------------------------------------------
[2026-03-19 10:22:49] [DEPRECATED] session_set_save_handler(): Providing individual callbacks instead of an object implementing SessionHandlerInterface is deprecated en C:\tools\nginx\html\sistema_biometrico\index.php línea 52
URI: /validaciones
--------------------------------------------------------------------------------
[2026-03-19 10:22:49] [DEPRECATED] session_set_save_handler(): Providing individual callbacks instead of an object implementing SessionHandlerInterface is deprecated en C:\tools\nginx\html\sistema_biometrico\index.php línea 52
URI: /validaciones/buscar-empleados?solo_con_incidencias=1
--------------------------------------------------------------------------------
[2026-03-19 10:22:49] [DEPRECATED] session_set_save_handler(): Providing individual callbacks instead of an object implementing SessionHandlerInterface is deprecated en C:\tools\nginx\html\sistema_biometrico\index.php línea 52
URI: /validaciones/obtener-areas
--------------------------------------------------------------------------------
[2026-03-19 10:22:49] [DEPRECATED] session_set_save_handler(): Providing individual callbacks instead of an object implementing SessionHandlerInterface is deprecated en C:\tools\nginx\html\sistema_biometrico\index.php línea 52
URI: /validaciones/estadisticas
--------------------------------------------------------------------------------
[2026-03-19 10:23:19] [DEPRECATED] session_set_save_handler(): Providing individual callbacks instead of an object implementing SessionHandlerInterface is deprecated en C:\tools\nginx\html\sistema_biometrico\index.php línea 52
URI: /validaciones/estadisticas
--------------------------------------------------------------------------------
[2026-03-19 10:23:21] [DEPRECATED] session_set_save_handler(): Providing individual callbacks instead of an object implementing SessionHandlerInterface is deprecated en C:\tools\nginx\html\sistema_biometrico\index.php línea 52
URI: /validaciones/incidencias-empleados
--------------------------------------------------------------------------------
[2026-03-19 10:23:49] [DEPRECATED] session_set_save_handler(): Providing individual callbacks instead of an object implementing SessionHandlerInterface is deprecated en C:\tools\nginx\html\sistema_biometrico\index.php línea 52
URI: /validaciones/estadisticas
--------------------------------------------------------------------------------
[2026-03-19 10:24:19] [DEPRECATED] session_set_save_handler(): Providing individual callbacks instead of an object implementing SessionHandlerInterface is deprecated en C:\tools\nginx\html\sistema_biometrico\index.php línea 52
URI: /validaciones/estadisticas
--------------------------------------------------------------------------------
[2026-03-19 10:24:31] [DEPRECATED] session_set_save_handler(): Providing individual callbacks instead of an object implementing SessionHandlerInterface is deprecated en C:\tools\nginx\html\sistema_biometrico\index.php línea 52
URI: /validaciones/incidencias-empleados
--------------------------------------------------------------------------------
[2026-03-19 10:24:33] [DEPRECATED] session_set_save_handler(): Providing individual callbacks instead of an object implementing SessionHandlerInterface is deprecated en C:\tools\nginx\html\sistema_biometrico\index.php línea 52
URI: /validaciones/incidencias-empleados
--------------------------------------------------------------------------------
[2026-03-19 10:24:49] [DEPRECATED] session_set_save_handler(): Providing individual callbacks instead of an object implementing SessionHandlerInterface is deprecated en C:\tools\nginx\html\sistema_biometrico\index.php línea 52
URI: /validaciones/estadisticas
--------------------------------------------------------------------------------
[2026-03-19 10:25:19] [DEPRECATED] session_set_save_handler(): Providing individual callbacks instead of an object implementing SessionHandlerInterface is deprecated en C:\tools\nginx\html\sistema_biometrico\index.php línea 52
URI: /validaciones/estadisticas
--------------------------------------------------------------------------------
[2026-03-19 10:25:37] [DEPRECATED] session_set_save_handler(): Providing individual callbacks instead of an object implementing SessionHandlerInterface is deprecated en C:\tools\nginx\html\sistema_biometrico\index.php línea 52
URI: /empleados
--------------------------------------------------------------------------------
[2026-03-19 10:25:41] [DEPRECATED] session_set_save_handler(): Providing individual callbacks instead of an object implementing SessionHandlerInterface is deprecated en C:\tools\nginx\html\sistema_biometrico\index.php línea 52
URI: /empleados?search=87
--------------------------------------------------------------------------------
[2026-03-19 10:25:44] [DEPRECATED] session_set_save_handler(): Providing individual callbacks instead of an object implementing SessionHandlerInterface is deprecated en C:\tools\nginx\html\sistema_biometrico\index.php línea 52
URI: /empleados/datos-completos/87
--------------------------------------------------------------------------------
[2026-03-19 10:26:09] [DEPRECATED] session_set_save_handler(): Providing individual callbacks instead of an object implementing SessionHandlerInterface is deprecated en C:\tools\nginx\html\sistema_biometrico\index.php línea 52
URI: /justificaciones/get-asistencia-ajax/69892
--------------------------------------------------------------------------------
[2026-03-19 10:26:33] [DEPRECATED] session_set_save_handler(): Providing individual callbacks instead of an object implementing SessionHandlerInterface is deprecated en C:\tools\nginx\html\sistema_biometrico\index.php línea 52
URI: /justificaciones/get-asistencia-ajax/69892
--------------------------------------------------------------------------------
[2026-03-19 10:26:44] [DEPRECATED] session_set_save_handler(): Providing individual callbacks instead of an object implementing SessionHandlerInterface is deprecated en C:\tools\nginx\html\sistema_biometrico\index.php línea 52
URI: /justificaciones/actualizar-incidencia
--------------------------------------------------------------------------------
[2026-03-19 10:26:47] [DEPRECATED] session_set_save_handler(): Providing individual callbacks instead of an object implementing SessionHandlerInterface is deprecated en C:\tools\nginx\html\sistema_biometrico\index.php línea 52
URI: /empleados/datos-completos/87
--------------------------------------------------------------------------------
[2026-03-19 10:27:31] [DEPRECATED] session_set_save_handler(): Providing individual callbacks instead of an object implementing SessionHandlerInterface is deprecated en C:\tools\nginx\html\sistema_biometrico\index.php línea 52
URI: /validaciones
--------------------------------------------------------------------------------
[2026-03-19 10:27:31] [DEPRECATED] session_set_save_handler(): Providing individual callbacks instead of an object implementing SessionHandlerInterface is deprecated en C:\tools\nginx\html\sistema_biometrico\index.php línea 52
URI: /validaciones/buscar-empleados?solo_con_incidencias=1
--------------------------------------------------------------------------------
[2026-03-19 10:27:31] [DEPRECATED] session_set_save_handler(): Providing individual callbacks instead of an object implementing SessionHandlerInterface is deprecated en C:\tools\nginx\html\sistema_biometrico\index.php línea 52
URI: /validaciones/obtener-areas
--------------------------------------------------------------------------------
[2026-03-19 10:27:31] [DEPRECATED] session_set_save_handler(): Providing individual callbacks instead of an object implementing SessionHandlerInterface is deprecated en C:\tools\nginx\html\sistema_biometrico\index.php línea 52
URI: /validaciones/estadisticas
--------------------------------------------------------------------------------
[2026-03-19 10:27:36] [DEPRECATED] session_set_save_handler(): Providing individual callbacks instead of an object implementing SessionHandlerInterface is deprecated en C:\tools\nginx\html\sistema_biometrico\index.php línea 52
URI: /validaciones/incidencias-empleados
--------------------------------------------------------------------------------
[2026-03-19 10:28:01] [DEPRECATED] session_set_save_handler(): Providing individual callbacks instead of an object implementing SessionHandlerInterface is deprecated en C:\tools\nginx\html\sistema_biometrico\index.php línea 52
URI: /validaciones/estadisticas
--------------------------------------------------------------------------------
[2026-03-19 10:28:28] [DEPRECATED] session_set_save_handler(): Providing individual callbacks instead of an object implementing SessionHandlerInterface is deprecated en C:\tools\nginx\html\sistema_biometrico\index.php línea 52
URI: /validaciones/obtener-incidencia/70530?origen=asistencia
--------------------------------------------------------------------------------
[2026-03-19 10:28:31] [DEPRECATED] session_set_save_handler(): Providing individual callbacks instead of an object implementing SessionHandlerInterface is deprecated en C:\tools\nginx\html\sistema_biometrico\index.php línea 52
URI: /validaciones/estadisticas
--------------------------------------------------------------------------------
[2026-03-19 10:29:01] [DEPRECATED] session_set_save_handler(): Providing individual callbacks instead of an object implementing SessionHandlerInterface is deprecated en C:\tools\nginx\html\sistema_biometrico\index.php línea 52
URI: /validaciones/estadisticas
--------------------------------------------------------------------------------
[2026-03-19 10:29:28] [DEPRECATED] session_set_save_handler(): Providing individual callbacks instead of an object implementing SessionHandlerInterface is deprecated en C:\tools\nginx\html\sistema_biometrico\index.php línea 52
URI: /empleados
--------------------------------------------------------------------------------
[2026-03-19 10:29:33] [DEPRECATED] session_set_save_handler(): Providing individual callbacks instead of an object implementing SessionHandlerInterface is deprecated en C:\tools\nginx\html\sistema_biometrico\index.php línea 52
URI: /empleados?search=87
--------------------------------------------------------------------------------
[2026-03-19 10:29:35] [DEPRECATED] session_set_save_handler(): Providing individual callbacks instead of an object implementing SessionHandlerInterface is deprecated en C:\tools\nginx\html\sistema_biometrico\index.php línea 52
URI: /empleados/datos-completos/87
--------------------------------------------------------------------------------
[2026-03-19 10:29:42] [DEPRECATED] session_set_save_handler(): Providing individual callbacks instead of an object implementing SessionHandlerInterface is deprecated en C:\tools\nginx\html\sistema_biometrico\index.php línea 52
URI: /justificaciones/get-asistencia-ajax/70526
--------------------------------------------------------------------------------
[2026-03-19 10:30:36] [DEPRECATED] session_set_save_handler(): Providing individual callbacks instead of an object implementing SessionHandlerInterface is deprecated en C:\tools\nginx\html\sistema_biometrico\index.php línea 52
URI: /validaciones
--------------------------------------------------------------------------------
[2026-03-19 10:30:36] [DEPRECATED] session_set_save_handler(): Providing individual callbacks instead of an object implementing SessionHandlerInterface is deprecated en C:\tools\nginx\html\sistema_biometrico\index.php línea 52
URI: /validaciones/buscar-empleados?solo_con_incidencias=1
--------------------------------------------------------------------------------
[2026-03-19 10:30:36] [DEPRECATED] session_set_save_handler(): Providing individual callbacks instead of an object implementing SessionHandlerInterface is deprecated en C:\tools\nginx\html\sistema_biometrico\index.php línea 52
URI: /validaciones/obtener-areas
--------------------------------------------------------------------------------
[2026-03-19 10:30:36] [DEPRECATED] session_set_save_handler(): Providing individual callbacks instead of an object implementing SessionHandlerInterface is deprecated en C:\tools\nginx\html\sistema_biometrico\index.php línea 52
URI: /validaciones/estadisticas
--------------------------------------------------------------------------------
[2026-03-19 10:30:41] [DEPRECATED] session_set_save_handler(): Providing individual callbacks instead of an object implementing SessionHandlerInterface is deprecated en C:\tools\nginx\html\sistema_biometrico\index.php línea 52
URI: /validaciones/incidencias-empleados
--------------------------------------------------------------------------------
[2026-03-19 10:31:01] [DEPRECATED] session_set_save_handler(): Providing individual callbacks instead of an object implementing SessionHandlerInterface is deprecated en C:\tools\nginx\html\sistema_biometrico\index.php línea 52
URI: /validaciones/obtener-incidencia/70530?origen=asistencia
--------------------------------------------------------------------------------
[2026-03-19 10:31:06] [DEPRECATED] session_set_save_handler(): Providing individual callbacks instead of an object implementing SessionHandlerInterface is deprecated en C:\tools\nginx\html\sistema_biometrico\index.php línea 52
URI: /validaciones/estadisticas
--------------------------------------------------------------------------------
[2026-03-19 10:31:36] [DEPRECATED] session_set_save_handler(): Providing individual callbacks instead of an object implementing SessionHandlerInterface is deprecated en C:\tools\nginx\html\sistema_biometrico\index.php línea 52
URI: /validaciones/estadisticas
--------------------------------------------------------------------------------
[2026-03-19 10:32:06] [DEPRECATED] session_set_save_handler(): Providing individual callbacks instead of an object implementing SessionHandlerInterface is deprecated en C:\tools\nginx\html\sistema_biometrico\index.php línea 52
URI: /validaciones/estadisticas
--------------------------------------------------------------------------------
[2026-03-19 10:32:19] [DEPRECATED] session_set_save_handler(): Providing individual callbacks instead of an object implementing SessionHandlerInterface is deprecated en C:\tools\nginx\html\sistema_biometrico\index.php línea 52
URI: /validaciones/obtener-incidencia/70530?origen=asistencia
--------------------------------------------------------------------------------
[2026-03-19 10:32:36] [DEPRECATED] session_set_save_handler(): Providing individual callbacks instead of an object implementing SessionHandlerInterface is deprecated en C:\tools\nginx\html\sistema_biometrico\index.php línea 52
URI: /validaciones/estadisticas
--------------------------------------------------------------------------------
[2026-03-19 10:32:51] [DEPRECATED] session_set_save_handler(): Providing individual callbacks instead of an object implementing SessionHandlerInterface is deprecated en C:\tools\nginx\html\sistema_biometrico\index.php línea 52
URI: /validaciones/incidencias-empleados
--------------------------------------------------------------------------------
[2026-03-19 10:33:06] [DEPRECATED] session_set_save_handler(): Providing individual callbacks instead of an object implementing SessionHandlerInterface is deprecated en C:\tools\nginx\html\sistema_biometrico\index.php línea 52
URI: /validaciones/estadisticas
--------------------------------------------------------------------------------
[2026-03-19 10:33:12] [DEPRECATED] session_set_save_handler(): Providing individual callbacks instead of an object implementing SessionHandlerInterface is deprecated en C:\tools\nginx\html\sistema_biometrico\index.php línea 52
URI: /logout
--------------------------------------------------------------------------------
[2026-03-19 10:33:12] [DEPRECATED] session_set_save_handler(): Providing individual callbacks instead of an object implementing SessionHandlerInterface is deprecated en C:\tools\nginx\html\sistema_biometrico\index.php línea 52
URI: /login
--------------------------------------------------------------------------------
[2026-03-19 10:33:20] [DEPRECATED] session_set_save_handler(): Providing individual callbacks instead of an object implementing SessionHandlerInterface is deprecated en C:\tools\nginx\html\sistema_biometrico\index.php línea 52
URI: /login
--------------------------------------------------------------------------------
[2026-03-19 10:33:21] [DEPRECATED] session_set_save_handler(): Providing individual callbacks instead of an object implementing SessionHandlerInterface is deprecated en C:\tools\nginx\html\sistema_biometrico\index.php línea 52
URI: /dashboard
--------------------------------------------------------------------------------
[2026-03-19 10:33:26] [DEPRECATED] session_set_save_handler(): Providing individual callbacks instead of an object implementing SessionHandlerInterface is deprecated en C:\tools\nginx\html\sistema_biometrico\index.php línea 52
URI: /validaciones
--------------------------------------------------------------------------------
[2026-03-19 10:33:26] [DEPRECATED] session_set_save_handler(): Providing individual callbacks instead of an object implementing SessionHandlerInterface is deprecated en C:\tools\nginx\html\sistema_biometrico\index.php línea 52
URI: /validaciones/buscar-empleados?solo_con_incidencias=1
--------------------------------------------------------------------------------
[2026-03-19 10:33:26] [DEPRECATED] session_set_save_handler(): Providing individual callbacks instead of an object implementing SessionHandlerInterface is deprecated en C:\tools\nginx\html\sistema_biometrico\index.php línea 52
URI: /validaciones/obtener-areas
--------------------------------------------------------------------------------
[2026-03-19 10:33:26] [DEPRECATED] session_set_save_handler(): Providing individual callbacks instead of an object implementing SessionHandlerInterface is deprecated en C:\tools\nginx\html\sistema_biometrico\index.php línea 52
URI: /validaciones/estadisticas
--------------------------------------------------------------------------------
[2026-03-19 10:33:43] [DEPRECATED] session_set_save_handler(): Providing individual callbacks instead of an object implementing SessionHandlerInterface is deprecated en C:\tools\nginx\html\sistema_biometrico\index.php línea 52
URI: /logout
--------------------------------------------------------------------------------
[2026-03-19 10:33:43] [DEPRECATED] session_set_save_handler(): Providing individual callbacks instead of an object implementing SessionHandlerInterface is deprecated en C:\tools\nginx\html\sistema_biometrico\index.php línea 52
URI: /login
--------------------------------------------------------------------------------
[2026-03-19 10:33:52] [DEPRECATED] session_set_save_handler(): Providing individual callbacks instead of an object implementing SessionHandlerInterface is deprecated en C:\tools\nginx\html\sistema_biometrico\index.php línea 52
URI: /login
--------------------------------------------------------------------------------
[2026-03-19 10:33:53] [DEPRECATED] session_set_save_handler(): Providing individual callbacks instead of an object implementing SessionHandlerInterface is deprecated en C:\tools\nginx\html\sistema_biometrico\index.php línea 52
URI: /dashboard
--------------------------------------------------------------------------------
[2026-03-19 10:33:58] [DEPRECATED] session_set_save_handler(): Providing individual callbacks instead of an object implementing SessionHandlerInterface is deprecated en C:\tools\nginx\html\sistema_biometrico\index.php línea 52
URI: /validaciones
--------------------------------------------------------------------------------
[2026-03-19 10:33:58] [DEPRECATED] session_set_save_handler(): Providing individual callbacks instead of an object implementing SessionHandlerInterface is deprecated en C:\tools\nginx\html\sistema_biometrico\index.php línea 52
URI: /validaciones/buscar-empleados?solo_con_incidencias=1
--------------------------------------------------------------------------------
[2026-03-19 10:33:58] [DEPRECATED] session_set_save_handler(): Providing individual callbacks instead of an object implementing SessionHandlerInterface is deprecated en C:\tools\nginx\html\sistema_biometrico\index.php línea 52
URI: /validaciones/obtener-areas
--------------------------------------------------------------------------------
[2026-03-19 10:33:58] [DEPRECATED] session_set_save_handler(): Providing individual callbacks instead of an object implementing SessionHandlerInterface is deprecated en C:\tools\nginx\html\sistema_biometrico\index.php línea 52
URI: /validaciones/estadisticas
--------------------------------------------------------------------------------
[2026-03-19 10:34:00] [DEPRECATED] session_set_save_handler(): Providing individual callbacks instead of an object implementing SessionHandlerInterface is deprecated en C:\tools\nginx\html\sistema_biometrico\index.php línea 52
URI: /logout
--------------------------------------------------------------------------------
[2026-03-19 10:34:00] [DEPRECATED] session_set_save_handler(): Providing individual callbacks instead of an object implementing SessionHandlerInterface is deprecated en C:\tools\nginx\html\sistema_biometrico\index.php línea 52
URI: /login
--------------------------------------------------------------------------------
[2026-03-19 10:34:08] [DEPRECATED] session_set_save_handler(): Providing individual callbacks instead of an object implementing SessionHandlerInterface is deprecated en C:\tools\nginx\html\sistema_biometrico\index.php línea 52
URI: /login
--------------------------------------------------------------------------------
[2026-03-19 10:34:17] [DEPRECATED] session_set_save_handler(): Providing individual callbacks instead of an object implementing SessionHandlerInterface is deprecated en C:\tools\nginx\html\sistema_biometrico\index.php línea 52
URI: /login
--------------------------------------------------------------------------------
[2026-03-19 10:34:17] [DEPRECATED] session_set_save_handler(): Providing individual callbacks instead of an object implementing SessionHandlerInterface is deprecated en C:\tools\nginx\html\sistema_biometrico\index.php línea 52
URI: /dashboard
--------------------------------------------------------------------------------
[2026-03-19 10:34:31] [DEPRECATED] session_set_save_handler(): Providing individual callbacks instead of an object implementing SessionHandlerInterface is deprecated en C:\tools\nginx\html\sistema_biometrico\index.php línea 52
URI: /catalogos
--------------------------------------------------------------------------------
[2026-03-19 10:34:31] [WARNING] Undefined array key "nombre_depto" en C:\tools\nginx\html\sistema_biometrico\views\catalogos\index.php línea 680
URI: /catalogos
--------------------------------------------------------------------------------
[2026-03-19 10:34:31] [DEPRECATED] htmlspecialchars(): Passing null to parameter #1 ($string) of type string is deprecated en C:\tools\nginx\html\sistema_biometrico\views\catalogos\index.php línea 680
URI: /catalogos
--------------------------------------------------------------------------------
[2026-03-19 10:34:31] [WARNING] Undefined array key "nombre_depto" en C:\tools\nginx\html\sistema_biometrico\views\catalogos\index.php línea 692
URI: /catalogos
--------------------------------------------------------------------------------
[2026-03-19 10:34:31] [DEPRECATED] htmlspecialchars(): Passing null to parameter #1 ($string) of type string is deprecated en C:\tools\nginx\html\sistema_biometrico\views\catalogos\index.php línea 692
URI: /catalogos
--------------------------------------------------------------------------------
[2026-03-19 10:34:31] [WARNING] Undefined array key "nombre_depto" en C:\tools\nginx\html\sistema_biometrico\views\catalogos\index.php línea 680
URI: /catalogos
--------------------------------------------------------------------------------
[2026-03-19 10:34:31] [DEPRECATED] htmlspecialchars(): Passing null to parameter #1 ($string) of type string is deprecated en C:\tools\nginx\html\sistema_biometrico\views\catalogos\index.php línea 680
URI: /catalogos
--------------------------------------------------------------------------------
[2026-03-19 10:34:31] [WARNING] Undefined array key "nombre_depto" en C:\tools\nginx\html\sistema_biometrico\views\catalogos\index.php línea 692
URI: /catalogos
--------------------------------------------------------------------------------
[2026-03-19 10:34:31] [DEPRECATED] htmlspecialchars(): Passing null to parameter #1 ($string) of type string is deprecated en C:\tools\nginx\html\sistema_biometrico\views\catalogos\index.php línea 692
URI: /catalogos
--------------------------------------------------------------------------------
[2026-03-19 10:34:31] [WARNING] Undefined array key "nombre_depto" en C:\tools\nginx\html\sistema_biometrico\views\catalogos\index.php línea 680
URI: /catalogos
--------------------------------------------------------------------------------
[2026-03-19 10:34:31] [DEPRECATED] htmlspecialchars(): Passing null to parameter #1 ($string) of type string is deprecated en C:\tools\nginx\html\sistema_biometrico\views\catalogos\index.php línea 680
URI: /catalogos
--------------------------------------------------------------------------------
[2026-03-19 10:34:31] [WARNING] Undefined array key "nombre_depto" en C:\tools\nginx\html\sistema_biometrico\views\catalogos\index.php línea 692
URI: /catalogos
--------------------------------------------------------------------------------
[2026-03-19 10:34:31] [DEPRECATED] htmlspecialchars(): Passing null to parameter #1 ($string) of type string is deprecated en C:\tools\nginx\html\sistema_biometrico\views\catalogos\index.php línea 692
URI: /catalogos
--------------------------------------------------------------------------------
[2026-03-19 10:34:31] [WARNING] Undefined array key "nombre_depto" en C:\tools\nginx\html\sistema_biometrico\views\catalogos\index.php línea 680
URI: /catalogos
--------------------------------------------------------------------------------
[2026-03-19 10:34:31] [DEPRECATED] htmlspecialchars(): Passing null to parameter #1 ($string) of type string is deprecated en C:\tools\nginx\html\sistema_biometrico\views\catalogos\index.php línea 680
URI: /catalogos
--------------------------------------------------------------------------------
[2026-03-19 10:34:31] [WARNING] Undefined array key "nombre_depto" en C:\tools\nginx\html\sistema_biometrico\views\catalogos\index.php línea 692
URI: /catalogos
--------------------------------------------------------------------------------
[2026-03-19 10:34:31] [DEPRECATED] htmlspecialchars(): Passing null to parameter #1 ($string) of type string is deprecated en C:\tools\nginx\html\sistema_biometrico\views\catalogos\index.php línea 692
URI: /catalogos
--------------------------------------------------------------------------------
[2026-03-19 10:34:31] [WARNING] Undefined array key "nombre_depto" en C:\tools\nginx\html\sistema_biometrico\views\catalogos\index.php línea 680
URI: /catalogos
--------------------------------------------------------------------------------
[2026-03-19 10:34:31] [DEPRECATED] htmlspecialchars(): Passing null to parameter #1 ($string) of type string is deprecated en C:\tools\nginx\html\sistema_biometrico\views\catalogos\index.php línea 680
URI: /catalogos
--------------------------------------------------------------------------------
[2026-03-19 10:34:31] [WARNING] Undefined array key "nombre_depto" en C:\tools\nginx\html\sistema_biometrico\views\catalogos\index.php línea 692
URI: /catalogos
--------------------------------------------------------------------------------
[2026-03-19 10:34:31] [DEPRECATED] htmlspecialchars(): Passing null to parameter #1 ($string) of type string is deprecated en C:\tools\nginx\html\sistema_biometrico\views\catalogos\index.php línea 692
URI: /catalogos
--------------------------------------------------------------------------------
[2026-03-19 10:34:31] [WARNING] Undefined array key "nombre_depto" en C:\tools\nginx\html\sistema_biometrico\views\catalogos\index.php línea 680
URI: /catalogos
--------------------------------------------------------------------------------
[2026-03-19 10:34:31] [DEPRECATED] htmlspecialchars(): Passing null to parameter #1 ($string) of type string is deprecated en C:\tools\nginx\html\sistema_biometrico\views\catalogos\index.php línea 680
URI: /catalogos
--------------------------------------------------------------------------------
[2026-03-19 10:34:31] [WARNING] Undefined array key "nombre_depto" en C:\tools\nginx\html\sistema_biometrico\views\catalogos\index.php línea 692
URI: /catalogos
--------------------------------------------------------------------------------
[2026-03-19 10:34:31] [DEPRECATED] htmlspecialchars(): Passing null to parameter #1 ($string) of type string is deprecated en C:\tools\nginx\html\sistema_biometrico\views\catalogos\index.php línea 692
URI: /catalogos
--------------------------------------------------------------------------------
[2026-03-19 10:34:31] [WARNING] Undefined array key "nombre_depto" en C:\tools\nginx\html\sistema_biometrico\views\catalogos\index.php línea 680
URI: /catalogos
--------------------------------------------------------------------------------
[2026-03-19 10:34:31] [DEPRECATED] htmlspecialchars(): Passing null to parameter #1 ($string) of type string is deprecated en C:\tools\nginx\html\sistema_biometrico\views\catalogos\index.php línea 680
URI: /catalogos
--------------------------------------------------------------------------------
[2026-03-19 10:34:31] [WARNING] Undefined array key "nombre_depto" en C:\tools\nginx\html\sistema_biometrico\views\catalogos\index.php línea 692
URI: /catalogos
--------------------------------------------------------------------------------
[2026-03-19 10:34:31] [DEPRECATED] htmlspecialchars(): Passing null to parameter #1 ($string) of type string is deprecated en C:\tools\nginx\html\sistema_biometrico\views\catalogos\index.php línea 692
URI: /catalogos
--------------------------------------------------------------------------------
[2026-03-19 10:34:31] [WARNING] Undefined array key "nombre_depto" en C:\tools\nginx\html\sistema_biometrico\views\catalogos\index.php línea 680
URI: /catalogos
--------------------------------------------------------------------------------
[2026-03-19 10:34:31] [DEPRECATED] htmlspecialchars(): Passing null to parameter #1 ($string) of type string is deprecated en C:\tools\nginx\html\sistema_biometrico\views\catalogos\index.php línea 680
URI: /catalogos
--------------------------------------------------------------------------------
[2026-03-19 10:34:31] [WARNING] Undefined array key "nombre_depto" en C:\tools\nginx\html\sistema_biometrico\views\catalogos\index.php línea 692
URI: /catalogos
--------------------------------------------------------------------------------
[2026-03-19 10:34:31] [DEPRECATED] htmlspecialchars(): Passing null to parameter #1 ($string) of type string is deprecated en C:\tools\nginx\html\sistema_biometrico\views\catalogos\index.php línea 692
URI: /catalogos
--------------------------------------------------------------------------------
[2026-03-19 10:34:31] [WARNING] Undefined array key "nombre_depto" en C:\tools\nginx\html\sistema_biometrico\views\catalogos\index.php línea 680
URI: /catalogos
--------------------------------------------------------------------------------
[2026-03-19 10:34:31] [DEPRECATED] htmlspecialchars(): Passing null to parameter #1 ($string) of type string is deprecated en C:\tools\nginx\html\sistema_biometrico\views\catalogos\index.php línea 680
URI: /catalogos
--------------------------------------------------------------------------------
[2026-03-19 10:34:31] [WARNING] Undefined array key "nombre_depto" en C:\tools\nginx\html\sistema_biometrico\views\catalogos\index.php línea 692
URI: /catalogos
--------------------------------------------------------------------------------
[2026-03-19 10:34:31] [DEPRECATED] htmlspecialchars(): Passing null to parameter #1 ($string) of type string is deprecated en C:\tools\nginx\html\sistema_biometrico\views\catalogos\index.php línea 692
URI: /catalogos
--------------------------------------------------------------------------------
[2026-03-19 10:34:31] [WARNING] Undefined array key "nombre_depto" en C:\tools\nginx\html\sistema_biometrico\views\catalogos\index.php línea 680
URI: /catalogos
--------------------------------------------------------------------------------
[2026-03-19 10:34:31] [DEPRECATED] htmlspecialchars(): Passing null to parameter #1 ($string) of type string is deprecated en C:\tools\nginx\html\sistema_biometrico\views\catalogos\index.php línea 680
URI: /catalogos
--------------------------------------------------------------------------------
[2026-03-19 10:34:31] [WARNING] Undefined array key "nombre_depto" en C:\tools\nginx\html\sistema_biometrico\views\catalogos\index.php línea 692
URI: /catalogos
--------------------------------------------------------------------------------
[2026-03-19 10:34:31] [DEPRECATED] htmlspecialchars(): Passing null to parameter #1 ($string) of type string is deprecated en C:\tools\nginx\html\sistema_biometrico\views\catalogos\index.php línea 692
URI: /catalogos
--------------------------------------------------------------------------------
[2026-03-19 10:34:31] [WARNING] Undefined array key "nombre_depto" en C:\tools\nginx\html\sistema_biometrico\views\catalogos\index.php línea 680
URI: /catalogos
--------------------------------------------------------------------------------
[2026-03-19 10:34:31] [DEPRECATED] htmlspecialchars(): Passing null to parameter #1 ($string) of type string is deprecated en C:\tools\nginx\html\sistema_biometrico\views\catalogos\index.php línea 680
URI: /catalogos
--------------------------------------------------------------------------------
[2026-03-19 10:34:31] [WARNING] Undefined array key "nombre_depto" en C:\tools\nginx\html\sistema_biometrico\views\catalogos\index.php línea 692
URI: /catalogos
--------------------------------------------------------------------------------
[2026-03-19 10:34:31] [DEPRECATED] htmlspecialchars(): Passing null to parameter #1 ($string) of type string is deprecated en C:\tools\nginx\html\sistema_biometrico\views\catalogos\index.php línea 692
URI: /catalogos
--------------------------------------------------------------------------------
[2026-03-19 10:34:31] [WARNING] Undefined array key "nombre_depto" en C:\tools\nginx\html\sistema_biometrico\views\catalogos\index.php línea 680
URI: /catalogos
--------------------------------------------------------------------------------
[2026-03-19 10:34:31] [DEPRECATED] htmlspecialchars(): Passing null to parameter #1 ($string) of type string is deprecated en C:\tools\nginx\html\sistema_biometrico\views\catalogos\index.php línea 680
URI: /catalogos
--------------------------------------------------------------------------------
[2026-03-19 10:34:31] [WARNING] Undefined array key "nombre_depto" en C:\tools\nginx\html\sistema_biometrico\views\catalogos\index.php línea 692
URI: /catalogos
--------------------------------------------------------------------------------
[2026-03-19 10:34:31] [DEPRECATED] htmlspecialchars(): Passing null to parameter #1 ($string) of type string is deprecated en C:\tools\nginx\html\sistema_biometrico\views\catalogos\index.php línea 692
URI: /catalogos
--------------------------------------------------------------------------------
[2026-03-19 10:34:31] [WARNING] Undefined array key "nombre_depto" en C:\tools\nginx\html\sistema_biometrico\views\catalogos\index.php línea 680
URI: /catalogos
--------------------------------------------------------------------------------
[2026-03-19 10:34:31] [DEPRECATED] htmlspecialchars(): Passing null to parameter #1 ($string) of type string is deprecated en C:\tools\nginx\html\sistema_biometrico\views\catalogos\index.php línea 680
URI: /catalogos
--------------------------------------------------------------------------------
[2026-03-19 10:34:31] [WARNING] Undefined array key "nombre_depto" en C:\tools\nginx\html\sistema_biometrico\views\catalogos\index.php línea 692
URI: /catalogos
--------------------------------------------------------------------------------
[2026-03-19 10:34:31] [DEPRECATED] htmlspecialchars(): Passing null to parameter #1 ($string) of type string is deprecated en C:\tools\nginx\html\sistema_biometrico\views\catalogos\index.php línea 692
URI: /catalogos
--------------------------------------------------------------------------------
[2026-03-19 10:34:31] [WARNING] Undefined array key "nombre_depto" en C:\tools\nginx\html\sistema_biometrico\views\catalogos\index.php línea 680
URI: /catalogos
--------------------------------------------------------------------------------
[2026-03-19 10:34:31] [DEPRECATED] htmlspecialchars(): Passing null to parameter #1 ($string) of type string is deprecated en C:\tools\nginx\html\sistema_biometrico\views\catalogos\index.php línea 680
URI: /catalogos
--------------------------------------------------------------------------------
[2026-03-19 10:34:31] [WARNING] Undefined array key "nombre_depto" en C:\tools\nginx\html\sistema_biometrico\views\catalogos\index.php línea 692
URI: /catalogos
--------------------------------------------------------------------------------
[2026-03-19 10:34:31] [DEPRECATED] htmlspecialchars(): Passing null to parameter #1 ($string) of type string is deprecated en C:\tools\nginx\html\sistema_biometrico\views\catalogos\index.php línea 692
URI: /catalogos
--------------------------------------------------------------------------------
[2026-03-19 10:34:31] [WARNING] Undefined array key "nombre_depto" en C:\tools\nginx\html\sistema_biometrico\views\catalogos\index.php línea 680
URI: /catalogos
--------------------------------------------------------------------------------
[2026-03-19 10:34:31] [DEPRECATED] htmlspecialchars(): Passing null to parameter #1 ($string) of type string is deprecated en C:\tools\nginx\html\sistema_biometrico\views\catalogos\index.php línea 680
URI: /catalogos
--------------------------------------------------------------------------------
[2026-03-19 10:34:31] [WARNING] Undefined array key "nombre_depto" en C:\tools\nginx\html\sistema_biometrico\views\catalogos\index.php línea 692
URI: /catalogos
--------------------------------------------------------------------------------
[2026-03-19 10:34:31] [DEPRECATED] htmlspecialchars(): Passing null to parameter #1 ($string) of type string is deprecated en C:\tools\nginx\html\sistema_biometrico\views\catalogos\index.php línea 692
URI: /catalogos
--------------------------------------------------------------------------------
[2026-03-19 10:34:31] [WARNING] Undefined array key "nombre_depto" en C:\tools\nginx\html\sistema_biometrico\views\catalogos\index.php línea 680
URI: /catalogos
--------------------------------------------------------------------------------
[2026-03-19 10:34:31] [DEPRECATED] htmlspecialchars(): Passing null to parameter #1 ($string) of type string is deprecated en C:\tools\nginx\html\sistema_biometrico\views\catalogos\index.php línea 680
URI: /catalogos
--------------------------------------------------------------------------------
[2026-03-19 10:34:31] [WARNING] Undefined array key "nombre_depto" en C:\tools\nginx\html\sistema_biometrico\views\catalogos\index.php línea 692
URI: /catalogos
--------------------------------------------------------------------------------
[2026-03-19 10:34:31] [DEPRECATED] htmlspecialchars(): Passing null to parameter #1 ($string) of type string is deprecated en C:\tools\nginx\html\sistema_biometrico\views\catalogos\index.php línea 692
URI: /catalogos
--------------------------------------------------------------------------------
[2026-03-19 10:34:31] [WARNING] Undefined array key "nombre_depto" en C:\tools\nginx\html\sistema_biometrico\views\catalogos\index.php línea 680
URI: /catalogos
--------------------------------------------------------------------------------
[2026-03-19 10:34:31] [DEPRECATED] htmlspecialchars(): Passing null to parameter #1 ($string) of type string is deprecated en C:\tools\nginx\html\sistema_biometrico\views\catalogos\index.php línea 680
URI: /catalogos
--------------------------------------------------------------------------------
[2026-03-19 10:34:31] [WARNING] Undefined array key "nombre_depto" en C:\tools\nginx\html\sistema_biometrico\views\catalogos\index.php línea 692
URI: /catalogos
--------------------------------------------------------------------------------
[2026-03-19 10:34:31] [DEPRECATED] htmlspecialchars(): Passing null to parameter #1 ($string) of type string is deprecated en C:\tools\nginx\html\sistema_biometrico\views\catalogos\index.php línea 692
URI: /catalogos
--------------------------------------------------------------------------------
[2026-03-19 10:34:31] [WARNING] Undefined array key "nombre_depto" en C:\tools\nginx\html\sistema_biometrico\views\catalogos\index.php línea 680
URI: /catalogos
--------------------------------------------------------------------------------
[2026-03-19 10:34:31] [DEPRECATED] htmlspecialchars(): Passing null to parameter #1 ($string) of type string is deprecated en C:\tools\nginx\html\sistema_biometrico\views\catalogos\index.php línea 680
URI: /catalogos
--------------------------------------------------------------------------------
[2026-03-19 10:34:31] [WARNING] Undefined array key "nombre_depto" en C:\tools\nginx\html\sistema_biometrico\views\catalogos\index.php línea 692
URI: /catalogos
--------------------------------------------------------------------------------
[2026-03-19 10:34:31] [DEPRECATED] htmlspecialchars(): Passing null to parameter #1 ($string) of type string is deprecated en C:\tools\nginx\html\sistema_biometrico\views\catalogos\index.php línea 692
URI: /catalogos
--------------------------------------------------------------------------------
[2026-03-19 10:34:31] [WARNING] Undefined array key "nombre_depto" en C:\tools\nginx\html\sistema_biometrico\views\catalogos\index.php línea 680
URI: /catalogos
--------------------------------------------------------------------------------
[2026-03-19 10:34:31] [DEPRECATED] htmlspecialchars(): Passing null to parameter #1 ($string) of type string is deprecated en C:\tools\nginx\html\sistema_biometrico\views\catalogos\index.php línea 680
URI: /catalogos
--------------------------------------------------------------------------------
[2026-03-19 10:34:31] [WARNING] Undefined array key "nombre_depto" en C:\tools\nginx\html\sistema_biometrico\views\catalogos\index.php línea 692
URI: /catalogos
--------------------------------------------------------------------------------
[2026-03-19 10:34:31] [DEPRECATED] htmlspecialchars(): Passing null to parameter #1 ($string) of type string is deprecated en C:\tools\nginx\html\sistema_biometrico\views\catalogos\index.php línea 692
URI: /catalogos
--------------------------------------------------------------------------------
[2026-03-19 10:34:31] [WARNING] Undefined array key "nombre_depto" en C:\tools\nginx\html\sistema_biometrico\views\catalogos\index.php línea 680
URI: /catalogos
--------------------------------------------------------------------------------
[2026-03-19 10:34:31] [DEPRECATED] htmlspecialchars(): Passing null to parameter #1 ($string) of type string is deprecated en C:\tools\nginx\html\sistema_biometrico\views\catalogos\index.php línea 680
URI: /catalogos
--------------------------------------------------------------------------------
[2026-03-19 10:34:31] [WARNING] Undefined array key "nombre_depto" en C:\tools\nginx\html\sistema_biometrico\views\catalogos\index.php línea 692
URI: /catalogos
--------------------------------------------------------------------------------
[2026-03-19 10:34:31] [DEPRECATED] htmlspecialchars(): Passing null to parameter #1 ($string) of type string is deprecated en C:\tools\nginx\html\sistema_biometrico\views\catalogos\index.php línea 692
URI: /catalogos
--------------------------------------------------------------------------------
[2026-03-19 10:34:31] [WARNING] Undefined array key "nombre_depto" en C:\tools\nginx\html\sistema_biometrico\views\catalogos\index.php línea 680
URI: /catalogos
--------------------------------------------------------------------------------
[2026-03-19 10:34:31] [DEPRECATED] htmlspecialchars(): Passing null to parameter #1 ($string) of type string is deprecated en C:\tools\nginx\html\sistema_biometrico\views\catalogos\index.php línea 680
URI: /catalogos
--------------------------------------------------------------------------------
[2026-03-19 10:34:31] [WARNING] Undefined array key "nombre_depto" en C:\tools\nginx\html\sistema_biometrico\views\catalogos\index.php línea 692
URI: /catalogos
--------------------------------------------------------------------------------
[2026-03-19 10:34:31] [DEPRECATED] htmlspecialchars(): Passing null to parameter #1 ($string) of type string is deprecated en C:\tools\nginx\html\sistema_biometrico\views\catalogos\index.php línea 692
URI: /catalogos
--------------------------------------------------------------------------------
[2026-03-19 10:34:31] [WARNING] Undefined array key "nombre_depto" en C:\tools\nginx\html\sistema_biometrico\views\catalogos\index.php línea 680
URI: /catalogos
--------------------------------------------------------------------------------
[2026-03-19 10:34:31] [DEPRECATED] htmlspecialchars(): Passing null to parameter #1 ($string) of type string is deprecated en C:\tools\nginx\html\sistema_biometrico\views\catalogos\index.php línea 680
URI: /catalogos
--------------------------------------------------------------------------------
[2026-03-19 10:34:31] [WARNING] Undefined array key "nombre_depto" en C:\tools\nginx\html\sistema_biometrico\views\catalogos\index.php línea 692
URI: /catalogos
--------------------------------------------------------------------------------
[2026-03-19 10:34:31] [DEPRECATED] htmlspecialchars(): Passing null to parameter #1 ($string) of type string is deprecated en C:\tools\nginx\html\sistema_biometrico\views\catalogos\index.php línea 692
URI: /catalogos
--------------------------------------------------------------------------------
[2026-03-19 10:34:31] [WARNING] Undefined array key "nombre_depto" en C:\tools\nginx\html\sistema_biometrico\views\catalogos\index.php línea 680
URI: /catalogos
--------------------------------------------------------------------------------
[2026-03-19 10:34:31] [DEPRECATED] htmlspecialchars(): Passing null to parameter #1 ($string) of type string is deprecated en C:\tools\nginx\html\sistema_biometrico\views\catalogos\index.php línea 680
URI: /catalogos
--------------------------------------------------------------------------------
[2026-03-19 10:34:31] [WARNING] Undefined array key "nombre_depto" en C:\tools\nginx\html\sistema_biometrico\views\catalogos\index.php línea 692
URI: /catalogos
--------------------------------------------------------------------------------
[2026-03-19 10:34:31] [DEPRECATED] htmlspecialchars(): Passing null to parameter #1 ($string) of type string is deprecated en C:\tools\nginx\html\sistema_biometrico\views\catalogos\index.php línea 692
URI: /catalogos
--------------------------------------------------------------------------------
[2026-03-19 10:34:31] [WARNING] Undefined array key "nombre_depto" en C:\tools\nginx\html\sistema_biometrico\views\catalogos\index.php línea 680
URI: /catalogos
--------------------------------------------------------------------------------
[2026-03-19 10:34:31] [DEPRECATED] htmlspecialchars(): Passing null to parameter #1 ($string) of type string is deprecated en C:\tools\nginx\html\sistema_biometrico\views\catalogos\index.php línea 680
URI: /catalogos
--------------------------------------------------------------------------------
[2026-03-19 10:34:31] [WARNING] Undefined array key "nombre_depto" en C:\tools\nginx\html\sistema_biometrico\views\catalogos\index.php línea 692
URI: /catalogos
--------------------------------------------------------------------------------
[2026-03-19 10:34:31] [DEPRECATED] htmlspecialchars(): Passing null to parameter #1 ($string) of type string is deprecated en C:\tools\nginx\html\sistema_biometrico\views\catalogos\index.php línea 692
URI: /catalogos
--------------------------------------------------------------------------------
[2026-03-19 10:34:31] [WARNING] Undefined array key "nombre_depto" en C:\tools\nginx\html\sistema_biometrico\views\catalogos\index.php línea 680
URI: /catalogos
--------------------------------------------------------------------------------
[2026-03-19 10:34:31] [DEPRECATED] htmlspecialchars(): Passing null to parameter #1 ($string) of type string is deprecated en C:\tools\nginx\html\sistema_biometrico\views\catalogos\index.php línea 680
URI: /catalogos
--------------------------------------------------------------------------------
[2026-03-19 10:34:31] [WARNING] Undefined array key "nombre_depto" en C:\tools\nginx\html\sistema_biometrico\views\catalogos\index.php línea 692
URI: /catalogos
--------------------------------------------------------------------------------
[2026-03-19 10:34:31] [DEPRECATED] htmlspecialchars(): Passing null to parameter #1 ($string) of type string is deprecated en C:\tools\nginx\html\sistema_biometrico\views\catalogos\index.php línea 692
URI: /catalogos
--------------------------------------------------------------------------------
[2026-03-19 10:34:31] [WARNING] Undefined array key "nombre_depto" en C:\tools\nginx\html\sistema_biometrico\views\catalogos\index.php línea 680
URI: /catalogos
--------------------------------------------------------------------------------
[2026-03-19 10:34:31] [DEPRECATED] htmlspecialchars(): Passing null to parameter #1 ($string) of type string is deprecated en C:\tools\nginx\html\sistema_biometrico\views\catalogos\index.php línea 680
URI: /catalogos
--------------------------------------------------------------------------------
[2026-03-19 10:34:31] [WARNING] Undefined array key "nombre_depto" en C:\tools\nginx\html\sistema_biometrico\views\catalogos\index.php línea 692
URI: /catalogos
--------------------------------------------------------------------------------
[2026-03-19 10:34:31] [DEPRECATED] htmlspecialchars(): Passing null to parameter #1 ($string) of type string is deprecated en C:\tools\nginx\html\sistema_biometrico\views\catalogos\index.php línea 692
URI: /catalogos
--------------------------------------------------------------------------------
[2026-03-19 10:34:31] [WARNING] Undefined array key "nombre_depto" en C:\tools\nginx\html\sistema_biometrico\views\catalogos\index.php línea 680
URI: /catalogos
--------------------------------------------------------------------------------
[2026-03-19 10:34:31] [DEPRECATED] htmlspecialchars(): Passing null to parameter #1 ($string) of type string is deprecated en C:\tools\nginx\html\sistema_biometrico\views\catalogos\index.php línea 680
URI: /catalogos
--------------------------------------------------------------------------------
[2026-03-19 10:34:31] [WARNING] Undefined array key "nombre_depto" en C:\tools\nginx\html\sistema_biometrico\views\catalogos\index.php línea 692
URI: /catalogos
--------------------------------------------------------------------------------
[2026-03-19 10:34:31] [DEPRECATED] htmlspecialchars(): Passing null to parameter #1 ($string) of type string is deprecated en C:\tools\nginx\html\sistema_biometrico\views\catalogos\index.php línea 692
URI: /catalogos
--------------------------------------------------------------------------------
[2026-03-19 10:34:31] [WARNING] Undefined array key "nombre_depto" en C:\tools\nginx\html\sistema_biometrico\views\catalogos\index.php línea 680
URI: /catalogos
--------------------------------------------------------------------------------
[2026-03-19 10:34:31] [DEPRECATED] htmlspecialchars(): Passing null to parameter #1 ($string) of type string is deprecated en C:\tools\nginx\html\sistema_biometrico\views\catalogos\index.php línea 680
URI: /catalogos
--------------------------------------------------------------------------------
[2026-03-19 10:34:31] [WARNING] Undefined array key "nombre_depto" en C:\tools\nginx\html\sistema_biometrico\views\catalogos\index.php línea 692
URI: /catalogos
--------------------------------------------------------------------------------
[2026-03-19 10:34:31] [DEPRECATED] htmlspecialchars(): Passing null to parameter #1 ($string) of type string is deprecated en C:\tools\nginx\html\sistema_biometrico\views\catalogos\index.php línea 692
URI: /catalogos
--------------------------------------------------------------------------------
[2026-03-19 10:34:31] [WARNING] Undefined array key "nombre_depto" en C:\tools\nginx\html\sistema_biometrico\views\catalogos\index.php línea 680
URI: /catalogos
--------------------------------------------------------------------------------
[2026-03-19 10:34:31] [DEPRECATED] htmlspecialchars(): Passing null to parameter #1 ($string) of type string is deprecated en C:\tools\nginx\html\sistema_biometrico\views\catalogos\index.php línea 680
URI: /catalogos
--------------------------------------------------------------------------------
[2026-03-19 10:34:31] [WARNING] Undefined array key "nombre_depto" en C:\tools\nginx\html\sistema_biometrico\views\catalogos\index.php línea 692
URI: /catalogos
--------------------------------------------------------------------------------
[2026-03-19 10:34:31] [DEPRECATED] htmlspecialchars(): Passing null to parameter #1 ($string) of type string is deprecated en C:\tools\nginx\html\sistema_biometrico\views\catalogos\index.php línea 692
URI: /catalogos
--------------------------------------------------------------------------------
[2026-03-19 10:34:31] [WARNING] Undefined array key "nombre_depto" en C:\tools\nginx\html\sistema_biometrico\views\catalogos\index.php línea 680
URI: /catalogos
--------------------------------------------------------------------------------
[2026-03-19 10:34:31] [DEPRECATED] htmlspecialchars(): Passing null to parameter #1 ($string) of type string is deprecated en C:\tools\nginx\html\sistema_biometrico\views\catalogos\index.php línea 680
URI: /catalogos
--------------------------------------------------------------------------------
[2026-03-19 10:34:31] [WARNING] Undefined array key "nombre_depto" en C:\tools\nginx\html\sistema_biometrico\views\catalogos\index.php línea 692
URI: /catalogos
--------------------------------------------------------------------------------
[2026-03-19 10:34:31] [DEPRECATED] htmlspecialchars(): Passing null to parameter #1 ($string) of type string is deprecated en C:\tools\nginx\html\sistema_biometrico\views\catalogos\index.php línea 692
URI: /catalogos
--------------------------------------------------------------------------------
[2026-03-19 10:34:31] [WARNING] Undefined array key "nombre_depto" en C:\tools\nginx\html\sistema_biometrico\views\catalogos\index.php línea 680
URI: /catalogos
--------------------------------------------------------------------------------
[2026-03-19 10:34:31] [DEPRECATED] htmlspecialchars(): Passing null to parameter #1 ($string) of type string is deprecated en C:\tools\nginx\html\sistema_biometrico\views\catalogos\index.php línea 680
URI: /catalogos
--------------------------------------------------------------------------------
[2026-03-19 10:34:31] [WARNING] Undefined array key "nombre_depto" en C:\tools\nginx\html\sistema_biometrico\views\catalogos\index.php línea 692
URI: /catalogos
--------------------------------------------------------------------------------
[2026-03-19 10:34:31] [DEPRECATED] htmlspecialchars(): Passing null to parameter #1 ($string) of type string is deprecated en C:\tools\nginx\html\sistema_biometrico\views\catalogos\index.php línea 692
URI: /catalogos
--------------------------------------------------------------------------------
[2026-03-19 10:34:31] [WARNING] Undefined array key "nombre_depto" en C:\tools\nginx\html\sistema_biometrico\views\catalogos\index.php línea 680
URI: /catalogos
--------------------------------------------------------------------------------
[2026-03-19 10:34:31] [DEPRECATED] htmlspecialchars(): Passing null to parameter #1 ($string) of type string is deprecated en C:\tools\nginx\html\sistema_biometrico\views\catalogos\index.php línea 680
URI: /catalogos
--------------------------------------------------------------------------------
[2026-03-19 10:34:31] [WARNING] Undefined array key "nombre_depto" en C:\tools\nginx\html\sistema_biometrico\views\catalogos\index.php línea 692
URI: /catalogos
--------------------------------------------------------------------------------
[2026-03-19 10:34:31] [DEPRECATED] htmlspecialchars(): Passing null to parameter #1 ($string) of type string is deprecated en C:\tools\nginx\html\sistema_biometrico\views\catalogos\index.php línea 692
URI: /catalogos
--------------------------------------------------------------------------------
[2026-03-19 10:34:31] [WARNING] Undefined array key "nombre_depto" en C:\tools\nginx\html\sistema_biometrico\views\catalogos\index.php línea 680
URI: /catalogos
--------------------------------------------------------------------------------
[2026-03-19 10:34:31] [DEPRECATED] htmlspecialchars(): Passing null to parameter #1 ($string) of type string is deprecated en C:\tools\nginx\html\sistema_biometrico\views\catalogos\index.php línea 680
URI: /catalogos
--------------------------------------------------------------------------------
[2026-03-19 10:34:31] [WARNING] Undefined array key "nombre_depto" en C:\tools\nginx\html\sistema_biometrico\views\catalogos\index.php línea 692
URI: /catalogos
--------------------------------------------------------------------------------
[2026-03-19 10:34:31] [DEPRECATED] htmlspecialchars(): Passing null to parameter #1 ($string) of type string is deprecated en C:\tools\nginx\html\sistema_biometrico\views\catalogos\index.php línea 692
URI: /catalogos
--------------------------------------------------------------------------------
[2026-03-19 10:34:31] [WARNING] Undefined array key "nombre_depto" en C:\tools\nginx\html\sistema_biometrico\views\catalogos\index.php línea 680
URI: /catalogos
--------------------------------------------------------------------------------
[2026-03-19 10:34:31] [DEPRECATED] htmlspecialchars(): Passing null to parameter #1 ($string) of type string is deprecated en C:\tools\nginx\html\sistema_biometrico\views\catalogos\index.php línea 680
URI: /catalogos
--------------------------------------------------------------------------------
[2026-03-19 10:34:31] [WARNING] Undefined array key "nombre_depto" en C:\tools\nginx\html\sistema_biometrico\views\catalogos\index.php línea 692
URI: /catalogos
--------------------------------------------------------------------------------
[2026-03-19 10:34:31] [DEPRECATED] htmlspecialchars(): Passing null to parameter #1 ($string) of type string is deprecated en C:\tools\nginx\html\sistema_biometrico\views\catalogos\index.php línea 692
URI: /catalogos
--------------------------------------------------------------------------------
[2026-03-19 10:34:31] [WARNING] Undefined array key "nombre_depto" en C:\tools\nginx\html\sistema_biometrico\views\catalogos\index.php línea 680
URI: /catalogos
--------------------------------------------------------------------------------
[2026-03-19 10:34:31] [DEPRECATED] htmlspecialchars(): Passing null to parameter #1 ($string) of type string is deprecated en C:\tools\nginx\html\sistema_biometrico\views\catalogos\index.php línea 680
URI: /catalogos
--------------------------------------------------------------------------------
[2026-03-19 10:34:31] [WARNING] Undefined array key "nombre_depto" en C:\tools\nginx\html\sistema_biometrico\views\catalogos\index.php línea 692
URI: /catalogos
--------------------------------------------------------------------------------
[2026-03-19 10:34:31] [DEPRECATED] htmlspecialchars(): Passing null to parameter #1 ($string) of type string is deprecated en C:\tools\nginx\html\sistema_biometrico\views\catalogos\index.php línea 692
URI: /catalogos
--------------------------------------------------------------------------------
[2026-03-19 10:34:31] [WARNING] Undefined array key "nombre_depto" en C:\tools\nginx\html\sistema_biometrico\views\catalogos\index.php línea 680
URI: /catalogos
--------------------------------------------------------------------------------
[2026-03-19 10:34:31] [DEPRECATED] htmlspecialchars(): Passing null to parameter #1 ($string) of type string is deprecated en C:\tools\nginx\html\sistema_biometrico\views\catalogos\index.php línea 680
URI: /catalogos
--------------------------------------------------------------------------------
[2026-03-19 10:34:31] [WARNING] Undefined array key "nombre_depto" en C:\tools\nginx\html\sistema_biometrico\views\catalogos\index.php línea 692
URI: /catalogos
--------------------------------------------------------------------------------
[2026-03-19 10:34:31] [DEPRECATED] htmlspecialchars(): Passing null to parameter #1 ($string) of type string is deprecated en C:\tools\nginx\html\sistema_biometrico\views\catalogos\index.php línea 692
URI: /catalogos
--------------------------------------------------------------------------------
[2026-03-19 10:34:31] [WARNING] Undefined array key "nombre_depto" en C:\tools\nginx\html\sistema_biometrico\views\catalogos\index.php línea 680
URI: /catalogos
--------------------------------------------------------------------------------
[2026-03-19 10:34:31] [DEPRECATED] htmlspecialchars(): Passing null to parameter #1 ($string) of type string is deprecated en C:\tools\nginx\html\sistema_biometrico\views\catalogos\index.php línea 680
URI: /catalogos
--------------------------------------------------------------------------------
[2026-03-19 10:34:31] [WARNING] Undefined array key "nombre_depto" en C:\tools\nginx\html\sistema_biometrico\views\catalogos\index.php línea 692
URI: /catalogos
--------------------------------------------------------------------------------
[2026-03-19 10:34:31] [DEPRECATED] htmlspecialchars(): Passing null to parameter #1 ($string) of type string is deprecated en C:\tools\nginx\html\sistema_biometrico\views\catalogos\index.php línea 692
URI: /catalogos
--------------------------------------------------------------------------------
[2026-03-19 10:34:31] [WARNING] Undefined array key "nombre_depto" en C:\tools\nginx\html\sistema_biometrico\views\catalogos\index.php línea 680
URI: /catalogos
--------------------------------------------------------------------------------
[2026-03-19 10:34:31] [DEPRECATED] htmlspecialchars(): Passing null to parameter #1 ($string) of type string is deprecated en C:\tools\nginx\html\sistema_biometrico\views\catalogos\index.php línea 680
URI: /catalogos
--------------------------------------------------------------------------------
[2026-03-19 10:34:31] [WARNING] Undefined array key "nombre_depto" en C:\tools\nginx\html\sistema_biometrico\views\catalogos\index.php línea 692
URI: /catalogos
--------------------------------------------------------------------------------
[2026-03-19 10:34:31] [DEPRECATED] htmlspecialchars(): Passing null to parameter #1 ($string) of type string is deprecated en C:\tools\nginx\html\sistema_biometrico\views\catalogos\index.php línea 692
URI: /catalogos
--------------------------------------------------------------------------------
[2026-03-19 10:34:31] [WARNING] Undefined array key "nombre_depto" en C:\tools\nginx\html\sistema_biometrico\views\catalogos\index.php línea 680
URI: /catalogos
--------------------------------------------------------------------------------
[2026-03-19 10:34:31] [DEPRECATED] htmlspecialchars(): Passing null to parameter #1 ($string) of type string is deprecated en C:\tools\nginx\html\sistema_biometrico\views\catalogos\index.php línea 680
URI: /catalogos
--------------------------------------------------------------------------------
[2026-03-19 10:34:31] [WARNING] Undefined array key "nombre_depto" en C:\tools\nginx\html\sistema_biometrico\views\catalogos\index.php línea 692
URI: /catalogos
--------------------------------------------------------------------------------
[2026-03-19 10:34:31] [DEPRECATED] htmlspecialchars(): Passing null to parameter #1 ($string) of type string is deprecated en C:\tools\nginx\html\sistema_biometrico\views\catalogos\index.php línea 692
URI: /catalogos
--------------------------------------------------------------------------------
[2026-03-19 10:34:31] [WARNING] Undefined array key "nombre_depto" en C:\tools\nginx\html\sistema_biometrico\views\catalogos\index.php línea 680
URI: /catalogos
--------------------------------------------------------------------------------
[2026-03-19 10:34:31] [DEPRECATED] htmlspecialchars(): Passing null to parameter #1 ($string) of type string is deprecated en C:\tools\nginx\html\sistema_biometrico\views\catalogos\index.php línea 680
URI: /catalogos
--------------------------------------------------------------------------------
[2026-03-19 10:34:31] [WARNING] Undefined array key "nombre_depto" en C:\tools\nginx\html\sistema_biometrico\views\catalogos\index.php línea 692
URI: /catalogos
--------------------------------------------------------------------------------
[2026-03-19 10:34:31] [DEPRECATED] htmlspecialchars(): Passing null to parameter #1 ($string) of type string is deprecated en C:\tools\nginx\html\sistema_biometrico\views\catalogos\index.php línea 692
URI: /catalogos
--------------------------------------------------------------------------------
[2026-03-19 10:34:31] [WARNING] Undefined array key "nombre_depto" en C:\tools\nginx\html\sistema_biometrico\views\catalogos\index.php línea 680
URI: /catalogos
--------------------------------------------------------------------------------
[2026-03-19 10:34:31] [DEPRECATED] htmlspecialchars(): Passing null to parameter #1 ($string) of type string is deprecated en C:\tools\nginx\html\sistema_biometrico\views\catalogos\index.php línea 680
URI: /catalogos
--------------------------------------------------------------------------------
[2026-03-19 10:34:31] [WARNING] Undefined array key "nombre_depto" en C:\tools\nginx\html\sistema_biometrico\views\catalogos\index.php línea 692
URI: /catalogos
--------------------------------------------------------------------------------
[2026-03-19 10:34:31] [DEPRECATED] htmlspecialchars(): Passing null to parameter #1 ($string) of type string is deprecated en C:\tools\nginx\html\sistema_biometrico\views\catalogos\index.php línea 692
URI: /catalogos
--------------------------------------------------------------------------------
[2026-03-19 10:34:31] [WARNING] Undefined array key "nombre_depto" en C:\tools\nginx\html\sistema_biometrico\views\catalogos\index.php línea 680
URI: /catalogos
--------------------------------------------------------------------------------
[2026-03-19 10:34:31] [DEPRECATED] htmlspecialchars(): Passing null to parameter #1 ($string) of type string is deprecated en C:\tools\nginx\html\sistema_biometrico\views\catalogos\index.php línea 680
URI: /catalogos
--------------------------------------------------------------------------------
[2026-03-19 10:34:31] [WARNING] Undefined array key "nombre_depto" en C:\tools\nginx\html\sistema_biometrico\views\catalogos\index.php línea 692
URI: /catalogos
--------------------------------------------------------------------------------
[2026-03-19 10:34:31] [DEPRECATED] htmlspecialchars(): Passing null to parameter #1 ($string) of type string is deprecated en C:\tools\nginx\html\sistema_biometrico\views\catalogos\index.php línea 692
URI: /catalogos
--------------------------------------------------------------------------------
[2026-03-19 10:34:31] [WARNING] Undefined array key "nombre_depto" en C:\tools\nginx\html\sistema_biometrico\views\catalogos\index.php línea 680
URI: /catalogos
--------------------------------------------------------------------------------
[2026-03-19 10:34:31] [DEPRECATED] htmlspecialchars(): Passing null to parameter #1 ($string) of type string is deprecated en C:\tools\nginx\html\sistema_biometrico\views\catalogos\index.php línea 680
URI: /catalogos
--------------------------------------------------------------------------------
[2026-03-19 10:34:31] [WARNING] Undefined array key "nombre_depto" en C:\tools\nginx\html\sistema_biometrico\views\catalogos\index.php línea 692
URI: /catalogos
--------------------------------------------------------------------------------
[2026-03-19 10:34:31] [DEPRECATED] htmlspecialchars(): Passing null to parameter #1 ($string) of type string is deprecated en C:\tools\nginx\html\sistema_biometrico\views\catalogos\index.php línea 692
URI: /catalogos
--------------------------------------------------------------------------------
[2026-03-19 10:34:31] [WARNING] Undefined array key "nombre_depto" en C:\tools\nginx\html\sistema_biometrico\views\catalogos\index.php línea 680
URI: /catalogos
--------------------------------------------------------------------------------
[2026-03-19 10:34:31] [DEPRECATED] htmlspecialchars(): Passing null to parameter #1 ($string) of type string is deprecated en C:\tools\nginx\html\sistema_biometrico\views\catalogos\index.php línea 680
URI: /catalogos
--------------------------------------------------------------------------------
[2026-03-19 10:34:31] [WARNING] Undefined array key "nombre_depto" en C:\tools\nginx\html\sistema_biometrico\views\catalogos\index.php línea 692
URI: /catalogos
--------------------------------------------------------------------------------
[2026-03-19 10:34:31] [DEPRECATED] htmlspecialchars(): Passing null to parameter #1 ($string) of type string is deprecated en C:\tools\nginx\html\sistema_biometrico\views\catalogos\index.php línea 692
URI: /catalogos
--------------------------------------------------------------------------------
[2026-03-19 10:34:31] [WARNING] Undefined array key "nombre_depto" en C:\tools\nginx\html\sistema_biometrico\views\catalogos\index.php línea 680
URI: /catalogos
--------------------------------------------------------------------------------
[2026-03-19 10:34:31] [DEPRECATED] htmlspecialchars(): Passing null to parameter #1 ($string) of type string is deprecated en C:\tools\nginx\html\sistema_biometrico\views\catalogos\index.php línea 680
URI: /catalogos
--------------------------------------------------------------------------------
[2026-03-19 10:34:31] [WARNING] Undefined array key "nombre_depto" en C:\tools\nginx\html\sistema_biometrico\views\catalogos\index.php línea 692
URI: /catalogos
--------------------------------------------------------------------------------
[2026-03-19 10:34:31] [DEPRECATED] htmlspecialchars(): Passing null to parameter #1 ($string) of type string is deprecated en C:\tools\nginx\html\sistema_biometrico\views\catalogos\index.php línea 692
URI: /catalogos
--------------------------------------------------------------------------------
[2026-03-19 10:34:31] [WARNING] Undefined array key "nombre_depto" en C:\tools\nginx\html\sistema_biometrico\views\catalogos\index.php línea 680
URI: /catalogos
--------------------------------------------------------------------------------
[2026-03-19 10:34:31] [DEPRECATED] htmlspecialchars(): Passing null to parameter #1 ($string) of type string is deprecated en C:\tools\nginx\html\sistema_biometrico\views\catalogos\index.php línea 680
URI: /catalogos
--------------------------------------------------------------------------------
[2026-03-19 10:34:31] [WARNING] Undefined array key "nombre_depto" en C:\tools\nginx\html\sistema_biometrico\views\catalogos\index.php línea 692
URI: /catalogos
--------------------------------------------------------------------------------
[2026-03-19 10:34:31] [DEPRECATED] htmlspecialchars(): Passing null to parameter #1 ($string) of type string is deprecated en C:\tools\nginx\html\sistema_biometrico\views\catalogos\index.php línea 692
URI: /catalogos
--------------------------------------------------------------------------------
[2026-03-19 10:34:31] [WARNING] Undefined array key "nombre_depto" en C:\tools\nginx\html\sistema_biometrico\views\catalogos\index.php línea 680
URI: /catalogos
--------------------------------------------------------------------------------
[2026-03-19 10:34:31] [DEPRECATED] htmlspecialchars(): Passing null to parameter #1 ($string) of type string is deprecated en C:\tools\nginx\html\sistema_biometrico\views\catalogos\index.php línea 680
URI: /catalogos
--------------------------------------------------------------------------------
[2026-03-19 10:34:31] [WARNING] Undefined array key "nombre_depto" en C:\tools\nginx\html\sistema_biometrico\views\catalogos\index.php línea 692
URI: /catalogos
--------------------------------------------------------------------------------
[2026-03-19 10:34:31] [DEPRECATED] htmlspecialchars(): Passing null to parameter #1 ($string) of type string is deprecated en C:\tools\nginx\html\sistema_biometrico\views\catalogos\index.php línea 692
URI: /catalogos
--------------------------------------------------------------------------------
[2026-03-19 10:34:31] [WARNING] Undefined array key "nombre_depto" en C:\tools\nginx\html\sistema_biometrico\views\catalogos\index.php línea 680
URI: /catalogos
--------------------------------------------------------------------------------
[2026-03-19 10:34:31] [DEPRECATED] htmlspecialchars(): Passing null to parameter #1 ($string) of type string is deprecated en C:\tools\nginx\html\sistema_biometrico\views\catalogos\index.php línea 680
URI: /catalogos
--------------------------------------------------------------------------------
[2026-03-19 10:34:31] [WARNING] Undefined array key "nombre_depto" en C:\tools\nginx\html\sistema_biometrico\views\catalogos\index.php línea 692
URI: /catalogos
--------------------------------------------------------------------------------
[2026-03-19 10:34:31] [DEPRECATED] htmlspecialchars(): Passing null to parameter #1 ($string) of type string is deprecated en C:\tools\nginx\html\sistema_biometrico\views\catalogos\index.php línea 692
URI: /catalogos
--------------------------------------------------------------------------------
[2026-03-19 10:34:31] [WARNING] Undefined array key "nombre_depto" en C:\tools\nginx\html\sistema_biometrico\views\catalogos\index.php línea 680
URI: /catalogos
--------------------------------------------------------------------------------
[2026-03-19 10:34:31] [DEPRECATED] htmlspecialchars(): Passing null to parameter #1 ($string) of type string is deprecated en C:\tools\nginx\html\sistema_biometrico\views\catalogos\index.php línea 680
URI: /catalogos
--------------------------------------------------------------------------------
[2026-03-19 10:34:31] [WARNING] Undefined array key "nombre_depto" en C:\tools\nginx\html\sistema_biometrico\views\catalogos\index.php línea 692
URI: /catalogos
--------------------------------------------------------------------------------
[2026-03-19 10:34:31] [DEPRECATED] htmlspecialchars(): Passing null to parameter #1 ($string) of type string is deprecated en C:\tools\nginx\html\sistema_biometrico\views\catalogos\index.php línea 692
URI: /catalogos
--------------------------------------------------------------------------------
[2026-03-19 10:34:31] [WARNING] Undefined array key "nombre_depto" en C:\tools\nginx\html\sistema_biometrico\views\catalogos\index.php línea 680
URI: /catalogos
--------------------------------------------------------------------------------
[2026-03-19 10:34:31] [DEPRECATED] htmlspecialchars(): Passing null to parameter #1 ($string) of type string is deprecated en C:\tools\nginx\html\sistema_biometrico\views\catalogos\index.php línea 680
URI: /catalogos
--------------------------------------------------------------------------------
[2026-03-19 10:34:31] [WARNING] Undefined array key "nombre_depto" en C:\tools\nginx\html\sistema_biometrico\views\catalogos\index.php línea 692
URI: /catalogos
--------------------------------------------------------------------------------
[2026-03-19 10:34:31] [DEPRECATED] htmlspecialchars(): Passing null to parameter #1 ($string) of type string is deprecated en C:\tools\nginx\html\sistema_biometrico\views\catalogos\index.php línea 692
URI: /catalogos
--------------------------------------------------------------------------------
[2026-03-19 10:34:31] [WARNING] Undefined array key "nombre_depto" en C:\tools\nginx\html\sistema_biometrico\views\catalogos\index.php línea 680
URI: /catalogos
--------------------------------------------------------------------------------
[2026-03-19 10:34:31] [DEPRECATED] htmlspecialchars(): Passing null to parameter #1 ($string) of type string is deprecated en C:\tools\nginx\html\sistema_biometrico\views\catalogos\index.php línea 680
URI: /catalogos
--------------------------------------------------------------------------------
[2026-03-19 10:34:31] [WARNING] Undefined array key "nombre_depto" en C:\tools\nginx\html\sistema_biometrico\views\catalogos\index.php línea 692
URI: /catalogos
--------------------------------------------------------------------------------
[2026-03-19 10:34:31] [DEPRECATED] htmlspecialchars(): Passing null to parameter #1 ($string) of type string is deprecated en C:\tools\nginx\html\sistema_biometrico\views\catalogos\index.php línea 692
URI: /catalogos
--------------------------------------------------------------------------------
[2026-03-19 10:34:54] [DEPRECATED] session_set_save_handler(): Providing individual callbacks instead of an object implementing SessionHandlerInterface is deprecated en C:\tools\nginx\html\sistema_biometrico\index.php línea 52
URI: /validaciones
--------------------------------------------------------------------------------
[2026-03-19 10:34:54] [DEPRECATED] session_set_save_handler(): Providing individual callbacks instead of an object implementing SessionHandlerInterface is deprecated en C:\tools\nginx\html\sistema_biometrico\index.php línea 52
URI: /validaciones/buscar-empleados?solo_con_incidencias=1
--------------------------------------------------------------------------------
[2026-03-19 10:34:54] [DEPRECATED] session_set_save_handler(): Providing individual callbacks instead of an object implementing SessionHandlerInterface is deprecated en C:\tools\nginx\html\sistema_biometrico\index.php línea 52
URI: /validaciones/obtener-areas
--------------------------------------------------------------------------------
[2026-03-19 10:34:54] [DEPRECATED] session_set_save_handler(): Providing individual callbacks instead of an object implementing SessionHandlerInterface is deprecated en C:\tools\nginx\html\sistema_biometrico\index.php línea 52
URI: /validaciones/estadisticas
--------------------------------------------------------------------------------
[2026-03-19 10:34:55] [DEPRECATED] session_set_save_handler(): Providing individual callbacks instead of an object implementing SessionHandlerInterface is deprecated en C:\tools\nginx\html\sistema_biometrico\index.php línea 52
URI: /ciclos
--------------------------------------------------------------------------------
[2026-03-19 10:34:56] [DEPRECATED] session_set_save_handler(): Providing individual callbacks instead of an object implementing SessionHandlerInterface is deprecated en C:\tools\nginx\html\sistema_biometrico\index.php línea 52
URI: /ciclos/json
--------------------------------------------------------------------------------
[2026-03-19 10:34:56] [DEPRECATED] session_set_save_handler(): Providing individual callbacks instead of an object implementing SessionHandlerInterface is deprecated en C:\tools\nginx\html\sistema_biometrico\index.php línea 52
URI: /ciclos/horarios-catalogo
--------------------------------------------------------------------------------
[2026-03-19 10:35:16] [DEPRECATED] session_set_save_handler(): Providing individual callbacks instead of an object implementing SessionHandlerInterface is deprecated en C:\tools\nginx\html\sistema_biometrico\index.php línea 52
URI: /ciclos/bloques/json/21?_=1773938116650
--------------------------------------------------------------------------------
[2026-03-19 10:35:18] [DEPRECATED] session_set_save_handler(): Providing individual callbacks instead of an object implementing SessionHandlerInterface is deprecated en C:\tools\nginx\html\sistema_biometrico\index.php línea 52
URI: /validaciones
--------------------------------------------------------------------------------
[2026-03-19 10:35:18] [DEPRECATED] session_set_save_handler(): Providing individual callbacks instead of an object implementing SessionHandlerInterface is deprecated en C:\tools\nginx\html\sistema_biometrico\index.php línea 52
URI: /validaciones/buscar-empleados?solo_con_incidencias=1
--------------------------------------------------------------------------------
[2026-03-19 10:35:18] [DEPRECATED] session_set_save_handler(): Providing individual callbacks instead of an object implementing SessionHandlerInterface is deprecated en C:\tools\nginx\html\sistema_biometrico\index.php línea 52
URI: /validaciones/obtener-areas
--------------------------------------------------------------------------------
[2026-03-19 10:35:18] [DEPRECATED] session_set_save_handler(): Providing individual callbacks instead of an object implementing SessionHandlerInterface is deprecated en C:\tools\nginx\html\sistema_biometrico\index.php línea 52
URI: /validaciones/estadisticas
--------------------------------------------------------------------------------
[2026-03-19 10:35:21] [DEPRECATED] session_set_save_handler(): Providing individual callbacks instead of an object implementing SessionHandlerInterface is deprecated en C:\tools\nginx\html\sistema_biometrico\index.php línea 52
URI: /reportes
--------------------------------------------------------------------------------
[2026-03-19 10:35:22] [DEPRECATED] session_set_save_handler(): Providing individual callbacks instead of an object implementing SessionHandlerInterface is deprecated en C:\tools\nginx\html\sistema_biometrico\index.php línea 52
URI: /biometricos
--------------------------------------------------------------------------------
[2026-03-19 10:35:56] [DEPRECATED] session_set_save_handler(): Providing individual callbacks instead of an object implementing SessionHandlerInterface is deprecated en C:\tools\nginx\html\sistema_biometrico\index.php línea 52
URI: /biometricos
--------------------------------------------------------------------------------
[2026-03-19 10:36:22] [DEPRECATED] session_set_save_handler(): Providing individual callbacks instead of an object implementing SessionHandlerInterface is deprecated en C:\tools\nginx\html\sistema_biometrico\index.php línea 52
URI: /biometricos
--------------------------------------------------------------------------------
[2026-03-19 10:36:27] [DEPRECATED] session_set_save_handler(): Providing individual callbacks instead of an object implementing SessionHandlerInterface is deprecated en C:\tools\nginx\html\sistema_biometrico\index.php línea 52
URI: /database
--------------------------------------------------------------------------------
[2026-03-19 10:36:28] [DEPRECATED] session_set_save_handler(): Providing individual callbacks instead of an object implementing SessionHandlerInterface is deprecated en C:\tools\nginx\html\sistema_biometrico\index.php línea 52
URI: /database/foreignKeys
--------------------------------------------------------------------------------
[2026-03-19 10:36:29] [DEPRECATED] session_set_save_handler(): Providing individual callbacks instead of an object implementing SessionHandlerInterface is deprecated en C:\tools\nginx\html\sistema_biometrico\index.php línea 52
URI: /database/listBackups
--------------------------------------------------------------------------------
[2026-03-19 10:36:34] [DEPRECATED] session_set_save_handler(): Providing individual callbacks instead of an object implementing SessionHandlerInterface is deprecated en C:\tools\nginx\html\sistema_biometrico\index.php línea 52
URI: /biometricos
--------------------------------------------------------------------------------
[2026-03-19 10:37:08] [DEPRECATED] session_set_save_handler(): Providing individual callbacks instead of an object implementing SessionHandlerInterface is deprecated en C:\tools\nginx\html\sistema_biometrico\index.php línea 52
URI: /biometricos
--------------------------------------------------------------------------------
[2026-03-19 10:37:25] [DEPRECATED] session_set_save_handler(): Providing individual callbacks instead of an object implementing SessionHandlerInterface is deprecated en C:\tools\nginx\html\sistema_biometrico\index.php línea 52
URI: /biometricos
--------------------------------------------------------------------------------
[2026-03-19 10:37:30] [DEPRECATED] session_set_save_handler(): Providing individual callbacks instead of an object implementing SessionHandlerInterface is deprecated en C:\tools\nginx\html\sistema_biometrico\index.php línea 52
URI: /biometricos
--------------------------------------------------------------------------------
[2026-03-19 10:37:33] [DEPRECATED] session_set_save_handler(): Providing individual callbacks instead of an object implementing SessionHandlerInterface is deprecated en C:\tools\nginx\html\sistema_biometrico\index.php línea 52
URI: /biometricos
--------------------------------------------------------------------------------
[2026-03-19 10:37:51] [DEPRECATED] session_set_save_handler(): Providing individual callbacks instead of an object implementing SessionHandlerInterface is deprecated en C:\tools\nginx\html\sistema_biometrico\index.php línea 52
URI: /biometricos
--------------------------------------------------------------------------------
[2026-03-19 10:37:58] [DEPRECATED] session_set_save_handler(): Providing individual callbacks instead of an object implementing SessionHandlerInterface is deprecated en C:\tools\nginx\html\sistema_biometrico\index.php línea 52
URI: /logout
--------------------------------------------------------------------------------
[2026-03-19 10:37:58] [DEPRECATED] session_set_save_handler(): Providing individual callbacks instead of an object implementing SessionHandlerInterface is deprecated en C:\tools\nginx\html\sistema_biometrico\index.php línea 52
URI: /login
--------------------------------------------------------------------------------
[2026-03-19 10:38:27] [DEPRECATED] session_set_save_handler(): Providing individual callbacks instead of an object implementing SessionHandlerInterface is deprecated en C:\tools\nginx\html\sistema_biometrico\index.php línea 52
URI: /login
--------------------------------------------------------------------------------
[2026-03-19 10:38:28] [DEPRECATED] session_set_save_handler(): Providing individual callbacks instead of an object implementing SessionHandlerInterface is deprecated en C:\tools\nginx\html\sistema_biometrico\index.php línea 52
URI: /dashboard
--------------------------------------------------------------------------------
[2026-03-19 10:39:32] [DEPRECATED] session_set_save_handler(): Providing individual callbacks instead of an object implementing SessionHandlerInterface is deprecated en C:\tools\nginx\html\sistema_biometrico\index.php línea 52
URI: /empleados
--------------------------------------------------------------------------------
[2026-03-19 10:39:35] [DEPRECATED] session_set_save_handler(): Providing individual callbacks instead of an object implementing SessionHandlerInterface is deprecated en C:\tools\nginx\html\sistema_biometrico\index.php línea 52
URI: /empleados/datos-completos/3
--------------------------------------------------------------------------------
[2026-03-19 10:40:01] [DEPRECATED] session_set_save_handler(): Providing individual callbacks instead of an object implementing SessionHandlerInterface is deprecated en C:\tools\nginx\html\sistema_biometrico\index.php línea 52
URI: /ciclos/json
--------------------------------------------------------------------------------
[2026-03-19 10:40:11] [DEPRECATED] session_set_save_handler(): Providing individual callbacks instead of an object implementing SessionHandlerInterface is deprecated en C:\tools\nginx\html\sistema_biometrico\index.php línea 52
URI: /empleados/datos-completos/1
--------------------------------------------------------------------------------
[2026-03-19 10:41:09] [DEPRECATED] session_set_save_handler(): Providing individual callbacks instead of an object implementing SessionHandlerInterface is deprecated en C:\tools\nginx\html\sistema_biometrico\index.php línea 52
URI: /empleados
--------------------------------------------------------------------------------
[2026-03-19 10:41:11] [DEPRECATED] session_set_save_handler(): Providing individual callbacks instead of an object implementing SessionHandlerInterface is deprecated en C:\tools\nginx\html\sistema_biometrico\index.php línea 52
URI: /horarios
--------------------------------------------------------------------------------
[2026-03-19 10:41:28] [DEPRECATED] session_set_save_handler(): Providing individual callbacks instead of an object implementing SessionHandlerInterface is deprecated en C:\tools\nginx\html\sistema_biometrico\index.php línea 52
URI: /horarios
--------------------------------------------------------------------------------
[2026-03-19 10:41:30] [DEPRECATED] session_set_save_handler(): Providing individual callbacks instead of an object implementing SessionHandlerInterface is deprecated en C:\tools\nginx\html\sistema_biometrico\index.php línea 52
URI: /horarios
--------------------------------------------------------------------------------
[2026-03-19 10:41:33] [DEPRECATED] session_set_save_handler(): Providing individual callbacks instead of an object implementing SessionHandlerInterface is deprecated en C:\tools\nginx\html\sistema_biometrico\index.php línea 52
URI: /biometricos
--------------------------------------------------------------------------------
[2026-03-19 10:42:06] [DEPRECATED] session_set_save_handler(): Providing individual callbacks instead of an object implementing SessionHandlerInterface is deprecated en C:\tools\nginx\html\sistema_biometrico\index.php línea 52
URI: /biometricos
--------------------------------------------------------------------------------
[2026-03-19 10:42:40] [DEPRECATED] session_set_save_handler(): Providing individual callbacks instead of an object implementing SessionHandlerInterface is deprecated en C:\tools\nginx\html\sistema_biometrico\index.php línea 52
URI: /biometricos
--------------------------------------------------------------------------------
[2026-03-19 10:43:13] [DEPRECATED] session_set_save_handler(): Providing individual callbacks instead of an object implementing SessionHandlerInterface is deprecated en C:\tools\nginx\html\sistema_biometrico\index.php línea 52
URI: /biometricos
--------------------------------------------------------------------------------
[2026-03-19 10:43:43] [DEPRECATED] session_set_save_handler(): Providing individual callbacks instead of an object implementing SessionHandlerInterface is deprecated en C:\tools\nginx\html\sistema_biometrico\index.php línea 52
URI: /biometricos/test-dispositivo/2
--------------------------------------------------------------------------------
[2026-03-19 10:43:47] [DEPRECATED] session_set_save_handler(): Providing individual callbacks instead of an object implementing SessionHandlerInterface is deprecated en C:\tools\nginx\html\sistema_biometrico\index.php línea 52
URI: /biometricos
--------------------------------------------------------------------------------
[2026-03-19 10:43:50] [DEPRECATED] session_set_save_handler(): Providing individual callbacks instead of an object implementing SessionHandlerInterface is deprecated en C:\tools\nginx\html\sistema_biometrico\index.php línea 52
URI: /biometricos/test-dispositivo/1
--------------------------------------------------------------------------------
[2026-03-19 10:43:57] [DEPRECATED] session_set_save_handler(): Providing individual callbacks instead of an object implementing SessionHandlerInterface is deprecated en C:\tools\nginx\html\sistema_biometrico\index.php línea 52
URI: /biometricos/test-dispositivo/1
--------------------------------------------------------------------------------
[2026-03-19 10:44:05] [DEPRECATED] session_set_save_handler(): Providing individual callbacks instead of an object implementing SessionHandlerInterface is deprecated en C:\tools\nginx\html\sistema_biometrico\index.php línea 52
URI: /biometricos
--------------------------------------------------------------------------------
[2026-03-19 10:44:38] [DEPRECATED] session_set_save_handler(): Providing individual callbacks instead of an object implementing SessionHandlerInterface is deprecated en C:\tools\nginx\html\sistema_biometrico\index.php línea 52
URI: /biometricos
--------------------------------------------------------------------------------
[2026-03-19 10:45:12] [DEPRECATED] session_set_save_handler(): Providing individual callbacks instead of an object implementing SessionHandlerInterface is deprecated en C:\tools\nginx\html\sistema_biometrico\index.php línea 52
URI: /biometricos
--------------------------------------------------------------------------------
[2026-03-19 10:45:19] [DEPRECATED] session_set_save_handler(): Providing individual callbacks instead of an object implementing SessionHandlerInterface is deprecated en C:\tools\nginx\html\sistema_biometrico\index.php línea 52
URI: /biometricos
--------------------------------------------------------------------------------
[2026-03-19 10:45:22] [DEPRECATED] session_set_save_handler(): Providing individual callbacks instead of an object implementing SessionHandlerInterface is deprecated en C:\tools\nginx\html\sistema_biometrico\index.php línea 52
URI: /biometricos
--------------------------------------------------------------------------------
[2026-03-19 10:45:36] [DEPRECATED] session_set_save_handler(): Providing individual callbacks instead of an object implementing SessionHandlerInterface is deprecated en C:\tools\nginx\html\sistema_biometrico\index.php línea 52
URI: /reportes
--------------------------------------------------------------------------------
[2026-03-19 10:45:37] [DEPRECATED] session_set_save_handler(): Providing individual callbacks instead of an object implementing SessionHandlerInterface is deprecated en C:\tools\nginx\html\sistema_biometrico\index.php línea 52
URI: /biometricos
--------------------------------------------------------------------------------
[2026-03-19 10:46:10] [DEPRECATED] session_set_save_handler(): Providing individual callbacks instead of an object implementing SessionHandlerInterface is deprecated en C:\tools\nginx\html\sistema_biometrico\index.php línea 52
URI: /biometricos
--------------------------------------------------------------------------------
[2026-03-19 10:46:29] [DEPRECATED] session_set_save_handler(): Providing individual callbacks instead of an object implementing SessionHandlerInterface is deprecated en C:\tools\nginx\html\sistema_biometrico\index.php línea 52
URI: /biometricos
--------------------------------------------------------------------------------
[2026-03-19 10:47:02] [DEPRECATED] session_set_save_handler(): Providing individual callbacks instead of an object implementing SessionHandlerInterface is deprecated en C:\tools\nginx\html\sistema_biometrico\index.php línea 52
URI: /biometricos
--------------------------------------------------------------------------------
[2026-03-19 10:47:35] [DEPRECATED] session_set_save_handler(): Providing individual callbacks instead of an object implementing SessionHandlerInterface is deprecated en C:\tools\nginx\html\sistema_biometrico\index.php línea 52
URI: /biometricos
--------------------------------------------------------------------------------
[2026-03-19 10:47:59] [DEPRECATED] session_set_save_handler(): Providing individual callbacks instead of an object implementing SessionHandlerInterface is deprecated en C:\tools\nginx\html\sistema_biometrico\index.php línea 52
URI: /biometricos
--------------------------------------------------------------------------------
[2026-03-19 10:48:33] [DEPRECATED] session_set_save_handler(): Providing individual callbacks instead of an object implementing SessionHandlerInterface is deprecated en C:\tools\nginx\html\sistema_biometrico\index.php línea 52
URI: /biometricos
--------------------------------------------------------------------------------
[2026-03-19 10:48:39] [DEPRECATED] session_set_save_handler(): Providing individual callbacks instead of an object implementing SessionHandlerInterface is deprecated en C:\tools\nginx\html\sistema_biometrico\index.php línea 52
URI: /biometricos
--------------------------------------------------------------------------------
[2026-03-19 10:48:59] [DEPRECATED] session_set_save_handler(): Providing individual callbacks instead of an object implementing SessionHandlerInterface is deprecated en C:\tools\nginx\html\sistema_biometrico\index.php línea 52
URI: /biometricos
--------------------------------------------------------------------------------
[2026-03-19 10:49:16] [DEPRECATED] session_set_save_handler(): Providing individual callbacks instead of an object implementing SessionHandlerInterface is deprecated en C:\tools\nginx\html\sistema_biometrico\index.php línea 52
URI: /reportes
--------------------------------------------------------------------------------
[2026-03-19 10:49:22] [DEPRECATED] session_set_save_handler(): Providing individual callbacks instead of an object implementing SessionHandlerInterface is deprecated en C:\tools\nginx\html\sistema_biometrico\index.php línea 52
URI: /validaciones
--------------------------------------------------------------------------------
[2026-03-19 10:49:23] [DEPRECATED] session_set_save_handler(): Providing individual callbacks instead of an object implementing SessionHandlerInterface is deprecated en C:\tools\nginx\html\sistema_biometrico\index.php línea 52
URI: /validaciones/buscar-empleados?solo_con_incidencias=1
--------------------------------------------------------------------------------
[2026-03-19 10:49:23] [DEPRECATED] session_set_save_handler(): Providing individual callbacks instead of an object implementing SessionHandlerInterface is deprecated en C:\tools\nginx\html\sistema_biometrico\index.php línea 52
URI: /validaciones/obtener-areas
--------------------------------------------------------------------------------
[2026-03-19 10:49:23] [DEPRECATED] session_set_save_handler(): Providing individual callbacks instead of an object implementing SessionHandlerInterface is deprecated en C:\tools\nginx\html\sistema_biometrico\index.php línea 52
URI: /validaciones/estadisticas
--------------------------------------------------------------------------------
[2026-03-19 10:49:53] [DEPRECATED] session_set_save_handler(): Providing individual callbacks instead of an object implementing SessionHandlerInterface is deprecated en C:\tools\nginx\html\sistema_biometrico\index.php línea 52
URI: /validaciones/estadisticas
--------------------------------------------------------------------------------
[2026-03-19 10:49:57] [DEPRECATED] session_set_save_handler(): Providing individual callbacks instead of an object implementing SessionHandlerInterface is deprecated en C:\tools\nginx\html\sistema_biometrico\index.php línea 52
URI: /validaciones
--------------------------------------------------------------------------------
[2026-03-19 10:49:57] [DEPRECATED] session_set_save_handler(): Providing individual callbacks instead of an object implementing SessionHandlerInterface is deprecated en C:\tools\nginx\html\sistema_biometrico\index.php línea 52
URI: /validaciones/buscar-empleados?solo_con_incidencias=1
--------------------------------------------------------------------------------
[2026-03-19 10:49:57] [DEPRECATED] session_set_save_handler(): Providing individual callbacks instead of an object implementing SessionHandlerInterface is deprecated en C:\tools\nginx\html\sistema_biometrico\index.php línea 52
URI: /validaciones/obtener-areas
--------------------------------------------------------------------------------
[2026-03-19 10:49:57] [DEPRECATED] session_set_save_handler(): Providing individual callbacks instead of an object implementing SessionHandlerInterface is deprecated en C:\tools\nginx\html\sistema_biometrico\index.php línea 52
URI: /validaciones/estadisticas
--------------------------------------------------------------------------------
[2026-03-19 10:50:06] [DEPRECATED] session_set_save_handler(): Providing individual callbacks instead of an object implementing SessionHandlerInterface is deprecated en C:\tools\nginx\html\sistema_biometrico\index.php línea 52
URI: /usuarios
--------------------------------------------------------------------------------
[2026-03-19 10:50:34] [DEPRECATED] session_set_save_handler(): Providing individual callbacks instead of an object implementing SessionHandlerInterface is deprecated en C:\tools\nginx\html\sistema_biometrico\index.php línea 52
URI: /usuarios/118/toggle-status
--------------------------------------------------------------------------------
[2026-03-19 10:50:34] [DEPRECATED] session_set_save_handler(): Providing individual callbacks instead of an object implementing SessionHandlerInterface is deprecated en C:\tools\nginx\html\sistema_biometrico\index.php línea 52
URI: /api/log-error
--------------------------------------------------------------------------------
[2026-03-19 10:50:34] [DEPRECATED] session_set_save_handler(): Providing individual callbacks instead of an object implementing SessionHandlerInterface is deprecated en C:\tools\nginx\html\sistema_biometrico\index.php línea 52
URI: /api/log-error
--------------------------------------------------------------------------------
[2026-03-19 10:50:38] [DEPRECATED] session_set_save_handler(): Providing individual callbacks instead of an object implementing SessionHandlerInterface is deprecated en C:\tools\nginx\html\sistema_biometrico\index.php línea 52
URI: /usuarios/118/toggle-status
--------------------------------------------------------------------------------
[2026-03-19 10:50:38] [DEPRECATED] session_set_save_handler(): Providing individual callbacks instead of an object implementing SessionHandlerInterface is deprecated en C:\tools\nginx\html\sistema_biometrico\index.php línea 52
URI: /api/log-error
--------------------------------------------------------------------------------
[2026-03-19 10:50:38] [DEPRECATED] session_set_save_handler(): Providing individual callbacks instead of an object implementing SessionHandlerInterface is deprecated en C:\tools\nginx\html\sistema_biometrico\index.php línea 52
URI: /api/log-error
--------------------------------------------------------------------------------
[2026-03-19 10:50:45] [DEPRECATED] session_set_save_handler(): Providing individual callbacks instead of an object implementing SessionHandlerInterface is deprecated en C:\tools\nginx\html\sistema_biometrico\index.php línea 52
URI: /usuarios/118/toggle-status
--------------------------------------------------------------------------------
[2026-03-19 10:50:45] [DEPRECATED] session_set_save_handler(): Providing individual callbacks instead of an object implementing SessionHandlerInterface is deprecated en C:\tools\nginx\html\sistema_biometrico\index.php línea 52
URI: /api/log-error
--------------------------------------------------------------------------------
[2026-03-19 10:50:46] [DEPRECATED] session_set_save_handler(): Providing individual callbacks instead of an object implementing SessionHandlerInterface is deprecated en C:\tools\nginx\html\sistema_biometrico\index.php línea 52
URI: /api/log-error
--------------------------------------------------------------------------------
[2026-03-19 10:50:48] [DEPRECATED] session_set_save_handler(): Providing individual callbacks instead of an object implementing SessionHandlerInterface is deprecated en C:\tools\nginx\html\sistema_biometrico\index.php línea 52
URI: /usuarios/118/edit-modal
--------------------------------------------------------------------------------
[2026-03-19 10:50:52] [DEPRECATED] session_set_save_handler(): Providing individual callbacks instead of an object implementing SessionHandlerInterface is deprecated en C:\tools\nginx\html\sistema_biometrico\index.php línea 52
URI: /usuarios/update
--------------------------------------------------------------------------------
[2026-03-19 10:50:54] [DEPRECATED] session_set_save_handler(): Providing individual callbacks instead of an object implementing SessionHandlerInterface is deprecated en C:\tools\nginx\html\sistema_biometrico\index.php línea 52
URI: /usuarios
--------------------------------------------------------------------------------
[2026-03-19 10:50:58] [DEPRECATED] session_set_save_handler(): Providing individual callbacks instead of an object implementing SessionHandlerInterface is deprecated en C:\tools\nginx\html\sistema_biometrico\index.php línea 52
URI: /usuarios/120/edit-modal
--------------------------------------------------------------------------------
[2026-03-19 10:51:01] [DEPRECATED] session_set_save_handler(): Providing individual callbacks instead of an object implementing SessionHandlerInterface is deprecated en C:\tools\nginx\html\sistema_biometrico\index.php línea 52
URI: /usuarios/update
--------------------------------------------------------------------------------
[2026-03-19 10:51:03] [DEPRECATED] session_set_save_handler(): Providing individual callbacks instead of an object implementing SessionHandlerInterface is deprecated en C:\tools\nginx\html\sistema_biometrico\index.php línea 52
URI: /usuarios
--------------------------------------------------------------------------------
[2026-03-19 10:51:10] [DEPRECATED] session_set_save_handler(): Providing individual callbacks instead of an object implementing SessionHandlerInterface is deprecated en C:\tools\nginx\html\sistema_biometrico\index.php línea 52
URI: /usuarios/120/edit-modal
--------------------------------------------------------------------------------
[2026-03-19 10:51:14] [DEPRECATED] session_set_save_handler(): Providing individual callbacks instead of an object implementing SessionHandlerInterface is deprecated en C:\tools\nginx\html\sistema_biometrico\index.php línea 52
URI: /usuarios/update
--------------------------------------------------------------------------------
[2026-03-19 10:51:16] [DEPRECATED] session_set_save_handler(): Providing individual callbacks instead of an object implementing SessionHandlerInterface is deprecated en C:\tools\nginx\html\sistema_biometrico\index.php línea 52
URI: /usuarios
--------------------------------------------------------------------------------
[2026-03-19 10:51:22] [DEPRECATED] session_set_save_handler(): Providing individual callbacks instead of an object implementing SessionHandlerInterface is deprecated en C:\tools\nginx\html\sistema_biometrico\index.php línea 52
URI: /usuarios/118/edit-modal
--------------------------------------------------------------------------------
[2026-03-19 10:51:24] [DEPRECATED] session_set_save_handler(): Providing individual callbacks instead of an object implementing SessionHandlerInterface is deprecated en C:\tools\nginx\html\sistema_biometrico\index.php línea 52
URI: /usuarios/update
--------------------------------------------------------------------------------
[2026-03-19 10:51:26] [DEPRECATED] session_set_save_handler(): Providing individual callbacks instead of an object implementing SessionHandlerInterface is deprecated en C:\tools\nginx\html\sistema_biometrico\index.php línea 52
URI: /usuarios
--------------------------------------------------------------------------------
[2026-03-19 10:51:30] [DEPRECATED] session_set_save_handler(): Providing individual callbacks instead of an object implementing SessionHandlerInterface is deprecated en C:\tools\nginx\html\sistema_biometrico\index.php línea 52
URI: /usuarios/120/edit-modal
--------------------------------------------------------------------------------
[2026-03-19 10:51:33] [DEPRECATED] session_set_save_handler(): Providing individual callbacks instead of an object implementing SessionHandlerInterface is deprecated en C:\tools\nginx\html\sistema_biometrico\index.php línea 52
URI: /usuarios/update
--------------------------------------------------------------------------------
[2026-03-19 10:51:34] [DEPRECATED] session_set_save_handler(): Providing individual callbacks instead of an object implementing SessionHandlerInterface is deprecated en C:\tools\nginx\html\sistema_biometrico\index.php línea 52
URI: /usuarios
--------------------------------------------------------------------------------
[2026-03-19 10:51:40] [DEPRECATED] session_set_save_handler(): Providing individual callbacks instead of an object implementing SessionHandlerInterface is deprecated en C:\tools\nginx\html\sistema_biometrico\index.php línea 52
URI: /usuarios/120/toggle-status
--------------------------------------------------------------------------------
[2026-03-19 10:51:40] [DEPRECATED] session_set_save_handler(): Providing individual callbacks instead of an object implementing SessionHandlerInterface is deprecated en C:\tools\nginx\html\sistema_biometrico\index.php línea 52
URI: /api/log-error
--------------------------------------------------------------------------------
[2026-03-19 10:51:40] [DEPRECATED] session_set_save_handler(): Providing individual callbacks instead of an object implementing SessionHandlerInterface is deprecated en C:\tools\nginx\html\sistema_biometrico\index.php línea 52
URI: /api/log-error
--------------------------------------------------------------------------------
[2026-03-19 10:51:41] [DEPRECATED] session_set_save_handler(): Providing individual callbacks instead of an object implementing SessionHandlerInterface is deprecated en C:\tools\nginx\html\sistema_biometrico\index.php línea 52
URI: /usuarios/120/edit-modal
--------------------------------------------------------------------------------
[2026-03-19 10:51:45] [DEPRECATED] session_set_save_handler(): Providing individual callbacks instead of an object implementing SessionHandlerInterface is deprecated en C:\tools\nginx\html\sistema_biometrico\index.php línea 52
URI: /usuarios/update
--------------------------------------------------------------------------------
[2026-03-19 10:51:47] [DEPRECATED] session_set_save_handler(): Providing individual callbacks instead of an object implementing SessionHandlerInterface is deprecated en C:\tools\nginx\html\sistema_biometrico\index.php línea 52
URI: /usuarios
--------------------------------------------------------------------------------
[2026-03-19 10:51:51] [DEPRECATED] session_set_save_handler(): Providing individual callbacks instead of an object implementing SessionHandlerInterface is deprecated en C:\tools\nginx\html\sistema_biometrico\index.php línea 52
URI: /usuarios/120/toggle-status
--------------------------------------------------------------------------------
[2026-03-19 10:51:51] [DEPRECATED] session_set_save_handler(): Providing individual callbacks instead of an object implementing SessionHandlerInterface is deprecated en C:\tools\nginx\html\sistema_biometrico\index.php línea 52
URI: /api/log-error
--------------------------------------------------------------------------------
[2026-03-19 10:51:51] [DEPRECATED] session_set_save_handler(): Providing individual callbacks instead of an object implementing SessionHandlerInterface is deprecated en C:\tools\nginx\html\sistema_biometrico\index.php línea 52
URI: /api/log-error
--------------------------------------------------------------------------------
[2026-03-19 11:04:41] [DEPRECATED] session_set_save_handler(): Providing individual callbacks instead of an object implementing SessionHandlerInterface is deprecated en C:\tools\nginx\html\sistema_biometrico\index.php línea 52
URI: /login
--------------------------------------------------------------------------------
[2026-03-19 11:06:26] [DEPRECATED] session_set_save_handler(): Providing individual callbacks instead of an object implementing SessionHandlerInterface is deprecated en C:\tools\nginx\html\sistema_biometrico\index.php línea 52
URI: /login
--------------------------------------------------------------------------------
[2026-03-19 11:06:26] [DEPRECATED] session_set_save_handler(): Providing individual callbacks instead of an object implementing SessionHandlerInterface is deprecated en C:\tools\nginx\html\sistema_biometrico\index.php línea 52
URI: /dashboard
--------------------------------------------------------------------------------
[2026-03-19 11:06:45] [DEPRECATED] session_set_save_handler(): Providing individual callbacks instead of an object implementing SessionHandlerInterface is deprecated en C:\tools\nginx\html\sistema_biometrico\index.php línea 52
URI: /empleados
--------------------------------------------------------------------------------
[2026-03-19 11:06:47] [DEPRECATED] session_set_save_handler(): Providing individual callbacks instead of an object implementing SessionHandlerInterface is deprecated en C:\tools\nginx\html\sistema_biometrico\index.php línea 52
URI: /empleados/datos-completos/1
--------------------------------------------------------------------------------
[2026-03-19 11:07:38] [DEPRECATED] session_set_save_handler(): Providing individual callbacks instead of an object implementing SessionHandlerInterface is deprecated en C:\tools\nginx\html\sistema_biometrico\index.php línea 52
URI: /empleados?search=87
--------------------------------------------------------------------------------
[2026-03-19 11:07:41] [DEPRECATED] session_set_save_handler(): Providing individual callbacks instead of an object implementing SessionHandlerInterface is deprecated en C:\tools\nginx\html\sistema_biometrico\index.php línea 52
URI: /empleados/datos-completos/87
--------------------------------------------------------------------------------
[2026-03-19 11:28:22] [DEPRECATED] session_set_save_handler(): Providing individual callbacks instead of an object implementing SessionHandlerInterface is deprecated en C:\tools\nginx\html\sistema_biometrico\index.php línea 52
URI: /reportes
--------------------------------------------------------------------------------
[2026-03-19 11:34:09] [DEPRECATED] session_set_save_handler(): Providing individual callbacks instead of an object implementing SessionHandlerInterface is deprecated en C:\tools\nginx\html\sistema_biometrico\index.php línea 52
URI: /reportes/excel
--------------------------------------------------------------------------------
[2026-03-19 11:34:09] [WARNING] require_once(C:\tools\nginx\html\sistema_biometrico\views\reportes/../config.php): Failed to open stream: No such file or directory en C:\tools\nginx\html\sistema_biometrico\views\reportes\retardos_incidencias.php línea 2
URI: /reportes/excel
--------------------------------------------------------------------------------
[2026-03-19 11:34:09] [DEPRECATED] session_set_save_handler(): Providing individual callbacks instead of an object implementing SessionHandlerInterface is deprecated en C:\tools\nginx\html\sistema_biometrico\index.php línea 52
URI: /favicon.ico
--------------------------------------------------------------------------------
[2026-03-19 11:35:02] [DEPRECATED] session_set_save_handler(): Providing individual callbacks instead of an object implementing SessionHandlerInterface is deprecated en C:\tools\nginx\html\sistema_biometrico\index.php línea 52
URI: /reportes/excel
--------------------------------------------------------------------------------
[2026-03-19 11:35:12] [DEPRECATED] session_set_save_handler(): Providing individual callbacks instead of an object implementing SessionHandlerInterface is deprecated en C:\tools\nginx\html\sistema_biometrico\index.php línea 52
URI: /.well-known/appspecific/com.chrome.devtools.json
--------------------------------------------------------------------------------
[2026-03-19 11:36:03] [DEPRECATED] session_set_save_handler(): Providing individual callbacks instead of an object implementing SessionHandlerInterface is deprecated en C:\tools\nginx\html\sistema_biometrico\index.php línea 52
URI: /
--------------------------------------------------------------------------------
[2026-03-19 11:36:06] [DEPRECATED] session_set_save_handler(): Providing individual callbacks instead of an object implementing SessionHandlerInterface is deprecated en C:\tools\nginx\html\sistema_biometrico\index.php línea 52
URI: /.well-known/appspecific/com.chrome.devtools.json
--------------------------------------------------------------------------------
[2026-03-19 11:37:15] [DEPRECATED] session_set_save_handler(): Providing individual callbacks instead of an object implementing SessionHandlerInterface is deprecated en C:\tools\nginx\html\sistema_biometrico\index.php línea 52
URI: /notas-malas
--------------------------------------------------------------------------------
[2026-03-19 11:37:16] [DEPRECATED] session_set_save_handler(): Providing individual callbacks instead of an object implementing SessionHandlerInterface is deprecated en C:\tools\nginx\html\sistema_biometrico\index.php línea 52
URI: /.well-known/appspecific/com.chrome.devtools.json
--------------------------------------------------------------------------------
[2026-03-19 11:37:23] [DEPRECATED] session_set_save_handler(): Providing individual callbacks instead of an object implementing SessionHandlerInterface is deprecated en C:\tools\nginx\html\sistema_biometrico\index.php línea 52
URI: /notas-malas?mes=2026-02
--------------------------------------------------------------------------------
[2026-03-19 11:38:25] [DEPRECATED] session_set_save_handler(): Providing individual callbacks instead of an object implementing SessionHandlerInterface is deprecated en C:\tools\nginx\html\sistema_biometrico\index.php línea 52
URI: /notas-malas?mes=2026-02
--------------------------------------------------------------------------------
[2026-03-19 11:38:28] [DEPRECATED] session_set_save_handler(): Providing individual callbacks instead of an object implementing SessionHandlerInterface is deprecated en C:\tools\nginx\html\sistema_biometrico\index.php línea 52
URI: /reportes/excel
--------------------------------------------------------------------------------
[2026-03-19 11:39:08] [DEPRECATED] session_set_save_handler(): Providing individual callbacks instead of an object implementing SessionHandlerInterface is deprecated en C:\tools\nginx\html\sistema_biometrico\index.php línea 52
URI: /reportes/excel?tipo_registro=&departamento=&empleado_id=&estado=&fecha_inicio=2025-01-01&fecha_fin=2026-03-31&ajax=1
--------------------------------------------------------------------------------
[2026-03-19 11:39:08] [WARNING] Cannot modify header information - headers already sent by (output started at C:\tools\nginx\html\sistema_biometrico\views\reportes\retardos_incidencias.php:18) en C:\tools\nginx\html\sistema_biometrico\views\reportes\retardos_incidencias.php línea 387
URI: /reportes/excel?tipo_registro=&departamento=&empleado_id=&estado=&fecha_inicio=2025-01-01&fecha_fin=2026-03-31&ajax=1
--------------------------------------------------------------------------------
[2026-03-19 11:39:22] [DEPRECATED] session_set_save_handler(): Providing individual callbacks instead of an object implementing SessionHandlerInterface is deprecated en C:\tools\nginx\html\sistema_biometrico\index.php línea 52
URI: /.well-known/appspecific/com.chrome.devtools.json
--------------------------------------------------------------------------------
[2026-03-19 11:39:44] [DEPRECATED] session_set_save_handler(): Providing individual callbacks instead of an object implementing SessionHandlerInterface is deprecated en C:\tools\nginx\html\sistema_biometrico\index.php línea 52
URI: /reportes/excel
--------------------------------------------------------------------------------
[2026-03-19 11:39:44] [DEPRECATED] session_set_save_handler(): Providing individual callbacks instead of an object implementing SessionHandlerInterface is deprecated en C:\tools\nginx\html\sistema_biometrico\index.php línea 52
URI: /.well-known/appspecific/com.chrome.devtools.json
--------------------------------------------------------------------------------
[2026-03-19 11:39:44] [DEPRECATED] session_set_save_handler(): Providing individual callbacks instead of an object implementing SessionHandlerInterface is deprecated en C:\tools\nginx\html\sistema_biometrico\index.php línea 52
URI: /reportes/excel
--------------------------------------------------------------------------------
[2026-03-19 11:39:44] [DEPRECATED] session_set_save_handler(): Providing individual callbacks instead of an object implementing SessionHandlerInterface is deprecated en C:\tools\nginx\html\sistema_biometrico\index.php línea 52
URI: /.well-known/appspecific/com.chrome.devtools.json
--------------------------------------------------------------------------------
[2026-03-19 11:40:33] [DEPRECATED] session_set_save_handler(): Providing individual callbacks instead of an object implementing SessionHandlerInterface is deprecated en C:\tools\nginx\html\sistema_biometrico\index.php línea 52
URI: /catalogos
--------------------------------------------------------------------------------
[2026-03-19 11:40:33] [WARNING] Undefined array key "nombre_depto" en C:\tools\nginx\html\sistema_biometrico\views\catalogos\index.php línea 680
URI: /catalogos
--------------------------------------------------------------------------------
[2026-03-19 11:40:33] [DEPRECATED] htmlspecialchars(): Passing null to parameter #1 ($string) of type string is deprecated en C:\tools\nginx\html\sistema_biometrico\views\catalogos\index.php línea 680
URI: /catalogos
--------------------------------------------------------------------------------
[2026-03-19 11:40:33] [WARNING] Undefined array key "nombre_depto" en C:\tools\nginx\html\sistema_biometrico\views\catalogos\index.php línea 692
URI: /catalogos
--------------------------------------------------------------------------------
[2026-03-19 11:40:33] [DEPRECATED] htmlspecialchars(): Passing null to parameter #1 ($string) of type string is deprecated en C:\tools\nginx\html\sistema_biometrico\views\catalogos\index.php línea 692
URI: /catalogos
--------------------------------------------------------------------------------
[2026-03-19 11:40:33] [WARNING] Undefined array key "nombre_depto" en C:\tools\nginx\html\sistema_biometrico\views\catalogos\index.php línea 680
URI: /catalogos
--------------------------------------------------------------------------------
[2026-03-19 11:40:33] [DEPRECATED] htmlspecialchars(): Passing null to parameter #1 ($string) of type string is deprecated en C:\tools\nginx\html\sistema_biometrico\views\catalogos\index.php línea 680
URI: /catalogos
--------------------------------------------------------------------------------
[2026-03-19 11:40:33] [WARNING] Undefined array key "nombre_depto" en C:\tools\nginx\html\sistema_biometrico\views\catalogos\index.php línea 692
URI: /catalogos
--------------------------------------------------------------------------------
[2026-03-19 11:40:33] [DEPRECATED] htmlspecialchars(): Passing null to parameter #1 ($string) of type string is deprecated en C:\tools\nginx\html\sistema_biometrico\views\catalogos\index.php línea 692
URI: /catalogos
--------------------------------------------------------------------------------
[2026-03-19 11:40:33] [WARNING] Undefined array key "nombre_depto" en C:\tools\nginx\html\sistema_biometrico\views\catalogos\index.php línea 680
URI: /catalogos
--------------------------------------------------------------------------------
[2026-03-19 11:40:33] [DEPRECATED] htmlspecialchars(): Passing null to parameter #1 ($string) of type string is deprecated en C:\tools\nginx\html\sistema_biometrico\views\catalogos\index.php línea 680
URI: /catalogos
--------------------------------------------------------------------------------
[2026-03-19 11:40:33] [WARNING] Undefined array key "nombre_depto" en C:\tools\nginx\html\sistema_biometrico\views\catalogos\index.php línea 692
URI: /catalogos
--------------------------------------------------------------------------------
[2026-03-19 11:40:33] [DEPRECATED] htmlspecialchars(): Passing null to parameter #1 ($string) of type string is deprecated en C:\tools\nginx\html\sistema_biometrico\views\catalogos\index.php línea 692
URI: /catalogos
--------------------------------------------------------------------------------
[2026-03-19 11:40:33] [WARNING] Undefined array key "nombre_depto" en C:\tools\nginx\html\sistema_biometrico\views\catalogos\index.php línea 680
URI: /catalogos
--------------------------------------------------------------------------------
[2026-03-19 11:40:33] [DEPRECATED] htmlspecialchars(): Passing null to parameter #1 ($string) of type string is deprecated en C:\tools\nginx\html\sistema_biometrico\views\catalogos\index.php línea 680
URI: /catalogos
--------------------------------------------------------------------------------
[2026-03-19 11:40:33] [WARNING] Undefined array key "nombre_depto" en C:\tools\nginx\html\sistema_biometrico\views\catalogos\index.php línea 692
URI: /catalogos
--------------------------------------------------------------------------------
[2026-03-19 11:40:33] [DEPRECATED] htmlspecialchars(): Passing null to parameter #1 ($string) of type string is deprecated en C:\tools\nginx\html\sistema_biometrico\views\catalogos\index.php línea 692
URI: /catalogos
--------------------------------------------------------------------------------
[2026-03-19 11:40:33] [WARNING] Undefined array key "nombre_depto" en C:\tools\nginx\html\sistema_biometrico\views\catalogos\index.php línea 680
URI: /catalogos
--------------------------------------------------------------------------------
[2026-03-19 11:40:33] [DEPRECATED] htmlspecialchars(): Passing null to parameter #1 ($string) of type string is deprecated en C:\tools\nginx\html\sistema_biometrico\views\catalogos\index.php línea 680
URI: /catalogos
--------------------------------------------------------------------------------
[2026-03-19 11:40:33] [WARNING] Undefined array key "nombre_depto" en C:\tools\nginx\html\sistema_biometrico\views\catalogos\index.php línea 692
URI: /catalogos
--------------------------------------------------------------------------------
[2026-03-19 11:40:33] [DEPRECATED] htmlspecialchars(): Passing null to parameter #1 ($string) of type string is deprecated en C:\tools\nginx\html\sistema_biometrico\views\catalogos\index.php línea 692
URI: /catalogos
--------------------------------------------------------------------------------
[2026-03-19 11:40:33] [WARNING] Undefined array key "nombre_depto" en C:\tools\nginx\html\sistema_biometrico\views\catalogos\index.php línea 680
URI: /catalogos
--------------------------------------------------------------------------------
[2026-03-19 11:40:33] [DEPRECATED] htmlspecialchars(): Passing null to parameter #1 ($string) of type string is deprecated en C:\tools\nginx\html\sistema_biometrico\views\catalogos\index.php línea 680
URI: /catalogos
--------------------------------------------------------------------------------
[2026-03-19 11:40:33] [WARNING] Undefined array key "nombre_depto" en C:\tools\nginx\html\sistema_biometrico\views\catalogos\index.php línea 692
URI: /catalogos
--------------------------------------------------------------------------------
[2026-03-19 11:40:33] [DEPRECATED] htmlspecialchars(): Passing null to parameter #1 ($string) of type string is deprecated en C:\tools\nginx\html\sistema_biometrico\views\catalogos\index.php línea 692
URI: /catalogos
--------------------------------------------------------------------------------
[2026-03-19 11:40:33] [WARNING] Undefined array key "nombre_depto" en C:\tools\nginx\html\sistema_biometrico\views\catalogos\index.php línea 680
URI: /catalogos
--------------------------------------------------------------------------------
[2026-03-19 11:40:33] [DEPRECATED] htmlspecialchars(): Passing null to parameter #1 ($string) of type string is deprecated en C:\tools\nginx\html\sistema_biometrico\views\catalogos\index.php línea 680
URI: /catalogos
--------------------------------------------------------------------------------
[2026-03-19 11:40:33] [WARNING] Undefined array key "nombre_depto" en C:\tools\nginx\html\sistema_biometrico\views\catalogos\index.php línea 692
URI: /catalogos
--------------------------------------------------------------------------------
[2026-03-19 11:40:33] [DEPRECATED] htmlspecialchars(): Passing null to parameter #1 ($string) of type string is deprecated en C:\tools\nginx\html\sistema_biometrico\views\catalogos\index.php línea 692
URI: /catalogos
--------------------------------------------------------------------------------
[2026-03-19 11:40:33] [WARNING] Undefined array key "nombre_depto" en C:\tools\nginx\html\sistema_biometrico\views\catalogos\index.php línea 680
URI: /catalogos
--------------------------------------------------------------------------------
[2026-03-19 11:40:33] [DEPRECATED] htmlspecialchars(): Passing null to parameter #1 ($string) of type string is deprecated en C:\tools\nginx\html\sistema_biometrico\views\catalogos\index.php línea 680
URI: /catalogos
--------------------------------------------------------------------------------
[2026-03-19 11:40:33] [WARNING] Undefined array key "nombre_depto" en C:\tools\nginx\html\sistema_biometrico\views\catalogos\index.php línea 692
URI: /catalogos
--------------------------------------------------------------------------------
[2026-03-19 11:40:33] [DEPRECATED] htmlspecialchars(): Passing null to parameter #1 ($string) of type string is deprecated en C:\tools\nginx\html\sistema_biometrico\views\catalogos\index.php línea 692
URI: /catalogos
--------------------------------------------------------------------------------
[2026-03-19 11:40:33] [WARNING] Undefined array key "nombre_depto" en C:\tools\nginx\html\sistema_biometrico\views\catalogos\index.php línea 680
URI: /catalogos
--------------------------------------------------------------------------------
[2026-03-19 11:40:33] [DEPRECATED] htmlspecialchars(): Passing null to parameter #1 ($string) of type string is deprecated en C:\tools\nginx\html\sistema_biometrico\views\catalogos\index.php línea 680
URI: /catalogos
--------------------------------------------------------------------------------
[2026-03-19 11:40:33] [WARNING] Undefined array key "nombre_depto" en C:\tools\nginx\html\sistema_biometrico\views\catalogos\index.php línea 692
URI: /catalogos
--------------------------------------------------------------------------------
[2026-03-19 11:40:33] [DEPRECATED] htmlspecialchars(): Passing null to parameter #1 ($string) of type string is deprecated en C:\tools\nginx\html\sistema_biometrico\views\catalogos\index.php línea 692
URI: /catalogos
--------------------------------------------------------------------------------
[2026-03-19 11:40:33] [WARNING] Undefined array key "nombre_depto" en C:\tools\nginx\html\sistema_biometrico\views\catalogos\index.php línea 680
URI: /catalogos
--------------------------------------------------------------------------------
[2026-03-19 11:40:33] [DEPRECATED] htmlspecialchars(): Passing null to parameter #1 ($string) of type string is deprecated en C:\tools\nginx\html\sistema_biometrico\views\catalogos\index.php línea 680
URI: /catalogos
--------------------------------------------------------------------------------
[2026-03-19 11:40:33] [WARNING] Undefined array key "nombre_depto" en C:\tools\nginx\html\sistema_biometrico\views\catalogos\index.php línea 692
URI: /catalogos
--------------------------------------------------------------------------------
[2026-03-19 11:40:33] [DEPRECATED] htmlspecialchars(): Passing null to parameter #1 ($string) of type string is deprecated en C:\tools\nginx\html\sistema_biometrico\views\catalogos\index.php línea 692
URI: /catalogos
--------------------------------------------------------------------------------
[2026-03-19 11:40:33] [WARNING] Undefined array key "nombre_depto" en C:\tools\nginx\html\sistema_biometrico\views\catalogos\index.php línea 680
URI: /catalogos
--------------------------------------------------------------------------------
[2026-03-19 11:40:33] [DEPRECATED] htmlspecialchars(): Passing null to parameter #1 ($string) of type string is deprecated en C:\tools\nginx\html\sistema_biometrico\views\catalogos\index.php línea 680
URI: /catalogos
--------------------------------------------------------------------------------
[2026-03-19 11:40:33] [WARNING] Undefined array key "nombre_depto" en C:\tools\nginx\html\sistema_biometrico\views\catalogos\index.php línea 692
URI: /catalogos
--------------------------------------------------------------------------------
[2026-03-19 11:40:33] [DEPRECATED] htmlspecialchars(): Passing null to parameter #1 ($string) of type string is deprecated en C:\tools\nginx\html\sistema_biometrico\views\catalogos\index.php línea 692
URI: /catalogos
--------------------------------------------------------------------------------
[2026-03-19 11:40:33] [WARNING] Undefined array key "nombre_depto" en C:\tools\nginx\html\sistema_biometrico\views\catalogos\index.php línea 680
URI: /catalogos
--------------------------------------------------------------------------------
[2026-03-19 11:40:33] [DEPRECATED] htmlspecialchars(): Passing null to parameter #1 ($string) of type string is deprecated en C:\tools\nginx\html\sistema_biometrico\views\catalogos\index.php línea 680
URI: /catalogos
--------------------------------------------------------------------------------
[2026-03-19 11:40:33] [WARNING] Undefined array key "nombre_depto" en C:\tools\nginx\html\sistema_biometrico\views\catalogos\index.php línea 692
URI: /catalogos
--------------------------------------------------------------------------------
[2026-03-19 11:40:33] [DEPRECATED] htmlspecialchars(): Passing null to parameter #1 ($string) of type string is deprecated en C:\tools\nginx\html\sistema_biometrico\views\catalogos\index.php línea 692
URI: /catalogos
--------------------------------------------------------------------------------
[2026-03-19 11:40:33] [WARNING] Undefined array key "nombre_depto" en C:\tools\nginx\html\sistema_biometrico\views\catalogos\index.php línea 680
URI: /catalogos
--------------------------------------------------------------------------------
[2026-03-19 11:40:33] [DEPRECATED] htmlspecialchars(): Passing null to parameter #1 ($string) of type string is deprecated en C:\tools\nginx\html\sistema_biometrico\views\catalogos\index.php línea 680
URI: /catalogos
--------------------------------------------------------------------------------
[2026-03-19 11:40:33] [WARNING] Undefined array key "nombre_depto" en C:\tools\nginx\html\sistema_biometrico\views\catalogos\index.php línea 692
URI: /catalogos
--------------------------------------------------------------------------------
[2026-03-19 11:40:33] [DEPRECATED] htmlspecialchars(): Passing null to parameter #1 ($string) of type string is deprecated en C:\tools\nginx\html\sistema_biometrico\views\catalogos\index.php línea 692
URI: /catalogos
--------------------------------------------------------------------------------
[2026-03-19 11:40:33] [WARNING] Undefined array key "nombre_depto" en C:\tools\nginx\html\sistema_biometrico\views\catalogos\index.php línea 680
URI: /catalogos
--------------------------------------------------------------------------------
[2026-03-19 11:40:33] [DEPRECATED] htmlspecialchars(): Passing null to parameter #1 ($string) of type string is deprecated en C:\tools\nginx\html\sistema_biometrico\views\catalogos\index.php línea 680
URI: /catalogos
--------------------------------------------------------------------------------
[2026-03-19 11:40:33] [WARNING] Undefined array key "nombre_depto" en C:\tools\nginx\html\sistema_biometrico\views\catalogos\index.php línea 692
URI: /catalogos
--------------------------------------------------------------------------------
[2026-03-19 11:40:33] [DEPRECATED] htmlspecialchars(): Passing null to parameter #1 ($string) of type string is deprecated en C:\tools\nginx\html\sistema_biometrico\views\catalogos\index.php línea 692
URI: /catalogos
--------------------------------------------------------------------------------
[2026-03-19 11:40:33] [WARNING] Undefined array key "nombre_depto" en C:\tools\nginx\html\sistema_biometrico\views\catalogos\index.php línea 680
URI: /catalogos
--------------------------------------------------------------------------------
[2026-03-19 11:40:33] [DEPRECATED] htmlspecialchars(): Passing null to parameter #1 ($string) of type string is deprecated en C:\tools\nginx\html\sistema_biometrico\views\catalogos\index.php línea 680
URI: /catalogos
--------------------------------------------------------------------------------
[2026-03-19 11:40:33] [WARNING] Undefined array key "nombre_depto" en C:\tools\nginx\html\sistema_biometrico\views\catalogos\index.php línea 692
URI: /catalogos
--------------------------------------------------------------------------------
[2026-03-19 11:40:33] [DEPRECATED] htmlspecialchars(): Passing null to parameter #1 ($string) of type string is deprecated en C:\tools\nginx\html\sistema_biometrico\views\catalogos\index.php línea 692
URI: /catalogos
--------------------------------------------------------------------------------
[2026-03-19 11:40:33] [WARNING] Undefined array key "nombre_depto" en C:\tools\nginx\html\sistema_biometrico\views\catalogos\index.php línea 680
URI: /catalogos
--------------------------------------------------------------------------------
[2026-03-19 11:40:33] [DEPRECATED] htmlspecialchars(): Passing null to parameter #1 ($string) of type string is deprecated en C:\tools\nginx\html\sistema_biometrico\views\catalogos\index.php línea 680
URI: /catalogos
--------------------------------------------------------------------------------
[2026-03-19 11:40:33] [WARNING] Undefined array key "nombre_depto" en C:\tools\nginx\html\sistema_biometrico\views\catalogos\index.php línea 692
URI: /catalogos
--------------------------------------------------------------------------------
[2026-03-19 11:40:33] [DEPRECATED] htmlspecialchars(): Passing null to parameter #1 ($string) of type string is deprecated en C:\tools\nginx\html\sistema_biometrico\views\catalogos\index.php línea 692
URI: /catalogos
--------------------------------------------------------------------------------
[2026-03-19 11:40:33] [WARNING] Undefined array key "nombre_depto" en C:\tools\nginx\html\sistema_biometrico\views\catalogos\index.php línea 680
URI: /catalogos
--------------------------------------------------------------------------------
[2026-03-19 11:40:33] [DEPRECATED] htmlspecialchars(): Passing null to parameter #1 ($string) of type string is deprecated en C:\tools\nginx\html\sistema_biometrico\views\catalogos\index.php línea 680
URI: /catalogos
--------------------------------------------------------------------------------
[2026-03-19 11:40:33] [WARNING] Undefined array key "nombre_depto" en C:\tools\nginx\html\sistema_biometrico\views\catalogos\index.php línea 692
URI: /catalogos
--------------------------------------------------------------------------------
[2026-03-19 11:40:33] [DEPRECATED] htmlspecialchars(): Passing null to parameter #1 ($string) of type string is deprecated en C:\tools\nginx\html\sistema_biometrico\views\catalogos\index.php línea 692
URI: /catalogos
--------------------------------------------------------------------------------
[2026-03-19 11:40:33] [WARNING] Undefined array key "nombre_depto" en C:\tools\nginx\html\sistema_biometrico\views\catalogos\index.php línea 680
URI: /catalogos
--------------------------------------------------------------------------------
[2026-03-19 11:40:33] [DEPRECATED] htmlspecialchars(): Passing null to parameter #1 ($string) of type string is deprecated en C:\tools\nginx\html\sistema_biometrico\views\catalogos\index.php línea 680
URI: /catalogos
--------------------------------------------------------------------------------
[2026-03-19 11:40:33] [WARNING] Undefined array key "nombre_depto" en C:\tools\nginx\html\sistema_biometrico\views\catalogos\index.php línea 692
URI: /catalogos
--------------------------------------------------------------------------------
[2026-03-19 11:40:33] [DEPRECATED] htmlspecialchars(): Passing null to parameter #1 ($string) of type string is deprecated en C:\tools\nginx\html\sistema_biometrico\views\catalogos\index.php línea 692
URI: /catalogos
--------------------------------------------------------------------------------
[2026-03-19 11:40:33] [WARNING] Undefined array key "nombre_depto" en C:\tools\nginx\html\sistema_biometrico\views\catalogos\index.php línea 680
URI: /catalogos
--------------------------------------------------------------------------------
[2026-03-19 11:40:33] [DEPRECATED] htmlspecialchars(): Passing null to parameter #1 ($string) of type string is deprecated en C:\tools\nginx\html\sistema_biometrico\views\catalogos\index.php línea 680
URI: /catalogos
--------------------------------------------------------------------------------
[2026-03-19 11:40:33] [WARNING] Undefined array key "nombre_depto" en C:\tools\nginx\html\sistema_biometrico\views\catalogos\index.php línea 692
URI: /catalogos
--------------------------------------------------------------------------------
[2026-03-19 11:40:33] [DEPRECATED] htmlspecialchars(): Passing null to parameter #1 ($string) of type string is deprecated en C:\tools\nginx\html\sistema_biometrico\views\catalogos\index.php línea 692
URI: /catalogos
--------------------------------------------------------------------------------
[2026-03-19 11:40:33] [WARNING] Undefined array key "nombre_depto" en C:\tools\nginx\html\sistema_biometrico\views\catalogos\index.php línea 680
URI: /catalogos
--------------------------------------------------------------------------------
[2026-03-19 11:40:33] [DEPRECATED] htmlspecialchars(): Passing null to parameter #1 ($string) of type string is deprecated en C:\tools\nginx\html\sistema_biometrico\views\catalogos\index.php línea 680
URI: /catalogos
--------------------------------------------------------------------------------
[2026-03-19 11:40:33] [WARNING] Undefined array key "nombre_depto" en C:\tools\nginx\html\sistema_biometrico\views\catalogos\index.php línea 692
URI: /catalogos
--------------------------------------------------------------------------------
[2026-03-19 11:40:33] [DEPRECATED] htmlspecialchars(): Passing null to parameter #1 ($string) of type string is deprecated en C:\tools\nginx\html\sistema_biometrico\views\catalogos\index.php línea 692
URI: /catalogos
--------------------------------------------------------------------------------
[2026-03-19 11:40:33] [WARNING] Undefined array key "nombre_depto" en C:\tools\nginx\html\sistema_biometrico\views\catalogos\index.php línea 680
URI: /catalogos
--------------------------------------------------------------------------------
[2026-03-19 11:40:33] [DEPRECATED] htmlspecialchars(): Passing null to parameter #1 ($string) of type string is deprecated en C:\tools\nginx\html\sistema_biometrico\views\catalogos\index.php línea 680
URI: /catalogos
--------------------------------------------------------------------------------
[2026-03-19 11:40:33] [WARNING] Undefined array key "nombre_depto" en C:\tools\nginx\html\sistema_biometrico\views\catalogos\index.php línea 692
URI: /catalogos
--------------------------------------------------------------------------------
[2026-03-19 11:40:33] [DEPRECATED] htmlspecialchars(): Passing null to parameter #1 ($string) of type string is deprecated en C:\tools\nginx\html\sistema_biometrico\views\catalogos\index.php línea 692
URI: /catalogos
--------------------------------------------------------------------------------
[2026-03-19 11:40:33] [WARNING] Undefined array key "nombre_depto" en C:\tools\nginx\html\sistema_biometrico\views\catalogos\index.php línea 680
URI: /catalogos
--------------------------------------------------------------------------------
[2026-03-19 11:40:33] [DEPRECATED] htmlspecialchars(): Passing null to parameter #1 ($string) of type string is deprecated en C:\tools\nginx\html\sistema_biometrico\views\catalogos\index.php línea 680
URI: /catalogos
--------------------------------------------------------------------------------
[2026-03-19 11:40:33] [WARNING] Undefined array key "nombre_depto" en C:\tools\nginx\html\sistema_biometrico\views\catalogos\index.php línea 692
URI: /catalogos
--------------------------------------------------------------------------------
[2026-03-19 11:40:33] [DEPRECATED] htmlspecialchars(): Passing null to parameter #1 ($string) of type string is deprecated en C:\tools\nginx\html\sistema_biometrico\views\catalogos\index.php línea 692
URI: /catalogos
--------------------------------------------------------------------------------
[2026-03-19 11:40:33] [WARNING] Undefined array key "nombre_depto" en C:\tools\nginx\html\sistema_biometrico\views\catalogos\index.php línea 680
URI: /catalogos
--------------------------------------------------------------------------------
[2026-03-19 11:40:33] [DEPRECATED] htmlspecialchars(): Passing null to parameter #1 ($string) of type string is deprecated en C:\tools\nginx\html\sistema_biometrico\views\catalogos\index.php línea 680
URI: /catalogos
--------------------------------------------------------------------------------
[2026-03-19 11:40:33] [WARNING] Undefined array key "nombre_depto" en C:\tools\nginx\html\sistema_biometrico\views\catalogos\index.php línea 692
URI: /catalogos
--------------------------------------------------------------------------------
[2026-03-19 11:40:33] [DEPRECATED] htmlspecialchars(): Passing null to parameter #1 ($string) of type string is deprecated en C:\tools\nginx\html\sistema_biometrico\views\catalogos\index.php línea 692
URI: /catalogos
--------------------------------------------------------------------------------
[2026-03-19 11:40:33] [WARNING] Undefined array key "nombre_depto" en C:\tools\nginx\html\sistema_biometrico\views\catalogos\index.php línea 680
URI: /catalogos
--------------------------------------------------------------------------------
[2026-03-19 11:40:33] [DEPRECATED] htmlspecialchars(): Passing null to parameter #1 ($string) of type string is deprecated en C:\tools\nginx\html\sistema_biometrico\views\catalogos\index.php línea 680
URI: /catalogos
--------------------------------------------------------------------------------
[2026-03-19 11:40:33] [WARNING] Undefined array key "nombre_depto" en C:\tools\nginx\html\sistema_biometrico\views\catalogos\index.php línea 692
URI: /catalogos
--------------------------------------------------------------------------------
[2026-03-19 11:40:33] [DEPRECATED] htmlspecialchars(): Passing null to parameter #1 ($string) of type string is deprecated en C:\tools\nginx\html\sistema_biometrico\views\catalogos\index.php línea 692
URI: /catalogos
--------------------------------------------------------------------------------
[2026-03-19 11:40:33] [WARNING] Undefined array key "nombre_depto" en C:\tools\nginx\html\sistema_biometrico\views\catalogos\index.php línea 680
URI: /catalogos
--------------------------------------------------------------------------------
[2026-03-19 11:40:33] [DEPRECATED] htmlspecialchars(): Passing null to parameter #1 ($string) of type string is deprecated en C:\tools\nginx\html\sistema_biometrico\views\catalogos\index.php línea 680
URI: /catalogos
--------------------------------------------------------------------------------
[2026-03-19 11:40:33] [WARNING] Undefined array key "nombre_depto" en C:\tools\nginx\html\sistema_biometrico\views\catalogos\index.php línea 692
URI: /catalogos
--------------------------------------------------------------------------------
[2026-03-19 11:40:33] [DEPRECATED] htmlspecialchars(): Passing null to parameter #1 ($string) of type string is deprecated en C:\tools\nginx\html\sistema_biometrico\views\catalogos\index.php línea 692
URI: /catalogos
--------------------------------------------------------------------------------
[2026-03-19 11:40:33] [WARNING] Undefined array key "nombre_depto" en C:\tools\nginx\html\sistema_biometrico\views\catalogos\index.php línea 680
URI: /catalogos
--------------------------------------------------------------------------------
[2026-03-19 11:40:33] [DEPRECATED] htmlspecialchars(): Passing null to parameter #1 ($string) of type string is deprecated en C:\tools\nginx\html\sistema_biometrico\views\catalogos\index.php línea 680
URI: /catalogos
--------------------------------------------------------------------------------
[2026-03-19 11:40:33] [WARNING] Undefined array key "nombre_depto" en C:\tools\nginx\html\sistema_biometrico\views\catalogos\index.php línea 692
URI: /catalogos
--------------------------------------------------------------------------------
[2026-03-19 11:40:33] [DEPRECATED] htmlspecialchars(): Passing null to parameter #1 ($string) of type string is deprecated en C:\tools\nginx\html\sistema_biometrico\views\catalogos\index.php línea 692
URI: /catalogos
--------------------------------------------------------------------------------
[2026-03-19 11:40:33] [WARNING] Undefined array key "nombre_depto" en C:\tools\nginx\html\sistema_biometrico\views\catalogos\index.php línea 680
URI: /catalogos
--------------------------------------------------------------------------------
[2026-03-19 11:40:33] [DEPRECATED] htmlspecialchars(): Passing null to parameter #1 ($string) of type string is deprecated en C:\tools\nginx\html\sistema_biometrico\views\catalogos\index.php línea 680
URI: /catalogos
--------------------------------------------------------------------------------
[2026-03-19 11:40:33] [WARNING] Undefined array key "nombre_depto" en C:\tools\nginx\html\sistema_biometrico\views\catalogos\index.php línea 692
URI: /catalogos
--------------------------------------------------------------------------------
[2026-03-19 11:40:33] [DEPRECATED] htmlspecialchars(): Passing null to parameter #1 ($string) of type string is deprecated en C:\tools\nginx\html\sistema_biometrico\views\catalogos\index.php línea 692
URI: /catalogos
--------------------------------------------------------------------------------
[2026-03-19 11:40:33] [WARNING] Undefined array key "nombre_depto" en C:\tools\nginx\html\sistema_biometrico\views\catalogos\index.php línea 680
URI: /catalogos
--------------------------------------------------------------------------------
[2026-03-19 11:40:33] [DEPRECATED] htmlspecialchars(): Passing null to parameter #1 ($string) of type string is deprecated en C:\tools\nginx\html\sistema_biometrico\views\catalogos\index.php línea 680
URI: /catalogos
--------------------------------------------------------------------------------
[2026-03-19 11:40:33] [WARNING] Undefined array key "nombre_depto" en C:\tools\nginx\html\sistema_biometrico\views\catalogos\index.php línea 692
URI: /catalogos
--------------------------------------------------------------------------------
[2026-03-19 11:40:33] [DEPRECATED] htmlspecialchars(): Passing null to parameter #1 ($string) of type string is deprecated en C:\tools\nginx\html\sistema_biometrico\views\catalogos\index.php línea 692
URI: /catalogos
--------------------------------------------------------------------------------
[2026-03-19 11:40:33] [WARNING] Undefined array key "nombre_depto" en C:\tools\nginx\html\sistema_biometrico\views\catalogos\index.php línea 680
URI: /catalogos
--------------------------------------------------------------------------------
[2026-03-19 11:40:33] [DEPRECATED] htmlspecialchars(): Passing null to parameter #1 ($string) of type string is deprecated en C:\tools\nginx\html\sistema_biometrico\views\catalogos\index.php línea 680
URI: /catalogos
--------------------------------------------------------------------------------
[2026-03-19 11:40:33] [WARNING] Undefined array key "nombre_depto" en C:\tools\nginx\html\sistema_biometrico\views\catalogos\index.php línea 692
URI: /catalogos
--------------------------------------------------------------------------------
[2026-03-19 11:40:33] [DEPRECATED] htmlspecialchars(): Passing null to parameter #1 ($string) of type string is deprecated en C:\tools\nginx\html\sistema_biometrico\views\catalogos\index.php línea 692
URI: /catalogos
--------------------------------------------------------------------------------
[2026-03-19 11:40:33] [WARNING] Undefined array key "nombre_depto" en C:\tools\nginx\html\sistema_biometrico\views\catalogos\index.php línea 680
URI: /catalogos
--------------------------------------------------------------------------------
[2026-03-19 11:40:33] [DEPRECATED] htmlspecialchars(): Passing null to parameter #1 ($string) of type string is deprecated en C:\tools\nginx\html\sistema_biometrico\views\catalogos\index.php línea 680
URI: /catalogos
--------------------------------------------------------------------------------
[2026-03-19 11:40:33] [WARNING] Undefined array key "nombre_depto" en C:\tools\nginx\html\sistema_biometrico\views\catalogos\index.php línea 692
URI: /catalogos
--------------------------------------------------------------------------------
[2026-03-19 11:40:33] [DEPRECATED] htmlspecialchars(): Passing null to parameter #1 ($string) of type string is deprecated en C:\tools\nginx\html\sistema_biometrico\views\catalogos\index.php línea 692
URI: /catalogos
--------------------------------------------------------------------------------
[2026-03-19 11:40:33] [WARNING] Undefined array key "nombre_depto" en C:\tools\nginx\html\sistema_biometrico\views\catalogos\index.php línea 680
URI: /catalogos
--------------------------------------------------------------------------------
[2026-03-19 11:40:33] [DEPRECATED] htmlspecialchars(): Passing null to parameter #1 ($string) of type string is deprecated en C:\tools\nginx\html\sistema_biometrico\views\catalogos\index.php línea 680
URI: /catalogos
--------------------------------------------------------------------------------
[2026-03-19 11:40:33] [WARNING] Undefined array key "nombre_depto" en C:\tools\nginx\html\sistema_biometrico\views\catalogos\index.php línea 692
URI: /catalogos
--------------------------------------------------------------------------------
[2026-03-19 11:40:33] [DEPRECATED] htmlspecialchars(): Passing null to parameter #1 ($string) of type string is deprecated en C:\tools\nginx\html\sistema_biometrico\views\catalogos\index.php línea 692
URI: /catalogos
--------------------------------------------------------------------------------
[2026-03-19 11:40:33] [WARNING] Undefined array key "nombre_depto" en C:\tools\nginx\html\sistema_biometrico\views\catalogos\index.php línea 680
URI: /catalogos
--------------------------------------------------------------------------------
[2026-03-19 11:40:33] [DEPRECATED] htmlspecialchars(): Passing null to parameter #1 ($string) of type string is deprecated en C:\tools\nginx\html\sistema_biometrico\views\catalogos\index.php línea 680
URI: /catalogos
--------------------------------------------------------------------------------
[2026-03-19 11:40:33] [WARNING] Undefined array key "nombre_depto" en C:\tools\nginx\html\sistema_biometrico\views\catalogos\index.php línea 692
URI: /catalogos
--------------------------------------------------------------------------------
[2026-03-19 11:40:33] [DEPRECATED] htmlspecialchars(): Passing null to parameter #1 ($string) of type string is deprecated en C:\tools\nginx\html\sistema_biometrico\views\catalogos\index.php línea 692
URI: /catalogos
--------------------------------------------------------------------------------
[2026-03-19 11:40:33] [WARNING] Undefined array key "nombre_depto" en C:\tools\nginx\html\sistema_biometrico\views\catalogos\index.php línea 680
URI: /catalogos
--------------------------------------------------------------------------------
[2026-03-19 11:40:33] [DEPRECATED] htmlspecialchars(): Passing null to parameter #1 ($string) of type string is deprecated en C:\tools\nginx\html\sistema_biometrico\views\catalogos\index.php línea 680
URI: /catalogos
--------------------------------------------------------------------------------
[2026-03-19 11:40:33] [WARNING] Undefined array key "nombre_depto" en C:\tools\nginx\html\sistema_biometrico\views\catalogos\index.php línea 692
URI: /catalogos
--------------------------------------------------------------------------------
[2026-03-19 11:40:33] [DEPRECATED] htmlspecialchars(): Passing null to parameter #1 ($string) of type string is deprecated en C:\tools\nginx\html\sistema_biometrico\views\catalogos\index.php línea 692
URI: /catalogos
--------------------------------------------------------------------------------
[2026-03-19 11:40:33] [WARNING] Undefined array key "nombre_depto" en C:\tools\nginx\html\sistema_biometrico\views\catalogos\index.php línea 680
URI: /catalogos
--------------------------------------------------------------------------------
[2026-03-19 11:40:33] [DEPRECATED] htmlspecialchars(): Passing null to parameter #1 ($string) of type string is deprecated en C:\tools\nginx\html\sistema_biometrico\views\catalogos\index.php línea 680
URI: /catalogos
--------------------------------------------------------------------------------
[2026-03-19 11:40:33] [WARNING] Undefined array key "nombre_depto" en C:\tools\nginx\html\sistema_biometrico\views\catalogos\index.php línea 692
URI: /catalogos
--------------------------------------------------------------------------------
[2026-03-19 11:40:33] [DEPRECATED] htmlspecialchars(): Passing null to parameter #1 ($string) of type string is deprecated en C:\tools\nginx\html\sistema_biometrico\views\catalogos\index.php línea 692
URI: /catalogos
--------------------------------------------------------------------------------
[2026-03-19 11:40:33] [WARNING] Undefined array key "nombre_depto" en C:\tools\nginx\html\sistema_biometrico\views\catalogos\index.php línea 680
URI: /catalogos
--------------------------------------------------------------------------------
[2026-03-19 11:40:33] [DEPRECATED] htmlspecialchars(): Passing null to parameter #1 ($string) of type string is deprecated en C:\tools\nginx\html\sistema_biometrico\views\catalogos\index.php línea 680
URI: /catalogos
--------------------------------------------------------------------------------
[2026-03-19 11:40:33] [WARNING] Undefined array key "nombre_depto" en C:\tools\nginx\html\sistema_biometrico\views\catalogos\index.php línea 692
URI: /catalogos
--------------------------------------------------------------------------------
[2026-03-19 11:40:33] [DEPRECATED] htmlspecialchars(): Passing null to parameter #1 ($string) of type string is deprecated en C:\tools\nginx\html\sistema_biometrico\views\catalogos\index.php línea 692
URI: /catalogos
--------------------------------------------------------------------------------
[2026-03-19 11:40:33] [WARNING] Undefined array key "nombre_depto" en C:\tools\nginx\html\sistema_biometrico\views\catalogos\index.php línea 680
URI: /catalogos
--------------------------------------------------------------------------------
[2026-03-19 11:40:33] [DEPRECATED] htmlspecialchars(): Passing null to parameter #1 ($string) of type string is deprecated en C:\tools\nginx\html\sistema_biometrico\views\catalogos\index.php línea 680
URI: /catalogos
--------------------------------------------------------------------------------
[2026-03-19 11:40:33] [WARNING] Undefined array key "nombre_depto" en C:\tools\nginx\html\sistema_biometrico\views\catalogos\index.php línea 692
URI: /catalogos
--------------------------------------------------------------------------------
[2026-03-19 11:40:33] [DEPRECATED] htmlspecialchars(): Passing null to parameter #1 ($string) of type string is deprecated en C:\tools\nginx\html\sistema_biometrico\views\catalogos\index.php línea 692
URI: /catalogos
--------------------------------------------------------------------------------
[2026-03-19 11:40:33] [WARNING] Undefined array key "nombre_depto" en C:\tools\nginx\html\sistema_biometrico\views\catalogos\index.php línea 680
URI: /catalogos
--------------------------------------------------------------------------------
[2026-03-19 11:40:33] [DEPRECATED] htmlspecialchars(): Passing null to parameter #1 ($string) of type string is deprecated en C:\tools\nginx\html\sistema_biometrico\views\catalogos\index.php línea 680
URI: /catalogos
--------------------------------------------------------------------------------
[2026-03-19 11:40:33] [WARNING] Undefined array key "nombre_depto" en C:\tools\nginx\html\sistema_biometrico\views\catalogos\index.php línea 692
URI: /catalogos
--------------------------------------------------------------------------------
[2026-03-19 11:40:33] [DEPRECATED] htmlspecialchars(): Passing null to parameter #1 ($string) of type string is deprecated en C:\tools\nginx\html\sistema_biometrico\views\catalogos\index.php línea 692
URI: /catalogos
--------------------------------------------------------------------------------
[2026-03-19 11:40:33] [WARNING] Undefined array key "nombre_depto" en C:\tools\nginx\html\sistema_biometrico\views\catalogos\index.php línea 680
URI: /catalogos
--------------------------------------------------------------------------------
[2026-03-19 11:40:33] [DEPRECATED] htmlspecialchars(): Passing null to parameter #1 ($string) of type string is deprecated en C:\tools\nginx\html\sistema_biometrico\views\catalogos\index.php línea 680
URI: /catalogos
--------------------------------------------------------------------------------
[2026-03-19 11:40:33] [WARNING] Undefined array key "nombre_depto" en C:\tools\nginx\html\sistema_biometrico\views\catalogos\index.php línea 692
URI: /catalogos
--------------------------------------------------------------------------------
[2026-03-19 11:40:33] [DEPRECATED] htmlspecialchars(): Passing null to parameter #1 ($string) of type string is deprecated en C:\tools\nginx\html\sistema_biometrico\views\catalogos\index.php línea 692
URI: /catalogos
--------------------------------------------------------------------------------
[2026-03-19 11:40:33] [WARNING] Undefined array key "nombre_depto" en C:\tools\nginx\html\sistema_biometrico\views\catalogos\index.php línea 680
URI: /catalogos
--------------------------------------------------------------------------------
[2026-03-19 11:40:33] [DEPRECATED] htmlspecialchars(): Passing null to parameter #1 ($string) of type string is deprecated en C:\tools\nginx\html\sistema_biometrico\views\catalogos\index.php línea 680
URI: /catalogos
--------------------------------------------------------------------------------
[2026-03-19 11:40:33] [WARNING] Undefined array key "nombre_depto" en C:\tools\nginx\html\sistema_biometrico\views\catalogos\index.php línea 692
URI: /catalogos
--------------------------------------------------------------------------------
[2026-03-19 11:40:33] [DEPRECATED] htmlspecialchars(): Passing null to parameter #1 ($string) of type string is deprecated en C:\tools\nginx\html\sistema_biometrico\views\catalogos\index.php línea 692
URI: /catalogos
--------------------------------------------------------------------------------
[2026-03-19 11:40:33] [WARNING] Undefined array key "nombre_depto" en C:\tools\nginx\html\sistema_biometrico\views\catalogos\index.php línea 680
URI: /catalogos
--------------------------------------------------------------------------------
[2026-03-19 11:40:33] [DEPRECATED] htmlspecialchars(): Passing null to parameter #1 ($string) of type string is deprecated en C:\tools\nginx\html\sistema_biometrico\views\catalogos\index.php línea 680
URI: /catalogos
--------------------------------------------------------------------------------
[2026-03-19 11:40:33] [WARNING] Undefined array key "nombre_depto" en C:\tools\nginx\html\sistema_biometrico\views\catalogos\index.php línea 692
URI: /catalogos
--------------------------------------------------------------------------------
[2026-03-19 11:40:33] [DEPRECATED] htmlspecialchars(): Passing null to parameter #1 ($string) of type string is deprecated en C:\tools\nginx\html\sistema_biometrico\views\catalogos\index.php línea 692
URI: /catalogos
--------------------------------------------------------------------------------
[2026-03-19 11:40:33] [WARNING] Undefined array key "nombre_depto" en C:\tools\nginx\html\sistema_biometrico\views\catalogos\index.php línea 680
URI: /catalogos
--------------------------------------------------------------------------------
[2026-03-19 11:40:33] [DEPRECATED] htmlspecialchars(): Passing null to parameter #1 ($string) of type string is deprecated en C:\tools\nginx\html\sistema_biometrico\views\catalogos\index.php línea 680
URI: /catalogos
--------------------------------------------------------------------------------
[2026-03-19 11:40:33] [WARNING] Undefined array key "nombre_depto" en C:\tools\nginx\html\sistema_biometrico\views\catalogos\index.php línea 692
URI: /catalogos
--------------------------------------------------------------------------------
[2026-03-19 11:40:33] [DEPRECATED] htmlspecialchars(): Passing null to parameter #1 ($string) of type string is deprecated en C:\tools\nginx\html\sistema_biometrico\views\catalogos\index.php línea 692
URI: /catalogos
--------------------------------------------------------------------------------
[2026-03-19 11:40:33] [WARNING] Undefined array key "nombre_depto" en C:\tools\nginx\html\sistema_biometrico\views\catalogos\index.php línea 680
URI: /catalogos
--------------------------------------------------------------------------------
[2026-03-19 11:40:33] [DEPRECATED] htmlspecialchars(): Passing null to parameter #1 ($string) of type string is deprecated en C:\tools\nginx\html\sistema_biometrico\views\catalogos\index.php línea 680
URI: /catalogos
--------------------------------------------------------------------------------
[2026-03-19 11:40:33] [WARNING] Undefined array key "nombre_depto" en C:\tools\nginx\html\sistema_biometrico\views\catalogos\index.php línea 692
URI: /catalogos
--------------------------------------------------------------------------------
[2026-03-19 11:40:33] [DEPRECATED] htmlspecialchars(): Passing null to parameter #1 ($string) of type string is deprecated en C:\tools\nginx\html\sistema_biometrico\views\catalogos\index.php línea 692
URI: /catalogos
--------------------------------------------------------------------------------
[2026-03-19 11:40:33] [WARNING] Undefined array key "nombre_depto" en C:\tools\nginx\html\sistema_biometrico\views\catalogos\index.php línea 680
URI: /catalogos
--------------------------------------------------------------------------------
[2026-03-19 11:40:33] [DEPRECATED] htmlspecialchars(): Passing null to parameter #1 ($string) of type string is deprecated en C:\tools\nginx\html\sistema_biometrico\views\catalogos\index.php línea 680
URI: /catalogos
--------------------------------------------------------------------------------
[2026-03-19 11:40:33] [WARNING] Undefined array key "nombre_depto" en C:\tools\nginx\html\sistema_biometrico\views\catalogos\index.php línea 692
URI: /catalogos
--------------------------------------------------------------------------------
[2026-03-19 11:40:33] [DEPRECATED] htmlspecialchars(): Passing null to parameter #1 ($string) of type string is deprecated en C:\tools\nginx\html\sistema_biometrico\views\catalogos\index.php línea 692
URI: /catalogos
--------------------------------------------------------------------------------
[2026-03-19 11:40:33] [WARNING] Undefined array key "nombre_depto" en C:\tools\nginx\html\sistema_biometrico\views\catalogos\index.php línea 680
URI: /catalogos
--------------------------------------------------------------------------------
[2026-03-19 11:40:33] [DEPRECATED] htmlspecialchars(): Passing null to parameter #1 ($string) of type string is deprecated en C:\tools\nginx\html\sistema_biometrico\views\catalogos\index.php línea 680
URI: /catalogos
--------------------------------------------------------------------------------
[2026-03-19 11:40:33] [WARNING] Undefined array key "nombre_depto" en C:\tools\nginx\html\sistema_biometrico\views\catalogos\index.php línea 692
URI: /catalogos
--------------------------------------------------------------------------------
[2026-03-19 11:40:33] [DEPRECATED] htmlspecialchars(): Passing null to parameter #1 ($string) of type string is deprecated en C:\tools\nginx\html\sistema_biometrico\views\catalogos\index.php línea 692
URI: /catalogos
--------------------------------------------------------------------------------
[2026-03-19 11:40:33] [WARNING] Undefined array key "nombre_depto" en C:\tools\nginx\html\sistema_biometrico\views\catalogos\index.php línea 680
URI: /catalogos
--------------------------------------------------------------------------------
[2026-03-19 11:40:33] [DEPRECATED] htmlspecialchars(): Passing null to parameter #1 ($string) of type string is deprecated en C:\tools\nginx\html\sistema_biometrico\views\catalogos\index.php línea 680
URI: /catalogos
--------------------------------------------------------------------------------
[2026-03-19 11:40:33] [WARNING] Undefined array key "nombre_depto" en C:\tools\nginx\html\sistema_biometrico\views\catalogos\index.php línea 692
URI: /catalogos
--------------------------------------------------------------------------------
[2026-03-19 11:40:33] [DEPRECATED] htmlspecialchars(): Passing null to parameter #1 ($string) of type string is deprecated en C:\tools\nginx\html\sistema_biometrico\views\catalogos\index.php línea 692
URI: /catalogos
--------------------------------------------------------------------------------
[2026-03-19 11:40:33] [WARNING] Undefined array key "nombre_depto" en C:\tools\nginx\html\sistema_biometrico\views\catalogos\index.php línea 680
URI: /catalogos
--------------------------------------------------------------------------------
[2026-03-19 11:40:33] [DEPRECATED] htmlspecialchars(): Passing null to parameter #1 ($string) of type string is deprecated en C:\tools\nginx\html\sistema_biometrico\views\catalogos\index.php línea 680
URI: /catalogos
--------------------------------------------------------------------------------
[2026-03-19 11:40:33] [WARNING] Undefined array key "nombre_depto" en C:\tools\nginx\html\sistema_biometrico\views\catalogos\index.php línea 692
URI: /catalogos
--------------------------------------------------------------------------------
[2026-03-19 11:40:33] [DEPRECATED] htmlspecialchars(): Passing null to parameter #1 ($string) of type string is deprecated en C:\tools\nginx\html\sistema_biometrico\views\catalogos\index.php línea 692
URI: /catalogos
--------------------------------------------------------------------------------
[2026-03-19 11:40:33] [WARNING] Undefined array key "nombre_depto" en C:\tools\nginx\html\sistema_biometrico\views\catalogos\index.php línea 680
URI: /catalogos
--------------------------------------------------------------------------------
[2026-03-19 11:40:33] [DEPRECATED] htmlspecialchars(): Passing null to parameter #1 ($string) of type string is deprecated en C:\tools\nginx\html\sistema_biometrico\views\catalogos\index.php línea 680
URI: /catalogos
--------------------------------------------------------------------------------
[2026-03-19 11:40:33] [WARNING] Undefined array key "nombre_depto" en C:\tools\nginx\html\sistema_biometrico\views\catalogos\index.php línea 692
URI: /catalogos
--------------------------------------------------------------------------------
[2026-03-19 11:40:33] [DEPRECATED] htmlspecialchars(): Passing null to parameter #1 ($string) of type string is deprecated en C:\tools\nginx\html\sistema_biometrico\views\catalogos\index.php línea 692
URI: /catalogos
--------------------------------------------------------------------------------
[2026-03-19 11:40:33] [WARNING] Undefined array key "nombre_depto" en C:\tools\nginx\html\sistema_biometrico\views\catalogos\index.php línea 680
URI: /catalogos
--------------------------------------------------------------------------------
[2026-03-19 11:40:33] [DEPRECATED] htmlspecialchars(): Passing null to parameter #1 ($string) of type string is deprecated en C:\tools\nginx\html\sistema_biometrico\views\catalogos\index.php línea 680
URI: /catalogos
--------------------------------------------------------------------------------
[2026-03-19 11:40:33] [WARNING] Undefined array key "nombre_depto" en C:\tools\nginx\html\sistema_biometrico\views\catalogos\index.php línea 692
URI: /catalogos
--------------------------------------------------------------------------------
[2026-03-19 11:40:33] [DEPRECATED] htmlspecialchars(): Passing null to parameter #1 ($string) of type string is deprecated en C:\tools\nginx\html\sistema_biometrico\views\catalogos\index.php línea 692
URI: /catalogos
--------------------------------------------------------------------------------
[2026-03-19 11:40:33] [WARNING] Undefined array key "nombre_depto" en C:\tools\nginx\html\sistema_biometrico\views\catalogos\index.php línea 680
URI: /catalogos
--------------------------------------------------------------------------------
[2026-03-19 11:40:33] [DEPRECATED] htmlspecialchars(): Passing null to parameter #1 ($string) of type string is deprecated en C:\tools\nginx\html\sistema_biometrico\views\catalogos\index.php línea 680
URI: /catalogos
--------------------------------------------------------------------------------
[2026-03-19 11:40:33] [WARNING] Undefined array key "nombre_depto" en C:\tools\nginx\html\sistema_biometrico\views\catalogos\index.php línea 692
URI: /catalogos
--------------------------------------------------------------------------------
[2026-03-19 11:40:33] [DEPRECATED] htmlspecialchars(): Passing null to parameter #1 ($string) of type string is deprecated en C:\tools\nginx\html\sistema_biometrico\views\catalogos\index.php línea 692
URI: /catalogos
--------------------------------------------------------------------------------
[2026-03-19 11:40:33] [WARNING] Undefined array key "nombre_depto" en C:\tools\nginx\html\sistema_biometrico\views\catalogos\index.php línea 680
URI: /catalogos
--------------------------------------------------------------------------------
[2026-03-19 11:40:33] [DEPRECATED] htmlspecialchars(): Passing null to parameter #1 ($string) of type string is deprecated en C:\tools\nginx\html\sistema_biometrico\views\catalogos\index.php línea 680
URI: /catalogos
--------------------------------------------------------------------------------
[2026-03-19 11:40:33] [WARNING] Undefined array key "nombre_depto" en C:\tools\nginx\html\sistema_biometrico\views\catalogos\index.php línea 692
URI: /catalogos
--------------------------------------------------------------------------------
[2026-03-19 11:40:33] [DEPRECATED] htmlspecialchars(): Passing null to parameter #1 ($string) of type string is deprecated en C:\tools\nginx\html\sistema_biometrico\views\catalogos\index.php línea 692
URI: /catalogos
--------------------------------------------------------------------------------
[2026-03-19 11:40:33] [WARNING] Undefined array key "nombre_depto" en C:\tools\nginx\html\sistema_biometrico\views\catalogos\index.php línea 680
URI: /catalogos
--------------------------------------------------------------------------------
[2026-03-19 11:40:33] [DEPRECATED] htmlspecialchars(): Passing null to parameter #1 ($string) of type string is deprecated en C:\tools\nginx\html\sistema_biometrico\views\catalogos\index.php línea 680
URI: /catalogos
--------------------------------------------------------------------------------
[2026-03-19 11:40:33] [WARNING] Undefined array key "nombre_depto" en C:\tools\nginx\html\sistema_biometrico\views\catalogos\index.php línea 692
URI: /catalogos
--------------------------------------------------------------------------------
[2026-03-19 11:40:33] [DEPRECATED] htmlspecialchars(): Passing null to parameter #1 ($string) of type string is deprecated en C:\tools\nginx\html\sistema_biometrico\views\catalogos\index.php línea 692
URI: /catalogos
--------------------------------------------------------------------------------
[2026-03-19 11:40:34] [DEPRECATED] session_set_save_handler(): Providing individual callbacks instead of an object implementing SessionHandlerInterface is deprecated en C:\tools\nginx\html\sistema_biometrico\index.php línea 52
URI: /usuarios
--------------------------------------------------------------------------------
[2026-03-19 11:40:36] [DEPRECATED] session_set_save_handler(): Providing individual callbacks instead of an object implementing SessionHandlerInterface is deprecated en C:\tools\nginx\html\sistema_biometrico\index.php línea 52
URI: /notas-malas
--------------------------------------------------------------------------------
[2026-03-19 11:40:42] [DEPRECATED] session_set_save_handler(): Providing individual callbacks instead of an object implementing SessionHandlerInterface is deprecated en C:\tools\nginx\html\sistema_biometrico\index.php línea 52
URI: /reportes
--------------------------------------------------------------------------------
[2026-03-19 11:40:45] [DEPRECATED] session_set_save_handler(): Providing individual callbacks instead of an object implementing SessionHandlerInterface is deprecated en C:\tools\nginx\html\sistema_biometrico\index.php línea 52
URI: /reportes/excel
--------------------------------------------------------------------------------
[2026-03-19 11:43:06] [DEPRECATED] session_set_save_handler(): Providing individual callbacks instead of an object implementing SessionHandlerInterface is deprecated en C:\tools\nginx\html\sistema_biometrico\index.php línea 52
URI: /
--------------------------------------------------------------------------------
[2026-03-19 11:43:09] [DEPRECATED] session_set_save_handler(): Providing individual callbacks instead of an object implementing SessionHandlerInterface is deprecated en C:\tools\nginx\html\sistema_biometrico\index.php línea 52
URI: /api/log-error
--------------------------------------------------------------------------------
[2026-03-19 11:43:11] [DEPRECATED] session_set_save_handler(): Providing individual callbacks instead of an object implementing SessionHandlerInterface is deprecated en C:\tools\nginx\html\sistema_biometrico\index.php línea 52
URI: /
--------------------------------------------------------------------------------
[2026-03-19 11:43:19] [DEPRECATED] session_set_save_handler(): Providing individual callbacks instead of an object implementing SessionHandlerInterface is deprecated en C:\tools\nginx\html\sistema_biometrico\index.php línea 52
URI: /reportes/excel
--------------------------------------------------------------------------------
[2026-03-19 11:43:24] [DEPRECATED] session_set_save_handler(): Providing individual callbacks instead of an object implementing SessionHandlerInterface is deprecated en C:\tools\nginx\html\sistema_biometrico\index.php línea 52
URI: /reportes/excel
--------------------------------------------------------------------------------
[2026-03-19 11:43:35] [DEPRECATED] session_set_save_handler(): Providing individual callbacks instead of an object implementing SessionHandlerInterface is deprecated en C:\tools\nginx\html\sistema_biometrico\index.php línea 52
URI: /.well-known/appspecific/com.chrome.devtools.json
--------------------------------------------------------------------------------
[2026-03-19 11:45:51] [DEPRECATED] session_set_save_handler(): Providing individual callbacks instead of an object implementing SessionHandlerInterface is deprecated en C:\tools\nginx\html\sistema_biometrico\index.php línea 52
URI: /.well-known/appspecific/com.chrome.devtools.json
--------------------------------------------------------------------------------
[2026-03-19 11:53:37] [DEPRECATED] session_set_save_handler(): Providing individual callbacks instead of an object implementing SessionHandlerInterface is deprecated en C:\tools\nginx\html\sistema_biometrico\index.php línea 52
URI: /login
--------------------------------------------------------------------------------
[2026-03-19 11:53:37] [DEPRECATED] session_set_save_handler(): Providing individual callbacks instead of an object implementing SessionHandlerInterface is deprecated en C:\tools\nginx\html\sistema_biometrico\index.php línea 52
URI: /api/log-error
--------------------------------------------------------------------------------
[2026-03-19 11:53:41] [DEPRECATED] session_set_save_handler(): Providing individual callbacks instead of an object implementing SessionHandlerInterface is deprecated en C:\tools\nginx\html\sistema_biometrico\index.php línea 52
URI: /login
--------------------------------------------------------------------------------
[2026-03-19 11:53:48] [DEPRECATED] session_set_save_handler(): Providing individual callbacks instead of an object implementing SessionHandlerInterface is deprecated en C:\tools\nginx\html\sistema_biometrico\index.php línea 52
URI: /login
--------------------------------------------------------------------------------
[2026-03-19 11:53:48] [DEPRECATED] session_set_save_handler(): Providing individual callbacks instead of an object implementing SessionHandlerInterface is deprecated en C:\tools\nginx\html\sistema_biometrico\index.php línea 52
URI: /dashboard
--------------------------------------------------------------------------------
[2026-03-19 11:53:55] [DEPRECATED] session_set_save_handler(): Providing individual callbacks instead of an object implementing SessionHandlerInterface is deprecated en C:\tools\nginx\html\sistema_biometrico\index.php línea 52
URI: /reportes/excel
--------------------------------------------------------------------------------
[2026-03-19 11:54:00] [DEPRECATED] session_set_save_handler(): Providing individual callbacks instead of an object implementing SessionHandlerInterface is deprecated en C:\tools\nginx\html\sistema_biometrico\index.php línea 52
URI: /reportes/excel?ajax=1&tipo_registro=&departamento=&empleado_id=&estado=&fecha_inicio=2026-03-01&fecha_fin=2026-03-31
--------------------------------------------------------------------------------
[2026-03-19 11:55:03] [DEPRECATED] session_set_save_handler(): Providing individual callbacks instead of an object implementing SessionHandlerInterface is deprecated en C:\tools\nginx\html\sistema_biometrico\index.php línea 52
URI: /reportes/excel?ajax=1&tipo_registro=&departamento=&empleado_id=&estado=&fecha_inicio=2025-02-01&fecha_fin=2026-03-31
--------------------------------------------------------------------------------
[2026-03-19 11:55:23] [DEPRECATED] session_set_save_handler(): Providing individual callbacks instead of an object implementing SessionHandlerInterface is deprecated en C:\tools\nginx\html\sistema_biometrico\index.php línea 52
URI: /api/log-error
--------------------------------------------------------------------------------
[2026-03-19 11:56:05] [DEPRECATED] session_set_save_handler(): Providing individual callbacks instead of an object implementing SessionHandlerInterface is deprecated en C:\tools\nginx\html\sistema_biometrico\index.php línea 52
URI: /api/log-error
--------------------------------------------------------------------------------
[2026-03-19 11:58:03] [DEPRECATED] session_set_save_handler(): Providing individual callbacks instead of an object implementing SessionHandlerInterface is deprecated en C:\tools\nginx\html\sistema_biometrico\index.php línea 52
URI: /reportes/excel?ajax=1&tipo_registro=&departamento=&empleado_id=&estado=&fecha_inicio=2026-01-01&fecha_fin=2026-03-31
--------------------------------------------------------------------------------
[2026-03-19 11:58:49] [DEPRECATED] session_set_save_handler(): Providing individual callbacks instead of an object implementing SessionHandlerInterface is deprecated en C:\tools\nginx\html\sistema_biometrico\index.php línea 52
URI: /reportes/excel?ajax=1&tipo_registro=&departamento=&empleado_id=&estado=&fecha_inicio=2026-02-16&fecha_fin=2026-03-31
--------------------------------------------------------------------------------
[2026-03-19 12:06:45] [DEPRECATED] session_set_save_handler(): Providing individual callbacks instead of an object implementing SessionHandlerInterface is deprecated en C:\tools\nginx\html\sistema_biometrico\index.php línea 52
URI: /reportes/excel
--------------------------------------------------------------------------------
[2026-03-19 12:08:02] [DEPRECATED] session_set_save_handler(): Providing individual callbacks instead of an object implementing SessionHandlerInterface is deprecated en C:\tools\nginx\html\sistema_biometrico\index.php línea 52
URI: /reportes/excel?ajax=1&tipo_registro=&departamento=&empleado_id=&estado=&fecha_inicio=2026-02-16&fecha_fin=2026-03-31
--------------------------------------------------------------------------------
[2026-03-19 12:22:52] [DEPRECATED] session_set_save_handler(): Providing individual callbacks instead of an object implementing SessionHandlerInterface is deprecated en C:\tools\nginx\html\sistema_biometrico\index.php línea 52
URI: /reportes/excel
--------------------------------------------------------------------------------
[2026-03-19 12:23:02] [DEPRECATED] session_set_save_handler(): Providing individual callbacks instead of an object implementing SessionHandlerInterface is deprecated en C:\tools\nginx\html\sistema_biometrico\index.php línea 52
URI: /reportes/excel?ajax=1&tipo_registro=&departamento=&empleado_id=&estado=&fecha_inicio=2026-02-01&fecha_fin=2026-03-31
--------------------------------------------------------------------------------
[2026-03-19 12:25:25] [DEPRECATED] session_set_save_handler(): Providing individual callbacks instead of an object implementing SessionHandlerInterface is deprecated en C:\tools\nginx\html\sistema_biometrico\index.php línea 52
URI: /reportes/excel
--------------------------------------------------------------------------------
[2026-03-19 12:25:52] [DEPRECATED] session_set_save_handler(): Providing individual callbacks instead of an object implementing SessionHandlerInterface is deprecated en C:\tools\nginx\html\sistema_biometrico\index.php línea 52
URI: /reportes/excel?ajax=1&tipo_registro=&departamento=&empleado_id=&estado=&fecha_inicio=2026-02-01&fecha_fin=2026-03-31
--------------------------------------------------------------------------------
[2026-03-19 12:28:43] [DEPRECATED] session_set_save_handler(): Providing individual callbacks instead of an object implementing SessionHandlerInterface is deprecated en C:\tools\nginx\html\sistema_biometrico\index.php línea 52
URI: /reportes/excel
--------------------------------------------------------------------------------
[2026-03-19 12:28:43] [DEPRECATED] session_set_save_handler(): Providing individual callbacks instead of an object implementing SessionHandlerInterface is deprecated en C:\tools\nginx\html\sistema_biometrico\index.php línea 52
URI: /reportes/excel
--------------------------------------------------------------------------------
[2026-03-19 12:29:19] [DEPRECATED] session_set_save_handler(): Providing individual callbacks instead of an object implementing SessionHandlerInterface is deprecated en C:\tools\nginx\html\sistema_biometrico\index.php línea 52
URI: /reportes/excel
--------------------------------------------------------------------------------
[2026-03-19 12:29:57] [DEPRECATED] session_set_save_handler(): Providing individual callbacks instead of an object implementing SessionHandlerInterface is deprecated en C:\tools\nginx\html\sistema_biometrico\index.php línea 52
URI: /reportes
--------------------------------------------------------------------------------
[2026-03-19 12:29:58] [DEPRECATED] session_set_save_handler(): Providing individual callbacks instead of an object implementing SessionHandlerInterface is deprecated en C:\tools\nginx\html\sistema_biometrico\index.php línea 52
URI: /reportes/excel
--------------------------------------------------------------------------------
[2026-03-19 12:32:38] [DEPRECATED] session_set_save_handler(): Providing individual callbacks instead of an object implementing SessionHandlerInterface is deprecated en C:\tools\nginx\html\sistema_biometrico\index.php línea 52
URI: /reportes/excel
--------------------------------------------------------------------------------
[2026-03-19 12:32:59] [DEPRECATED] session_set_save_handler(): Providing individual callbacks instead of an object implementing SessionHandlerInterface is deprecated en C:\tools\nginx\html\sistema_biometrico\index.php línea 52
URI: /reportes/excel?ajax=1&tipo_registro=&departamento=&empleado_id=&estado=&fecha_inicio=2026-02-01&fecha_fin=2026-03-31
--------------------------------------------------------------------------------
[2026-03-19 12:48:05] [DEPRECATED] session_set_save_handler(): Providing individual callbacks instead of an object implementing SessionHandlerInterface is deprecated en C:\tools\nginx\html\sistema_biometrico\index.php línea 52
URI: /reportes/excel
--------------------------------------------------------------------------------
[2026-03-19 12:48:09] [DEPRECATED] session_set_save_handler(): Providing individual callbacks instead of an object implementing SessionHandlerInterface is deprecated en C:\tools\nginx\html\sistema_biometrico\index.php línea 52
URI: /reportes/excel
--------------------------------------------------------------------------------
[2026-03-19 12:48:30] [DEPRECATED] session_set_save_handler(): Providing individual callbacks instead of an object implementing SessionHandlerInterface is deprecated en C:\tools\nginx\html\sistema_biometrico\index.php línea 52
URI: /api/log-error
--------------------------------------------------------------------------------
[2026-03-19 12:48:34] [DEPRECATED] session_set_save_handler(): Providing individual callbacks instead of an object implementing SessionHandlerInterface is deprecated en C:\tools\nginx\html\sistema_biometrico\index.php línea 52
URI: /api/log-error
--------------------------------------------------------------------------------
[2026-03-19 12:48:40] [DEPRECATED] session_set_save_handler(): Providing individual callbacks instead of an object implementing SessionHandlerInterface is deprecated en C:\tools\nginx\html\sistema_biometrico\index.php línea 52
URI: /reportes/excel
--------------------------------------------------------------------------------
[2026-03-19 12:48:51] [DEPRECATED] session_set_save_handler(): Providing individual callbacks instead of an object implementing SessionHandlerInterface is deprecated en C:\tools\nginx\html\sistema_biometrico\index.php línea 52
URI: /.well-known/appspecific/com.chrome.devtools.json
--------------------------------------------------------------------------------
[2026-03-19 12:50:23] [DEPRECATED] session_set_save_handler(): Providing individual callbacks instead of an object implementing SessionHandlerInterface is deprecated en C:\tools\nginx\html\sistema_biometrico\index.php línea 52
URI: /reportes/excel
--------------------------------------------------------------------------------
[2026-03-19 12:50:24] [DEPRECATED] session_set_save_handler(): Providing individual callbacks instead of an object implementing SessionHandlerInterface is deprecated en C:\tools\nginx\html\sistema_biometrico\index.php línea 52
URI: /.well-known/appspecific/com.chrome.devtools.json
--------------------------------------------------------------------------------
[2026-03-19 12:50:28] [DEPRECATED] session_set_save_handler(): Providing individual callbacks instead of an object implementing SessionHandlerInterface is deprecated en C:\tools\nginx\html\sistema_biometrico\index.php línea 52
URI: /reportes/excel
--------------------------------------------------------------------------------
[2026-03-19 12:50:28] [DEPRECATED] session_set_save_handler(): Providing individual callbacks instead of an object implementing SessionHandlerInterface is deprecated en C:\tools\nginx\html\sistema_biometrico\index.php línea 52
URI: /.well-known/appspecific/com.chrome.devtools.json
--------------------------------------------------------------------------------
[2026-03-19 12:50:30] [DEPRECATED] session_set_save_handler(): Providing individual callbacks instead of an object implementing SessionHandlerInterface is deprecated en C:\tools\nginx\html\sistema_biometrico\index.php línea 52
URI: /reportes/excel
--------------------------------------------------------------------------------
[2026-03-19 12:50:30] [DEPRECATED] session_set_save_handler(): Providing individual callbacks instead of an object implementing SessionHandlerInterface is deprecated en C:\tools\nginx\html\sistema_biometrico\index.php línea 52
URI: /.well-known/appspecific/com.chrome.devtools.json
--------------------------------------------------------------------------------
[2026-03-19 12:50:30] [DEPRECATED] session_set_save_handler(): Providing individual callbacks instead of an object implementing SessionHandlerInterface is deprecated en C:\tools\nginx\html\sistema_biometrico\index.php línea 52
URI: /reportes/excel
--------------------------------------------------------------------------------
[2026-03-19 12:50:30] [DEPRECATED] session_set_save_handler(): Providing individual callbacks instead of an object implementing SessionHandlerInterface is deprecated en C:\tools\nginx\html\sistema_biometrico\index.php línea 52
URI: /reportes/excel
--------------------------------------------------------------------------------
[2026-03-19 12:50:30] [DEPRECATED] session_set_save_handler(): Providing individual callbacks instead of an object implementing SessionHandlerInterface is deprecated en C:\tools\nginx\html\sistema_biometrico\index.php línea 52
URI: /.well-known/appspecific/com.chrome.devtools.json
--------------------------------------------------------------------------------
[2026-03-19 12:50:30] [DEPRECATED] session_set_save_handler(): Providing individual callbacks instead of an object implementing SessionHandlerInterface is deprecated en C:\tools\nginx\html\sistema_biometrico\index.php línea 52
URI: /reportes/excel
--------------------------------------------------------------------------------
[2026-03-19 12:50:30] [DEPRECATED] session_set_save_handler(): Providing individual callbacks instead of an object implementing SessionHandlerInterface is deprecated en C:\tools\nginx\html\sistema_biometrico\index.php línea 52
URI: /.well-known/appspecific/com.chrome.devtools.json
--------------------------------------------------------------------------------
[2026-03-19 12:50:30] [DEPRECATED] session_set_save_handler(): Providing individual callbacks instead of an object implementing SessionHandlerInterface is deprecated en C:\tools\nginx\html\sistema_biometrico\index.php línea 52
URI: /reportes/excel
--------------------------------------------------------------------------------
[2026-03-19 12:50:31] [DEPRECATED] session_set_save_handler(): Providing individual callbacks instead of an object implementing SessionHandlerInterface is deprecated en C:\tools\nginx\html\sistema_biometrico\index.php línea 52
URI: /.well-known/appspecific/com.chrome.devtools.json
--------------------------------------------------------------------------------
[2026-03-19 12:50:31] [DEPRECATED] session_set_save_handler(): Providing individual callbacks instead of an object implementing SessionHandlerInterface is deprecated en C:\tools\nginx\html\sistema_biometrico\index.php línea 52
URI: /.well-known/appspecific/com.chrome.devtools.json
--------------------------------------------------------------------------------
[2026-03-19 12:50:31] [DEPRECATED] session_set_save_handler(): Providing individual callbacks instead of an object implementing SessionHandlerInterface is deprecated en C:\tools\nginx\html\sistema_biometrico\index.php línea 52
URI: /reportes/excel
--------------------------------------------------------------------------------
[2026-03-19 12:50:31] [DEPRECATED] session_set_save_handler(): Providing individual callbacks instead of an object implementing SessionHandlerInterface is deprecated en C:\tools\nginx\html\sistema_biometrico\index.php línea 52
URI: /.well-known/appspecific/com.chrome.devtools.json
--------------------------------------------------------------------------------
[2026-03-19 12:50:36] [DEPRECATED] session_set_save_handler(): Providing individual callbacks instead of an object implementing SessionHandlerInterface is deprecated en C:\tools\nginx\html\sistema_biometrico\index.php línea 52
URI: /logout
--------------------------------------------------------------------------------
[2026-03-19 12:50:36] [DEPRECATED] session_set_save_handler(): Providing individual callbacks instead of an object implementing SessionHandlerInterface is deprecated en C:\tools\nginx\html\sistema_biometrico\index.php línea 52
URI: /login
--------------------------------------------------------------------------------
[2026-03-19 12:50:36] [DEPRECATED] session_set_save_handler(): Providing individual callbacks instead of an object implementing SessionHandlerInterface is deprecated en C:\tools\nginx\html\sistema_biometrico\index.php línea 52
URI: /.well-known/appspecific/com.chrome.devtools.json
--------------------------------------------------------------------------------
[2026-03-19 12:50:36] [DEPRECATED] session_set_save_handler(): Providing individual callbacks instead of an object implementing SessionHandlerInterface is deprecated en C:\tools\nginx\html\sistema_biometrico\index.php línea 52
URI: /login
--------------------------------------------------------------------------------
[2026-03-19 12:51:55] [DEPRECATED] session_set_save_handler(): Providing individual callbacks instead of an object implementing SessionHandlerInterface is deprecated en C:\tools\nginx\html\sistema_biometrico\index.php línea 52
URI: /login
--------------------------------------------------------------------------------
[2026-03-19 12:51:55] [DEPRECATED] session_set_save_handler(): Providing individual callbacks instead of an object implementing SessionHandlerInterface is deprecated en C:\tools\nginx\html\sistema_biometrico\index.php línea 52
URI: /dashboard
--------------------------------------------------------------------------------
[2026-03-19 12:51:59] [DEPRECATED] session_set_save_handler(): Providing individual callbacks instead of an object implementing SessionHandlerInterface is deprecated en C:\tools\nginx\html\sistema_biometrico\index.php línea 52
URI: /.well-known/appspecific/com.chrome.devtools.json
--------------------------------------------------------------------------------
[2026-03-19 12:52:20] [DEPRECATED] session_set_save_handler(): Providing individual callbacks instead of an object implementing SessionHandlerInterface is deprecated en C:\tools\nginx\html\sistema_biometrico\index.php línea 52
URI: /reportes/excel
--------------------------------------------------------------------------------
[2026-03-19 12:52:20] [DEPRECATED] session_set_save_handler(): Providing individual callbacks instead of an object implementing SessionHandlerInterface is deprecated en C:\tools\nginx\html\sistema_biometrico\index.php línea 52
URI: /.well-known/appspecific/com.chrome.devtools.json
--------------------------------------------------------------------------------
[2026-03-19 12:52:34] [DEPRECATED] session_set_save_handler(): Providing individual callbacks instead of an object implementing SessionHandlerInterface is deprecated en C:\tools\nginx\html\sistema_biometrico\index.php línea 52
URI: /reportes/excel?ajax=1&tipo_registro=&departamento=&empleado_id=&estado=&fecha_inicio=2026-02-01&fecha_fin=2026-03-31
--------------------------------------------------------------------------------
[2026-03-19 13:07:58] [DEPRECATED] session_set_save_handler(): Providing individual callbacks instead of an object implementing SessionHandlerInterface is deprecated en C:\tools\nginx\html\sistema_biometrico\index.php línea 52
URI: /reportes/excel
--------------------------------------------------------------------------------
[2026-03-19 13:08:24] [DEPRECATED] session_set_save_handler(): Providing individual callbacks instead of an object implementing SessionHandlerInterface is deprecated en C:\tools\nginx\html\sistema_biometrico\index.php línea 52
URI: /reportes/excel?ajax=1&tipo_registro=&departamento=&empleado_id=&estado=&fecha_inicio=2026-02-01&fecha_fin=2026-03-31
--------------------------------------------------------------------------------
[2026-03-19 13:08:27] [DEPRECATED] session_set_save_handler(): Providing individual callbacks instead of an object implementing SessionHandlerInterface is deprecated en C:\tools\nginx\html\sistema_biometrico\index.php línea 52
URI: /api/log-error
--------------------------------------------------------------------------------
[2026-03-19 13:08:36] [DEPRECATED] session_set_save_handler(): Providing individual callbacks instead of an object implementing SessionHandlerInterface is deprecated en C:\tools\nginx\html\sistema_biometrico\index.php línea 52
URI: /.well-known/appspecific/com.chrome.devtools.json
--------------------------------------------------------------------------------
[2026-03-19 13:09:36] [DEPRECATED] session_set_save_handler(): Providing individual callbacks instead of an object implementing SessionHandlerInterface is deprecated en C:\tools\nginx\html\sistema_biometrico\index.php línea 52
URI: /reportes/excel
--------------------------------------------------------------------------------
[2026-03-19 13:09:36] [DEPRECATED] session_set_save_handler(): Providing individual callbacks instead of an object implementing SessionHandlerInterface is deprecated en C:\tools\nginx\html\sistema_biometrico\index.php línea 52
URI: /.well-known/appspecific/com.chrome.devtools.json
--------------------------------------------------------------------------------
[2026-03-19 13:09:46] [DEPRECATED] session_set_save_handler(): Providing individual callbacks instead of an object implementing SessionHandlerInterface is deprecated en C:\tools\nginx\html\sistema_biometrico\index.php línea 52
URI: /reportes/excel
--------------------------------------------------------------------------------
[2026-03-19 13:09:46] [DEPRECATED] session_set_save_handler(): Providing individual callbacks instead of an object implementing SessionHandlerInterface is deprecated en C:\tools\nginx\html\sistema_biometrico\index.php línea 52
URI: /.well-known/appspecific/com.chrome.devtools.json
--------------------------------------------------------------------------------
[2026-03-19 13:10:34] [DEPRECATED] session_set_save_handler(): Providing individual callbacks instead of an object implementing SessionHandlerInterface is deprecated en C:\tools\nginx\html\sistema_biometrico\index.php línea 52
URI: /reportes/excel
--------------------------------------------------------------------------------
[2026-03-19 13:10:40] [DEPRECATED] session_set_save_handler(): Providing individual callbacks instead of an object implementing SessionHandlerInterface is deprecated en C:\tools\nginx\html\sistema_biometrico\index.php línea 52
URI: /reportes/excel?ajax=1&tipo_registro=&departamento=&empleado_id=&estado=&fecha_inicio=2026-02-01&fecha_fin=2026-03-31
--------------------------------------------------------------------------------
[2026-03-19 13:10:44] [DEPRECATED] session_set_save_handler(): Providing individual callbacks instead of an object implementing SessionHandlerInterface is deprecated en C:\tools\nginx\html\sistema_biometrico\index.php línea 52
URI: /api/log-error
--------------------------------------------------------------------------------
[2026-03-19 13:10:51] [DEPRECATED] session_set_save_handler(): Providing individual callbacks instead of an object implementing SessionHandlerInterface is deprecated en C:\tools\nginx\html\sistema_biometrico\index.php línea 52
URI: /.well-known/appspecific/com.chrome.devtools.json
--------------------------------------------------------------------------------
[2026-03-19 13:12:13] [DEPRECATED] session_set_save_handler(): Providing individual callbacks instead of an object implementing SessionHandlerInterface is deprecated en C:\tools\nginx\html\sistema_biometrico\index.php línea 52
URI: /reportes/excel
--------------------------------------------------------------------------------
[2026-03-19 13:12:13] [DEPRECATED] session_set_save_handler(): Providing individual callbacks instead of an object implementing SessionHandlerInterface is deprecated en C:\tools\nginx\html\sistema_biometrico\index.php línea 52
URI: /.well-known/appspecific/com.chrome.devtools.json
--------------------------------------------------------------------------------
[2026-03-19 13:12:26] [DEPRECATED] session_set_save_handler(): Providing individual callbacks instead of an object implementing SessionHandlerInterface is deprecated en C:\tools\nginx\html\sistema_biometrico\index.php línea 52
URI: /reportes/excel
--------------------------------------------------------------------------------
[2026-03-19 13:12:27] [DEPRECATED] session_set_save_handler(): Providing individual callbacks instead of an object implementing SessionHandlerInterface is deprecated en C:\tools\nginx\html\sistema_biometrico\index.php línea 52
URI: /.well-known/appspecific/com.chrome.devtools.json
--------------------------------------------------------------------------------
[2026-03-19 13:12:32] [DEPRECATED] session_set_save_handler(): Providing individual callbacks instead of an object implementing SessionHandlerInterface is deprecated en C:\tools\nginx\html\sistema_biometrico\index.php línea 52
URI: /reportes/excel?ajax=1&tipo_registro=&departamento=&empleado_id=&estado=&fecha_inicio=2026-02-01&fecha_fin=2026-03-31
--------------------------------------------------------------------------------
[2026-03-19 13:22:54] [DEPRECATED] session_set_save_handler(): Providing individual callbacks instead of an object implementing SessionHandlerInterface is deprecated en C:\tools\nginx\html\sistema_biometrico\index.php línea 52
URI: /reportes/excel
--------------------------------------------------------------------------------
[2026-03-19 13:23:00] [DEPRECATED] session_set_save_handler(): Providing individual callbacks instead of an object implementing SessionHandlerInterface is deprecated en C:\tools\nginx\html\sistema_biometrico\index.php línea 52
URI: /reportes/excel?ajax=1&tipo_registro=&departamento=&empleado_id=&estado=&fecha_inicio=2026-02-01&fecha_fin=2026-03-31
--------------------------------------------------------------------------------
[2026-03-19 13:23:03] [DEPRECATED] session_set_save_handler(): Providing individual callbacks instead of an object implementing SessionHandlerInterface is deprecated en C:\tools\nginx\html\sistema_biometrico\index.php línea 52
URI: /api/log-error
--------------------------------------------------------------------------------
[2026-03-19 13:23:10] [DEPRECATED] session_set_save_handler(): Providing individual callbacks instead of an object implementing SessionHandlerInterface is deprecated en C:\tools\nginx\html\sistema_biometrico\index.php línea 52
URI: /.well-known/appspecific/com.chrome.devtools.json
--------------------------------------------------------------------------------
[2026-03-19 13:23:37] [DEPRECATED] session_set_save_handler(): Providing individual callbacks instead of an object implementing SessionHandlerInterface is deprecated en C:\tools\nginx\html\sistema_biometrico\index.php línea 52
URI: /reportes/excel
--------------------------------------------------------------------------------
[2026-03-19 13:23:37] [DEPRECATED] session_set_save_handler(): Providing individual callbacks instead of an object implementing SessionHandlerInterface is deprecated en C:\tools\nginx\html\sistema_biometrico\index.php línea 52
URI: /.well-known/appspecific/com.chrome.devtools.json
--------------------------------------------------------------------------------
[2026-03-19 13:24:37] [DEPRECATED] session_set_save_handler(): Providing individual callbacks instead of an object implementing SessionHandlerInterface is deprecated en C:\tools\nginx\html\sistema_biometrico\index.php línea 52
URI: /reportes/excel
--------------------------------------------------------------------------------
[2026-03-19 13:24:37] [DEPRECATED] session_set_save_handler(): Providing individual callbacks instead of an object implementing SessionHandlerInterface is deprecated en C:\tools\nginx\html\sistema_biometrico\index.php línea 52
URI: /.well-known/appspecific/com.chrome.devtools.json
--------------------------------------------------------------------------------
[2026-03-19 13:24:38] [DEPRECATED] session_set_save_handler(): Providing individual callbacks instead of an object implementing SessionHandlerInterface is deprecated en C:\tools\nginx\html\sistema_biometrico\index.php línea 52
URI: /reportes/excel
--------------------------------------------------------------------------------
[2026-03-19 13:24:38] [DEPRECATED] session_set_save_handler(): Providing individual callbacks instead of an object implementing SessionHandlerInterface is deprecated en C:\tools\nginx\html\sistema_biometrico\index.php línea 52
URI: /.well-known/appspecific/com.chrome.devtools.json
--------------------------------------------------------------------------------
[2026-03-19 13:24:38] [DEPRECATED] session_set_save_handler(): Providing individual callbacks instead of an object implementing SessionHandlerInterface is deprecated en C:\tools\nginx\html\sistema_biometrico\index.php línea 52
URI: /reportes/excel
--------------------------------------------------------------------------------
[2026-03-19 13:24:38] [DEPRECATED] session_set_save_handler(): Providing individual callbacks instead of an object implementing SessionHandlerInterface is deprecated en C:\tools\nginx\html\sistema_biometrico\index.php línea 52
URI: /.well-known/appspecific/com.chrome.devtools.json
--------------------------------------------------------------------------------
[2026-03-19 13:24:38] [DEPRECATED] session_set_save_handler(): Providing individual callbacks instead of an object implementing SessionHandlerInterface is deprecated en C:\tools\nginx\html\sistema_biometrico\index.php línea 52
URI: /reportes/excel
--------------------------------------------------------------------------------
[2026-03-19 13:24:38] [DEPRECATED] session_set_save_handler(): Providing individual callbacks instead of an object implementing SessionHandlerInterface is deprecated en C:\tools\nginx\html\sistema_biometrico\index.php línea 52
URI: /.well-known/appspecific/com.chrome.devtools.json
--------------------------------------------------------------------------------
[2026-03-19 13:24:40] [DEPRECATED] session_set_save_handler(): Providing individual callbacks instead of an object implementing SessionHandlerInterface is deprecated en C:\tools\nginx\html\sistema_biometrico\index.php línea 52
URI: /reportes/excel
--------------------------------------------------------------------------------
[2026-03-19 13:24:40] [DEPRECATED] session_set_save_handler(): Providing individual callbacks instead of an object implementing SessionHandlerInterface is deprecated en C:\tools\nginx\html\sistema_biometrico\index.php línea 52
URI: /.well-known/appspecific/com.chrome.devtools.json
--------------------------------------------------------------------------------
[2026-03-19 13:24:46] [DEPRECATED] session_set_save_handler(): Providing individual callbacks instead of an object implementing SessionHandlerInterface is deprecated en C:\tools\nginx\html\sistema_biometrico\index.php línea 52
URI: /reportes/excel?ajax=1&tipo_registro=&departamento=&empleado_id=&estado=&fecha_inicio=2026-02-01&fecha_fin=2026-03-31
--------------------------------------------------------------------------------
[2026-03-19 13:26:52] [DEPRECATED] session_set_save_handler(): Providing individual callbacks instead of an object implementing SessionHandlerInterface is deprecated en C:\tools\nginx\html\sistema_biometrico\index.php línea 52
URI: /reportes/excel
--------------------------------------------------------------------------------
[2026-03-19 13:26:52] [DEPRECATED] session_set_save_handler(): Providing individual callbacks instead of an object implementing SessionHandlerInterface is deprecated en C:\tools\nginx\html\sistema_biometrico\index.php línea 52
URI: /api/log-error
--------------------------------------------------------------------------------
[2026-03-19 13:26:54] [DEPRECATED] session_set_save_handler(): Providing individual callbacks instead of an object implementing SessionHandlerInterface is deprecated en C:\tools\nginx\html\sistema_biometrico\index.php línea 52
URI: /reportes/excel
--------------------------------------------------------------------------------
[2026-03-19 13:27:11] [DEPRECATED] session_set_save_handler(): Providing individual callbacks instead of an object implementing SessionHandlerInterface is deprecated en C:\tools\nginx\html\sistema_biometrico\index.php línea 52
URI: /reportes/excel?ajax=1&tipo_registro=&departamento=&empleado_id=&estado=&fecha_inicio=2026-02-01&fecha_fin=2026-03-31
--------------------------------------------------------------------------------
[2026-03-19 13:29:16] [DEPRECATED] session_set_save_handler(): Providing individual callbacks instead of an object implementing SessionHandlerInterface is deprecated en C:\tools\nginx\html\sistema_biometrico\index.php línea 52
URI: /reportes/excel?ajax=1&tipo_registro=Comisi%C3%B3n&departamento=&empleado_id=&estado=&fecha_inicio=2026-01-01&fecha_fin=2026-03-31
--------------------------------------------------------------------------------
[2026-03-19 13:29:53] [DEPRECATED] session_set_save_handler(): Providing individual callbacks instead of an object implementing SessionHandlerInterface is deprecated en C:\tools\nginx\html\sistema_biometrico\index.php línea 52
URI: /reportes/excel?ajax=1&tipo_registro=Licencia+M%C3%A9dica&departamento=&empleado_id=&estado=&fecha_inicio=2026-01-01&fecha_fin=2026-03-31
--------------------------------------------------------------------------------
[2026-03-19 13:34:34] [DEPRECATED] session_set_save_handler(): Providing individual callbacks instead of an object implementing SessionHandlerInterface is deprecated en C:\tools\nginx\html\sistema_biometrico\index.php línea 52
URI: /reportes/excel?ajax=1&tipo_registro=&departamento=&empleado_id=&estado=&fecha_inicio=2025-01-01&fecha_fin=2026-03-31
--------------------------------------------------------------------------------
[2026-03-19 13:34:46] [DEPRECATED] session_set_save_handler(): Providing individual callbacks instead of an object implementing SessionHandlerInterface is deprecated en C:\tools\nginx\html\sistema_biometrico\index.php línea 52
URI: /reportes/excel?ajax=1&tipo_registro=Retardo&departamento=&empleado_id=&estado=&fecha_inicio=2025-01-01&fecha_fin=2026-03-31
--------------------------------------------------------------------------------
[2026-03-19 13:36:19] [DEPRECATED] session_set_save_handler(): Providing individual callbacks instead of an object implementing SessionHandlerInterface is deprecated en C:\tools\nginx\html\sistema_biometrico\index.php línea 52
URI: /reportes/excel?ajax=1&tipo_registro=Comisi%C3%B3n&departamento=&empleado_id=&estado=&fecha_inicio=2025-01-01&fecha_fin=2026-03-31
--------------------------------------------------------------------------------
[2026-03-19 13:36:29] [DEPRECATED] session_set_save_handler(): Providing individual callbacks instead of an object implementing SessionHandlerInterface is deprecated en C:\tools\nginx\html\sistema_biometrico\index.php línea 52
URI: /reportes/excel?ajax=1&tipo_registro=&departamento=&empleado_id=&estado=&fecha_inicio=2025-01-01&fecha_fin=2026-03-31
--------------------------------------------------------------------------------
[2026-03-19 13:38:17] [DEPRECATED] session_set_save_handler(): Providing individual callbacks instead of an object implementing SessionHandlerInterface is deprecated en C:\tools\nginx\html\sistema_biometrico\index.php línea 52
URI: /reportes/excel?ajax=1&tipo_registro=&departamento=DAE&empleado_id=&estado=&fecha_inicio=2025-01-01&fecha_fin=2026-03-31
--------------------------------------------------------------------------------
[2026-03-19 13:38:23] [DEPRECATED] session_set_save_handler(): Providing individual callbacks instead of an object implementing SessionHandlerInterface is deprecated en C:\tools\nginx\html\sistema_biometrico\index.php línea 52
URI: /reportes/excel?ajax=1&tipo_registro=&departamento=DATE&empleado_id=&estado=&fecha_inicio=2025-01-01&fecha_fin=2026-03-31
--------------------------------------------------------------------------------
[2026-03-19 13:38:28] [DEPRECATED] session_set_save_handler(): Providing individual callbacks instead of an object implementing SessionHandlerInterface is deprecated en C:\tools\nginx\html\sistema_biometrico\index.php línea 52
URI: /reportes/excel?ajax=1&tipo_registro=&departamento=DPIEP&empleado_id=&estado=&fecha_inicio=2025-01-01&fecha_fin=2026-03-31
--------------------------------------------------------------------------------
[2026-03-19 13:38:36] [DEPRECATED] session_set_save_handler(): Providing individual callbacks instead of an object implementing SessionHandlerInterface is deprecated en C:\tools\nginx\html\sistema_biometrico\index.php línea 52
URI: /reportes/excel?ajax=1&tipo_registro=&departamento=DATEDPD&empleado_id=&estado=&fecha_inicio=2025-01-01&fecha_fin=2026-03-31
--------------------------------------------------------------------------------
[2026-03-19 13:38:45] [DEPRECATED] session_set_save_handler(): Providing individual callbacks instead of an object implementing SessionHandlerInterface is deprecated en C:\tools\nginx\html\sistema_biometrico\index.php línea 52
URI: /reportes/excel?ajax=1&tipo_registro=&departamento=DCPSGR&empleado_id=&estado=&fecha_inicio=2025-01-01&fecha_fin=2026-03-31
--------------------------------------------------------------------------------
[2026-03-19 13:38:49] [DEPRECATED] session_set_save_handler(): Providing individual callbacks instead of an object implementing SessionHandlerInterface is deprecated en C:\tools\nginx\html\sistema_biometrico\index.php línea 52
URI: /reportes/excel?ajax=1&tipo_registro=&departamento=DGPPEE&empleado_id=&estado=&fecha_inicio=2025-01-01&fecha_fin=2026-03-31
--------------------------------------------------------------------------------
[2026-03-19 13:38:56] [DEPRECATED] session_set_save_handler(): Providing individual callbacks instead of an object implementing SessionHandlerInterface is deprecated en C:\tools\nginx\html\sistema_biometrico\index.php línea 52
URI: /reportes/excel?ajax=1&tipo_registro=&departamento=DISE%C3%91O&empleado_id=&estado=&fecha_inicio=2025-01-01&fecha_fin=2026-03-31
--------------------------------------------------------------------------------
[2026-03-19 13:39:00] [DEPRECATED] session_set_save_handler(): Providing individual callbacks instead of an object implementing SessionHandlerInterface is deprecated en C:\tools\nginx\html\sistema_biometrico\index.php línea 52
URI: /reportes/excel?ajax=1&tipo_registro=&departamento=DPE&empleado_id=&estado=&fecha_inicio=2025-01-01&fecha_fin=2026-03-31
--------------------------------------------------------------------------------
[2026-03-19 13:40:40] [DEPRECATED] session_set_save_handler(): Providing individual callbacks instead of an object implementing SessionHandlerInterface is deprecated en C:\tools\nginx\html\sistema_biometrico\index.php línea 52
URI: /reportes/excel?ajax=1&tipo_registro=&departamento=&empleado_id=87&estado=&fecha_inicio=2025-01-01&fecha_fin=2026-03-31
--------------------------------------------------------------------------------
[2026-03-19 13:41:36] [DEPRECATED] session_set_save_handler(): Providing individual callbacks instead of an object implementing SessionHandlerInterface is deprecated en C:\tools\nginx\html\sistema_biometrico\index.php línea 52
URI: /reportes/excel
--------------------------------------------------------------------------------
[2026-03-19 13:42:05] [DEPRECATED] session_set_save_handler(): Providing individual callbacks instead of an object implementing SessionHandlerInterface is deprecated en C:\tools\nginx\html\sistema_biometrico\index.php línea 52
URI: /reportes/excel?ajax=1&tipo_registro=&departamento=&empleado_id=87&estado=&fecha_inicio=2025-01-01&fecha_fin=2026-03-31
--------------------------------------------------------------------------------
[2026-03-19 13:47:14] [DEPRECATED] session_set_save_handler(): Providing individual callbacks instead of an object implementing SessionHandlerInterface is deprecated en C:\tools\nginx\html\sistema_biometrico\index.php línea 52
URI: /empleados
--------------------------------------------------------------------------------
[2026-03-19 13:47:16] [DEPRECATED] session_set_save_handler(): Providing individual callbacks instead of an object implementing SessionHandlerInterface is deprecated en C:\tools\nginx\html\sistema_biometrico\index.php línea 52
URI: /empleados?search=87
--------------------------------------------------------------------------------
[2026-03-19 13:47:19] [DEPRECATED] session_set_save_handler(): Providing individual callbacks instead of an object implementing SessionHandlerInterface is deprecated en C:\tools\nginx\html\sistema_biometrico\index.php línea 52
URI: /empleados/datos-completos/87
--------------------------------------------------------------------------------
[2026-03-19 13:48:10] [DEPRECATED] session_set_save_handler(): Providing individual callbacks instead of an object implementing SessionHandlerInterface is deprecated en C:\tools\nginx\html\sistema_biometrico\index.php línea 52
URI: /justificaciones/get-asistencia-ajax/70526
--------------------------------------------------------------------------------
[2026-03-19 13:48:42] [DEPRECATED] session_set_save_handler(): Providing individual callbacks instead of an object implementing SessionHandlerInterface is deprecated en C:\tools\nginx\html\sistema_biometrico\index.php línea 52
URI: /logout
--------------------------------------------------------------------------------
[2026-03-19 13:48:42] [DEPRECATED] session_set_save_handler(): Providing individual callbacks instead of an object implementing SessionHandlerInterface is deprecated en C:\tools\nginx\html\sistema_biometrico\index.php línea 52
URI: /login
--------------------------------------------------------------------------------
[2026-03-19 13:48:48] [DEPRECATED] session_set_save_handler(): Providing individual callbacks instead of an object implementing SessionHandlerInterface is deprecated en C:\tools\nginx\html\sistema_biometrico\index.php línea 52
URI: /login
--------------------------------------------------------------------------------
[2026-03-19 13:48:48] [DEPRECATED] session_set_save_handler(): Providing individual callbacks instead of an object implementing SessionHandlerInterface is deprecated en C:\tools\nginx\html\sistema_biometrico\index.php línea 52
URI: /dashboard
--------------------------------------------------------------------------------
[2026-03-19 13:48:56] [DEPRECATED] session_set_save_handler(): Providing individual callbacks instead of an object implementing SessionHandlerInterface is deprecated en C:\tools\nginx\html\sistema_biometrico\index.php línea 52
URI: /validaciones
--------------------------------------------------------------------------------
[2026-03-19 13:49:08] [DEPRECATED] session_set_save_handler(): Providing individual callbacks instead of an object implementing SessionHandlerInterface is deprecated en C:\tools\nginx\html\sistema_biometrico\index.php línea 52
URI: /logout
--------------------------------------------------------------------------------
[2026-03-19 13:49:08] [DEPRECATED] session_set_save_handler(): Providing individual callbacks instead of an object implementing SessionHandlerInterface is deprecated en C:\tools\nginx\html\sistema_biometrico\index.php línea 52
URI: /login
--------------------------------------------------------------------------------
[2026-03-19 13:49:14] [DEPRECATED] session_set_save_handler(): Providing individual callbacks instead of an object implementing SessionHandlerInterface is deprecated en C:\tools\nginx\html\sistema_biometrico\index.php línea 52
URI: /login
--------------------------------------------------------------------------------
[2026-03-19 13:49:15] [DEPRECATED] session_set_save_handler(): Providing individual callbacks instead of an object implementing SessionHandlerInterface is deprecated en C:\tools\nginx\html\sistema_biometrico\index.php línea 52
URI: /dashboard
--------------------------------------------------------------------------------
[2026-03-19 13:49:20] [DEPRECATED] session_set_save_handler(): Providing individual callbacks instead of an object implementing SessionHandlerInterface is deprecated en C:\tools\nginx\html\sistema_biometrico\index.php línea 52
URI: /usuarios
--------------------------------------------------------------------------------
[2026-03-19 13:50:00] [DEPRECATED] session_set_save_handler(): Providing individual callbacks instead of an object implementing SessionHandlerInterface is deprecated en C:\tools\nginx\html\sistema_biometrico\index.php línea 52
URI: /usuarios/131/edit-modal
--------------------------------------------------------------------------------
[2026-03-19 13:50:10] [DEPRECATED] session_set_save_handler(): Providing individual callbacks instead of an object implementing SessionHandlerInterface is deprecated en C:\tools\nginx\html\sistema_biometrico\index.php línea 52
URI: /usuarios/update
--------------------------------------------------------------------------------
[2026-03-19 13:50:12] [DEPRECATED] session_set_save_handler(): Providing individual callbacks instead of an object implementing SessionHandlerInterface is deprecated en C:\tools\nginx\html\sistema_biometrico\index.php línea 52
URI: /usuarios
--------------------------------------------------------------------------------
[2026-03-19 13:50:17] [DEPRECATED] session_set_save_handler(): Providing individual callbacks instead of an object implementing SessionHandlerInterface is deprecated en C:\tools\nginx\html\sistema_biometrico\index.php línea 52
URI: /logout
--------------------------------------------------------------------------------
[2026-03-19 13:50:18] [DEPRECATED] session_set_save_handler(): Providing individual callbacks instead of an object implementing SessionHandlerInterface is deprecated en C:\tools\nginx\html\sistema_biometrico\index.php línea 52
URI: /login
--------------------------------------------------------------------------------
[2026-03-19 13:50:23] [DEPRECATED] session_set_save_handler(): Providing individual callbacks instead of an object implementing SessionHandlerInterface is deprecated en C:\tools\nginx\html\sistema_biometrico\index.php línea 52
URI: /login
--------------------------------------------------------------------------------
[2026-03-19 13:50:23] [DEPRECATED] session_set_save_handler(): Providing individual callbacks instead of an object implementing SessionHandlerInterface is deprecated en C:\tools\nginx\html\sistema_biometrico\index.php línea 52
URI: /dashboard
--------------------------------------------------------------------------------
[2026-03-19 13:50:29] [DEPRECATED] session_set_save_handler(): Providing individual callbacks instead of an object implementing SessionHandlerInterface is deprecated en C:\tools\nginx\html\sistema_biometrico\index.php línea 52
URI: /validaciones
--------------------------------------------------------------------------------
[2026-03-19 13:50:30] [DEPRECATED] session_set_save_handler(): Providing individual callbacks instead of an object implementing SessionHandlerInterface is deprecated en C:\tools\nginx\html\sistema_biometrico\index.php línea 52
URI: /validaciones/buscar-empleados?solo_con_incidencias=1
--------------------------------------------------------------------------------
[2026-03-19 13:50:30] [DEPRECATED] session_set_save_handler(): Providing individual callbacks instead of an object implementing SessionHandlerInterface is deprecated en C:\tools\nginx\html\sistema_biometrico\index.php línea 52
URI: /validaciones/obtener-areas
--------------------------------------------------------------------------------
[2026-03-19 13:50:30] [DEPRECATED] session_set_save_handler(): Providing individual callbacks instead of an object implementing SessionHandlerInterface is deprecated en C:\tools\nginx\html\sistema_biometrico\index.php línea 52
URI: /validaciones/estadisticas
--------------------------------------------------------------------------------
[2026-03-19 13:50:59] [DEPRECATED] session_set_save_handler(): Providing individual callbacks instead of an object implementing SessionHandlerInterface is deprecated en C:\tools\nginx\html\sistema_biometrico\index.php línea 52
URI: /validaciones/estadisticas
--------------------------------------------------------------------------------
[2026-03-19 13:51:30] [DEPRECATED] session_set_save_handler(): Providing individual callbacks instead of an object implementing SessionHandlerInterface is deprecated en C:\tools\nginx\html\sistema_biometrico\index.php línea 52
URI: /validaciones/estadisticas
--------------------------------------------------------------------------------
[2026-03-19 13:51:59] [DEPRECATED] session_set_save_handler(): Providing individual callbacks instead of an object implementing SessionHandlerInterface is deprecated en C:\tools\nginx\html\sistema_biometrico\index.php línea 52
URI: /validaciones/estadisticas
--------------------------------------------------------------------------------
[2026-03-19 13:52:29] [DEPRECATED] session_set_save_handler(): Providing individual callbacks instead of an object implementing SessionHandlerInterface is deprecated en C:\tools\nginx\html\sistema_biometrico\index.php línea 52
URI: /validaciones/estadisticas
--------------------------------------------------------------------------------
[2026-03-19 13:52:48] [DEPRECATED] session_set_save_handler(): Providing individual callbacks instead of an object implementing SessionHandlerInterface is deprecated en C:\tools\nginx\html\sistema_biometrico\index.php línea 52
URI: /validaciones/incidencias-empleados
--------------------------------------------------------------------------------
[2026-03-19 13:53:00] [DEPRECATED] session_set_save_handler(): Providing individual callbacks instead of an object implementing SessionHandlerInterface is deprecated en C:\tools\nginx\html\sistema_biometrico\index.php línea 52
URI: /validaciones/estadisticas
--------------------------------------------------------------------------------
[2026-03-19 13:53:07] [DEPRECATED] session_set_save_handler(): Providing individual callbacks instead of an object implementing SessionHandlerInterface is deprecated en C:\tools\nginx\html\sistema_biometrico\index.php línea 52
URI: /validaciones/incidencias-empleados
--------------------------------------------------------------------------------
[2026-03-19 13:53:29] [DEPRECATED] session_set_save_handler(): Providing individual callbacks instead of an object implementing SessionHandlerInterface is deprecated en C:\tools\nginx\html\sistema_biometrico\index.php línea 52
URI: /validaciones/estadisticas
--------------------------------------------------------------------------------
[2026-03-19 13:53:59] [DEPRECATED] session_set_save_handler(): Providing individual callbacks instead of an object implementing SessionHandlerInterface is deprecated en C:\tools\nginx\html\sistema_biometrico\index.php línea 52
URI: /validaciones/estadisticas
--------------------------------------------------------------------------------
[2026-03-19 13:54:29] [DEPRECATED] session_set_save_handler(): Providing individual callbacks instead of an object implementing SessionHandlerInterface is deprecated en C:\tools\nginx\html\sistema_biometrico\index.php línea 52
URI: /validaciones/estadisticas
--------------------------------------------------------------------------------
[2026-03-19 13:54:59] [DEPRECATED] session_set_save_handler(): Providing individual callbacks instead of an object implementing SessionHandlerInterface is deprecated en C:\tools\nginx\html\sistema_biometrico\index.php línea 52
URI: /validaciones/estadisticas
--------------------------------------------------------------------------------
[2026-03-19 13:55:07] [DEPRECATED] session_set_save_handler(): Providing individual callbacks instead of an object implementing SessionHandlerInterface is deprecated en C:\tools\nginx\html\sistema_biometrico\index.php línea 52
URI: /validaciones/obtener-incidencia/3101?origen=retardos
--------------------------------------------------------------------------------
[2026-03-19 13:55:29] [DEPRECATED] session_set_save_handler(): Providing individual callbacks instead of an object implementing SessionHandlerInterface is deprecated en C:\tools\nginx\html\sistema_biometrico\index.php línea 52
URI: /validaciones/estadisticas
--------------------------------------------------------------------------------
[2026-03-19 13:56:00] [DEPRECATED] session_set_save_handler(): Providing individual callbacks instead of an object implementing SessionHandlerInterface is deprecated en C:\tools\nginx\html\sistema_biometrico\index.php línea 52
URI: /validaciones/estadisticas
--------------------------------------------------------------------------------
[2026-03-19 13:56:01] [DEPRECATED] session_set_save_handler(): Providing individual callbacks instead of an object implementing SessionHandlerInterface is deprecated en C:\tools\nginx\html\sistema_biometrico\index.php línea 52
URI: /empleados
--------------------------------------------------------------------------------
[2026-03-19 13:56:03] [DEPRECATED] session_set_save_handler(): Providing individual callbacks instead of an object implementing SessionHandlerInterface is deprecated en C:\tools\nginx\html\sistema_biometrico\index.php línea 52
URI: /empleados?search=82
--------------------------------------------------------------------------------
[2026-03-19 13:56:07] [DEPRECATED] session_set_save_handler(): Providing individual callbacks instead of an object implementing SessionHandlerInterface is deprecated en C:\tools\nginx\html\sistema_biometrico\index.php línea 52
URI: /empleados/datos-completos/82
--------------------------------------------------------------------------------
[2026-03-19 13:56:29] [DEPRECATED] session_set_save_handler(): Providing individual callbacks instead of an object implementing SessionHandlerInterface is deprecated en C:\tools\nginx\html\sistema_biometrico\index.php línea 52
URI: /justificaciones/get-retardo/3097
--------------------------------------------------------------------------------
[2026-03-19 13:56:39] [DEPRECATED] session_set_save_handler(): Providing individual callbacks instead of an object implementing SessionHandlerInterface is deprecated en C:\tools\nginx\html\sistema_biometrico\index.php línea 52
URI: /justificaciones/ajax-justificar
--------------------------------------------------------------------------------
[2026-03-19 13:57:15] [DEPRECATED] session_set_save_handler(): Providing individual callbacks instead of an object implementing SessionHandlerInterface is deprecated en C:\tools\nginx\html\sistema_biometrico\index.php línea 52
URI: /justificaciones/get-retardo/3098
--------------------------------------------------------------------------------
[2026-03-19 13:57:22] [DEPRECATED] session_set_save_handler(): Providing individual callbacks instead of an object implementing SessionHandlerInterface is deprecated en C:\tools\nginx\html\sistema_biometrico\index.php línea 52
URI: /justificaciones/ajax-justificar
--------------------------------------------------------------------------------
[2026-03-19 13:57:36] [DEPRECATED] session_set_save_handler(): Providing individual callbacks instead of an object implementing SessionHandlerInterface is deprecated en C:\tools\nginx\html\sistema_biometrico\index.php línea 52
URI: /justificaciones/get-retardo/3099
--------------------------------------------------------------------------------
[2026-03-19 13:57:41] [DEPRECATED] session_set_save_handler(): Providing individual callbacks instead of an object implementing SessionHandlerInterface is deprecated en C:\tools\nginx\html\sistema_biometrico\index.php línea 52
URI: /justificaciones/ajax-justificar
--------------------------------------------------------------------------------
[2026-03-19 13:57:44] [DEPRECATED] session_set_save_handler(): Providing individual callbacks instead of an object implementing SessionHandlerInterface is deprecated en C:\tools\nginx\html\sistema_biometrico\index.php línea 52
URI: /justificaciones/get-retardo/3100
--------------------------------------------------------------------------------
[2026-03-19 13:57:45] [DEPRECATED] session_set_save_handler(): Providing individual callbacks instead of an object implementing SessionHandlerInterface is deprecated en C:\tools\nginx\html\sistema_biometrico\index.php línea 52
URI: /justificaciones/ajax-justificar
--------------------------------------------------------------------------------
[2026-03-19 13:57:48] [DEPRECATED] session_set_save_handler(): Providing individual callbacks instead of an object implementing SessionHandlerInterface is deprecated en C:\tools\nginx\html\sistema_biometrico\index.php línea 52
URI: /justificaciones/ajax-justificar
--------------------------------------------------------------------------------
[2026-03-19 13:58:01] [DEPRECATED] session_set_save_handler(): Providing individual callbacks instead of an object implementing SessionHandlerInterface is deprecated en C:\tools\nginx\html\sistema_biometrico\index.php línea 52
URI: /justificaciones/ajax-justificar
--------------------------------------------------------------------------------
[2026-03-19 13:58:02] [DEPRECATED] session_set_save_handler(): Providing individual callbacks instead of an object implementing SessionHandlerInterface is deprecated en C:\tools\nginx\html\sistema_biometrico\index.php línea 52
URI: /justificaciones/ajax-justificar
--------------------------------------------------------------------------------
[2026-03-19 13:58:24] [DEPRECATED] session_set_save_handler(): Providing individual callbacks instead of an object implementing SessionHandlerInterface is deprecated en C:\tools\nginx\html\sistema_biometrico\index.php línea 52
URI: /justificaciones/ajax-justificar
--------------------------------------------------------------------------------
[2026-03-19 13:58:24] [DEPRECATED] session_set_save_handler(): Providing individual callbacks instead of an object implementing SessionHandlerInterface is deprecated en C:\tools\nginx\html\sistema_biometrico\index.php línea 52
URI: /justificaciones/ajax-justificar
--------------------------------------------------------------------------------
[2026-03-19 13:58:25] [DEPRECATED] session_set_save_handler(): Providing individual callbacks instead of an object implementing SessionHandlerInterface is deprecated en C:\tools\nginx\html\sistema_biometrico\index.php línea 52
URI: /justificaciones/ajax-justificar
--------------------------------------------------------------------------------
[2026-03-19 13:58:25] [DEPRECATED] session_set_save_handler(): Providing individual callbacks instead of an object implementing SessionHandlerInterface is deprecated en C:\tools\nginx\html\sistema_biometrico\index.php línea 52
URI: /justificaciones/ajax-justificar
--------------------------------------------------------------------------------
[2026-03-19 13:58:25] [DEPRECATED] session_set_save_handler(): Providing individual callbacks instead of an object implementing SessionHandlerInterface is deprecated en C:\tools\nginx\html\sistema_biometrico\index.php línea 52
URI: /justificaciones/ajax-justificar
--------------------------------------------------------------------------------
[2026-03-19 13:58:31] [DEPRECATED] session_set_save_handler(): Providing individual callbacks instead of an object implementing SessionHandlerInterface is deprecated en C:\tools\nginx\html\sistema_biometrico\index.php línea 52
URI: /justificaciones/get-retardo/3100
--------------------------------------------------------------------------------
[2026-03-19 13:58:51] [DEPRECATED] session_set_save_handler(): Providing individual callbacks instead of an object implementing SessionHandlerInterface is deprecated en C:\tools\nginx\html\sistema_biometrico\index.php línea 52
URI: /justificaciones/get-retardo/3101
--------------------------------------------------------------------------------
[2026-03-19 13:59:25] [DEPRECATED] session_set_save_handler(): Providing individual callbacks instead of an object implementing SessionHandlerInterface is deprecated en C:\tools\nginx\html\sistema_biometrico\index.php línea 52
URI: /justificaciones/ajax-justificar
--------------------------------------------------------------------------------
[2026-03-19 13:59:34] [DEPRECATED] session_set_save_handler(): Providing individual callbacks instead of an object implementing SessionHandlerInterface is deprecated en C:\tools\nginx\html\sistema_biometrico\index.php línea 52
URI: /justificaciones/ajax-justificar
--------------------------------------------------------------------------------
[2026-03-19 13:59:40] [DEPRECATED] session_set_save_handler(): Providing individual callbacks instead of an object implementing SessionHandlerInterface is deprecated en C:\tools\nginx\html\sistema_biometrico\index.php línea 52
URI: /empleados?search=82
--------------------------------------------------------------------------------
[2026-03-19 13:59:45] [DEPRECATED] session_set_save_handler(): Providing individual callbacks instead of an object implementing SessionHandlerInterface is deprecated en C:\tools\nginx\html\sistema_biometrico\index.php línea 52
URI: /empleados/datos-completos/82
--------------------------------------------------------------------------------
[2026-03-19 14:00:49] [DEPRECATED] session_set_save_handler(): Providing individual callbacks instead of an object implementing SessionHandlerInterface is deprecated en C:\tools\nginx\html\sistema_biometrico\index.php línea 52
URI: /reportes/excel
--------------------------------------------------------------------------------
[2026-03-19 14:04:23] [DEPRECATED] session_set_save_handler(): Providing individual callbacks instead of an object implementing SessionHandlerInterface is deprecated en C:\tools\nginx\html\sistema_biometrico\index.php línea 52
URI: /reportes
--------------------------------------------------------------------------------
[2026-03-19 14:04:31] [DEPRECATED] session_set_save_handler(): Providing individual callbacks instead of an object implementing SessionHandlerInterface is deprecated en C:\tools\nginx\html\sistema_biometrico\index.php línea 52
URI: /reportes/excel
--------------------------------------------------------------------------------
[2026-03-19 14:04:33] [DEPRECATED] session_set_save_handler(): Providing individual callbacks instead of an object implementing SessionHandlerInterface is deprecated en C:\tools\nginx\html\sistema_biometrico\index.php línea 52
URI: /reportes
--------------------------------------------------------------------------------
[2026-03-19 14:04:40] [DEPRECATED] session_set_save_handler(): Providing individual callbacks instead of an object implementing SessionHandlerInterface is deprecated en C:\tools\nginx\html\sistema_biometrico\index.php línea 52
URI: /reportes/excel
--------------------------------------------------------------------------------
[2026-03-19 14:05:04] [DEPRECATED] session_set_save_handler(): Providing individual callbacks instead of an object implementing SessionHandlerInterface is deprecated en C:\tools\nginx\html\sistema_biometrico\index.php línea 52
URI: /reportes/excel?ajax=1&tipo_registro=&departamento=&empleado_id=&estado=&fecha_inicio=2025-01-01&fecha_fin=2025-12-31
--------------------------------------------------------------------------------
[2026-03-19 14:05:04] [DEPRECATED] session_set_save_handler(): Providing individual callbacks instead of an object implementing SessionHandlerInterface is deprecated en C:\tools\nginx\html\sistema_biometrico\index.php línea 52
URI: /api/log-error
--------------------------------------------------------------------------------
[2026-03-19 14:05:04] [DEPRECATED] session_set_save_handler(): Providing individual callbacks instead of an object implementing SessionHandlerInterface is deprecated en C:\tools\nginx\html\sistema_biometrico\index.php línea 52
URI: /api/log-error
--------------------------------------------------------------------------------
[2026-03-19 14:05:15] [DEPRECATED] session_set_save_handler(): Providing individual callbacks instead of an object implementing SessionHandlerInterface is deprecated en C:\tools\nginx\html\sistema_biometrico\index.php línea 52
URI: /logout
--------------------------------------------------------------------------------
[2026-03-19 14:05:15] [DEPRECATED] session_set_save_handler(): Providing individual callbacks instead of an object implementing SessionHandlerInterface is deprecated en C:\tools\nginx\html\sistema_biometrico\index.php línea 52
URI: /login
--------------------------------------------------------------------------------
[2026-03-19 14:08:00] [DEPRECATED] session_set_save_handler(): Providing individual callbacks instead of an object implementing SessionHandlerInterface is deprecated en C:\tools\nginx\html\sistema_biometrico\index.php línea 52
URI: /login
--------------------------------------------------------------------------------
[2026-03-19 14:08:13] [DEPRECATED] session_set_save_handler(): Providing individual callbacks instead of an object implementing SessionHandlerInterface is deprecated en C:\tools\nginx\html\sistema_biometrico\index.php línea 52
URI: /login
--------------------------------------------------------------------------------
[2026-03-19 14:08:14] [DEPRECATED] session_set_save_handler(): Providing individual callbacks instead of an object implementing SessionHandlerInterface is deprecated en C:\tools\nginx\html\sistema_biometrico\index.php línea 52
URI: /dashboard
--------------------------------------------------------------------------------
[2026-03-19 14:09:00] [DEPRECATED] session_set_save_handler(): Providing individual callbacks instead of an object implementing SessionHandlerInterface is deprecated en C:\tools\nginx\html\sistema_biometrico\index.php línea 52
URI: /ciclos
--------------------------------------------------------------------------------
[2026-03-19 14:09:00] [DEPRECATED] session_set_save_handler(): Providing individual callbacks instead of an object implementing SessionHandlerInterface is deprecated en C:\tools\nginx\html\sistema_biometrico\index.php línea 52
URI: /ciclos/json
--------------------------------------------------------------------------------
[2026-03-19 14:09:00] [DEPRECATED] session_set_save_handler(): Providing individual callbacks instead of an object implementing SessionHandlerInterface is deprecated en C:\tools\nginx\html\sistema_biometrico\index.php línea 52
URI: /ciclos/horarios-catalogo
--------------------------------------------------------------------------------
[2026-03-19 14:09:02] [DEPRECATED] session_set_save_handler(): Providing individual callbacks instead of an object implementing SessionHandlerInterface is deprecated en C:\tools\nginx\html\sistema_biometrico\index.php línea 52
URI: /ciclos/bloques/json/5?_=1773950942560
--------------------------------------------------------------------------------
[2026-03-19 14:09:04] [DEPRECATED] session_set_save_handler(): Providing individual callbacks instead of an object implementing SessionHandlerInterface is deprecated en C:\tools\nginx\html\sistema_biometrico\index.php línea 52
URI: /ciclos/bloques/json/21?_=1773950944079
--------------------------------------------------------------------------------
[2026-03-19 14:09:04] [DEPRECATED] session_set_save_handler(): Providing individual callbacks instead of an object implementing SessionHandlerInterface is deprecated en C:\tools\nginx\html\sistema_biometrico\index.php línea 52
URI: /ciclos/bloques/json/6?_=1773950944454
--------------------------------------------------------------------------------
[2026-03-19 14:09:04] [DEPRECATED] session_set_save_handler(): Providing individual callbacks instead of an object implementing SessionHandlerInterface is deprecated en C:\tools\nginx\html\sistema_biometrico\index.php línea 52
URI: /ciclos/bloques/json/19?_=1773950944814
--------------------------------------------------------------------------------
[2026-03-19 14:09:23] [DEPRECATED] session_set_save_handler(): Providing individual callbacks instead of an object implementing SessionHandlerInterface is deprecated en C:\tools\nginx\html\sistema_biometrico\index.php línea 52
URI: /ciclos
--------------------------------------------------------------------------------
[2026-03-19 14:09:23] [DEPRECATED] session_set_save_handler(): Providing individual callbacks instead of an object implementing SessionHandlerInterface is deprecated en C:\tools\nginx\html\sistema_biometrico\index.php línea 52
URI: /ciclos/json
--------------------------------------------------------------------------------
[2026-03-19 14:09:23] [DEPRECATED] session_set_save_handler(): Providing individual callbacks instead of an object implementing SessionHandlerInterface is deprecated en C:\tools\nginx\html\sistema_biometrico\index.php línea 52
URI: /ciclos/horarios-catalogo
--------------------------------------------------------------------------------
[2026-03-19 14:10:22] [DEPRECATED] session_set_save_handler(): Providing individual callbacks instead of an object implementing SessionHandlerInterface is deprecated en C:\tools\nginx\html\sistema_biometrico\index.php línea 52
URI: /ciclos
--------------------------------------------------------------------------------
[2026-03-19 14:10:22] [DEPRECATED] session_set_save_handler(): Providing individual callbacks instead of an object implementing SessionHandlerInterface is deprecated en C:\tools\nginx\html\sistema_biometrico\index.php línea 52
URI: /ciclos/horarios-catalogo
--------------------------------------------------------------------------------
[2026-03-19 14:10:22] [DEPRECATED] session_set_save_handler(): Providing individual callbacks instead of an object implementing SessionHandlerInterface is deprecated en C:\tools\nginx\html\sistema_biometrico\index.php línea 52
URI: /ciclos/json
--------------------------------------------------------------------------------
[2026-03-19 14:10:30] [DEPRECATED] session_set_save_handler(): Providing individual callbacks instead of an object implementing SessionHandlerInterface is deprecated en C:\tools\nginx\html\sistema_biometrico\index.php línea 52
URI: /ciclos
--------------------------------------------------------------------------------
[2026-03-19 14:10:30] [DEPRECATED] session_set_save_handler(): Providing individual callbacks instead of an object implementing SessionHandlerInterface is deprecated en C:\tools\nginx\html\sistema_biometrico\index.php línea 52
URI: /ciclos/json
--------------------------------------------------------------------------------
[2026-03-19 14:10:30] [DEPRECATED] session_set_save_handler(): Providing individual callbacks instead of an object implementing SessionHandlerInterface is deprecated en C:\tools\nginx\html\sistema_biometrico\index.php línea 52
URI: /ciclos/horarios-catalogo
--------------------------------------------------------------------------------
[2026-03-19 14:11:05] [DEPRECATED] session_set_save_handler(): Providing individual callbacks instead of an object implementing SessionHandlerInterface is deprecated en C:\tools\nginx\html\sistema_biometrico\index.php línea 52
URI: /logout
--------------------------------------------------------------------------------
[2026-03-19 14:11:05] [DEPRECATED] session_set_save_handler(): Providing individual callbacks instead of an object implementing SessionHandlerInterface is deprecated en C:\tools\nginx\html\sistema_biometrico\index.php línea 52
URI: /login
--------------------------------------------------------------------------------
[2026-03-19 14:12:51] [DEPRECATED] session_set_save_handler(): Providing individual callbacks instead of an object implementing SessionHandlerInterface is deprecated en C:\tools\nginx\html\sistema_biometrico\index.php línea 52
URI: /login
--------------------------------------------------------------------------------
[2026-03-19 14:13:30] [DEPRECATED] session_set_save_handler(): Providing individual callbacks instead of an object implementing SessionHandlerInterface is deprecated en C:\tools\nginx\html\sistema_biometrico\index.php línea 52
URI: /login
--------------------------------------------------------------------------------
[2026-03-19 14:13:30] [DEPRECATED] session_set_save_handler(): Providing individual callbacks instead of an object implementing SessionHandlerInterface is deprecated en C:\tools\nginx\html\sistema_biometrico\index.php línea 52
URI: /dashboard
--------------------------------------------------------------------------------
[2026-03-19 14:13:37] [DEPRECATED] session_set_save_handler(): Providing individual callbacks instead of an object implementing SessionHandlerInterface is deprecated en C:\tools\nginx\html\sistema_biometrico\index.php línea 52
URI: /reportes/excel
--------------------------------------------------------------------------------
[2026-03-19 14:13:52] [DEPRECATED] session_set_save_handler(): Providing individual callbacks instead of an object implementing SessionHandlerInterface is deprecated en C:\tools\nginx\html\sistema_biometrico\index.php línea 52
URI: /reportes/excel?ajax=1&tipo_registro=Por+Definir&departamento=&empleado_id=&estado=&fecha_inicio=2026-01-01&fecha_fin=2026-03-31
--------------------------------------------------------------------------------
[2026-03-19 14:13:52] [DEPRECATED] session_set_save_handler(): Providing individual callbacks instead of an object implementing SessionHandlerInterface is deprecated en C:\tools\nginx\html\sistema_biometrico\index.php línea 52
URI: /api/log-error
--------------------------------------------------------------------------------
[2026-03-19 14:13:52] [DEPRECATED] session_set_save_handler(): Providing individual callbacks instead of an object implementing SessionHandlerInterface is deprecated en C:\tools\nginx\html\sistema_biometrico\index.php línea 52
URI: /api/log-error
--------------------------------------------------------------------------------
[2026-03-19 14:14:04] [DEPRECATED] session_set_save_handler(): Providing individual callbacks instead of an object implementing SessionHandlerInterface is deprecated en C:\tools\nginx\html\sistema_biometrico\index.php línea 52
URI: /.well-known/appspecific/com.chrome.devtools.json
--------------------------------------------------------------------------------
[2026-03-19 14:15:01] [DEPRECATED] session_set_save_handler(): Providing individual callbacks instead of an object implementing SessionHandlerInterface is deprecated en C:\tools\nginx\html\sistema_biometrico\index.php línea 52
URI: /reportes/excel
--------------------------------------------------------------------------------
[2026-03-19 14:15:01] [DEPRECATED] session_set_save_handler(): Providing individual callbacks instead of an object implementing SessionHandlerInterface is deprecated en C:\tools\nginx\html\sistema_biometrico\index.php línea 52
URI: /.well-known/appspecific/com.chrome.devtools.json
--------------------------------------------------------------------------------
[2026-03-19 14:16:10] [DEPRECATED] session_set_save_handler(): Providing individual callbacks instead of an object implementing SessionHandlerInterface is deprecated en C:\tools\nginx\html\sistema_biometrico\index.php línea 52
URI: /reportes/excel
--------------------------------------------------------------------------------
[2026-03-19 14:16:11] [DEPRECATED] session_set_save_handler(): Providing individual callbacks instead of an object implementing SessionHandlerInterface is deprecated en C:\tools\nginx\html\sistema_biometrico\index.php línea 52
URI: /.well-known/appspecific/com.chrome.devtools.json
--------------------------------------------------------------------------------
[2026-03-19 14:16:40] [DEPRECATED] session_set_save_handler(): Providing individual callbacks instead of an object implementing SessionHandlerInterface is deprecated en C:\tools\nginx\html\sistema_biometrico\index.php línea 52
URI: /reportes/excel
--------------------------------------------------------------------------------
[2026-03-19 14:16:51] [DEPRECATED] session_set_save_handler(): Providing individual callbacks instead of an object implementing SessionHandlerInterface is deprecated en C:\tools\nginx\html\sistema_biometrico\index.php línea 52
URI: /reportes/excel?ajax=1&tipo_registro=Por+Definir&departamento=&empleado_id=&estado=&fecha_inicio=2026-02-01&fecha_fin=2026-03-31
--------------------------------------------------------------------------------
[2026-03-19 14:17:04] [DEPRECATED] session_set_save_handler(): Providing individual callbacks instead of an object implementing SessionHandlerInterface is deprecated en C:\tools\nginx\html\sistema_biometrico\index.php línea 52
URI: /reportes/excel?ajax=1&tipo_registro=Por+Definir&departamento=&empleado_id=&estado=&fecha_inicio=2025-01-01&fecha_fin=2026-03-31
--------------------------------------------------------------------------------
[2026-03-19 14:17:07] [DEPRECATED] session_set_save_handler(): Providing individual callbacks instead of an object implementing SessionHandlerInterface is deprecated en C:\tools\nginx\html\sistema_biometrico\index.php línea 52
URI: /reportes/excel?ajax=1&tipo_registro=Por+Definir&departamento=&empleado_id=&estado=&fecha_inicio=2025-01-01&fecha_fin=2026-03-31
--------------------------------------------------------------------------------
[2026-03-19 14:17:17] [DEPRECATED] session_set_save_handler(): Providing individual callbacks instead of an object implementing SessionHandlerInterface is deprecated en C:\tools\nginx\html\sistema_biometrico\index.php línea 52
URI: /reportes/excel?ajax=1&tipo_registro=&departamento=&empleado_id=&estado=&fecha_inicio=2025-01-01&fecha_fin=2026-03-31
--------------------------------------------------------------------------------
[2026-03-19 14:17:23] [DEPRECATED] session_set_save_handler(): Providing individual callbacks instead of an object implementing SessionHandlerInterface is deprecated en C:\tools\nginx\html\sistema_biometrico\index.php línea 52
URI: /reportes/excel?ajax=1&tipo_registro=Por+Definir&departamento=&empleado_id=&estado=&fecha_inicio=2025-01-01&fecha_fin=2026-03-31
--------------------------------------------------------------------------------
[2026-03-19 14:18:18] [DEPRECATED] session_set_save_handler(): Providing individual callbacks instead of an object implementing SessionHandlerInterface is deprecated en C:\tools\nginx\html\sistema_biometrico\index.php línea 52
URI: /.well-known/appspecific/com.chrome.devtools.json
--------------------------------------------------------------------------------
[2026-03-19 14:18:22] [DEPRECATED] session_set_save_handler(): Providing individual callbacks instead of an object implementing SessionHandlerInterface is deprecated en C:\tools\nginx\html\sistema_biometrico\index.php línea 52
URI: /reportes/excel
--------------------------------------------------------------------------------
[2026-03-19 14:18:22] [DEPRECATED] session_set_save_handler(): Providing individual callbacks instead of an object implementing SessionHandlerInterface is deprecated en C:\tools\nginx\html\sistema_biometrico\index.php línea 52
URI: /.well-known/appspecific/com.chrome.devtools.json
--------------------------------------------------------------------------------
[2026-03-19 14:18:56] [DEPRECATED] session_set_save_handler(): Providing individual callbacks instead of an object implementing SessionHandlerInterface is deprecated en C:\tools\nginx\html\sistema_biometrico\index.php línea 52
URI: /logout
--------------------------------------------------------------------------------
[2026-03-19 14:18:56] [DEPRECATED] session_set_save_handler(): Providing individual callbacks instead of an object implementing SessionHandlerInterface is deprecated en C:\tools\nginx\html\sistema_biometrico\index.php línea 52
URI: /login
--------------------------------------------------------------------------------
[2026-03-19 14:21:32] [DEPRECATED] session_set_save_handler(): Providing individual callbacks instead of an object implementing SessionHandlerInterface is deprecated en C:\tools\nginx\html\sistema_biometrico\index.php línea 52
URI: /login
--------------------------------------------------------------------------------
[2026-03-19 14:21:32] [DEPRECATED] session_set_save_handler(): Providing individual callbacks instead of an object implementing SessionHandlerInterface is deprecated en C:\tools\nginx\html\sistema_biometrico\index.php línea 52
URI: /api/log-error
--------------------------------------------------------------------------------
[2026-03-19 14:21:34] [DEPRECATED] session_set_save_handler(): Providing individual callbacks instead of an object implementing SessionHandlerInterface is deprecated en C:\tools\nginx\html\sistema_biometrico\index.php línea 52
URI: /login
--------------------------------------------------------------------------------
[2026-03-19 14:21:40] [DEPRECATED] session_set_save_handler(): Providing individual callbacks instead of an object implementing SessionHandlerInterface is deprecated en C:\tools\nginx\html\sistema_biometrico\index.php línea 52
URI: /login
--------------------------------------------------------------------------------
[2026-03-19 14:21:53] [DEPRECATED] session_set_save_handler(): Providing individual callbacks instead of an object implementing SessionHandlerInterface is deprecated en C:\tools\nginx\html\sistema_biometrico\index.php línea 52
URI: /login
--------------------------------------------------------------------------------
[2026-03-19 14:21:54] [DEPRECATED] session_set_save_handler(): Providing individual callbacks instead of an object implementing SessionHandlerInterface is deprecated en C:\tools\nginx\html\sistema_biometrico\index.php línea 52
URI: /dashboard
--------------------------------------------------------------------------------
[2026-03-19 14:22:00] [DEPRECATED] session_set_save_handler(): Providing individual callbacks instead of an object implementing SessionHandlerInterface is deprecated en C:\tools\nginx\html\sistema_biometrico\index.php línea 52
URI: /reportes/excel
--------------------------------------------------------------------------------
[2026-03-19 14:22:07] [DEPRECATED] session_set_save_handler(): Providing individual callbacks instead of an object implementing SessionHandlerInterface is deprecated en C:\tools\nginx\html\sistema_biometrico\index.php línea 52
URI: /reportes/excel?ajax=1&tipo_registro=&departamento=&empleado_id=&estado=&fecha_inicio=2025-01-01&fecha_fin=2026-03-31
--------------------------------------------------------------------------------
[2026-03-19 14:23:38] [DEPRECATED] session_set_save_handler(): Providing individual callbacks instead of an object implementing SessionHandlerInterface is deprecated en C:\tools\nginx\html\sistema_biometrico\index.php línea 52
URI: /reportes/excel
--------------------------------------------------------------------------------
[2026-03-19 14:23:41] [DEPRECATED] session_set_save_handler(): Providing individual callbacks instead of an object implementing SessionHandlerInterface is deprecated en C:\tools\nginx\html\sistema_biometrico\index.php línea 52
URI: /reportes/excel?ajax=1&tipo_registro=&departamento=&empleado_id=&estado=&fecha_inicio=2026-03-01&fecha_fin=2026-03-31
--------------------------------------------------------------------------------
[2026-03-19 14:23:53] [DEPRECATED] session_set_save_handler(): Providing individual callbacks instead of an object implementing SessionHandlerInterface is deprecated en C:\tools\nginx\html\sistema_biometrico\index.php línea 52
URI: /reportes/excel?ajax=1&tipo_registro=&departamento=&empleado_id=&estado=&fecha_inicio=2026-01-01&fecha_fin=2026-03-31
--------------------------------------------------------------------------------
[2026-03-19 14:29:50] [DEPRECATED] session_set_save_handler(): Providing individual callbacks instead of an object implementing SessionHandlerInterface is deprecated en C:\tools\nginx\html\sistema_biometrico\index.php línea 52
URI: /reportes/excel
--------------------------------------------------------------------------------
[2026-03-19 14:34:37] [DEPRECATED] session_set_save_handler(): Providing individual callbacks instead of an object implementing SessionHandlerInterface is deprecated en C:\tools\nginx\html\sistema_biometrico\index.php línea 52
URI: /
--------------------------------------------------------------------------------
[2026-03-19 14:34:37] [DEPRECATED] session_set_save_handler(): Providing individual callbacks instead of an object implementing SessionHandlerInterface is deprecated en C:\tools\nginx\html\sistema_biometrico\index.php línea 52
URI: /login
--------------------------------------------------------------------------------
[2026-03-19 14:34:44] [DEPRECATED] session_set_save_handler(): Providing individual callbacks instead of an object implementing SessionHandlerInterface is deprecated en C:\tools\nginx\html\sistema_biometrico\index.php línea 52
URI: /login
--------------------------------------------------------------------------------
[2026-03-19 14:34:44] [DEPRECATED] session_set_save_handler(): Providing individual callbacks instead of an object implementing SessionHandlerInterface is deprecated en C:\tools\nginx\html\sistema_biometrico\index.php línea 52
URI: /dashboard
--------------------------------------------------------------------------------
[2026-03-19 14:34:52] [DEPRECATED] session_set_save_handler(): Providing individual callbacks instead of an object implementing SessionHandlerInterface is deprecated en C:\tools\nginx\html\sistema_biometrico\index.php línea 52
URI: /reportes/excel
--------------------------------------------------------------------------------
[2026-03-19 14:35:08] [DEPRECATED] session_set_save_handler(): Providing individual callbacks instead of an object implementing SessionHandlerInterface is deprecated en C:\tools\nginx\html\sistema_biometrico\index.php línea 52
URI: /reportes/excel?ajax=1&tipo_registro=&departamento=&empleado_id=&estado=&fecha_inicio=2025-02-01&fecha_fin=2026-03-31
--------------------------------------------------------------------------------
[2026-03-19 14:35:34] [DEPRECATED] session_set_save_handler(): Providing individual callbacks instead of an object implementing SessionHandlerInterface is deprecated en C:\tools\nginx\html\sistema_biometrico\index.php línea 52
URI: /.well-known/appspecific/com.chrome.devtools.json
--------------------------------------------------------------------------------
[2026-03-19 14:35:36] [DEPRECATED] session_set_save_handler(): Providing individual callbacks instead of an object implementing SessionHandlerInterface is deprecated en C:\tools\nginx\html\sistema_biometrico\index.php línea 52
URI: /reportes/excel
--------------------------------------------------------------------------------
[2026-03-19 14:35:37] [DEPRECATED] session_set_save_handler(): Providing individual callbacks instead of an object implementing SessionHandlerInterface is deprecated en C:\tools\nginx\html\sistema_biometrico\index.php línea 52
URI: /.well-known/appspecific/com.chrome.devtools.json
--------------------------------------------------------------------------------
[2026-03-19 14:35:46] [DEPRECATED] session_set_save_handler(): Providing individual callbacks instead of an object implementing SessionHandlerInterface is deprecated en C:\tools\nginx\html\sistema_biometrico\index.php línea 52
URI: /reportes/excel?ajax=1&tipo_registro=&departamento=&empleado_id=&estado=&fecha_inicio=2026-03-01&fecha_fin=2026-03-31
--------------------------------------------------------------------------------
[2026-03-19 14:35:54] [DEPRECATED] session_set_save_handler(): Providing individual callbacks instead of an object implementing SessionHandlerInterface is deprecated en C:\tools\nginx\html\sistema_biometrico\index.php línea 52
URI: /reportes/excel?ajax=1&tipo_registro=&departamento=&empleado_id=&estado=&fecha_inicio=2026-01-01&fecha_fin=2026-03-31
--------------------------------------------------------------------------------
[2026-03-19 14:40:19] [DEPRECATED] session_set_save_handler(): Providing individual callbacks instead of an object implementing SessionHandlerInterface is deprecated en C:\tools\nginx\html\sistema_biometrico\index.php línea 52
URI: /reportes/excel
--------------------------------------------------------------------------------
[2026-03-19 14:41:32] [DEPRECATED] session_set_save_handler(): Providing individual callbacks instead of an object implementing SessionHandlerInterface is deprecated en C:\tools\nginx\html\sistema_biometrico\index.php línea 52
URI: /reportes/excel?ajax=1&tipo_registro=&departamento=&empleado_id=&estado=&fecha_inicio=2026-02-01&fecha_fin=2026-03-31
--------------------------------------------------------------------------------
[2026-03-19 14:47:28] [DEPRECATED] session_set_save_handler(): Providing individual callbacks instead of an object implementing SessionHandlerInterface is deprecated en C:\tools\nginx\html\sistema_biometrico\index.php línea 52
URI: /reportes/excel?ajax=1&tipo_registro=Comisi%C3%B3n&departamento=&empleado_id=&estado=&fecha_inicio=2025-01-01&fecha_fin=2026-03-31
--------------------------------------------------------------------------------
[2026-03-19 14:50:18] [DEPRECATED] session_set_save_handler(): Providing individual callbacks instead of an object implementing SessionHandlerInterface is deprecated en C:\tools\nginx\html\sistema_biometrico\index.php línea 52
URI: /empleados
--------------------------------------------------------------------------------
[2026-03-19 14:50:29] [DEPRECATED] session_set_save_handler(): Providing individual callbacks instead of an object implementing SessionHandlerInterface is deprecated en C:\tools\nginx\html\sistema_biometrico\index.php línea 52
URI: /empleados?search=64
--------------------------------------------------------------------------------
[2026-03-19 14:50:43] [DEPRECATED] session_set_save_handler(): Providing individual callbacks instead of an object implementing SessionHandlerInterface is deprecated en C:\tools\nginx\html\sistema_biometrico\index.php línea 52
URI: /empleados?search=87
--------------------------------------------------------------------------------
[2026-03-19 14:50:47] [DEPRECATED] session_set_save_handler(): Providing individual callbacks instead of an object implementing SessionHandlerInterface is deprecated en C:\tools\nginx\html\sistema_biometrico\index.php línea 52
URI: /empleados?search=colin
--------------------------------------------------------------------------------
[2026-03-19 14:50:52] [DEPRECATED] session_set_save_handler(): Providing individual callbacks instead of an object implementing SessionHandlerInterface is deprecated en C:\tools\nginx\html\sistema_biometrico\index.php línea 52
URI: /empleados/datos-completos/65
--------------------------------------------------------------------------------
[2026-03-19 14:51:42] [DEPRECATED] session_set_save_handler(): Providing individual callbacks instead of an object implementing SessionHandlerInterface is deprecated en C:\tools\nginx\html\sistema_biometrico\index.php línea 52
URI: /justificaciones/get-asistencia-ajax/69699
--------------------------------------------------------------------------------
[2026-03-19 14:52:03] [DEPRECATED] session_set_save_handler(): Providing individual callbacks instead of an object implementing SessionHandlerInterface is deprecated en C:\tools\nginx\html\sistema_biometrico\index.php línea 52
URI: /justificaciones/actualizar-incidencia
--------------------------------------------------------------------------------
[2026-03-19 14:52:06] [DEPRECATED] session_set_save_handler(): Providing individual callbacks instead of an object implementing SessionHandlerInterface is deprecated en C:\tools\nginx\html\sistema_biometrico\index.php línea 52
URI: /empleados/datos-completos/65
--------------------------------------------------------------------------------
[2026-03-19 14:52:29] [DEPRECATED] session_set_save_handler(): Providing individual callbacks instead of an object implementing SessionHandlerInterface is deprecated en C:\tools\nginx\html\sistema_biometrico\index.php línea 52
URI: /empleados?search=87
--------------------------------------------------------------------------------
[2026-03-19 14:52:32] [DEPRECATED] session_set_save_handler(): Providing individual callbacks instead of an object implementing SessionHandlerInterface is deprecated en C:\tools\nginx\html\sistema_biometrico\index.php línea 52
URI: /empleados/datos-completos/87
--------------------------------------------------------------------------------
[2026-03-19 14:52:49] [DEPRECATED] session_set_save_handler(): Providing individual callbacks instead of an object implementing SessionHandlerInterface is deprecated en C:\tools\nginx\html\sistema_biometrico\index.php línea 52
URI: /justificaciones/get-asistencia-ajax/70526
--------------------------------------------------------------------------------
[2026-03-19 14:54:26] [DEPRECATED] session_set_save_handler(): Providing individual callbacks instead of an object implementing SessionHandlerInterface is deprecated en C:\tools\nginx\html\sistema_biometrico\index.php línea 52
URI: /justificaciones/get-asistencia-ajax/70526
--------------------------------------------------------------------------------
[2026-03-19 14:54:38] [DEPRECATED] session_set_save_handler(): Providing individual callbacks instead of an object implementing SessionHandlerInterface is deprecated en C:\tools\nginx\html\sistema_biometrico\index.php línea 52
URI: /empleados/datos-completos/87
--------------------------------------------------------------------------------
[2026-03-19 14:54:38] [DEPRECATED] session_set_save_handler(): Providing individual callbacks instead of an object implementing SessionHandlerInterface is deprecated en C:\tools\nginx\html\sistema_biometrico\index.php línea 52
URI: /empleados/datos-completos/87
--------------------------------------------------------------------------------
[2026-03-19 14:54:38] [DEPRECATED] session_set_save_handler(): Providing individual callbacks instead of an object implementing SessionHandlerInterface is deprecated en C:\tools\nginx\html\sistema_biometrico\index.php línea 52
URI: /empleados/datos-completos/87
--------------------------------------------------------------------------------
[2026-03-19 15:11:15] [DEPRECATED] session_set_save_handler(): Providing individual callbacks instead of an object implementing SessionHandlerInterface is deprecated en C:\tools\nginx\html\sistema_biometrico\index.php línea 52
URI: /justificaciones/get-asistencia-ajax/70526
--------------------------------------------------------------------------------
[2026-03-19 15:11:20] [DEPRECATED] session_set_save_handler(): Providing individual callbacks instead of an object implementing SessionHandlerInterface is deprecated en C:\tools\nginx\html\sistema_biometrico\index.php línea 52
URI: /empleados/datos-completos/87
--------------------------------------------------------------------------------
[2026-03-19 15:11:20] [DEPRECATED] session_set_save_handler(): Providing individual callbacks instead of an object implementing SessionHandlerInterface is deprecated en C:\tools\nginx\html\sistema_biometrico\index.php línea 52
URI: /empleados/datos-completos/87
--------------------------------------------------------------------------------
[2026-03-19 15:11:20] [DEPRECATED] session_set_save_handler(): Providing individual callbacks instead of an object implementing SessionHandlerInterface is deprecated en C:\tools\nginx\html\sistema_biometrico\index.php línea 52
URI: /empleados/datos-completos/87
--------------------------------------------------------------------------------
[2026-03-19 15:12:36] [DEPRECATED] session_set_save_handler(): Providing individual callbacks instead of an object implementing SessionHandlerInterface is deprecated en C:\tools\nginx\html\sistema_biometrico\index.php línea 52
URI: /empleados/datos-completos/87
--------------------------------------------------------------------------------
[2026-03-19 15:12:41] [DEPRECATED] session_set_save_handler(): Providing individual callbacks instead of an object implementing SessionHandlerInterface is deprecated en C:\tools\nginx\html\sistema_biometrico\index.php línea 52
URI: /justificaciones/actualizar-incidencia
--------------------------------------------------------------------------------
[2026-03-19 15:12:57] [DEPRECATED] session_set_save_handler(): Providing individual callbacks instead of an object implementing SessionHandlerInterface is deprecated en C:\tools\nginx\html\sistema_biometrico\index.php línea 52
URI: /empleados/datos-completos/87
--------------------------------------------------------------------------------
[2026-03-19 15:13:15] [DEPRECATED] session_set_save_handler(): Providing individual callbacks instead of an object implementing SessionHandlerInterface is deprecated en C:\tools\nginx\html\sistema_biometrico\index.php línea 52
URI: /empleados?search=87
--------------------------------------------------------------------------------
[2026-03-19 15:13:18] [DEPRECATED] session_set_save_handler(): Providing individual callbacks instead of an object implementing SessionHandlerInterface is deprecated en C:\tools\nginx\html\sistema_biometrico\index.php línea 52
URI: /empleados/datos-completos/87
--------------------------------------------------------------------------------
[2026-03-19 15:14:45] [DEPRECATED] session_set_save_handler(): Providing individual callbacks instead of an object implementing SessionHandlerInterface is deprecated en C:\tools\nginx\html\sistema_biometrico\index.php línea 52
URI: /empleados?search=87
--------------------------------------------------------------------------------
[2026-03-19 15:14:46] [DEPRECATED] session_set_save_handler(): Providing individual callbacks instead of an object implementing SessionHandlerInterface is deprecated en C:\tools\nginx\html\sistema_biometrico\index.php línea 52
URI: /empleados?search=87
--------------------------------------------------------------------------------
[2026-03-19 15:14:46] [DEPRECATED] session_set_save_handler(): Providing individual callbacks instead of an object implementing SessionHandlerInterface is deprecated en C:\tools\nginx\html\sistema_biometrico\index.php línea 52
URI: /empleados?search=87
--------------------------------------------------------------------------------
[2026-03-19 15:14:46] [DEPRECATED] session_set_save_handler(): Providing individual callbacks instead of an object implementing SessionHandlerInterface is deprecated en C:\tools\nginx\html\sistema_biometrico\index.php línea 52
URI: /empleados?search=87
--------------------------------------------------------------------------------
[2026-03-19 15:14:46] [DEPRECATED] session_set_save_handler(): Providing individual callbacks instead of an object implementing SessionHandlerInterface is deprecated en C:\tools\nginx\html\sistema_biometrico\index.php línea 52
URI: /empleados?search=87
--------------------------------------------------------------------------------
[2026-03-19 15:14:46] [DEPRECATED] session_set_save_handler(): Providing individual callbacks instead of an object implementing SessionHandlerInterface is deprecated en C:\tools\nginx\html\sistema_biometrico\index.php línea 52
URI: /empleados?search=87
--------------------------------------------------------------------------------
[2026-03-19 15:14:47] [DEPRECATED] session_set_save_handler(): Providing individual callbacks instead of an object implementing SessionHandlerInterface is deprecated en C:\tools\nginx\html\sistema_biometrico\index.php línea 52
URI: /empleados?search=87
--------------------------------------------------------------------------------
[2026-03-19 15:14:47] [DEPRECATED] session_set_save_handler(): Providing individual callbacks instead of an object implementing SessionHandlerInterface is deprecated en C:\tools\nginx\html\sistema_biometrico\index.php línea 52
URI: /empleados/datos-completos/87
--------------------------------------------------------------------------------
[2026-03-19 15:17:25] [DEPRECATED] session_set_save_handler(): Providing individual callbacks instead of an object implementing SessionHandlerInterface is deprecated en C:\tools\nginx\html\sistema_biometrico\index.php línea 52
URI: /logout
--------------------------------------------------------------------------------
[2026-03-19 15:17:25] [DEPRECATED] session_set_save_handler(): Providing individual callbacks instead of an object implementing SessionHandlerInterface is deprecated en C:\tools\nginx\html\sistema_biometrico\index.php línea 52
URI: /login
--------------------------------------------------------------------------------
[2026-03-19 15:18:02] [DEPRECATED] session_set_save_handler(): Providing individual callbacks instead of an object implementing SessionHandlerInterface is deprecated en C:\tools\nginx\html\sistema_biometrico\index.php línea 52
URI: /login
--------------------------------------------------------------------------------
[2026-03-19 15:18:02] [DEPRECATED] session_set_save_handler(): Providing individual callbacks instead of an object implementing SessionHandlerInterface is deprecated en C:\tools\nginx\html\sistema_biometrico\index.php línea 52
URI: /dashboard
--------------------------------------------------------------------------------
[2026-03-19 15:18:10] [DEPRECATED] session_set_save_handler(): Providing individual callbacks instead of an object implementing SessionHandlerInterface is deprecated en C:\tools\nginx\html\sistema_biometrico\index.php línea 52
URI: /empleados
--------------------------------------------------------------------------------
[2026-03-19 15:18:14] [DEPRECATED] session_set_save_handler(): Providing individual callbacks instead of an object implementing SessionHandlerInterface is deprecated en C:\tools\nginx\html\sistema_biometrico\index.php línea 52
URI: /empleados?search=87
--------------------------------------------------------------------------------
[2026-03-19 15:18:16] [DEPRECATED] session_set_save_handler(): Providing individual callbacks instead of an object implementing SessionHandlerInterface is deprecated en C:\tools\nginx\html\sistema_biometrico\index.php línea 52
URI: /empleados/datos-completos/87
--------------------------------------------------------------------------------
[2026-03-19 15:20:00] [DEPRECATED] session_set_save_handler(): Providing individual callbacks instead of an object implementing SessionHandlerInterface is deprecated en C:\tools\nginx\html\sistema_biometrico\index.php línea 52
URI: /empleados?search=87
--------------------------------------------------------------------------------
[2026-03-19 15:21:05] [DEPRECATED] session_set_save_handler(): Providing individual callbacks instead of an object implementing SessionHandlerInterface is deprecated en C:\tools\nginx\html\sistema_biometrico\index.php línea 52
URI: /empleados?search=87
--------------------------------------------------------------------------------
[2026-03-19 15:21:08] [DEPRECATED] session_set_save_handler(): Providing individual callbacks instead of an object implementing SessionHandlerInterface is deprecated en C:\tools\nginx\html\sistema_biometrico\index.php línea 52
URI: /empleados/datos-completos/87
--------------------------------------------------------------------------------
[2026-03-19 15:24:01] [DEPRECATED] session_set_save_handler(): Providing individual callbacks instead of an object implementing SessionHandlerInterface is deprecated en C:\tools\nginx\html\sistema_biometrico\index.php línea 52
URI: /empleados?search=87
--------------------------------------------------------------------------------
[2026-03-19 15:24:11] [FATAL_ERROR] Uncaught PDOException: SQLSTATE[42S22]: Column not found: 1054 Unknown column 'lm.anio_licencia' in 'ORDER BY' in Command line code:9
Stack trace:
#0 Command line code(9): PDO->query('SELECT lm.*, e....')
#1 {main}
  thrown en Command line code línea 9
URI: N/A
--------------------------------------------------------------------------------
[2026-03-19 15:26:27] [DEPRECATED] session_set_save_handler(): Providing individual callbacks instead of an object implementing SessionHandlerInterface is deprecated en C:\tools\nginx\html\sistema_biometrico\index.php línea 52
URI: /empleados/datos-completos/87
--------------------------------------------------------------------------------
[2026-03-19 15:28:01] [DEPRECATED] session_set_save_handler(): Providing individual callbacks instead of an object implementing SessionHandlerInterface is deprecated en C:\tools\nginx\html\sistema_biometrico\index.php línea 52
URI: /empleados?search=87
--------------------------------------------------------------------------------
[2026-03-19 15:28:05] [DEPRECATED] session_set_save_handler(): Providing individual callbacks instead of an object implementing SessionHandlerInterface is deprecated en C:\tools\nginx\html\sistema_biometrico\index.php línea 52
URI: /empleados?search=87
--------------------------------------------------------------------------------
[2026-03-19 15:28:07] [DEPRECATED] session_set_save_handler(): Providing individual callbacks instead of an object implementing SessionHandlerInterface is deprecated en C:\tools\nginx\html\sistema_biometrico\index.php línea 52
URI: /empleados/datos-completos/87
--------------------------------------------------------------------------------
[2026-03-19 15:28:20] [DEPRECATED] session_set_save_handler(): Providing individual callbacks instead of an object implementing SessionHandlerInterface is deprecated en C:\tools\nginx\html\sistema_biometrico\index.php línea 52
URI: /logout
--------------------------------------------------------------------------------
[2026-03-19 15:28:20] [DEPRECATED] session_set_save_handler(): Providing individual callbacks instead of an object implementing SessionHandlerInterface is deprecated en C:\tools\nginx\html\sistema_biometrico\index.php línea 52
URI: /login
--------------------------------------------------------------------------------
[2026-03-19 15:29:10] [DEPRECATED] session_set_save_handler(): Providing individual callbacks instead of an object implementing SessionHandlerInterface is deprecated en C:\tools\nginx\html\sistema_biometrico\index.php línea 52
URI: /login
--------------------------------------------------------------------------------
[2026-03-19 15:29:11] [DEPRECATED] session_set_save_handler(): Providing individual callbacks instead of an object implementing SessionHandlerInterface is deprecated en C:\tools\nginx\html\sistema_biometrico\index.php línea 52
URI: /dashboard
--------------------------------------------------------------------------------
[2026-03-19 15:29:22] [DEPRECATED] session_set_save_handler(): Providing individual callbacks instead of an object implementing SessionHandlerInterface is deprecated en C:\tools\nginx\html\sistema_biometrico\index.php línea 52
URI: /empleados
--------------------------------------------------------------------------------
[2026-03-19 15:29:26] [DEPRECATED] session_set_save_handler(): Providing individual callbacks instead of an object implementing SessionHandlerInterface is deprecated en C:\tools\nginx\html\sistema_biometrico\index.php línea 52
URI: /empleados?search=87
--------------------------------------------------------------------------------
[2026-03-19 15:29:28] [DEPRECATED] session_set_save_handler(): Providing individual callbacks instead of an object implementing SessionHandlerInterface is deprecated en C:\tools\nginx\html\sistema_biometrico\index.php línea 52
URI: /empleados/datos-completos/87
--------------------------------------------------------------------------------
[2026-03-19 15:35:01] [DEPRECATED] session_set_save_handler(): Providing individual callbacks instead of an object implementing SessionHandlerInterface is deprecated en C:\tools\nginx\html\sistema_biometrico\index.php línea 52
URI: /database
--------------------------------------------------------------------------------
[2026-03-19 15:35:01] [DEPRECATED] session_set_save_handler(): Providing individual callbacks instead of an object implementing SessionHandlerInterface is deprecated en C:\tools\nginx\html\sistema_biometrico\index.php línea 52
URI: /database/foreignKeys
--------------------------------------------------------------------------------
[2026-03-19 15:35:01] [DEPRECATED] session_set_save_handler(): Providing individual callbacks instead of an object implementing SessionHandlerInterface is deprecated en C:\tools\nginx\html\sistema_biometrico\index.php línea 52
URI: /database/listBackups
--------------------------------------------------------------------------------
[2026-03-19 15:35:07] [DEPRECATED] session_set_save_handler(): Providing individual callbacks instead of an object implementing SessionHandlerInterface is deprecated en C:\tools\nginx\html\sistema_biometrico\index.php línea 52
URI: /database/backup
--------------------------------------------------------------------------------
[2026-03-19 15:35:10] [DEPRECATED] session_set_save_handler(): Providing individual callbacks instead of an object implementing SessionHandlerInterface is deprecated en C:\tools\nginx\html\sistema_biometrico\index.php línea 52
URI: /database
--------------------------------------------------------------------------------
[2026-03-19 15:35:10] [DEPRECATED] session_set_save_handler(): Providing individual callbacks instead of an object implementing SessionHandlerInterface is deprecated en C:\tools\nginx\html\sistema_biometrico\index.php línea 52
URI: /database/foreignKeys
--------------------------------------------------------------------------------
[2026-03-19 15:35:10] [DEPRECATED] session_set_save_handler(): Providing individual callbacks instead of an object implementing SessionHandlerInterface is deprecated en C:\tools\nginx\html\sistema_biometrico\index.php línea 52
URI: /database/listBackups
--------------------------------------------------------------------------------
[2026-03-19 15:35:36] [DEPRECATED] session_set_save_handler(): Providing individual callbacks instead of an object implementing SessionHandlerInterface is deprecated en C:\tools\nginx\html\sistema_biometrico\index.php línea 52
URI: /empleados
--------------------------------------------------------------------------------
[2026-03-19 15:35:42] [DEPRECATED] session_set_save_handler(): Providing individual callbacks instead of an object implementing SessionHandlerInterface is deprecated en C:\tools\nginx\html\sistema_biometrico\index.php línea 52
URI: /empleados?search=87
--------------------------------------------------------------------------------
[2026-03-19 15:35:45] [DEPRECATED] session_set_save_handler(): Providing individual callbacks instead of an object implementing SessionHandlerInterface is deprecated en C:\tools\nginx\html\sistema_biometrico\index.php línea 52
URI: /empleados/datos-completos/87
--------------------------------------------------------------------------------
[2026-03-19 15:52:55] [DEPRECATED] session_set_save_handler(): Providing individual callbacks instead of an object implementing SessionHandlerInterface is deprecated en C:\tools\nginx\html\sistema_biometrico\index.php línea 52
URI: /empleados?search=87
--------------------------------------------------------------------------------
[2026-03-19 15:52:58] [DEPRECATED] session_set_save_handler(): Providing individual callbacks instead of an object implementing SessionHandlerInterface is deprecated en C:\tools\nginx\html\sistema_biometrico\index.php línea 52
URI: /empleados/datos-completos/87
--------------------------------------------------------------------------------
[2026-03-19 15:54:36] [DEPRECATED] session_set_save_handler(): Providing individual callbacks instead of an object implementing SessionHandlerInterface is deprecated en C:\tools\nginx\html\sistema_biometrico\index.php línea 52
URI: /database
--------------------------------------------------------------------------------
[2026-03-19 15:54:36] [DEPRECATED] session_set_save_handler(): Providing individual callbacks instead of an object implementing SessionHandlerInterface is deprecated en C:\tools\nginx\html\sistema_biometrico\index.php línea 52
URI: /database/foreignKeys
--------------------------------------------------------------------------------
[2026-03-19 15:54:36] [DEPRECATED] session_set_save_handler(): Providing individual callbacks instead of an object implementing SessionHandlerInterface is deprecated en C:\tools\nginx\html\sistema_biometrico\index.php línea 52
URI: /database/listBackups
--------------------------------------------------------------------------------
[2026-03-19 15:54:39] [DEPRECATED] session_set_save_handler(): Providing individual callbacks instead of an object implementing SessionHandlerInterface is deprecated en C:\tools\nginx\html\sistema_biometrico\index.php línea 52
URI: /database/backup
--------------------------------------------------------------------------------
[2026-03-19 15:54:42] [DEPRECATED] session_set_save_handler(): Providing individual callbacks instead of an object implementing SessionHandlerInterface is deprecated en C:\tools\nginx\html\sistema_biometrico\index.php línea 52
URI: /database
--------------------------------------------------------------------------------
[2026-03-19 15:54:42] [DEPRECATED] session_set_save_handler(): Providing individual callbacks instead of an object implementing SessionHandlerInterface is deprecated en C:\tools\nginx\html\sistema_biometrico\index.php línea 52
URI: /database/listBackups
--------------------------------------------------------------------------------
[2026-03-19 15:54:42] [DEPRECATED] session_set_save_handler(): Providing individual callbacks instead of an object implementing SessionHandlerInterface is deprecated en C:\tools\nginx\html\sistema_biometrico\index.php línea 52
URI: /database/foreignKeys
--------------------------------------------------------------------------------
[2026-03-19 15:54:47] [DEPRECATED] session_set_save_handler(): Providing individual callbacks instead of an object implementing SessionHandlerInterface is deprecated en C:\tools\nginx\html\sistema_biometrico\index.php línea 52
URI: /logout
--------------------------------------------------------------------------------
[2026-03-19 15:54:47] [DEPRECATED] session_set_save_handler(): Providing individual callbacks instead of an object implementing SessionHandlerInterface is deprecated en C:\tools\nginx\html\sistema_biometrico\index.php línea 52
URI: /login
--------------------------------------------------------------------------------
