[2026-03-17 09:03:05] [DEPRECATED] session_set_save_handler(): Providing individual callbacks instead of an object implementing SessionHandlerInterface is deprecated en C:\tools\nginx\html\sistema_biometrico\index.php línea 50
URI: /
--------------------------------------------------------------------------------
[2026-03-17 09:03:05] [DEPRECATED] session_set_save_handler(): Providing individual callbacks instead of an object implementing SessionHandlerInterface is deprecated en C:\tools\nginx\html\sistema_biometrico\index.php línea 50
URI: /login
--------------------------------------------------------------------------------
[2026-03-17 09:03:05] [DEPRECATED] session_set_save_handler(): Providing individual callbacks instead of an object implementing SessionHandlerInterface is deprecated en C:\tools\nginx\html\sistema_biometrico\index.php línea 50
URI: /api/log-error
--------------------------------------------------------------------------------
[2026-03-17 09:03:09] [DEPRECATED] session_set_save_handler(): Providing individual callbacks instead of an object implementing SessionHandlerInterface is deprecated en C:\tools\nginx\html\sistema_biometrico\index.php línea 50
URI: /login
--------------------------------------------------------------------------------
[2026-03-17 09:04:00] [DEPRECATED] session_set_save_handler(): Providing individual callbacks instead of an object implementing SessionHandlerInterface is deprecated en C:\tools\nginx\html\sistema_biometrico\index.php línea 50
URI: /login
--------------------------------------------------------------------------------
[2026-03-17 09:04:01] [DEPRECATED] session_set_save_handler(): Providing individual callbacks instead of an object implementing SessionHandlerInterface is deprecated en C:\tools\nginx\html\sistema_biometrico\index.php línea 50
URI: /dashboard
--------------------------------------------------------------------------------
[2026-03-17 09:04:04] [EXCEPTION] PDOException
Contexto: {"action":"index","section":"comisiones"}
Mensaje: SQLSTATE[42S22]: Column not found: 1054 Unknown column 'monto' in 'SELECT'
URI: /dashboard
Archivo: C:\tools\nginx\html\sistema_biometrico\models\Comision.php Línea: 136
#0 C:\tools\nginx\html\sistema_biometrico\models\Comision.php(136): PDO->prepare('SELECT SUM(mont...')
#1 C:\tools\nginx\html\sistema_biometrico\controllers\DashboardController.php(81): Comision->getTotalComisiones(NULL, '03', '2026')
#2 C:\tools\nginx\html\sistema_biometrico\index.php(180): DashboardController->index()
#3 {main}
--------------------------------------------------------------------------------
[2026-03-17 09:04:53] [DEPRECATED] session_set_save_handler(): Providing individual callbacks instead of an object implementing SessionHandlerInterface is deprecated en C:\tools\nginx\html\sistema_biometrico\index.php línea 50
URI: /empleados
--------------------------------------------------------------------------------
[2026-03-17 09:06:00] [DEPRECATED] session_set_save_handler(): Providing individual callbacks instead of an object implementing SessionHandlerInterface is deprecated en C:\tools\nginx\html\sistema_biometrico\index.php línea 50
URI: /empleados?search=87
--------------------------------------------------------------------------------
[2026-03-17 09:06:04] [DEPRECATED] session_set_save_handler(): Providing individual callbacks instead of an object implementing SessionHandlerInterface is deprecated en C:\tools\nginx\html\sistema_biometrico\index.php línea 50
URI: /empleados/datos-completos/587
--------------------------------------------------------------------------------
[2026-03-17 09:06:12] [DEPRECATED] session_set_save_handler(): Providing individual callbacks instead of an object implementing SessionHandlerInterface is deprecated en C:\tools\nginx\html\sistema_biometrico\index.php línea 50
URI: /empleados/datos-completos/87
--------------------------------------------------------------------------------
[2026-03-17 09:06:25] [DEPRECATED] session_set_save_handler(): Providing individual callbacks instead of an object implementing SessionHandlerInterface is deprecated en C:\tools\nginx\html\sistema_biometrico\index.php línea 50
URI: /empleados?search=juan
--------------------------------------------------------------------------------
[2026-03-17 09:06:32] [DEPRECATED] session_set_save_handler(): Providing individual callbacks instead of an object implementing SessionHandlerInterface is deprecated en C:\tools\nginx\html\sistema_biometrico\index.php línea 50
URI: /empleados/datos-completos/828
--------------------------------------------------------------------------------
[2026-03-17 09:06:43] [DEPRECATED] session_set_save_handler(): Providing individual callbacks instead of an object implementing SessionHandlerInterface is deprecated en C:\tools\nginx\html\sistema_biometrico\index.php línea 50
URI: /justificaciones/get-asistencia-ajax/70520
--------------------------------------------------------------------------------
[2026-03-17 09:06:48] [DEPRECATED] session_set_save_handler(): Providing individual callbacks instead of an object implementing SessionHandlerInterface is deprecated en C:\tools\nginx\html\sistema_biometrico\index.php línea 50
URI: /justificaciones/get-asistencia-ajax/69857
--------------------------------------------------------------------------------
[2026-03-17 09:06:55] [DEPRECATED] session_set_save_handler(): Providing individual callbacks instead of an object implementing SessionHandlerInterface is deprecated en C:\tools\nginx\html\sistema_biometrico\index.php línea 50
URI: /justificaciones/get-asistencia-ajax/69851
--------------------------------------------------------------------------------
[2026-03-17 09:07:39] [DEPRECATED] session_set_save_handler(): Providing individual callbacks instead of an object implementing SessionHandlerInterface is deprecated en C:\tools\nginx\html\sistema_biometrico\index.php línea 50
URI: /validaciones
--------------------------------------------------------------------------------
[2026-03-17 09:07:39] [DEPRECATED] session_set_save_handler(): Providing individual callbacks instead of an object implementing SessionHandlerInterface is deprecated en C:\tools\nginx\html\sistema_biometrico\index.php línea 50
URI: /validaciones/buscar-empleados
--------------------------------------------------------------------------------
[2026-03-17 09:07:39] [DEPRECATED] session_set_save_handler(): Providing individual callbacks instead of an object implementing SessionHandlerInterface is deprecated en C:\tools\nginx\html\sistema_biometrico\index.php línea 50
URI: /validaciones/obtener-areas
--------------------------------------------------------------------------------
[2026-03-17 09:07:39] [DEPRECATED] session_set_save_handler(): Providing individual callbacks instead of an object implementing SessionHandlerInterface is deprecated en C:\tools\nginx\html\sistema_biometrico\index.php línea 50
URI: /validaciones/estadisticas
--------------------------------------------------------------------------------
[2026-03-17 09:08:09] [DEPRECATED] session_set_save_handler(): Providing individual callbacks instead of an object implementing SessionHandlerInterface is deprecated en C:\tools\nginx\html\sistema_biometrico\index.php línea 50
URI: /validaciones/estadisticas
--------------------------------------------------------------------------------
[2026-03-17 09:08:39] [DEPRECATED] session_set_save_handler(): Providing individual callbacks instead of an object implementing SessionHandlerInterface is deprecated en C:\tools\nginx\html\sistema_biometrico\index.php línea 50
URI: /validaciones/estadisticas
--------------------------------------------------------------------------------
[2026-03-17 09:09:09] [DEPRECATED] session_set_save_handler(): Providing individual callbacks instead of an object implementing SessionHandlerInterface is deprecated en C:\tools\nginx\html\sistema_biometrico\index.php línea 50
URI: /validaciones/estadisticas
--------------------------------------------------------------------------------
[2026-03-17 09:09:20] [DEPRECATED] session_set_save_handler(): Providing individual callbacks instead of an object implementing SessionHandlerInterface is deprecated en C:\tools\nginx\html\sistema_biometrico\index.php línea 50
URI: /asistencia
--------------------------------------------------------------------------------
[2026-03-17 09:09:20] [DEPRECATED] session_set_save_handler(): Providing individual callbacks instead of an object implementing SessionHandlerInterface is deprecated en C:\tools\nginx\html\sistema_biometrico\index.php línea 50
URI: /%3C?php%20echo%20BASE_URL;%20?%3E/asistencia/estado-dispositivos
--------------------------------------------------------------------------------
[2026-03-17 09:09:20] [DEPRECATED] session_set_save_handler(): Providing individual callbacks instead of an object implementing SessionHandlerInterface is deprecated en C:\tools\nginx\html\sistema_biometrico\index.php línea 50
URI: /%3C?php%20echo%20BASE_URL;%20?%3E/asistencia/filtrar-asistencia
--------------------------------------------------------------------------------
[2026-03-17 09:09:20] [DEPRECATED] session_set_save_handler(): Providing individual callbacks instead of an object implementing SessionHandlerInterface is deprecated en C:\tools\nginx\html\sistema_biometrico\index.php línea 50
URI: /api/log-error
--------------------------------------------------------------------------------
[2026-03-17 09:09:20] [DEPRECATED] session_set_save_handler(): Providing individual callbacks instead of an object implementing SessionHandlerInterface is deprecated en C:\tools\nginx\html\sistema_biometrico\index.php línea 50
URI: /api/log-error
--------------------------------------------------------------------------------
[2026-03-17 09:09:20] [DEPRECATED] session_set_save_handler(): Providing individual callbacks instead of an object implementing SessionHandlerInterface is deprecated en C:\tools\nginx\html\sistema_biometrico\index.php línea 50
URI: /api/log-error
--------------------------------------------------------------------------------
[2026-03-17 09:09:20] [DEPRECATED] session_set_save_handler(): Providing individual callbacks instead of an object implementing SessionHandlerInterface is deprecated en C:\tools\nginx\html\sistema_biometrico\index.php línea 50
URI: /api/log-error
--------------------------------------------------------------------------------
[2026-03-17 09:09:28] [DEPRECATED] session_set_save_handler(): Providing individual callbacks instead of an object implementing SessionHandlerInterface is deprecated en C:\tools\nginx\html\sistema_biometrico\index.php línea 50
URI: /empleados
--------------------------------------------------------------------------------
[2026-03-17 09:09:29] [DEPRECATED] session_set_save_handler(): Providing individual callbacks instead of an object implementing SessionHandlerInterface is deprecated en C:\tools\nginx\html\sistema_biometrico\index.php línea 50
URI: /asistencia
--------------------------------------------------------------------------------
[2026-03-17 09:09:29] [DEPRECATED] session_set_save_handler(): Providing individual callbacks instead of an object implementing SessionHandlerInterface is deprecated en C:\tools\nginx\html\sistema_biometrico\index.php línea 50
URI: /%3C?php%20echo%20BASE_URL;%20?%3E/asistencia/filtrar-asistencia
--------------------------------------------------------------------------------
[2026-03-17 09:09:29] [DEPRECATED] session_set_save_handler(): Providing individual callbacks instead of an object implementing SessionHandlerInterface is deprecated en C:\tools\nginx\html\sistema_biometrico\index.php línea 50
URI: /%3C?php%20echo%20BASE_URL;%20?%3E/asistencia/estado-dispositivos
--------------------------------------------------------------------------------
[2026-03-17 09:09:29] [DEPRECATED] session_set_save_handler(): Providing individual callbacks instead of an object implementing SessionHandlerInterface is deprecated en C:\tools\nginx\html\sistema_biometrico\index.php línea 50
URI: /api/log-error
--------------------------------------------------------------------------------
[2026-03-17 09:09:29] [DEPRECATED] session_set_save_handler(): Providing individual callbacks instead of an object implementing SessionHandlerInterface is deprecated en C:\tools\nginx\html\sistema_biometrico\index.php línea 50
URI: /api/log-error
--------------------------------------------------------------------------------
[2026-03-17 09:09:29] [DEPRECATED] session_set_save_handler(): Providing individual callbacks instead of an object implementing SessionHandlerInterface is deprecated en C:\tools\nginx\html\sistema_biometrico\index.php línea 50
URI: /api/log-error
--------------------------------------------------------------------------------
[2026-03-17 09:09:29] [DEPRECATED] session_set_save_handler(): Providing individual callbacks instead of an object implementing SessionHandlerInterface is deprecated en C:\tools\nginx\html\sistema_biometrico\index.php línea 50
URI: /api/log-error
--------------------------------------------------------------------------------
[2026-03-17 09:09:59] [DEPRECATED] session_set_save_handler(): Providing individual callbacks instead of an object implementing SessionHandlerInterface is deprecated en C:\tools\nginx\html\sistema_biometrico\index.php línea 50
URI: /.well-known/appspecific/com.chrome.devtools.json
--------------------------------------------------------------------------------
[2026-03-17 09:11:24] [DEPRECATED] session_set_save_handler(): Providing individual callbacks instead of an object implementing SessionHandlerInterface is deprecated en C:\tools\nginx\html\sistema_biometrico\index.php línea 50
URI: /logout
--------------------------------------------------------------------------------
[2026-03-17 09:11:24] [DEPRECATED] session_set_save_handler(): Providing individual callbacks instead of an object implementing SessionHandlerInterface is deprecated en C:\tools\nginx\html\sistema_biometrico\index.php línea 50
URI: /login
--------------------------------------------------------------------------------
[2026-03-17 09:11:24] [DEPRECATED] session_set_save_handler(): Providing individual callbacks instead of an object implementing SessionHandlerInterface is deprecated en C:\tools\nginx\html\sistema_biometrico\index.php línea 50
URI: /.well-known/appspecific/com.chrome.devtools.json
--------------------------------------------------------------------------------
[2026-03-17 09:11:24] [DEPRECATED] session_set_save_handler(): Providing individual callbacks instead of an object implementing SessionHandlerInterface is deprecated en C:\tools\nginx\html\sistema_biometrico\index.php línea 50
URI: /login
--------------------------------------------------------------------------------
[2026-03-17 09:12:31] [DEPRECATED] session_set_save_handler(): Providing individual callbacks instead of an object implementing SessionHandlerInterface is deprecated en C:\tools\nginx\html\sistema_biometrico\index.php línea 50
URI: /login
--------------------------------------------------------------------------------
[2026-03-17 09:12:31] [DEPRECATED] session_set_save_handler(): Providing individual callbacks instead of an object implementing SessionHandlerInterface is deprecated en C:\tools\nginx\html\sistema_biometrico\index.php línea 50
URI: /.well-known/appspecific/com.chrome.devtools.json
--------------------------------------------------------------------------------
[2026-03-17 09:12:31] [DEPRECATED] session_set_save_handler(): Providing individual callbacks instead of an object implementing SessionHandlerInterface is deprecated en C:\tools\nginx\html\sistema_biometrico\index.php línea 50
URI: /login
--------------------------------------------------------------------------------
[2026-03-17 09:12:32] [DEPRECATED] session_set_save_handler(): Providing individual callbacks instead of an object implementing SessionHandlerInterface is deprecated en C:\tools\nginx\html\sistema_biometrico\index.php línea 50
URI: /login
--------------------------------------------------------------------------------
[2026-03-17 09:12:32] [DEPRECATED] session_set_save_handler(): Providing individual callbacks instead of an object implementing SessionHandlerInterface is deprecated en C:\tools\nginx\html\sistema_biometrico\index.php línea 50
URI: /.well-known/appspecific/com.chrome.devtools.json
--------------------------------------------------------------------------------
[2026-03-17 09:12:32] [DEPRECATED] session_set_save_handler(): Providing individual callbacks instead of an object implementing SessionHandlerInterface is deprecated en C:\tools\nginx\html\sistema_biometrico\index.php línea 50
URI: /login
--------------------------------------------------------------------------------
[2026-03-17 09:12:33] [DEPRECATED] session_set_save_handler(): Providing individual callbacks instead of an object implementing SessionHandlerInterface is deprecated en C:\tools\nginx\html\sistema_biometrico\index.php línea 50
URI: /login
--------------------------------------------------------------------------------
[2026-03-17 09:12:33] [DEPRECATED] session_set_save_handler(): Providing individual callbacks instead of an object implementing SessionHandlerInterface is deprecated en C:\tools\nginx\html\sistema_biometrico\index.php línea 50
URI: /.well-known/appspecific/com.chrome.devtools.json
--------------------------------------------------------------------------------
[2026-03-17 09:12:33] [DEPRECATED] session_set_save_handler(): Providing individual callbacks instead of an object implementing SessionHandlerInterface is deprecated en C:\tools\nginx\html\sistema_biometrico\index.php línea 50
URI: /login
--------------------------------------------------------------------------------
[2026-03-17 09:12:33] [DEPRECATED] session_set_save_handler(): Providing individual callbacks instead of an object implementing SessionHandlerInterface is deprecated en C:\tools\nginx\html\sistema_biometrico\index.php línea 50
URI: /login
--------------------------------------------------------------------------------
[2026-03-17 09:12:33] [DEPRECATED] session_set_save_handler(): Providing individual callbacks instead of an object implementing SessionHandlerInterface is deprecated en C:\tools\nginx\html\sistema_biometrico\index.php línea 50
URI: /.well-known/appspecific/com.chrome.devtools.json
--------------------------------------------------------------------------------
[2026-03-17 09:12:33] [DEPRECATED] session_set_save_handler(): Providing individual callbacks instead of an object implementing SessionHandlerInterface is deprecated en C:\tools\nginx\html\sistema_biometrico\index.php línea 50
URI: /login
--------------------------------------------------------------------------------
[2026-03-17 09:12:33] [DEPRECATED] session_set_save_handler(): Providing individual callbacks instead of an object implementing SessionHandlerInterface is deprecated en C:\tools\nginx\html\sistema_biometrico\index.php línea 50
URI: /login
--------------------------------------------------------------------------------
[2026-03-17 09:12:33] [DEPRECATED] session_set_save_handler(): Providing individual callbacks instead of an object implementing SessionHandlerInterface is deprecated en C:\tools\nginx\html\sistema_biometrico\index.php línea 50
URI: /.well-known/appspecific/com.chrome.devtools.json
--------------------------------------------------------------------------------
[2026-03-17 09:12:33] [DEPRECATED] session_set_save_handler(): Providing individual callbacks instead of an object implementing SessionHandlerInterface is deprecated en C:\tools\nginx\html\sistema_biometrico\index.php línea 50
URI: /login
--------------------------------------------------------------------------------
[2026-03-17 09:12:33] [DEPRECATED] session_set_save_handler(): Providing individual callbacks instead of an object implementing SessionHandlerInterface is deprecated en C:\tools\nginx\html\sistema_biometrico\index.php línea 50
URI: /login
--------------------------------------------------------------------------------
[2026-03-17 09:12:33] [DEPRECATED] session_set_save_handler(): Providing individual callbacks instead of an object implementing SessionHandlerInterface is deprecated en C:\tools\nginx\html\sistema_biometrico\index.php línea 50
URI: /.well-known/appspecific/com.chrome.devtools.json
--------------------------------------------------------------------------------
[2026-03-17 09:12:33] [DEPRECATED] session_set_save_handler(): Providing individual callbacks instead of an object implementing SessionHandlerInterface is deprecated en C:\tools\nginx\html\sistema_biometrico\index.php línea 50
URI: /login
--------------------------------------------------------------------------------
[2026-03-17 09:12:33] [DEPRECATED] session_set_save_handler(): Providing individual callbacks instead of an object implementing SessionHandlerInterface is deprecated en C:\tools\nginx\html\sistema_biometrico\index.php línea 50
URI: /login
--------------------------------------------------------------------------------
[2026-03-17 09:12:33] [DEPRECATED] session_set_save_handler(): Providing individual callbacks instead of an object implementing SessionHandlerInterface is deprecated en C:\tools\nginx\html\sistema_biometrico\index.php línea 50
URI: /.well-known/appspecific/com.chrome.devtools.json
--------------------------------------------------------------------------------
[2026-03-17 09:12:34] [DEPRECATED] session_set_save_handler(): Providing individual callbacks instead of an object implementing SessionHandlerInterface is deprecated en C:\tools\nginx\html\sistema_biometrico\index.php línea 50
URI: /login
--------------------------------------------------------------------------------
[2026-03-17 09:12:34] [DEPRECATED] session_set_save_handler(): Providing individual callbacks instead of an object implementing SessionHandlerInterface is deprecated en C:\tools\nginx\html\sistema_biometrico\index.php línea 50
URI: /login
--------------------------------------------------------------------------------
[2026-03-17 09:12:34] [DEPRECATED] session_set_save_handler(): Providing individual callbacks instead of an object implementing SessionHandlerInterface is deprecated en C:\tools\nginx\html\sistema_biometrico\index.php línea 50
URI: /.well-known/appspecific/com.chrome.devtools.json
--------------------------------------------------------------------------------
[2026-03-17 09:12:34] [DEPRECATED] session_set_save_handler(): Providing individual callbacks instead of an object implementing SessionHandlerInterface is deprecated en C:\tools\nginx\html\sistema_biometrico\index.php línea 50
URI: /login
--------------------------------------------------------------------------------
[2026-03-17 09:12:34] [DEPRECATED] session_set_save_handler(): Providing individual callbacks instead of an object implementing SessionHandlerInterface is deprecated en C:\tools\nginx\html\sistema_biometrico\index.php línea 50
URI: /login
--------------------------------------------------------------------------------
[2026-03-17 09:12:34] [DEPRECATED] session_set_save_handler(): Providing individual callbacks instead of an object implementing SessionHandlerInterface is deprecated en C:\tools\nginx\html\sistema_biometrico\index.php línea 50
URI: /.well-known/appspecific/com.chrome.devtools.json
--------------------------------------------------------------------------------
[2026-03-17 09:12:34] [DEPRECATED] session_set_save_handler(): Providing individual callbacks instead of an object implementing SessionHandlerInterface is deprecated en C:\tools\nginx\html\sistema_biometrico\index.php línea 50
URI: /login
--------------------------------------------------------------------------------
[2026-03-17 09:12:34] [DEPRECATED] session_set_save_handler(): Providing individual callbacks instead of an object implementing SessionHandlerInterface is deprecated en C:\tools\nginx\html\sistema_biometrico\index.php línea 50
URI: /login
--------------------------------------------------------------------------------
[2026-03-17 09:12:34] [DEPRECATED] session_set_save_handler(): Providing individual callbacks instead of an object implementing SessionHandlerInterface is deprecated en C:\tools\nginx\html\sistema_biometrico\index.php línea 50
URI: /.well-known/appspecific/com.chrome.devtools.json
--------------------------------------------------------------------------------
[2026-03-17 09:12:34] [DEPRECATED] session_set_save_handler(): Providing individual callbacks instead of an object implementing SessionHandlerInterface is deprecated en C:\tools\nginx\html\sistema_biometrico\index.php línea 50
URI: /login
--------------------------------------------------------------------------------
[2026-03-17 09:12:34] [DEPRECATED] session_set_save_handler(): Providing individual callbacks instead of an object implementing SessionHandlerInterface is deprecated en C:\tools\nginx\html\sistema_biometrico\index.php línea 50
URI: /login
--------------------------------------------------------------------------------
[2026-03-17 09:12:34] [DEPRECATED] session_set_save_handler(): Providing individual callbacks instead of an object implementing SessionHandlerInterface is deprecated en C:\tools\nginx\html\sistema_biometrico\index.php línea 50
URI: /.well-known/appspecific/com.chrome.devtools.json
--------------------------------------------------------------------------------
[2026-03-17 09:12:34] [DEPRECATED] session_set_save_handler(): Providing individual callbacks instead of an object implementing SessionHandlerInterface is deprecated en C:\tools\nginx\html\sistema_biometrico\index.php línea 50
URI: /login
--------------------------------------------------------------------------------
[2026-03-17 09:12:34] [DEPRECATED] session_set_save_handler(): Providing individual callbacks instead of an object implementing SessionHandlerInterface is deprecated en C:\tools\nginx\html\sistema_biometrico\index.php línea 50
URI: /login
--------------------------------------------------------------------------------
[2026-03-17 09:12:34] [DEPRECATED] session_set_save_handler(): Providing individual callbacks instead of an object implementing SessionHandlerInterface is deprecated en C:\tools\nginx\html\sistema_biometrico\index.php línea 50
URI: /.well-known/appspecific/com.chrome.devtools.json
--------------------------------------------------------------------------------
[2026-03-17 09:12:34] [DEPRECATED] session_set_save_handler(): Providing individual callbacks instead of an object implementing SessionHandlerInterface is deprecated en C:\tools\nginx\html\sistema_biometrico\index.php línea 50
URI: /login
--------------------------------------------------------------------------------
[2026-03-17 09:12:34] [DEPRECATED] session_set_save_handler(): Providing individual callbacks instead of an object implementing SessionHandlerInterface is deprecated en C:\tools\nginx\html\sistema_biometrico\index.php línea 50
URI: /login
--------------------------------------------------------------------------------
[2026-03-17 09:12:35] [DEPRECATED] session_set_save_handler(): Providing individual callbacks instead of an object implementing SessionHandlerInterface is deprecated en C:\tools\nginx\html\sistema_biometrico\index.php línea 50
URI: /.well-known/appspecific/com.chrome.devtools.json
--------------------------------------------------------------------------------
[2026-03-17 09:12:35] [DEPRECATED] session_set_save_handler(): Providing individual callbacks instead of an object implementing SessionHandlerInterface is deprecated en C:\tools\nginx\html\sistema_biometrico\index.php línea 50
URI: /login
--------------------------------------------------------------------------------
[2026-03-17 09:12:44] [DEPRECATED] session_set_save_handler(): Providing individual callbacks instead of an object implementing SessionHandlerInterface is deprecated en C:\tools\nginx\html\sistema_biometrico\index.php línea 50
URI: /login
--------------------------------------------------------------------------------
[2026-03-17 09:12:44] [DEPRECATED] session_set_save_handler(): Providing individual callbacks instead of an object implementing SessionHandlerInterface is deprecated en C:\tools\nginx\html\sistema_biometrico\index.php línea 50
URI: /.well-known/appspecific/com.chrome.devtools.json
--------------------------------------------------------------------------------
[2026-03-17 09:12:44] [DEPRECATED] session_set_save_handler(): Providing individual callbacks instead of an object implementing SessionHandlerInterface is deprecated en C:\tools\nginx\html\sistema_biometrico\index.php línea 50
URI: /login
--------------------------------------------------------------------------------
[2026-03-17 09:12:55] [DEPRECATED] session_set_save_handler(): Providing individual callbacks instead of an object implementing SessionHandlerInterface is deprecated en C:\tools\nginx\html\sistema_biometrico\index.php línea 50
URI: /login
--------------------------------------------------------------------------------
[2026-03-17 09:12:55] [DEPRECATED] session_set_save_handler(): Providing individual callbacks instead of an object implementing SessionHandlerInterface is deprecated en C:\tools\nginx\html\sistema_biometrico\index.php línea 50
URI: /dashboard
--------------------------------------------------------------------------------
[2026-03-17 09:12:58] [EXCEPTION] PDOException
Contexto: {"action":"index","section":"comisiones"}
Mensaje: SQLSTATE[42S22]: Column not found: 1054 Unknown column 'monto' in 'SELECT'
URI: /dashboard
Archivo: C:\tools\nginx\html\sistema_biometrico\models\Comision.php Línea: 136
#0 C:\tools\nginx\html\sistema_biometrico\models\Comision.php(136): PDO->prepare('SELECT SUM(mont...')
#1 C:\tools\nginx\html\sistema_biometrico\controllers\DashboardController.php(81): Comision->getTotalComisiones(NULL, '03', '2026')
#2 C:\tools\nginx\html\sistema_biometrico\index.php(180): DashboardController->index()
#3 {main}
--------------------------------------------------------------------------------
[2026-03-17 09:12:58] [DEPRECATED] session_set_save_handler(): Providing individual callbacks instead of an object implementing SessionHandlerInterface is deprecated en C:\tools\nginx\html\sistema_biometrico\index.php línea 50
URI: /.well-known/appspecific/com.chrome.devtools.json
--------------------------------------------------------------------------------
[2026-03-17 09:13:08] [DEPRECATED] session_set_save_handler(): Providing individual callbacks instead of an object implementing SessionHandlerInterface is deprecated en C:\tools\nginx\html\sistema_biometrico\index.php línea 50
URI: /asistencia
--------------------------------------------------------------------------------
[2026-03-17 09:13:08] [DEPRECATED] session_set_save_handler(): Providing individual callbacks instead of an object implementing SessionHandlerInterface is deprecated en C:\tools\nginx\html\sistema_biometrico\index.php línea 50
URI: /.well-known/appspecific/com.chrome.devtools.json
--------------------------------------------------------------------------------
[2026-03-17 09:13:08] [DEPRECATED] session_set_save_handler(): Providing individual callbacks instead of an object implementing SessionHandlerInterface is deprecated en C:\tools\nginx\html\sistema_biometrico\index.php línea 50
URI: /%3C?php%20echo%20BASE_URL;%20?%3E/asistencia/estado-dispositivos
--------------------------------------------------------------------------------
[2026-03-17 09:13:08] [DEPRECATED] session_set_save_handler(): Providing individual callbacks instead of an object implementing SessionHandlerInterface is deprecated en C:\tools\nginx\html\sistema_biometrico\index.php línea 50
URI: /%3C?php%20echo%20BASE_URL;%20?%3E/asistencia/filtrar-asistencia
--------------------------------------------------------------------------------
[2026-03-17 09:13:08] [DEPRECATED] session_set_save_handler(): Providing individual callbacks instead of an object implementing SessionHandlerInterface is deprecated en C:\tools\nginx\html\sistema_biometrico\index.php línea 50
URI: /api/log-error
--------------------------------------------------------------------------------
[2026-03-17 09:13:08] [DEPRECATED] session_set_save_handler(): Providing individual callbacks instead of an object implementing SessionHandlerInterface is deprecated en C:\tools\nginx\html\sistema_biometrico\index.php línea 50
URI: /api/log-error
--------------------------------------------------------------------------------
[2026-03-17 09:13:08] [DEPRECATED] session_set_save_handler(): Providing individual callbacks instead of an object implementing SessionHandlerInterface is deprecated en C:\tools\nginx\html\sistema_biometrico\index.php línea 50
URI: /api/log-error
--------------------------------------------------------------------------------
[2026-03-17 09:13:08] [DEPRECATED] session_set_save_handler(): Providing individual callbacks instead of an object implementing SessionHandlerInterface is deprecated en C:\tools\nginx\html\sistema_biometrico\index.php línea 50
URI: /api/log-error
--------------------------------------------------------------------------------
[2026-03-17 09:14:09] [DEPRECATED] session_set_save_handler(): Providing individual callbacks instead of an object implementing SessionHandlerInterface is deprecated en C:\tools\nginx\html\sistema_biometrico\index.php línea 50
URI: /logout
--------------------------------------------------------------------------------
[2026-03-17 09:14:09] [DEPRECATED] session_set_save_handler(): Providing individual callbacks instead of an object implementing SessionHandlerInterface is deprecated en C:\tools\nginx\html\sistema_biometrico\index.php línea 50
URI: /login
--------------------------------------------------------------------------------
[2026-03-17 09:14:09] [DEPRECATED] session_set_save_handler(): Providing individual callbacks instead of an object implementing SessionHandlerInterface is deprecated en C:\tools\nginx\html\sistema_biometrico\index.php línea 50
URI: /.well-known/appspecific/com.chrome.devtools.json
--------------------------------------------------------------------------------
[2026-03-17 09:14:09] [DEPRECATED] session_set_save_handler(): Providing individual callbacks instead of an object implementing SessionHandlerInterface is deprecated en C:\tools\nginx\html\sistema_biometrico\index.php línea 50
URI: /login
--------------------------------------------------------------------------------
[2026-03-17 09:15:45] [DEPRECATED] session_set_save_handler(): Providing individual callbacks instead of an object implementing SessionHandlerInterface is deprecated en C:\tools\nginx\html\sistema_biometrico\index.php línea 50
URI: /login
--------------------------------------------------------------------------------
[2026-03-17 09:15:45] [DEPRECATED] session_set_save_handler(): Providing individual callbacks instead of an object implementing SessionHandlerInterface is deprecated en C:\tools\nginx\html\sistema_biometrico\index.php línea 50
URI: /.well-known/appspecific/com.chrome.devtools.json
--------------------------------------------------------------------------------
[2026-03-17 09:15:45] [DEPRECATED] session_set_save_handler(): Providing individual callbacks instead of an object implementing SessionHandlerInterface is deprecated en C:\tools\nginx\html\sistema_biometrico\index.php línea 50
URI: /login
--------------------------------------------------------------------------------
[2026-03-17 09:16:39] [DEPRECATED] session_set_save_handler(): Providing individual callbacks instead of an object implementing SessionHandlerInterface is deprecated en C:\tools\nginx\html\sistema_biometrico\index.php línea 50
URI: /login
--------------------------------------------------------------------------------
[2026-03-17 09:16:39] [DEPRECATED] session_set_save_handler(): Providing individual callbacks instead of an object implementing SessionHandlerInterface is deprecated en C:\tools\nginx\html\sistema_biometrico\index.php línea 50
URI: /.well-known/appspecific/com.chrome.devtools.json
--------------------------------------------------------------------------------
[2026-03-17 09:16:39] [DEPRECATED] session_set_save_handler(): Providing individual callbacks instead of an object implementing SessionHandlerInterface is deprecated en C:\tools\nginx\html\sistema_biometrico\index.php línea 50
URI: /login
--------------------------------------------------------------------------------
[2026-03-17 09:17:02] [DEPRECATED] session_set_save_handler(): Providing individual callbacks instead of an object implementing SessionHandlerInterface is deprecated en C:\tools\nginx\html\sistema_biometrico\index.php línea 50
URI: /login
--------------------------------------------------------------------------------
[2026-03-17 09:17:02] [DEPRECATED] session_set_save_handler(): Providing individual callbacks instead of an object implementing SessionHandlerInterface is deprecated en C:\tools\nginx\html\sistema_biometrico\index.php línea 50
URI: /dashboard
--------------------------------------------------------------------------------
[2026-03-17 09:17:06] [EXCEPTION] PDOException
Contexto: {"action":"index","section":"comisiones"}
Mensaje: SQLSTATE[42S22]: Column not found: 1054 Unknown column 'monto' in 'SELECT'
URI: /dashboard
Archivo: C:\tools\nginx\html\sistema_biometrico\models\Comision.php Línea: 136
#0 C:\tools\nginx\html\sistema_biometrico\models\Comision.php(136): PDO->prepare('SELECT SUM(mont...')
#1 C:\tools\nginx\html\sistema_biometrico\controllers\DashboardController.php(81): Comision->getTotalComisiones(NULL, '03', '2026')
#2 C:\tools\nginx\html\sistema_biometrico\index.php(180): DashboardController->index()
#3 {main}
--------------------------------------------------------------------------------
[2026-03-17 09:17:06] [DEPRECATED] session_set_save_handler(): Providing individual callbacks instead of an object implementing SessionHandlerInterface is deprecated en C:\tools\nginx\html\sistema_biometrico\index.php línea 50
URI: /.well-known/appspecific/com.chrome.devtools.json
--------------------------------------------------------------------------------
[2026-03-17 09:17:15] [DEPRECATED] session_set_save_handler(): Providing individual callbacks instead of an object implementing SessionHandlerInterface is deprecated en C:\tools\nginx\html\sistema_biometrico\index.php línea 50
URI: /empleados
--------------------------------------------------------------------------------
[2026-03-17 09:17:15] [DEPRECATED] session_set_save_handler(): Providing individual callbacks instead of an object implementing SessionHandlerInterface is deprecated en C:\tools\nginx\html\sistema_biometrico\index.php línea 50
URI: /.well-known/appspecific/com.chrome.devtools.json
--------------------------------------------------------------------------------
[2026-03-17 09:17:19] [DEPRECATED] session_set_save_handler(): Providing individual callbacks instead of an object implementing SessionHandlerInterface is deprecated en C:\tools\nginx\html\sistema_biometrico\index.php línea 50
URI: /empleados?search=87
--------------------------------------------------------------------------------
[2026-03-17 09:17:20] [DEPRECATED] session_set_save_handler(): Providing individual callbacks instead of an object implementing SessionHandlerInterface is deprecated en C:\tools\nginx\html\sistema_biometrico\index.php línea 50
URI: /.well-known/appspecific/com.chrome.devtools.json
--------------------------------------------------------------------------------
[2026-03-17 09:17:22] [DEPRECATED] session_set_save_handler(): Providing individual callbacks instead of an object implementing SessionHandlerInterface is deprecated en C:\tools\nginx\html\sistema_biometrico\index.php línea 50
URI: /empleados/datos-completos/87
--------------------------------------------------------------------------------
[2026-03-17 09:17:32] [DEPRECATED] session_set_save_handler(): Providing individual callbacks instead of an object implementing SessionHandlerInterface is deprecated en C:\tools\nginx\html\sistema_biometrico\index.php línea 50
URI: /asistencia
--------------------------------------------------------------------------------
[2026-03-17 09:17:32] [DEPRECATED] session_set_save_handler(): Providing individual callbacks instead of an object implementing SessionHandlerInterface is deprecated en C:\tools\nginx\html\sistema_biometrico\index.php línea 50
URI: /.well-known/appspecific/com.chrome.devtools.json
--------------------------------------------------------------------------------
[2026-03-17 09:17:33] [DEPRECATED] session_set_save_handler(): Providing individual callbacks instead of an object implementing SessionHandlerInterface is deprecated en C:\tools\nginx\html\sistema_biometrico\index.php línea 50
URI: /%3C?php%20echo%20BASE_URL;%20?%3E/asistencia/estado-dispositivos
--------------------------------------------------------------------------------
[2026-03-17 09:17:33] [DEPRECATED] session_set_save_handler(): Providing individual callbacks instead of an object implementing SessionHandlerInterface is deprecated en C:\tools\nginx\html\sistema_biometrico\index.php línea 50
URI: /%3C?php%20echo%20BASE_URL;%20?%3E/asistencia/filtrar-asistencia
--------------------------------------------------------------------------------
[2026-03-17 09:17:33] [DEPRECATED] session_set_save_handler(): Providing individual callbacks instead of an object implementing SessionHandlerInterface is deprecated en C:\tools\nginx\html\sistema_biometrico\index.php línea 50
URI: /api/log-error
--------------------------------------------------------------------------------
[2026-03-17 09:17:33] [DEPRECATED] session_set_save_handler(): Providing individual callbacks instead of an object implementing SessionHandlerInterface is deprecated en C:\tools\nginx\html\sistema_biometrico\index.php línea 50
URI: /api/log-error
--------------------------------------------------------------------------------
[2026-03-17 09:17:33] [DEPRECATED] session_set_save_handler(): Providing individual callbacks instead of an object implementing SessionHandlerInterface is deprecated en C:\tools\nginx\html\sistema_biometrico\index.php línea 50
URI: /api/log-error
--------------------------------------------------------------------------------
[2026-03-17 09:17:33] [DEPRECATED] session_set_save_handler(): Providing individual callbacks instead of an object implementing SessionHandlerInterface is deprecated en C:\tools\nginx\html\sistema_biometrico\index.php línea 50
URI: /api/log-error
--------------------------------------------------------------------------------
[2026-03-17 09:20:53] [DEPRECATED] session_set_save_handler(): Providing individual callbacks instead of an object implementing SessionHandlerInterface is deprecated en C:\tools\nginx\html\sistema_biometrico\index.php línea 50
URI: /logout
--------------------------------------------------------------------------------
[2026-03-17 09:20:53] [DEPRECATED] session_set_save_handler(): Providing individual callbacks instead of an object implementing SessionHandlerInterface is deprecated en C:\tools\nginx\html\sistema_biometrico\index.php línea 50
URI: /login
--------------------------------------------------------------------------------
[2026-03-17 09:20:53] [DEPRECATED] session_set_save_handler(): Providing individual callbacks instead of an object implementing SessionHandlerInterface is deprecated en C:\tools\nginx\html\sistema_biometrico\index.php línea 50
URI: /.well-known/appspecific/com.chrome.devtools.json
--------------------------------------------------------------------------------
[2026-03-17 09:20:53] [DEPRECATED] session_set_save_handler(): Providing individual callbacks instead of an object implementing SessionHandlerInterface is deprecated en C:\tools\nginx\html\sistema_biometrico\index.php línea 50
URI: /login
--------------------------------------------------------------------------------
[2026-03-17 09:21:45] [DEPRECATED] session_set_save_handler(): Providing individual callbacks instead of an object implementing SessionHandlerInterface is deprecated en C:\tools\nginx\html\sistema_biometrico\index.php línea 50
URI: /login
--------------------------------------------------------------------------------
[2026-03-17 09:21:45] [DEPRECATED] session_set_save_handler(): Providing individual callbacks instead of an object implementing SessionHandlerInterface is deprecated en C:\tools\nginx\html\sistema_biometrico\index.php línea 50
URI: /.well-known/appspecific/com.chrome.devtools.json
--------------------------------------------------------------------------------
[2026-03-17 09:21:45] [DEPRECATED] session_set_save_handler(): Providing individual callbacks instead of an object implementing SessionHandlerInterface is deprecated en C:\tools\nginx\html\sistema_biometrico\index.php línea 50
URI: /login
--------------------------------------------------------------------------------
[2026-03-17 09:21:47] [DEPRECATED] session_set_save_handler(): Providing individual callbacks instead of an object implementing SessionHandlerInterface is deprecated en C:\tools\nginx\html\sistema_biometrico\index.php línea 50
URI: /login
--------------------------------------------------------------------------------
[2026-03-17 09:21:47] [DEPRECATED] session_set_save_handler(): Providing individual callbacks instead of an object implementing SessionHandlerInterface is deprecated en C:\tools\nginx\html\sistema_biometrico\index.php línea 50
URI: /.well-known/appspecific/com.chrome.devtools.json
--------------------------------------------------------------------------------
[2026-03-17 09:21:47] [DEPRECATED] session_set_save_handler(): Providing individual callbacks instead of an object implementing SessionHandlerInterface is deprecated en C:\tools\nginx\html\sistema_biometrico\index.php línea 50
URI: /login
--------------------------------------------------------------------------------
[2026-03-17 09:21:48] [DEPRECATED] session_set_save_handler(): Providing individual callbacks instead of an object implementing SessionHandlerInterface is deprecated en C:\tools\nginx\html\sistema_biometrico\index.php línea 50
URI: /login
--------------------------------------------------------------------------------
[2026-03-17 09:21:48] [DEPRECATED] session_set_save_handler(): Providing individual callbacks instead of an object implementing SessionHandlerInterface is deprecated en C:\tools\nginx\html\sistema_biometrico\index.php línea 50
URI: /.well-known/appspecific/com.chrome.devtools.json
--------------------------------------------------------------------------------
[2026-03-17 09:21:48] [DEPRECATED] session_set_save_handler(): Providing individual callbacks instead of an object implementing SessionHandlerInterface is deprecated en C:\tools\nginx\html\sistema_biometrico\index.php línea 50
URI: /login
--------------------------------------------------------------------------------
[2026-03-17 09:21:49] [DEPRECATED] session_set_save_handler(): Providing individual callbacks instead of an object implementing SessionHandlerInterface is deprecated en C:\tools\nginx\html\sistema_biometrico\index.php línea 50
URI: /login
--------------------------------------------------------------------------------
[2026-03-17 09:21:49] [DEPRECATED] session_set_save_handler(): Providing individual callbacks instead of an object implementing SessionHandlerInterface is deprecated en C:\tools\nginx\html\sistema_biometrico\index.php línea 50
URI: /.well-known/appspecific/com.chrome.devtools.json
--------------------------------------------------------------------------------
[2026-03-17 09:21:49] [DEPRECATED] session_set_save_handler(): Providing individual callbacks instead of an object implementing SessionHandlerInterface is deprecated en C:\tools\nginx\html\sistema_biometrico\index.php línea 50
URI: /login
--------------------------------------------------------------------------------
[2026-03-17 09:21:49] [DEPRECATED] session_set_save_handler(): Providing individual callbacks instead of an object implementing SessionHandlerInterface is deprecated en C:\tools\nginx\html\sistema_biometrico\index.php línea 50
URI: /login
--------------------------------------------------------------------------------
[2026-03-17 09:21:49] [DEPRECATED] session_set_save_handler(): Providing individual callbacks instead of an object implementing SessionHandlerInterface is deprecated en C:\tools\nginx\html\sistema_biometrico\index.php línea 50
URI: /.well-known/appspecific/com.chrome.devtools.json
--------------------------------------------------------------------------------
[2026-03-17 09:21:49] [DEPRECATED] session_set_save_handler(): Providing individual callbacks instead of an object implementing SessionHandlerInterface is deprecated en C:\tools\nginx\html\sistema_biometrico\index.php línea 50
URI: /login
--------------------------------------------------------------------------------
[2026-03-17 09:21:49] [DEPRECATED] session_set_save_handler(): Providing individual callbacks instead of an object implementing SessionHandlerInterface is deprecated en C:\tools\nginx\html\sistema_biometrico\index.php línea 50
URI: /login
--------------------------------------------------------------------------------
[2026-03-17 09:21:49] [DEPRECATED] session_set_save_handler(): Providing individual callbacks instead of an object implementing SessionHandlerInterface is deprecated en C:\tools\nginx\html\sistema_biometrico\index.php línea 50
URI: /.well-known/appspecific/com.chrome.devtools.json
--------------------------------------------------------------------------------
[2026-03-17 09:21:49] [DEPRECATED] session_set_save_handler(): Providing individual callbacks instead of an object implementing SessionHandlerInterface is deprecated en C:\tools\nginx\html\sistema_biometrico\index.php línea 50
URI: /login
--------------------------------------------------------------------------------
[2026-03-17 09:21:49] [DEPRECATED] session_set_save_handler(): Providing individual callbacks instead of an object implementing SessionHandlerInterface is deprecated en C:\tools\nginx\html\sistema_biometrico\index.php línea 50
URI: /login
--------------------------------------------------------------------------------
[2026-03-17 09:21:49] [DEPRECATED] session_set_save_handler(): Providing individual callbacks instead of an object implementing SessionHandlerInterface is deprecated en C:\tools\nginx\html\sistema_biometrico\index.php línea 50
URI: /.well-known/appspecific/com.chrome.devtools.json
--------------------------------------------------------------------------------
[2026-03-17 09:21:49] [DEPRECATED] session_set_save_handler(): Providing individual callbacks instead of an object implementing SessionHandlerInterface is deprecated en C:\tools\nginx\html\sistema_biometrico\index.php línea 50
URI: /login
--------------------------------------------------------------------------------
[2026-03-17 09:21:50] [DEPRECATED] session_set_save_handler(): Providing individual callbacks instead of an object implementing SessionHandlerInterface is deprecated en C:\tools\nginx\html\sistema_biometrico\index.php línea 50
URI: /login
--------------------------------------------------------------------------------
[2026-03-17 09:21:50] [DEPRECATED] session_set_save_handler(): Providing individual callbacks instead of an object implementing SessionHandlerInterface is deprecated en C:\tools\nginx\html\sistema_biometrico\index.php línea 50
URI: /.well-known/appspecific/com.chrome.devtools.json
--------------------------------------------------------------------------------
[2026-03-17 09:21:50] [DEPRECATED] session_set_save_handler(): Providing individual callbacks instead of an object implementing SessionHandlerInterface is deprecated en C:\tools\nginx\html\sistema_biometrico\index.php línea 50
URI: /login
--------------------------------------------------------------------------------
[2026-03-17 09:21:50] [DEPRECATED] session_set_save_handler(): Providing individual callbacks instead of an object implementing SessionHandlerInterface is deprecated en C:\tools\nginx\html\sistema_biometrico\index.php línea 50
URI: /login
--------------------------------------------------------------------------------
[2026-03-17 09:21:50] [DEPRECATED] session_set_save_handler(): Providing individual callbacks instead of an object implementing SessionHandlerInterface is deprecated en C:\tools\nginx\html\sistema_biometrico\index.php línea 50
URI: /.well-known/appspecific/com.chrome.devtools.json
--------------------------------------------------------------------------------
[2026-03-17 09:21:50] [DEPRECATED] session_set_save_handler(): Providing individual callbacks instead of an object implementing SessionHandlerInterface is deprecated en C:\tools\nginx\html\sistema_biometrico\index.php línea 50
URI: /login
--------------------------------------------------------------------------------
[2026-03-17 09:21:50] [DEPRECATED] session_set_save_handler(): Providing individual callbacks instead of an object implementing SessionHandlerInterface is deprecated en C:\tools\nginx\html\sistema_biometrico\index.php línea 50
URI: /login
--------------------------------------------------------------------------------
[2026-03-17 09:21:50] [DEPRECATED] session_set_save_handler(): Providing individual callbacks instead of an object implementing SessionHandlerInterface is deprecated en C:\tools\nginx\html\sistema_biometrico\index.php línea 50
URI: /.well-known/appspecific/com.chrome.devtools.json
--------------------------------------------------------------------------------
[2026-03-17 09:21:50] [DEPRECATED] session_set_save_handler(): Providing individual callbacks instead of an object implementing SessionHandlerInterface is deprecated en C:\tools\nginx\html\sistema_biometrico\index.php línea 50
URI: /login
--------------------------------------------------------------------------------
[2026-03-17 09:21:59] [DEPRECATED] session_set_save_handler(): Providing individual callbacks instead of an object implementing SessionHandlerInterface is deprecated en C:\tools\nginx\html\sistema_biometrico\index.php línea 50
URI: /login
--------------------------------------------------------------------------------
[2026-03-17 09:21:59] [DEPRECATED] session_set_save_handler(): Providing individual callbacks instead of an object implementing SessionHandlerInterface is deprecated en C:\tools\nginx\html\sistema_biometrico\index.php línea 50
URI: /dashboard
--------------------------------------------------------------------------------
[2026-03-17 09:22:03] [EXCEPTION] PDOException
Contexto: {"action":"index","section":"comisiones"}
Mensaje: SQLSTATE[42S22]: Column not found: 1054 Unknown column 'monto' in 'SELECT'
URI: /dashboard
Archivo: C:\tools\nginx\html\sistema_biometrico\models\Comision.php Línea: 136
#0 C:\tools\nginx\html\sistema_biometrico\models\Comision.php(136): PDO->prepare('SELECT SUM(mont...')
#1 C:\tools\nginx\html\sistema_biometrico\controllers\DashboardController.php(81): Comision->getTotalComisiones(NULL, '03', '2026')
#2 C:\tools\nginx\html\sistema_biometrico\index.php(180): DashboardController->index()
#3 {main}
--------------------------------------------------------------------------------
[2026-03-17 09:22:03] [DEPRECATED] session_set_save_handler(): Providing individual callbacks instead of an object implementing SessionHandlerInterface is deprecated en C:\tools\nginx\html\sistema_biometrico\index.php línea 50
URI: /.well-known/appspecific/com.chrome.devtools.json
--------------------------------------------------------------------------------
[2026-03-17 09:22:08] [DEPRECATED] session_set_save_handler(): Providing individual callbacks instead of an object implementing SessionHandlerInterface is deprecated en C:\tools\nginx\html\sistema_biometrico\index.php línea 50
URI: /asistencia
--------------------------------------------------------------------------------
[2026-03-17 09:22:08] [DEPRECATED] session_set_save_handler(): Providing individual callbacks instead of an object implementing SessionHandlerInterface is deprecated en C:\tools\nginx\html\sistema_biometrico\index.php línea 50
URI: /.well-known/appspecific/com.chrome.devtools.json
--------------------------------------------------------------------------------
[2026-03-17 09:22:08] [DEPRECATED] session_set_save_handler(): Providing individual callbacks instead of an object implementing SessionHandlerInterface is deprecated en C:\tools\nginx\html\sistema_biometrico\index.php línea 50
URI: /favicon.ico
--------------------------------------------------------------------------------
[2026-03-17 09:23:51] [DEPRECATED] session_set_save_handler(): Providing individual callbacks instead of an object implementing SessionHandlerInterface is deprecated en C:\tools\nginx\html\sistema_biometrico\index.php línea 50
URI: /asistencia
--------------------------------------------------------------------------------
[2026-03-17 09:23:51] [DEPRECATED] session_set_save_handler(): Providing individual callbacks instead of an object implementing SessionHandlerInterface is deprecated en C:\tools\nginx\html\sistema_biometrico\index.php línea 50
URI: /favicon.ico
--------------------------------------------------------------------------------
[2026-03-17 09:23:52] [DEPRECATED] session_set_save_handler(): Providing individual callbacks instead of an object implementing SessionHandlerInterface is deprecated en C:\tools\nginx\html\sistema_biometrico\index.php línea 50
URI: /asistencia
--------------------------------------------------------------------------------
[2026-03-17 09:23:53] [DEPRECATED] session_set_save_handler(): Providing individual callbacks instead of an object implementing SessionHandlerInterface is deprecated en C:\tools\nginx\html\sistema_biometrico\index.php línea 50
URI: /favicon.ico
--------------------------------------------------------------------------------
[2026-03-17 09:23:53] [DEPRECATED] session_set_save_handler(): Providing individual callbacks instead of an object implementing SessionHandlerInterface is deprecated en C:\tools\nginx\html\sistema_biometrico\index.php línea 50
URI: /asistencia
--------------------------------------------------------------------------------
[2026-03-17 09:23:53] [DEPRECATED] session_set_save_handler(): Providing individual callbacks instead of an object implementing SessionHandlerInterface is deprecated en C:\tools\nginx\html\sistema_biometrico\index.php línea 50
URI: /favicon.ico
--------------------------------------------------------------------------------
[2026-03-17 09:23:53] [DEPRECATED] session_set_save_handler(): Providing individual callbacks instead of an object implementing SessionHandlerInterface is deprecated en C:\tools\nginx\html\sistema_biometrico\index.php línea 50
URI: /asistencia
--------------------------------------------------------------------------------
[2026-03-17 09:23:53] [DEPRECATED] session_set_save_handler(): Providing individual callbacks instead of an object implementing SessionHandlerInterface is deprecated en C:\tools\nginx\html\sistema_biometrico\index.php línea 50
URI: /favicon.ico
--------------------------------------------------------------------------------
[2026-03-17 09:23:53] [DEPRECATED] session_set_save_handler(): Providing individual callbacks instead of an object implementing SessionHandlerInterface is deprecated en C:\tools\nginx\html\sistema_biometrico\index.php línea 50
URI: /asistencia
--------------------------------------------------------------------------------
[2026-03-17 09:23:54] [DEPRECATED] session_set_save_handler(): Providing individual callbacks instead of an object implementing SessionHandlerInterface is deprecated en C:\tools\nginx\html\sistema_biometrico\index.php línea 50
URI: /favicon.ico
--------------------------------------------------------------------------------
[2026-03-17 09:23:54] [DEPRECATED] session_set_save_handler(): Providing individual callbacks instead of an object implementing SessionHandlerInterface is deprecated en C:\tools\nginx\html\sistema_biometrico\index.php línea 50
URI: /asistencia
--------------------------------------------------------------------------------
[2026-03-17 09:23:54] [DEPRECATED] session_set_save_handler(): Providing individual callbacks instead of an object implementing SessionHandlerInterface is deprecated en C:\tools\nginx\html\sistema_biometrico\index.php línea 50
URI: /favicon.ico
--------------------------------------------------------------------------------
[2026-03-17 09:23:54] [DEPRECATED] session_set_save_handler(): Providing individual callbacks instead of an object implementing SessionHandlerInterface is deprecated en C:\tools\nginx\html\sistema_biometrico\index.php línea 50
URI: /asistencia
--------------------------------------------------------------------------------
[2026-03-17 09:23:54] [DEPRECATED] session_set_save_handler(): Providing individual callbacks instead of an object implementing SessionHandlerInterface is deprecated en C:\tools\nginx\html\sistema_biometrico\index.php línea 50
URI: /favicon.ico
--------------------------------------------------------------------------------
[2026-03-17 09:23:54] [DEPRECATED] session_set_save_handler(): Providing individual callbacks instead of an object implementing SessionHandlerInterface is deprecated en C:\tools\nginx\html\sistema_biometrico\index.php línea 50
URI: /asistencia
--------------------------------------------------------------------------------
[2026-03-17 09:23:54] [DEPRECATED] session_set_save_handler(): Providing individual callbacks instead of an object implementing SessionHandlerInterface is deprecated en C:\tools\nginx\html\sistema_biometrico\index.php línea 50
URI: /favicon.ico
--------------------------------------------------------------------------------
[2026-03-17 09:23:54] [DEPRECATED] session_set_save_handler(): Providing individual callbacks instead of an object implementing SessionHandlerInterface is deprecated en C:\tools\nginx\html\sistema_biometrico\index.php línea 50
URI: /asistencia
--------------------------------------------------------------------------------
[2026-03-17 09:23:54] [DEPRECATED] session_set_save_handler(): Providing individual callbacks instead of an object implementing SessionHandlerInterface is deprecated en C:\tools\nginx\html\sistema_biometrico\index.php línea 50
URI: /favicon.ico
--------------------------------------------------------------------------------
[2026-03-17 09:23:59] [DEPRECATED] session_set_save_handler(): Providing individual callbacks instead of an object implementing SessionHandlerInterface is deprecated en C:\tools\nginx\html\sistema_biometrico\index.php línea 50
URI: /asistencia
--------------------------------------------------------------------------------
[2026-03-17 09:24:00] [DEPRECATED] session_set_save_handler(): Providing individual callbacks instead of an object implementing SessionHandlerInterface is deprecated en C:\tools\nginx\html\sistema_biometrico\index.php línea 50
URI: /favicon.ico
--------------------------------------------------------------------------------
[2026-03-17 09:25:17] [DEPRECATED] session_set_save_handler(): Providing individual callbacks instead of an object implementing SessionHandlerInterface is deprecated en C:\tools\nginx\html\sistema_biometrico\index.php línea 50
URI: /asistencia
--------------------------------------------------------------------------------
[2026-03-17 09:25:17] [DEPRECATED] session_set_save_handler(): Providing individual callbacks instead of an object implementing SessionHandlerInterface is deprecated en C:\tools\nginx\html\sistema_biometrico\index.php línea 50
URI: /favicon.ico
--------------------------------------------------------------------------------
[2026-03-17 09:25:18] [DEPRECATED] session_set_save_handler(): Providing individual callbacks instead of an object implementing SessionHandlerInterface is deprecated en C:\tools\nginx\html\sistema_biometrico\index.php línea 50
URI: /asistencia
--------------------------------------------------------------------------------
[2026-03-17 09:25:18] [DEPRECATED] session_set_save_handler(): Providing individual callbacks instead of an object implementing SessionHandlerInterface is deprecated en C:\tools\nginx\html\sistema_biometrico\index.php línea 50
URI: /favicon.ico
--------------------------------------------------------------------------------
[2026-03-17 09:25:18] [DEPRECATED] session_set_save_handler(): Providing individual callbacks instead of an object implementing SessionHandlerInterface is deprecated en C:\tools\nginx\html\sistema_biometrico\index.php línea 50
URI: /asistencia
--------------------------------------------------------------------------------
[2026-03-17 09:25:19] [DEPRECATED] session_set_save_handler(): Providing individual callbacks instead of an object implementing SessionHandlerInterface is deprecated en C:\tools\nginx\html\sistema_biometrico\index.php línea 50
URI: /favicon.ico
--------------------------------------------------------------------------------
[2026-03-17 09:25:19] [DEPRECATED] session_set_save_handler(): Providing individual callbacks instead of an object implementing SessionHandlerInterface is deprecated en C:\tools\nginx\html\sistema_biometrico\index.php línea 50
URI: /asistencia
--------------------------------------------------------------------------------
[2026-03-17 09:25:19] [DEPRECATED] session_set_save_handler(): Providing individual callbacks instead of an object implementing SessionHandlerInterface is deprecated en C:\tools\nginx\html\sistema_biometrico\index.php línea 50
URI: /favicon.ico
--------------------------------------------------------------------------------
[2026-03-17 09:25:19] [DEPRECATED] session_set_save_handler(): Providing individual callbacks instead of an object implementing SessionHandlerInterface is deprecated en C:\tools\nginx\html\sistema_biometrico\index.php línea 50
URI: /asistencia
--------------------------------------------------------------------------------
[2026-03-17 09:25:19] [DEPRECATED] session_set_save_handler(): Providing individual callbacks instead of an object implementing SessionHandlerInterface is deprecated en C:\tools\nginx\html\sistema_biometrico\index.php línea 50
URI: /favicon.ico
--------------------------------------------------------------------------------
[2026-03-17 09:25:19] [DEPRECATED] session_set_save_handler(): Providing individual callbacks instead of an object implementing SessionHandlerInterface is deprecated en C:\tools\nginx\html\sistema_biometrico\index.php línea 50
URI: /asistencia
--------------------------------------------------------------------------------
[2026-03-17 09:25:19] [DEPRECATED] session_set_save_handler(): Providing individual callbacks instead of an object implementing SessionHandlerInterface is deprecated en C:\tools\nginx\html\sistema_biometrico\index.php línea 50
URI: /favicon.ico
--------------------------------------------------------------------------------
[2026-03-17 09:25:19] [DEPRECATED] session_set_save_handler(): Providing individual callbacks instead of an object implementing SessionHandlerInterface is deprecated en C:\tools\nginx\html\sistema_biometrico\index.php línea 50
URI: /asistencia
--------------------------------------------------------------------------------
[2026-03-17 09:25:19] [DEPRECATED] session_set_save_handler(): Providing individual callbacks instead of an object implementing SessionHandlerInterface is deprecated en C:\tools\nginx\html\sistema_biometrico\index.php línea 50
URI: /favicon.ico
--------------------------------------------------------------------------------
[2026-03-17 09:25:20] [DEPRECATED] session_set_save_handler(): Providing individual callbacks instead of an object implementing SessionHandlerInterface is deprecated en C:\tools\nginx\html\sistema_biometrico\index.php línea 50
URI: /asistencia
--------------------------------------------------------------------------------
[2026-03-17 09:25:20] [DEPRECATED] session_set_save_handler(): Providing individual callbacks instead of an object implementing SessionHandlerInterface is deprecated en C:\tools\nginx\html\sistema_biometrico\index.php línea 50
URI: /favicon.ico
--------------------------------------------------------------------------------
[2026-03-17 09:25:20] [DEPRECATED] session_set_save_handler(): Providing individual callbacks instead of an object implementing SessionHandlerInterface is deprecated en C:\tools\nginx\html\sistema_biometrico\index.php línea 50
URI: /asistencia
--------------------------------------------------------------------------------
[2026-03-17 09:25:20] [DEPRECATED] session_set_save_handler(): Providing individual callbacks instead of an object implementing SessionHandlerInterface is deprecated en C:\tools\nginx\html\sistema_biometrico\index.php línea 50
URI: /favicon.ico
--------------------------------------------------------------------------------
[2026-03-17 09:25:20] [DEPRECATED] session_set_save_handler(): Providing individual callbacks instead of an object implementing SessionHandlerInterface is deprecated en C:\tools\nginx\html\sistema_biometrico\index.php línea 50
URI: /asistencia
--------------------------------------------------------------------------------
[2026-03-17 09:25:20] [DEPRECATED] session_set_save_handler(): Providing individual callbacks instead of an object implementing SessionHandlerInterface is deprecated en C:\tools\nginx\html\sistema_biometrico\index.php línea 50
URI: /asistencia
--------------------------------------------------------------------------------
[2026-03-17 09:25:20] [DEPRECATED] session_set_save_handler(): Providing individual callbacks instead of an object implementing SessionHandlerInterface is deprecated en C:\tools\nginx\html\sistema_biometrico\index.php línea 50
URI: /favicon.ico
--------------------------------------------------------------------------------
[2026-03-17 09:25:20] [DEPRECATED] session_set_save_handler(): Providing individual callbacks instead of an object implementing SessionHandlerInterface is deprecated en C:\tools\nginx\html\sistema_biometrico\index.php línea 50
URI: /asistencia
--------------------------------------------------------------------------------
[2026-03-17 09:25:20] [DEPRECATED] session_set_save_handler(): Providing individual callbacks instead of an object implementing SessionHandlerInterface is deprecated en C:\tools\nginx\html\sistema_biometrico\index.php línea 50
URI: /favicon.ico
--------------------------------------------------------------------------------
[2026-03-17 09:25:30] [DEPRECATED] session_set_save_handler(): Providing individual callbacks instead of an object implementing SessionHandlerInterface is deprecated en C:\tools\nginx\html\sistema_biometrico\index.php línea 50
URI: /asistencia
--------------------------------------------------------------------------------
[2026-03-17 09:25:30] [DEPRECATED] session_set_save_handler(): Providing individual callbacks instead of an object implementing SessionHandlerInterface is deprecated en C:\tools\nginx\html\sistema_biometrico\index.php línea 50
URI: /favicon.ico
--------------------------------------------------------------------------------
[2026-03-17 09:25:32] [DEPRECATED] session_set_save_handler(): Providing individual callbacks instead of an object implementing SessionHandlerInterface is deprecated en C:\tools\nginx\html\sistema_biometrico\index.php línea 50
URI: /asistencia
--------------------------------------------------------------------------------
[2026-03-17 09:25:32] [DEPRECATED] session_set_save_handler(): Providing individual callbacks instead of an object implementing SessionHandlerInterface is deprecated en C:\tools\nginx\html\sistema_biometrico\index.php línea 50
URI: /favicon.ico
--------------------------------------------------------------------------------
[2026-03-17 09:26:54] [DEPRECATED] session_set_save_handler(): Providing individual callbacks instead of an object implementing SessionHandlerInterface is deprecated en C:\tools\nginx\html\sistema_biometrico\index.php línea 50
URI: /asistencia
--------------------------------------------------------------------------------
[2026-03-17 09:26:54] [DEPRECATED] session_set_save_handler(): Providing individual callbacks instead of an object implementing SessionHandlerInterface is deprecated en C:\tools\nginx\html\sistema_biometrico\index.php línea 50
URI: /favicon.ico
--------------------------------------------------------------------------------
[2026-03-17 09:26:56] [DEPRECATED] session_set_save_handler(): Providing individual callbacks instead of an object implementing SessionHandlerInterface is deprecated en C:\tools\nginx\html\sistema_biometrico\index.php línea 50
URI: /asistencia
--------------------------------------------------------------------------------
[2026-03-17 09:26:56] [DEPRECATED] session_set_save_handler(): Providing individual callbacks instead of an object implementing SessionHandlerInterface is deprecated en C:\tools\nginx\html\sistema_biometrico\index.php línea 50
URI: /favicon.ico
--------------------------------------------------------------------------------
[2026-03-17 09:26:57] [DEPRECATED] session_set_save_handler(): Providing individual callbacks instead of an object implementing SessionHandlerInterface is deprecated en C:\tools\nginx\html\sistema_biometrico\index.php línea 50
URI: /asistencia
--------------------------------------------------------------------------------
[2026-03-17 09:26:57] [DEPRECATED] session_set_save_handler(): Providing individual callbacks instead of an object implementing SessionHandlerInterface is deprecated en C:\tools\nginx\html\sistema_biometrico\index.php línea 50
URI: /favicon.ico
--------------------------------------------------------------------------------
[2026-03-17 09:26:57] [DEPRECATED] session_set_save_handler(): Providing individual callbacks instead of an object implementing SessionHandlerInterface is deprecated en C:\tools\nginx\html\sistema_biometrico\index.php línea 50
URI: /asistencia
--------------------------------------------------------------------------------
[2026-03-17 09:26:57] [DEPRECATED] session_set_save_handler(): Providing individual callbacks instead of an object implementing SessionHandlerInterface is deprecated en C:\tools\nginx\html\sistema_biometrico\index.php línea 50
URI: /favicon.ico
--------------------------------------------------------------------------------
[2026-03-17 09:26:57] [DEPRECATED] session_set_save_handler(): Providing individual callbacks instead of an object implementing SessionHandlerInterface is deprecated en C:\tools\nginx\html\sistema_biometrico\index.php línea 50
URI: /asistencia
--------------------------------------------------------------------------------
[2026-03-17 09:26:57] [DEPRECATED] session_set_save_handler(): Providing individual callbacks instead of an object implementing SessionHandlerInterface is deprecated en C:\tools\nginx\html\sistema_biometrico\index.php línea 50
URI: /favicon.ico
--------------------------------------------------------------------------------
[2026-03-17 09:26:57] [DEPRECATED] session_set_save_handler(): Providing individual callbacks instead of an object implementing SessionHandlerInterface is deprecated en C:\tools\nginx\html\sistema_biometrico\index.php línea 50
URI: /asistencia
--------------------------------------------------------------------------------
[2026-03-17 09:26:57] [DEPRECATED] session_set_save_handler(): Providing individual callbacks instead of an object implementing SessionHandlerInterface is deprecated en C:\tools\nginx\html\sistema_biometrico\index.php línea 50
URI: /favicon.ico
--------------------------------------------------------------------------------
[2026-03-17 09:26:58] [DEPRECATED] session_set_save_handler(): Providing individual callbacks instead of an object implementing SessionHandlerInterface is deprecated en C:\tools\nginx\html\sistema_biometrico\index.php línea 50
URI: /asistencia
--------------------------------------------------------------------------------
[2026-03-17 09:26:58] [DEPRECATED] session_set_save_handler(): Providing individual callbacks instead of an object implementing SessionHandlerInterface is deprecated en C:\tools\nginx\html\sistema_biometrico\index.php línea 50
URI: /favicon.ico
--------------------------------------------------------------------------------
[2026-03-17 09:26:58] [DEPRECATED] session_set_save_handler(): Providing individual callbacks instead of an object implementing SessionHandlerInterface is deprecated en C:\tools\nginx\html\sistema_biometrico\index.php línea 50
URI: /asistencia
--------------------------------------------------------------------------------
[2026-03-17 09:26:58] [DEPRECATED] session_set_save_handler(): Providing individual callbacks instead of an object implementing SessionHandlerInterface is deprecated en C:\tools\nginx\html\sistema_biometrico\index.php línea 50
URI: /favicon.ico
--------------------------------------------------------------------------------
[2026-03-17 09:26:58] [DEPRECATED] session_set_save_handler(): Providing individual callbacks instead of an object implementing SessionHandlerInterface is deprecated en C:\tools\nginx\html\sistema_biometrico\index.php línea 50
URI: /asistencia
--------------------------------------------------------------------------------
[2026-03-17 09:26:58] [DEPRECATED] session_set_save_handler(): Providing individual callbacks instead of an object implementing SessionHandlerInterface is deprecated en C:\tools\nginx\html\sistema_biometrico\index.php línea 50
URI: /favicon.ico
--------------------------------------------------------------------------------
[2026-03-17 09:26:58] [DEPRECATED] session_set_save_handler(): Providing individual callbacks instead of an object implementing SessionHandlerInterface is deprecated en C:\tools\nginx\html\sistema_biometrico\index.php línea 50
URI: /asistencia
--------------------------------------------------------------------------------
[2026-03-17 09:26:58] [DEPRECATED] session_set_save_handler(): Providing individual callbacks instead of an object implementing SessionHandlerInterface is deprecated en C:\tools\nginx\html\sistema_biometrico\index.php línea 50
URI: /favicon.ico
--------------------------------------------------------------------------------
[2026-03-17 09:27:00] [DEPRECATED] session_set_save_handler(): Providing individual callbacks instead of an object implementing SessionHandlerInterface is deprecated en C:\tools\nginx\html\sistema_biometrico\index.php línea 50
URI: /asistencia
--------------------------------------------------------------------------------
[2026-03-17 09:27:00] [DEPRECATED] session_set_save_handler(): Providing individual callbacks instead of an object implementing SessionHandlerInterface is deprecated en C:\tools\nginx\html\sistema_biometrico\index.php línea 50
URI: /favicon.ico
--------------------------------------------------------------------------------
[2026-03-17 09:27:01] [DEPRECATED] session_set_save_handler(): Providing individual callbacks instead of an object implementing SessionHandlerInterface is deprecated en C:\tools\nginx\html\sistema_biometrico\index.php línea 50
URI: /asistencia
--------------------------------------------------------------------------------
[2026-03-17 09:27:01] [DEPRECATED] session_set_save_handler(): Providing individual callbacks instead of an object implementing SessionHandlerInterface is deprecated en C:\tools\nginx\html\sistema_biometrico\index.php línea 50
URI: /favicon.ico
--------------------------------------------------------------------------------
[2026-03-17 09:28:04] [DEPRECATED] session_set_save_handler(): Providing individual callbacks instead of an object implementing SessionHandlerInterface is deprecated en C:\tools\nginx\html\sistema_biometrico\index.php línea 50
URI: /asistencia
--------------------------------------------------------------------------------
[2026-03-17 09:28:04] [DEPRECATED] session_set_save_handler(): Providing individual callbacks instead of an object implementing SessionHandlerInterface is deprecated en C:\tools\nginx\html\sistema_biometrico\index.php línea 50
URI: /favicon.ico
--------------------------------------------------------------------------------
[2026-03-17 09:28:06] [DEPRECATED] session_set_save_handler(): Providing individual callbacks instead of an object implementing SessionHandlerInterface is deprecated en C:\tools\nginx\html\sistema_biometrico\index.php línea 50
URI: /asistencia
--------------------------------------------------------------------------------
[2026-03-17 09:28:06] [DEPRECATED] session_set_save_handler(): Providing individual callbacks instead of an object implementing SessionHandlerInterface is deprecated en C:\tools\nginx\html\sistema_biometrico\index.php línea 50
URI: /favicon.ico
--------------------------------------------------------------------------------
[2026-03-17 09:28:06] [DEPRECATED] session_set_save_handler(): Providing individual callbacks instead of an object implementing SessionHandlerInterface is deprecated en C:\tools\nginx\html\sistema_biometrico\index.php línea 50
URI: /asistencia
--------------------------------------------------------------------------------
[2026-03-17 09:28:06] [DEPRECATED] session_set_save_handler(): Providing individual callbacks instead of an object implementing SessionHandlerInterface is deprecated en C:\tools\nginx\html\sistema_biometrico\index.php línea 50
URI: /favicon.ico
--------------------------------------------------------------------------------
[2026-03-17 09:28:07] [DEPRECATED] session_set_save_handler(): Providing individual callbacks instead of an object implementing SessionHandlerInterface is deprecated en C:\tools\nginx\html\sistema_biometrico\index.php línea 50
URI: /asistencia
--------------------------------------------------------------------------------
[2026-03-17 09:28:07] [DEPRECATED] session_set_save_handler(): Providing individual callbacks instead of an object implementing SessionHandlerInterface is deprecated en C:\tools\nginx\html\sistema_biometrico\index.php línea 50
URI: /favicon.ico
--------------------------------------------------------------------------------
[2026-03-17 09:28:07] [DEPRECATED] session_set_save_handler(): Providing individual callbacks instead of an object implementing SessionHandlerInterface is deprecated en C:\tools\nginx\html\sistema_biometrico\index.php línea 50
URI: /asistencia
--------------------------------------------------------------------------------
[2026-03-17 09:28:07] [DEPRECATED] session_set_save_handler(): Providing individual callbacks instead of an object implementing SessionHandlerInterface is deprecated en C:\tools\nginx\html\sistema_biometrico\index.php línea 50
URI: /favicon.ico
--------------------------------------------------------------------------------
[2026-03-17 09:28:07] [DEPRECATED] session_set_save_handler(): Providing individual callbacks instead of an object implementing SessionHandlerInterface is deprecated en C:\tools\nginx\html\sistema_biometrico\index.php línea 50
URI: /asistencia
--------------------------------------------------------------------------------
[2026-03-17 09:28:08] [DEPRECATED] session_set_save_handler(): Providing individual callbacks instead of an object implementing SessionHandlerInterface is deprecated en C:\tools\nginx\html\sistema_biometrico\index.php línea 50
URI: /asistencia
--------------------------------------------------------------------------------
[2026-03-17 09:28:08] [DEPRECATED] session_set_save_handler(): Providing individual callbacks instead of an object implementing SessionHandlerInterface is deprecated en C:\tools\nginx\html\sistema_biometrico\index.php línea 50
URI: /favicon.ico
--------------------------------------------------------------------------------
[2026-03-17 09:28:08] [DEPRECATED] session_set_save_handler(): Providing individual callbacks instead of an object implementing SessionHandlerInterface is deprecated en C:\tools\nginx\html\sistema_biometrico\index.php línea 50
URI: /asistencia
--------------------------------------------------------------------------------
[2026-03-17 09:28:08] [DEPRECATED] session_set_save_handler(): Providing individual callbacks instead of an object implementing SessionHandlerInterface is deprecated en C:\tools\nginx\html\sistema_biometrico\index.php línea 50
URI: /favicon.ico
--------------------------------------------------------------------------------
[2026-03-17 09:28:08] [DEPRECATED] session_set_save_handler(): Providing individual callbacks instead of an object implementing SessionHandlerInterface is deprecated en C:\tools\nginx\html\sistema_biometrico\index.php línea 50
URI: /asistencia
--------------------------------------------------------------------------------
[2026-03-17 09:28:09] [DEPRECATED] session_set_save_handler(): Providing individual callbacks instead of an object implementing SessionHandlerInterface is deprecated en C:\tools\nginx\html\sistema_biometrico\index.php línea 50
URI: /favicon.ico
--------------------------------------------------------------------------------
[2026-03-17 09:28:09] [DEPRECATED] session_set_save_handler(): Providing individual callbacks instead of an object implementing SessionHandlerInterface is deprecated en C:\tools\nginx\html\sistema_biometrico\index.php línea 50
URI: /asistencia
--------------------------------------------------------------------------------
[2026-03-17 09:28:09] [DEPRECATED] session_set_save_handler(): Providing individual callbacks instead of an object implementing SessionHandlerInterface is deprecated en C:\tools\nginx\html\sistema_biometrico\index.php línea 50
URI: /favicon.ico
--------------------------------------------------------------------------------
[2026-03-17 09:30:10] [DEPRECATED] session_set_save_handler(): Providing individual callbacks instead of an object implementing SessionHandlerInterface is deprecated en C:\tools\nginx\html\sistema_biometrico\index.php línea 50
URI: /asistencia
--------------------------------------------------------------------------------
[2026-03-17 09:30:11] [DEPRECATED] session_set_save_handler(): Providing individual callbacks instead of an object implementing SessionHandlerInterface is deprecated en C:\tools\nginx\html\sistema_biometrico\index.php línea 50
URI: /asistencia/estado-dispositivos
--------------------------------------------------------------------------------
[2026-03-17 09:30:14] [DEPRECATED] session_set_save_handler(): Providing individual callbacks instead of an object implementing SessionHandlerInterface is deprecated en C:\tools\nginx\html\sistema_biometrico\index.php línea 50
URI: /asistencia/filtrar-asistencia
--------------------------------------------------------------------------------
[2026-03-17 09:30:15] [DEPRECATED] session_set_save_handler(): Providing individual callbacks instead of an object implementing SessionHandlerInterface is deprecated en C:\tools\nginx\html\sistema_biometrico\index.php línea 50
URI: /api/log-error
--------------------------------------------------------------------------------
[2026-03-17 09:30:15] [DEPRECATED] session_set_save_handler(): Providing individual callbacks instead of an object implementing SessionHandlerInterface is deprecated en C:\tools\nginx\html\sistema_biometrico\index.php línea 50
URI: /api/log-error
--------------------------------------------------------------------------------
[2026-03-17 09:30:27] [DEPRECATED] session_set_save_handler(): Providing individual callbacks instead of an object implementing SessionHandlerInterface is deprecated en C:\tools\nginx\html\sistema_biometrico\index.php línea 50
URI: /.well-known/appspecific/com.chrome.devtools.json
--------------------------------------------------------------------------------
[2026-03-17 09:30:51] [DEPRECATED] session_set_save_handler(): Providing individual callbacks instead of an object implementing SessionHandlerInterface is deprecated en C:\tools\nginx\html\sistema_biometrico\index.php línea 50
URI: /asistencia
--------------------------------------------------------------------------------
[2026-03-17 09:30:51] [DEPRECATED] session_set_save_handler(): Providing individual callbacks instead of an object implementing SessionHandlerInterface is deprecated en C:\tools\nginx\html\sistema_biometrico\index.php línea 50
URI: /.well-known/appspecific/com.chrome.devtools.json
--------------------------------------------------------------------------------
[2026-03-17 09:30:51] [DEPRECATED] session_set_save_handler(): Providing individual callbacks instead of an object implementing SessionHandlerInterface is deprecated en C:\tools\nginx\html\sistema_biometrico\index.php línea 50
URI: /asistencia/estado-dispositivos
--------------------------------------------------------------------------------
[2026-03-17 09:30:55] [DEPRECATED] session_set_save_handler(): Providing individual callbacks instead of an object implementing SessionHandlerInterface is deprecated en C:\tools\nginx\html\sistema_biometrico\index.php línea 50
URI: /asistencia/filtrar-asistencia
--------------------------------------------------------------------------------
[2026-03-17 09:30:55] [DEPRECATED] session_set_save_handler(): Providing individual callbacks instead of an object implementing SessionHandlerInterface is deprecated en C:\tools\nginx\html\sistema_biometrico\index.php línea 50
URI: /api/log-error
--------------------------------------------------------------------------------
[2026-03-17 09:30:55] [DEPRECATED] session_set_save_handler(): Providing individual callbacks instead of an object implementing SessionHandlerInterface is deprecated en C:\tools\nginx\html\sistema_biometrico\index.php línea 50
URI: /api/log-error
--------------------------------------------------------------------------------
[2026-03-17 09:31:22] [DEPRECATED] session_set_save_handler(): Providing individual callbacks instead of an object implementing SessionHandlerInterface is deprecated en C:\tools\nginx\html\sistema_biometrico\index.php línea 50
URI: /logout
--------------------------------------------------------------------------------
[2026-03-17 09:31:22] [DEPRECATED] session_set_save_handler(): Providing individual callbacks instead of an object implementing SessionHandlerInterface is deprecated en C:\tools\nginx\html\sistema_biometrico\index.php línea 50
URI: /login
--------------------------------------------------------------------------------
[2026-03-17 09:31:22] [DEPRECATED] session_set_save_handler(): Providing individual callbacks instead of an object implementing SessionHandlerInterface is deprecated en C:\tools\nginx\html\sistema_biometrico\index.php línea 50
URI: /.well-known/appspecific/com.chrome.devtools.json
--------------------------------------------------------------------------------
[2026-03-17 09:31:22] [DEPRECATED] session_set_save_handler(): Providing individual callbacks instead of an object implementing SessionHandlerInterface is deprecated en C:\tools\nginx\html\sistema_biometrico\index.php línea 50
URI: /login
--------------------------------------------------------------------------------
[2026-03-17 09:32:03] [DEPRECATED] session_set_save_handler(): Providing individual callbacks instead of an object implementing SessionHandlerInterface is deprecated en C:\tools\nginx\html\sistema_biometrico\index.php línea 50
URI: /login
--------------------------------------------------------------------------------
[2026-03-17 09:32:03] [DEPRECATED] session_set_save_handler(): Providing individual callbacks instead of an object implementing SessionHandlerInterface is deprecated en C:\tools\nginx\html\sistema_biometrico\index.php línea 50
URI: /dashboard
--------------------------------------------------------------------------------
[2026-03-17 09:32:06] [EXCEPTION] PDOException
Contexto: {"action":"index","section":"comisiones"}
Mensaje: SQLSTATE[42S22]: Column not found: 1054 Unknown column 'monto' in 'SELECT'
URI: /dashboard
Archivo: C:\tools\nginx\html\sistema_biometrico\models\Comision.php Línea: 136
#0 C:\tools\nginx\html\sistema_biometrico\models\Comision.php(136): PDO->prepare('SELECT SUM(mont...')
#1 C:\tools\nginx\html\sistema_biometrico\controllers\DashboardController.php(81): Comision->getTotalComisiones(NULL, '03', '2026')
#2 C:\tools\nginx\html\sistema_biometrico\index.php(180): DashboardController->index()
#3 {main}
--------------------------------------------------------------------------------
[2026-03-17 09:32:06] [DEPRECATED] session_set_save_handler(): Providing individual callbacks instead of an object implementing SessionHandlerInterface is deprecated en C:\tools\nginx\html\sistema_biometrico\index.php línea 50
URI: /.well-known/appspecific/com.chrome.devtools.json
--------------------------------------------------------------------------------
[2026-03-17 09:32:39] [DEPRECATED] session_set_save_handler(): Providing individual callbacks instead of an object implementing SessionHandlerInterface is deprecated en C:\tools\nginx\html\sistema_biometrico\index.php línea 50
URI: /asistencia
--------------------------------------------------------------------------------
[2026-03-17 09:32:39] [DEPRECATED] session_set_save_handler(): Providing individual callbacks instead of an object implementing SessionHandlerInterface is deprecated en C:\tools\nginx\html\sistema_biometrico\index.php línea 50
URI: /.well-known/appspecific/com.chrome.devtools.json
--------------------------------------------------------------------------------
[2026-03-17 09:32:39] [DEPRECATED] session_set_save_handler(): Providing individual callbacks instead of an object implementing SessionHandlerInterface is deprecated en C:\tools\nginx\html\sistema_biometrico\index.php línea 50
URI: /asistencia/estado-dispositivos
--------------------------------------------------------------------------------
[2026-03-17 09:32:42] [DEPRECATED] session_set_save_handler(): Providing individual callbacks instead of an object implementing SessionHandlerInterface is deprecated en C:\tools\nginx\html\sistema_biometrico\index.php línea 50
URI: /asistencia/filtrar-asistencia
--------------------------------------------------------------------------------
[2026-03-17 09:32:42] [DEPRECATED] session_set_save_handler(): Providing individual callbacks instead of an object implementing SessionHandlerInterface is deprecated en C:\tools\nginx\html\sistema_biometrico\index.php línea 50
URI: /asistencia
--------------------------------------------------------------------------------
[2026-03-17 09:32:42] [DEPRECATED] session_set_save_handler(): Providing individual callbacks instead of an object implementing SessionHandlerInterface is deprecated en C:\tools\nginx\html\sistema_biometrico\index.php línea 50
URI: /.well-known/appspecific/com.chrome.devtools.json
--------------------------------------------------------------------------------
[2026-03-17 09:32:43] [DEPRECATED] session_set_save_handler(): Providing individual callbacks instead of an object implementing SessionHandlerInterface is deprecated en C:\tools\nginx\html\sistema_biometrico\index.php línea 50
URI: /asistencia/estado-dispositivos
--------------------------------------------------------------------------------
[2026-03-17 09:32:45] [DEPRECATED] session_set_save_handler(): Providing individual callbacks instead of an object implementing SessionHandlerInterface is deprecated en C:\tools\nginx\html\sistema_biometrico\index.php línea 50
URI: /asistencia/filtrar-asistencia
--------------------------------------------------------------------------------
[2026-03-17 09:32:45] [DEPRECATED] session_set_save_handler(): Providing individual callbacks instead of an object implementing SessionHandlerInterface is deprecated en C:\tools\nginx\html\sistema_biometrico\index.php línea 50
URI: /asistencia
--------------------------------------------------------------------------------
[2026-03-17 09:32:45] [DEPRECATED] session_set_save_handler(): Providing individual callbacks instead of an object implementing SessionHandlerInterface is deprecated en C:\tools\nginx\html\sistema_biometrico\index.php línea 50
URI: /asistencia
--------------------------------------------------------------------------------
[2026-03-17 09:32:45] [DEPRECATED] session_set_save_handler(): Providing individual callbacks instead of an object implementing SessionHandlerInterface is deprecated en C:\tools\nginx\html\sistema_biometrico\index.php línea 50
URI: /.well-known/appspecific/com.chrome.devtools.json
--------------------------------------------------------------------------------
[2026-03-17 09:32:45] [DEPRECATED] session_set_save_handler(): Providing individual callbacks instead of an object implementing SessionHandlerInterface is deprecated en C:\tools\nginx\html\sistema_biometrico\index.php línea 50
URI: /asistencia/filtrar-asistencia
--------------------------------------------------------------------------------
[2026-03-17 09:32:45] [DEPRECATED] session_set_save_handler(): Providing individual callbacks instead of an object implementing SessionHandlerInterface is deprecated en C:\tools\nginx\html\sistema_biometrico\index.php línea 50
URI: /asistencia/estado-dispositivos
--------------------------------------------------------------------------------
[2026-03-17 09:32:49] [DEPRECATED] session_set_save_handler(): Providing individual callbacks instead of an object implementing SessionHandlerInterface is deprecated en C:\tools\nginx\html\sistema_biometrico\index.php línea 50
URI: /asistencia
--------------------------------------------------------------------------------
[2026-03-17 09:32:49] [DEPRECATED] session_set_save_handler(): Providing individual callbacks instead of an object implementing SessionHandlerInterface is deprecated en C:\tools\nginx\html\sistema_biometrico\index.php línea 50
URI: /.well-known/appspecific/com.chrome.devtools.json
--------------------------------------------------------------------------------
[2026-03-17 09:32:49] [DEPRECATED] session_set_save_handler(): Providing individual callbacks instead of an object implementing SessionHandlerInterface is deprecated en C:\tools\nginx\html\sistema_biometrico\index.php línea 50
URI: /asistencia/filtrar-asistencia
--------------------------------------------------------------------------------
[2026-03-17 09:32:49] [DEPRECATED] session_set_save_handler(): Providing individual callbacks instead of an object implementing SessionHandlerInterface is deprecated en C:\tools\nginx\html\sistema_biometrico\index.php línea 50
URI: /asistencia/estado-dispositivos
--------------------------------------------------------------------------------
[2026-03-17 09:33:48] [DEPRECATED] session_set_save_handler(): Providing individual callbacks instead of an object implementing SessionHandlerInterface is deprecated en C:\tools\nginx\html\sistema_biometrico\index.php línea 50
URI: /empleados
--------------------------------------------------------------------------------
[2026-03-17 09:33:56] [DEPRECATED] session_set_save_handler(): Providing individual callbacks instead of an object implementing SessionHandlerInterface is deprecated en C:\tools\nginx\html\sistema_biometrico\index.php línea 50
URI: /empleados?search=87
--------------------------------------------------------------------------------
[2026-03-17 09:33:59] [DEPRECATED] session_set_save_handler(): Providing individual callbacks instead of an object implementing SessionHandlerInterface is deprecated en C:\tools\nginx\html\sistema_biometrico\index.php línea 50
URI: /empleados/datos-completos/87
--------------------------------------------------------------------------------
[2026-03-17 09:35:52] [DEPRECATED] session_set_save_handler(): Providing individual callbacks instead of an object implementing SessionHandlerInterface is deprecated en C:\tools\nginx\html\sistema_biometrico\index.php línea 50
URI: /empleados/datos-completos/87
--------------------------------------------------------------------------------
[2026-03-17 09:36:22] [DEPRECATED] session_set_save_handler(): Providing individual callbacks instead of an object implementing SessionHandlerInterface is deprecated en C:\tools\nginx\html\sistema_biometrico\index.php línea 50
URI: /horarios
--------------------------------------------------------------------------------
[2026-03-17 09:36:36] [DEPRECATED] session_set_save_handler(): Providing individual callbacks instead of an object implementing SessionHandlerInterface is deprecated en C:\tools\nginx\html\sistema_biometrico\index.php línea 50
URI: /catalogos
--------------------------------------------------------------------------------
[2026-03-17 09:36:36] [WARNING] Undefined array key "nombre_depto" en C:\tools\nginx\html\sistema_biometrico\views\catalogos\index.php línea 680
URI: /catalogos
--------------------------------------------------------------------------------
[2026-03-17 09:36:36] [DEPRECATED] htmlspecialchars(): Passing null to parameter #1 ($string) of type string is deprecated en C:\tools\nginx\html\sistema_biometrico\views\catalogos\index.php línea 680
URI: /catalogos
--------------------------------------------------------------------------------
[2026-03-17 09:36:36] [WARNING] Undefined array key "nombre_depto" en C:\tools\nginx\html\sistema_biometrico\views\catalogos\index.php línea 692
URI: /catalogos
--------------------------------------------------------------------------------
[2026-03-17 09:36:36] [DEPRECATED] htmlspecialchars(): Passing null to parameter #1 ($string) of type string is deprecated en C:\tools\nginx\html\sistema_biometrico\views\catalogos\index.php línea 692
URI: /catalogos
--------------------------------------------------------------------------------
[2026-03-17 09:36:36] [WARNING] Undefined array key "nombre_depto" en C:\tools\nginx\html\sistema_biometrico\views\catalogos\index.php línea 680
URI: /catalogos
--------------------------------------------------------------------------------
[2026-03-17 09:36:36] [DEPRECATED] htmlspecialchars(): Passing null to parameter #1 ($string) of type string is deprecated en C:\tools\nginx\html\sistema_biometrico\views\catalogos\index.php línea 680
URI: /catalogos
--------------------------------------------------------------------------------
[2026-03-17 09:36:36] [WARNING] Undefined array key "nombre_depto" en C:\tools\nginx\html\sistema_biometrico\views\catalogos\index.php línea 692
URI: /catalogos
--------------------------------------------------------------------------------
[2026-03-17 09:36:36] [DEPRECATED] htmlspecialchars(): Passing null to parameter #1 ($string) of type string is deprecated en C:\tools\nginx\html\sistema_biometrico\views\catalogos\index.php línea 692
URI: /catalogos
--------------------------------------------------------------------------------
[2026-03-17 09:36:36] [WARNING] Undefined array key "nombre_depto" en C:\tools\nginx\html\sistema_biometrico\views\catalogos\index.php línea 680
URI: /catalogos
--------------------------------------------------------------------------------
[2026-03-17 09:36:36] [DEPRECATED] htmlspecialchars(): Passing null to parameter #1 ($string) of type string is deprecated en C:\tools\nginx\html\sistema_biometrico\views\catalogos\index.php línea 680
URI: /catalogos
--------------------------------------------------------------------------------
[2026-03-17 09:36:36] [WARNING] Undefined array key "nombre_depto" en C:\tools\nginx\html\sistema_biometrico\views\catalogos\index.php línea 692
URI: /catalogos
--------------------------------------------------------------------------------
[2026-03-17 09:36:36] [DEPRECATED] htmlspecialchars(): Passing null to parameter #1 ($string) of type string is deprecated en C:\tools\nginx\html\sistema_biometrico\views\catalogos\index.php línea 692
URI: /catalogos
--------------------------------------------------------------------------------
[2026-03-17 09:36:36] [WARNING] Undefined array key "nombre_depto" en C:\tools\nginx\html\sistema_biometrico\views\catalogos\index.php línea 680
URI: /catalogos
--------------------------------------------------------------------------------
[2026-03-17 09:36:36] [DEPRECATED] htmlspecialchars(): Passing null to parameter #1 ($string) of type string is deprecated en C:\tools\nginx\html\sistema_biometrico\views\catalogos\index.php línea 680
URI: /catalogos
--------------------------------------------------------------------------------
[2026-03-17 09:36:36] [WARNING] Undefined array key "nombre_depto" en C:\tools\nginx\html\sistema_biometrico\views\catalogos\index.php línea 692
URI: /catalogos
--------------------------------------------------------------------------------
[2026-03-17 09:36:36] [DEPRECATED] htmlspecialchars(): Passing null to parameter #1 ($string) of type string is deprecated en C:\tools\nginx\html\sistema_biometrico\views\catalogos\index.php línea 692
URI: /catalogos
--------------------------------------------------------------------------------
[2026-03-17 09:36:36] [WARNING] Undefined array key "nombre_depto" en C:\tools\nginx\html\sistema_biometrico\views\catalogos\index.php línea 680
URI: /catalogos
--------------------------------------------------------------------------------
[2026-03-17 09:36:36] [DEPRECATED] htmlspecialchars(): Passing null to parameter #1 ($string) of type string is deprecated en C:\tools\nginx\html\sistema_biometrico\views\catalogos\index.php línea 680
URI: /catalogos
--------------------------------------------------------------------------------
[2026-03-17 09:36:36] [WARNING] Undefined array key "nombre_depto" en C:\tools\nginx\html\sistema_biometrico\views\catalogos\index.php línea 692
URI: /catalogos
--------------------------------------------------------------------------------
[2026-03-17 09:36:36] [DEPRECATED] htmlspecialchars(): Passing null to parameter #1 ($string) of type string is deprecated en C:\tools\nginx\html\sistema_biometrico\views\catalogos\index.php línea 692
URI: /catalogos
--------------------------------------------------------------------------------
[2026-03-17 09:36:36] [WARNING] Undefined array key "nombre_depto" en C:\tools\nginx\html\sistema_biometrico\views\catalogos\index.php línea 680
URI: /catalogos
--------------------------------------------------------------------------------
[2026-03-17 09:36:36] [DEPRECATED] htmlspecialchars(): Passing null to parameter #1 ($string) of type string is deprecated en C:\tools\nginx\html\sistema_biometrico\views\catalogos\index.php línea 680
URI: /catalogos
--------------------------------------------------------------------------------
[2026-03-17 09:36:36] [WARNING] Undefined array key "nombre_depto" en C:\tools\nginx\html\sistema_biometrico\views\catalogos\index.php línea 692
URI: /catalogos
--------------------------------------------------------------------------------
[2026-03-17 09:36:36] [DEPRECATED] htmlspecialchars(): Passing null to parameter #1 ($string) of type string is deprecated en C:\tools\nginx\html\sistema_biometrico\views\catalogos\index.php línea 692
URI: /catalogos
--------------------------------------------------------------------------------
[2026-03-17 09:36:36] [WARNING] Undefined array key "nombre_depto" en C:\tools\nginx\html\sistema_biometrico\views\catalogos\index.php línea 680
URI: /catalogos
--------------------------------------------------------------------------------
[2026-03-17 09:36:36] [DEPRECATED] htmlspecialchars(): Passing null to parameter #1 ($string) of type string is deprecated en C:\tools\nginx\html\sistema_biometrico\views\catalogos\index.php línea 680
URI: /catalogos
--------------------------------------------------------------------------------
[2026-03-17 09:36:36] [WARNING] Undefined array key "nombre_depto" en C:\tools\nginx\html\sistema_biometrico\views\catalogos\index.php línea 692
URI: /catalogos
--------------------------------------------------------------------------------
[2026-03-17 09:36:36] [DEPRECATED] htmlspecialchars(): Passing null to parameter #1 ($string) of type string is deprecated en C:\tools\nginx\html\sistema_biometrico\views\catalogos\index.php línea 692
URI: /catalogos
--------------------------------------------------------------------------------
[2026-03-17 09:36:36] [WARNING] Undefined array key "nombre_depto" en C:\tools\nginx\html\sistema_biometrico\views\catalogos\index.php línea 680
URI: /catalogos
--------------------------------------------------------------------------------
[2026-03-17 09:36:36] [DEPRECATED] htmlspecialchars(): Passing null to parameter #1 ($string) of type string is deprecated en C:\tools\nginx\html\sistema_biometrico\views\catalogos\index.php línea 680
URI: /catalogos
--------------------------------------------------------------------------------
[2026-03-17 09:36:36] [WARNING] Undefined array key "nombre_depto" en C:\tools\nginx\html\sistema_biometrico\views\catalogos\index.php línea 692
URI: /catalogos
--------------------------------------------------------------------------------
[2026-03-17 09:36:36] [DEPRECATED] htmlspecialchars(): Passing null to parameter #1 ($string) of type string is deprecated en C:\tools\nginx\html\sistema_biometrico\views\catalogos\index.php línea 692
URI: /catalogos
--------------------------------------------------------------------------------
[2026-03-17 09:36:36] [WARNING] Undefined array key "nombre_depto" en C:\tools\nginx\html\sistema_biometrico\views\catalogos\index.php línea 680
URI: /catalogos
--------------------------------------------------------------------------------
[2026-03-17 09:36:36] [DEPRECATED] htmlspecialchars(): Passing null to parameter #1 ($string) of type string is deprecated en C:\tools\nginx\html\sistema_biometrico\views\catalogos\index.php línea 680
URI: /catalogos
--------------------------------------------------------------------------------
[2026-03-17 09:36:36] [WARNING] Undefined array key "nombre_depto" en C:\tools\nginx\html\sistema_biometrico\views\catalogos\index.php línea 692
URI: /catalogos
--------------------------------------------------------------------------------
[2026-03-17 09:36:36] [DEPRECATED] htmlspecialchars(): Passing null to parameter #1 ($string) of type string is deprecated en C:\tools\nginx\html\sistema_biometrico\views\catalogos\index.php línea 692
URI: /catalogos
--------------------------------------------------------------------------------
[2026-03-17 09:36:36] [WARNING] Undefined array key "nombre_depto" en C:\tools\nginx\html\sistema_biometrico\views\catalogos\index.php línea 680
URI: /catalogos
--------------------------------------------------------------------------------
[2026-03-17 09:36:36] [DEPRECATED] htmlspecialchars(): Passing null to parameter #1 ($string) of type string is deprecated en C:\tools\nginx\html\sistema_biometrico\views\catalogos\index.php línea 680
URI: /catalogos
--------------------------------------------------------------------------------
[2026-03-17 09:36:36] [WARNING] Undefined array key "nombre_depto" en C:\tools\nginx\html\sistema_biometrico\views\catalogos\index.php línea 692
URI: /catalogos
--------------------------------------------------------------------------------
[2026-03-17 09:36:36] [DEPRECATED] htmlspecialchars(): Passing null to parameter #1 ($string) of type string is deprecated en C:\tools\nginx\html\sistema_biometrico\views\catalogos\index.php línea 692
URI: /catalogos
--------------------------------------------------------------------------------
[2026-03-17 09:36:36] [WARNING] Undefined array key "nombre_depto" en C:\tools\nginx\html\sistema_biometrico\views\catalogos\index.php línea 680
URI: /catalogos
--------------------------------------------------------------------------------
[2026-03-17 09:36:36] [DEPRECATED] htmlspecialchars(): Passing null to parameter #1 ($string) of type string is deprecated en C:\tools\nginx\html\sistema_biometrico\views\catalogos\index.php línea 680
URI: /catalogos
--------------------------------------------------------------------------------
[2026-03-17 09:36:36] [WARNING] Undefined array key "nombre_depto" en C:\tools\nginx\html\sistema_biometrico\views\catalogos\index.php línea 692
URI: /catalogos
--------------------------------------------------------------------------------
[2026-03-17 09:36:36] [DEPRECATED] htmlspecialchars(): Passing null to parameter #1 ($string) of type string is deprecated en C:\tools\nginx\html\sistema_biometrico\views\catalogos\index.php línea 692
URI: /catalogos
--------------------------------------------------------------------------------
[2026-03-17 09:36:36] [WARNING] Undefined array key "nombre_depto" en C:\tools\nginx\html\sistema_biometrico\views\catalogos\index.php línea 680
URI: /catalogos
--------------------------------------------------------------------------------
[2026-03-17 09:36:36] [DEPRECATED] htmlspecialchars(): Passing null to parameter #1 ($string) of type string is deprecated en C:\tools\nginx\html\sistema_biometrico\views\catalogos\index.php línea 680
URI: /catalogos
--------------------------------------------------------------------------------
[2026-03-17 09:36:36] [WARNING] Undefined array key "nombre_depto" en C:\tools\nginx\html\sistema_biometrico\views\catalogos\index.php línea 692
URI: /catalogos
--------------------------------------------------------------------------------
[2026-03-17 09:36:36] [DEPRECATED] htmlspecialchars(): Passing null to parameter #1 ($string) of type string is deprecated en C:\tools\nginx\html\sistema_biometrico\views\catalogos\index.php línea 692
URI: /catalogos
--------------------------------------------------------------------------------
[2026-03-17 09:36:36] [WARNING] Undefined array key "nombre_depto" en C:\tools\nginx\html\sistema_biometrico\views\catalogos\index.php línea 680
URI: /catalogos
--------------------------------------------------------------------------------
[2026-03-17 09:36:36] [DEPRECATED] htmlspecialchars(): Passing null to parameter #1 ($string) of type string is deprecated en C:\tools\nginx\html\sistema_biometrico\views\catalogos\index.php línea 680
URI: /catalogos
--------------------------------------------------------------------------------
[2026-03-17 09:36:36] [WARNING] Undefined array key "nombre_depto" en C:\tools\nginx\html\sistema_biometrico\views\catalogos\index.php línea 692
URI: /catalogos
--------------------------------------------------------------------------------
[2026-03-17 09:36:36] [DEPRECATED] htmlspecialchars(): Passing null to parameter #1 ($string) of type string is deprecated en C:\tools\nginx\html\sistema_biometrico\views\catalogos\index.php línea 692
URI: /catalogos
--------------------------------------------------------------------------------
[2026-03-17 09:36:36] [WARNING] Undefined array key "nombre_depto" en C:\tools\nginx\html\sistema_biometrico\views\catalogos\index.php línea 680
URI: /catalogos
--------------------------------------------------------------------------------
[2026-03-17 09:36:36] [DEPRECATED] htmlspecialchars(): Passing null to parameter #1 ($string) of type string is deprecated en C:\tools\nginx\html\sistema_biometrico\views\catalogos\index.php línea 680
URI: /catalogos
--------------------------------------------------------------------------------
[2026-03-17 09:36:36] [WARNING] Undefined array key "nombre_depto" en C:\tools\nginx\html\sistema_biometrico\views\catalogos\index.php línea 692
URI: /catalogos
--------------------------------------------------------------------------------
[2026-03-17 09:36:36] [DEPRECATED] htmlspecialchars(): Passing null to parameter #1 ($string) of type string is deprecated en C:\tools\nginx\html\sistema_biometrico\views\catalogos\index.php línea 692
URI: /catalogos
--------------------------------------------------------------------------------
[2026-03-17 09:36:36] [WARNING] Undefined array key "nombre_depto" en C:\tools\nginx\html\sistema_biometrico\views\catalogos\index.php línea 680
URI: /catalogos
--------------------------------------------------------------------------------
[2026-03-17 09:36:36] [DEPRECATED] htmlspecialchars(): Passing null to parameter #1 ($string) of type string is deprecated en C:\tools\nginx\html\sistema_biometrico\views\catalogos\index.php línea 680
URI: /catalogos
--------------------------------------------------------------------------------
[2026-03-17 09:36:36] [WARNING] Undefined array key "nombre_depto" en C:\tools\nginx\html\sistema_biometrico\views\catalogos\index.php línea 692
URI: /catalogos
--------------------------------------------------------------------------------
[2026-03-17 09:36:36] [DEPRECATED] htmlspecialchars(): Passing null to parameter #1 ($string) of type string is deprecated en C:\tools\nginx\html\sistema_biometrico\views\catalogos\index.php línea 692
URI: /catalogos
--------------------------------------------------------------------------------
[2026-03-17 09:36:36] [WARNING] Undefined array key "nombre_depto" en C:\tools\nginx\html\sistema_biometrico\views\catalogos\index.php línea 680
URI: /catalogos
--------------------------------------------------------------------------------
[2026-03-17 09:36:36] [DEPRECATED] htmlspecialchars(): Passing null to parameter #1 ($string) of type string is deprecated en C:\tools\nginx\html\sistema_biometrico\views\catalogos\index.php línea 680
URI: /catalogos
--------------------------------------------------------------------------------
[2026-03-17 09:36:36] [WARNING] Undefined array key "nombre_depto" en C:\tools\nginx\html\sistema_biometrico\views\catalogos\index.php línea 692
URI: /catalogos
--------------------------------------------------------------------------------
[2026-03-17 09:36:36] [DEPRECATED] htmlspecialchars(): Passing null to parameter #1 ($string) of type string is deprecated en C:\tools\nginx\html\sistema_biometrico\views\catalogos\index.php línea 692
URI: /catalogos
--------------------------------------------------------------------------------
[2026-03-17 09:36:36] [WARNING] Undefined array key "nombre_depto" en C:\tools\nginx\html\sistema_biometrico\views\catalogos\index.php línea 680
URI: /catalogos
--------------------------------------------------------------------------------
[2026-03-17 09:36:36] [DEPRECATED] htmlspecialchars(): Passing null to parameter #1 ($string) of type string is deprecated en C:\tools\nginx\html\sistema_biometrico\views\catalogos\index.php línea 680
URI: /catalogos
--------------------------------------------------------------------------------
[2026-03-17 09:36:36] [WARNING] Undefined array key "nombre_depto" en C:\tools\nginx\html\sistema_biometrico\views\catalogos\index.php línea 692
URI: /catalogos
--------------------------------------------------------------------------------
[2026-03-17 09:36:36] [DEPRECATED] htmlspecialchars(): Passing null to parameter #1 ($string) of type string is deprecated en C:\tools\nginx\html\sistema_biometrico\views\catalogos\index.php línea 692
URI: /catalogos
--------------------------------------------------------------------------------
[2026-03-17 09:36:36] [WARNING] Undefined array key "nombre_depto" en C:\tools\nginx\html\sistema_biometrico\views\catalogos\index.php línea 680
URI: /catalogos
--------------------------------------------------------------------------------
[2026-03-17 09:36:36] [DEPRECATED] htmlspecialchars(): Passing null to parameter #1 ($string) of type string is deprecated en C:\tools\nginx\html\sistema_biometrico\views\catalogos\index.php línea 680
URI: /catalogos
--------------------------------------------------------------------------------
[2026-03-17 09:36:36] [WARNING] Undefined array key "nombre_depto" en C:\tools\nginx\html\sistema_biometrico\views\catalogos\index.php línea 692
URI: /catalogos
--------------------------------------------------------------------------------
[2026-03-17 09:36:36] [DEPRECATED] htmlspecialchars(): Passing null to parameter #1 ($string) of type string is deprecated en C:\tools\nginx\html\sistema_biometrico\views\catalogos\index.php línea 692
URI: /catalogos
--------------------------------------------------------------------------------
[2026-03-17 09:36:36] [WARNING] Undefined array key "nombre_depto" en C:\tools\nginx\html\sistema_biometrico\views\catalogos\index.php línea 680
URI: /catalogos
--------------------------------------------------------------------------------
[2026-03-17 09:36:36] [DEPRECATED] htmlspecialchars(): Passing null to parameter #1 ($string) of type string is deprecated en C:\tools\nginx\html\sistema_biometrico\views\catalogos\index.php línea 680
URI: /catalogos
--------------------------------------------------------------------------------
[2026-03-17 09:36:36] [WARNING] Undefined array key "nombre_depto" en C:\tools\nginx\html\sistema_biometrico\views\catalogos\index.php línea 692
URI: /catalogos
--------------------------------------------------------------------------------
[2026-03-17 09:36:36] [DEPRECATED] htmlspecialchars(): Passing null to parameter #1 ($string) of type string is deprecated en C:\tools\nginx\html\sistema_biometrico\views\catalogos\index.php línea 692
URI: /catalogos
--------------------------------------------------------------------------------
[2026-03-17 09:36:36] [WARNING] Undefined array key "nombre_depto" en C:\tools\nginx\html\sistema_biometrico\views\catalogos\index.php línea 680
URI: /catalogos
--------------------------------------------------------------------------------
[2026-03-17 09:36:36] [DEPRECATED] htmlspecialchars(): Passing null to parameter #1 ($string) of type string is deprecated en C:\tools\nginx\html\sistema_biometrico\views\catalogos\index.php línea 680
URI: /catalogos
--------------------------------------------------------------------------------
[2026-03-17 09:36:36] [WARNING] Undefined array key "nombre_depto" en C:\tools\nginx\html\sistema_biometrico\views\catalogos\index.php línea 692
URI: /catalogos
--------------------------------------------------------------------------------
[2026-03-17 09:36:36] [DEPRECATED] htmlspecialchars(): Passing null to parameter #1 ($string) of type string is deprecated en C:\tools\nginx\html\sistema_biometrico\views\catalogos\index.php línea 692
URI: /catalogos
--------------------------------------------------------------------------------
[2026-03-17 09:36:36] [WARNING] Undefined array key "nombre_depto" en C:\tools\nginx\html\sistema_biometrico\views\catalogos\index.php línea 680
URI: /catalogos
--------------------------------------------------------------------------------
[2026-03-17 09:36:36] [DEPRECATED] htmlspecialchars(): Passing null to parameter #1 ($string) of type string is deprecated en C:\tools\nginx\html\sistema_biometrico\views\catalogos\index.php línea 680
URI: /catalogos
--------------------------------------------------------------------------------
[2026-03-17 09:36:36] [WARNING] Undefined array key "nombre_depto" en C:\tools\nginx\html\sistema_biometrico\views\catalogos\index.php línea 692
URI: /catalogos
--------------------------------------------------------------------------------
[2026-03-17 09:36:36] [DEPRECATED] htmlspecialchars(): Passing null to parameter #1 ($string) of type string is deprecated en C:\tools\nginx\html\sistema_biometrico\views\catalogos\index.php línea 692
URI: /catalogos
--------------------------------------------------------------------------------
[2026-03-17 09:36:36] [WARNING] Undefined array key "nombre_depto" en C:\tools\nginx\html\sistema_biometrico\views\catalogos\index.php línea 680
URI: /catalogos
--------------------------------------------------------------------------------
[2026-03-17 09:36:36] [DEPRECATED] htmlspecialchars(): Passing null to parameter #1 ($string) of type string is deprecated en C:\tools\nginx\html\sistema_biometrico\views\catalogos\index.php línea 680
URI: /catalogos
--------------------------------------------------------------------------------
[2026-03-17 09:36:36] [WARNING] Undefined array key "nombre_depto" en C:\tools\nginx\html\sistema_biometrico\views\catalogos\index.php línea 692
URI: /catalogos
--------------------------------------------------------------------------------
[2026-03-17 09:36:36] [DEPRECATED] htmlspecialchars(): Passing null to parameter #1 ($string) of type string is deprecated en C:\tools\nginx\html\sistema_biometrico\views\catalogos\index.php línea 692
URI: /catalogos
--------------------------------------------------------------------------------
[2026-03-17 09:36:36] [WARNING] Undefined array key "nombre_depto" en C:\tools\nginx\html\sistema_biometrico\views\catalogos\index.php línea 680
URI: /catalogos
--------------------------------------------------------------------------------
[2026-03-17 09:36:36] [DEPRECATED] htmlspecialchars(): Passing null to parameter #1 ($string) of type string is deprecated en C:\tools\nginx\html\sistema_biometrico\views\catalogos\index.php línea 680
URI: /catalogos
--------------------------------------------------------------------------------
[2026-03-17 09:36:36] [WARNING] Undefined array key "nombre_depto" en C:\tools\nginx\html\sistema_biometrico\views\catalogos\index.php línea 692
URI: /catalogos
--------------------------------------------------------------------------------
[2026-03-17 09:36:36] [DEPRECATED] htmlspecialchars(): Passing null to parameter #1 ($string) of type string is deprecated en C:\tools\nginx\html\sistema_biometrico\views\catalogos\index.php línea 692
URI: /catalogos
--------------------------------------------------------------------------------
[2026-03-17 09:36:36] [WARNING] Undefined array key "nombre_depto" en C:\tools\nginx\html\sistema_biometrico\views\catalogos\index.php línea 680
URI: /catalogos
--------------------------------------------------------------------------------
[2026-03-17 09:36:36] [DEPRECATED] htmlspecialchars(): Passing null to parameter #1 ($string) of type string is deprecated en C:\tools\nginx\html\sistema_biometrico\views\catalogos\index.php línea 680
URI: /catalogos
--------------------------------------------------------------------------------
[2026-03-17 09:36:36] [WARNING] Undefined array key "nombre_depto" en C:\tools\nginx\html\sistema_biometrico\views\catalogos\index.php línea 692
URI: /catalogos
--------------------------------------------------------------------------------
[2026-03-17 09:36:36] [DEPRECATED] htmlspecialchars(): Passing null to parameter #1 ($string) of type string is deprecated en C:\tools\nginx\html\sistema_biometrico\views\catalogos\index.php línea 692
URI: /catalogos
--------------------------------------------------------------------------------
[2026-03-17 09:36:36] [WARNING] Undefined array key "nombre_depto" en C:\tools\nginx\html\sistema_biometrico\views\catalogos\index.php línea 680
URI: /catalogos
--------------------------------------------------------------------------------
[2026-03-17 09:36:36] [DEPRECATED] htmlspecialchars(): Passing null to parameter #1 ($string) of type string is deprecated en C:\tools\nginx\html\sistema_biometrico\views\catalogos\index.php línea 680
URI: /catalogos
--------------------------------------------------------------------------------
[2026-03-17 09:36:36] [WARNING] Undefined array key "nombre_depto" en C:\tools\nginx\html\sistema_biometrico\views\catalogos\index.php línea 692
URI: /catalogos
--------------------------------------------------------------------------------
[2026-03-17 09:36:36] [DEPRECATED] htmlspecialchars(): Passing null to parameter #1 ($string) of type string is deprecated en C:\tools\nginx\html\sistema_biometrico\views\catalogos\index.php línea 692
URI: /catalogos
--------------------------------------------------------------------------------
[2026-03-17 09:36:36] [WARNING] Undefined array key "nombre_depto" en C:\tools\nginx\html\sistema_biometrico\views\catalogos\index.php línea 680
URI: /catalogos
--------------------------------------------------------------------------------
[2026-03-17 09:36:36] [DEPRECATED] htmlspecialchars(): Passing null to parameter #1 ($string) of type string is deprecated en C:\tools\nginx\html\sistema_biometrico\views\catalogos\index.php línea 680
URI: /catalogos
--------------------------------------------------------------------------------
[2026-03-17 09:36:36] [WARNING] Undefined array key "nombre_depto" en C:\tools\nginx\html\sistema_biometrico\views\catalogos\index.php línea 692
URI: /catalogos
--------------------------------------------------------------------------------
[2026-03-17 09:36:36] [DEPRECATED] htmlspecialchars(): Passing null to parameter #1 ($string) of type string is deprecated en C:\tools\nginx\html\sistema_biometrico\views\catalogos\index.php línea 692
URI: /catalogos
--------------------------------------------------------------------------------
[2026-03-17 09:36:36] [WARNING] Undefined array key "nombre_depto" en C:\tools\nginx\html\sistema_biometrico\views\catalogos\index.php línea 680
URI: /catalogos
--------------------------------------------------------------------------------
[2026-03-17 09:36:36] [DEPRECATED] htmlspecialchars(): Passing null to parameter #1 ($string) of type string is deprecated en C:\tools\nginx\html\sistema_biometrico\views\catalogos\index.php línea 680
URI: /catalogos
--------------------------------------------------------------------------------
[2026-03-17 09:36:36] [WARNING] Undefined array key "nombre_depto" en C:\tools\nginx\html\sistema_biometrico\views\catalogos\index.php línea 692
URI: /catalogos
--------------------------------------------------------------------------------
[2026-03-17 09:36:36] [DEPRECATED] htmlspecialchars(): Passing null to parameter #1 ($string) of type string is deprecated en C:\tools\nginx\html\sistema_biometrico\views\catalogos\index.php línea 692
URI: /catalogos
--------------------------------------------------------------------------------
[2026-03-17 09:36:36] [WARNING] Undefined array key "nombre_depto" en C:\tools\nginx\html\sistema_biometrico\views\catalogos\index.php línea 680
URI: /catalogos
--------------------------------------------------------------------------------
[2026-03-17 09:36:36] [DEPRECATED] htmlspecialchars(): Passing null to parameter #1 ($string) of type string is deprecated en C:\tools\nginx\html\sistema_biometrico\views\catalogos\index.php línea 680
URI: /catalogos
--------------------------------------------------------------------------------
[2026-03-17 09:36:36] [WARNING] Undefined array key "nombre_depto" en C:\tools\nginx\html\sistema_biometrico\views\catalogos\index.php línea 692
URI: /catalogos
--------------------------------------------------------------------------------
[2026-03-17 09:36:36] [DEPRECATED] htmlspecialchars(): Passing null to parameter #1 ($string) of type string is deprecated en C:\tools\nginx\html\sistema_biometrico\views\catalogos\index.php línea 692
URI: /catalogos
--------------------------------------------------------------------------------
[2026-03-17 09:36:36] [WARNING] Undefined array key "nombre_depto" en C:\tools\nginx\html\sistema_biometrico\views\catalogos\index.php línea 680
URI: /catalogos
--------------------------------------------------------------------------------
[2026-03-17 09:36:36] [DEPRECATED] htmlspecialchars(): Passing null to parameter #1 ($string) of type string is deprecated en C:\tools\nginx\html\sistema_biometrico\views\catalogos\index.php línea 680
URI: /catalogos
--------------------------------------------------------------------------------
[2026-03-17 09:36:36] [WARNING] Undefined array key "nombre_depto" en C:\tools\nginx\html\sistema_biometrico\views\catalogos\index.php línea 692
URI: /catalogos
--------------------------------------------------------------------------------
[2026-03-17 09:36:36] [DEPRECATED] htmlspecialchars(): Passing null to parameter #1 ($string) of type string is deprecated en C:\tools\nginx\html\sistema_biometrico\views\catalogos\index.php línea 692
URI: /catalogos
--------------------------------------------------------------------------------
[2026-03-17 09:36:36] [WARNING] Undefined array key "nombre_depto" en C:\tools\nginx\html\sistema_biometrico\views\catalogos\index.php línea 680
URI: /catalogos
--------------------------------------------------------------------------------
[2026-03-17 09:36:36] [DEPRECATED] htmlspecialchars(): Passing null to parameter #1 ($string) of type string is deprecated en C:\tools\nginx\html\sistema_biometrico\views\catalogos\index.php línea 680
URI: /catalogos
--------------------------------------------------------------------------------
[2026-03-17 09:36:36] [WARNING] Undefined array key "nombre_depto" en C:\tools\nginx\html\sistema_biometrico\views\catalogos\index.php línea 692
URI: /catalogos
--------------------------------------------------------------------------------
[2026-03-17 09:36:36] [DEPRECATED] htmlspecialchars(): Passing null to parameter #1 ($string) of type string is deprecated en C:\tools\nginx\html\sistema_biometrico\views\catalogos\index.php línea 692
URI: /catalogos
--------------------------------------------------------------------------------
[2026-03-17 09:36:36] [WARNING] Undefined array key "nombre_depto" en C:\tools\nginx\html\sistema_biometrico\views\catalogos\index.php línea 680
URI: /catalogos
--------------------------------------------------------------------------------
[2026-03-17 09:36:36] [DEPRECATED] htmlspecialchars(): Passing null to parameter #1 ($string) of type string is deprecated en C:\tools\nginx\html\sistema_biometrico\views\catalogos\index.php línea 680
URI: /catalogos
--------------------------------------------------------------------------------
[2026-03-17 09:36:36] [WARNING] Undefined array key "nombre_depto" en C:\tools\nginx\html\sistema_biometrico\views\catalogos\index.php línea 692
URI: /catalogos
--------------------------------------------------------------------------------
[2026-03-17 09:36:36] [DEPRECATED] htmlspecialchars(): Passing null to parameter #1 ($string) of type string is deprecated en C:\tools\nginx\html\sistema_biometrico\views\catalogos\index.php línea 692
URI: /catalogos
--------------------------------------------------------------------------------
[2026-03-17 09:36:36] [WARNING] Undefined array key "nombre_depto" en C:\tools\nginx\html\sistema_biometrico\views\catalogos\index.php línea 680
URI: /catalogos
--------------------------------------------------------------------------------
[2026-03-17 09:36:36] [DEPRECATED] htmlspecialchars(): Passing null to parameter #1 ($string) of type string is deprecated en C:\tools\nginx\html\sistema_biometrico\views\catalogos\index.php línea 680
URI: /catalogos
--------------------------------------------------------------------------------
[2026-03-17 09:36:36] [WARNING] Undefined array key "nombre_depto" en C:\tools\nginx\html\sistema_biometrico\views\catalogos\index.php línea 692
URI: /catalogos
--------------------------------------------------------------------------------
[2026-03-17 09:36:36] [DEPRECATED] htmlspecialchars(): Passing null to parameter #1 ($string) of type string is deprecated en C:\tools\nginx\html\sistema_biometrico\views\catalogos\index.php línea 692
URI: /catalogos
--------------------------------------------------------------------------------
[2026-03-17 09:36:36] [WARNING] Undefined array key "nombre_depto" en C:\tools\nginx\html\sistema_biometrico\views\catalogos\index.php línea 680
URI: /catalogos
--------------------------------------------------------------------------------
[2026-03-17 09:36:36] [DEPRECATED] htmlspecialchars(): Passing null to parameter #1 ($string) of type string is deprecated en C:\tools\nginx\html\sistema_biometrico\views\catalogos\index.php línea 680
URI: /catalogos
--------------------------------------------------------------------------------
[2026-03-17 09:36:36] [WARNING] Undefined array key "nombre_depto" en C:\tools\nginx\html\sistema_biometrico\views\catalogos\index.php línea 692
URI: /catalogos
--------------------------------------------------------------------------------
[2026-03-17 09:36:36] [DEPRECATED] htmlspecialchars(): Passing null to parameter #1 ($string) of type string is deprecated en C:\tools\nginx\html\sistema_biometrico\views\catalogos\index.php línea 692
URI: /catalogos
--------------------------------------------------------------------------------
[2026-03-17 09:36:36] [WARNING] Undefined array key "nombre_depto" en C:\tools\nginx\html\sistema_biometrico\views\catalogos\index.php línea 680
URI: /catalogos
--------------------------------------------------------------------------------
[2026-03-17 09:36:36] [DEPRECATED] htmlspecialchars(): Passing null to parameter #1 ($string) of type string is deprecated en C:\tools\nginx\html\sistema_biometrico\views\catalogos\index.php línea 680
URI: /catalogos
--------------------------------------------------------------------------------
[2026-03-17 09:36:36] [WARNING] Undefined array key "nombre_depto" en C:\tools\nginx\html\sistema_biometrico\views\catalogos\index.php línea 692
URI: /catalogos
--------------------------------------------------------------------------------
[2026-03-17 09:36:36] [DEPRECATED] htmlspecialchars(): Passing null to parameter #1 ($string) of type string is deprecated en C:\tools\nginx\html\sistema_biometrico\views\catalogos\index.php línea 692
URI: /catalogos
--------------------------------------------------------------------------------
[2026-03-17 09:36:36] [WARNING] Undefined array key "nombre_depto" en C:\tools\nginx\html\sistema_biometrico\views\catalogos\index.php línea 680
URI: /catalogos
--------------------------------------------------------------------------------
[2026-03-17 09:36:36] [DEPRECATED] htmlspecialchars(): Passing null to parameter #1 ($string) of type string is deprecated en C:\tools\nginx\html\sistema_biometrico\views\catalogos\index.php línea 680
URI: /catalogos
--------------------------------------------------------------------------------
[2026-03-17 09:36:36] [WARNING] Undefined array key "nombre_depto" en C:\tools\nginx\html\sistema_biometrico\views\catalogos\index.php línea 692
URI: /catalogos
--------------------------------------------------------------------------------
[2026-03-17 09:36:36] [DEPRECATED] htmlspecialchars(): Passing null to parameter #1 ($string) of type string is deprecated en C:\tools\nginx\html\sistema_biometrico\views\catalogos\index.php línea 692
URI: /catalogos
--------------------------------------------------------------------------------
[2026-03-17 09:36:36] [WARNING] Undefined array key "nombre_depto" en C:\tools\nginx\html\sistema_biometrico\views\catalogos\index.php línea 680
URI: /catalogos
--------------------------------------------------------------------------------
[2026-03-17 09:36:36] [DEPRECATED] htmlspecialchars(): Passing null to parameter #1 ($string) of type string is deprecated en C:\tools\nginx\html\sistema_biometrico\views\catalogos\index.php línea 680
URI: /catalogos
--------------------------------------------------------------------------------
[2026-03-17 09:36:36] [WARNING] Undefined array key "nombre_depto" en C:\tools\nginx\html\sistema_biometrico\views\catalogos\index.php línea 692
URI: /catalogos
--------------------------------------------------------------------------------
[2026-03-17 09:36:36] [DEPRECATED] htmlspecialchars(): Passing null to parameter #1 ($string) of type string is deprecated en C:\tools\nginx\html\sistema_biometrico\views\catalogos\index.php línea 692
URI: /catalogos
--------------------------------------------------------------------------------
[2026-03-17 09:39:30] [DEPRECATED] session_set_save_handler(): Providing individual callbacks instead of an object implementing SessionHandlerInterface is deprecated en C:\tools\nginx\html\sistema_biometrico\index.php línea 50
URI: /empleados
--------------------------------------------------------------------------------
[2026-03-17 09:39:34] [DEPRECATED] session_set_save_handler(): Providing individual callbacks instead of an object implementing SessionHandlerInterface is deprecated en C:\tools\nginx\html\sistema_biometrico\index.php línea 50
URI: /empleados/datos-completos/4
--------------------------------------------------------------------------------
[2026-03-17 09:42:51] [DEPRECATED] session_set_save_handler(): Providing individual callbacks instead of an object implementing SessionHandlerInterface is deprecated en C:\tools\nginx\html\sistema_biometrico\index.php línea 50
URI: /empleados?search=87
--------------------------------------------------------------------------------
[2026-03-17 09:42:54] [DEPRECATED] session_set_save_handler(): Providing individual callbacks instead of an object implementing SessionHandlerInterface is deprecated en C:\tools\nginx\html\sistema_biometrico\index.php línea 50
URI: /empleados/datos-completos/87
--------------------------------------------------------------------------------
[2026-03-17 09:42:59] [DEPRECATED] session_set_save_handler(): Providing individual callbacks instead of an object implementing SessionHandlerInterface is deprecated en C:\tools\nginx\html\sistema_biometrico\index.php línea 50
URI: /justificaciones/get-asistencia-ajax/70526
--------------------------------------------------------------------------------
[2026-03-17 09:43:17] [DEPRECATED] session_set_save_handler(): Providing individual callbacks instead of an object implementing SessionHandlerInterface is deprecated en C:\tools\nginx\html\sistema_biometrico\index.php línea 50
URI: /empleados/datos-completos/
--------------------------------------------------------------------------------
[2026-03-17 09:43:17] [DEPRECATED] session_set_save_handler(): Providing individual callbacks instead of an object implementing SessionHandlerInterface is deprecated en C:\tools\nginx\html\sistema_biometrico\index.php línea 50
URI: /api/log-error
--------------------------------------------------------------------------------
[2026-03-17 09:43:17] [DEPRECATED] session_set_save_handler(): Providing individual callbacks instead of an object implementing SessionHandlerInterface is deprecated en C:\tools\nginx\html\sistema_biometrico\index.php línea 50
URI: /api/log-error
--------------------------------------------------------------------------------
[2026-03-17 09:43:49] [DEPRECATED] session_set_save_handler(): Providing individual callbacks instead of an object implementing SessionHandlerInterface is deprecated en C:\tools\nginx\html\sistema_biometrico\index.php línea 50
URI: /empleados/datos-completos/
--------------------------------------------------------------------------------
[2026-03-17 09:43:49] [DEPRECATED] session_set_save_handler(): Providing individual callbacks instead of an object implementing SessionHandlerInterface is deprecated en C:\tools\nginx\html\sistema_biometrico\index.php línea 50
URI: /api/log-error
--------------------------------------------------------------------------------
[2026-03-17 09:43:49] [DEPRECATED] session_set_save_handler(): Providing individual callbacks instead of an object implementing SessionHandlerInterface is deprecated en C:\tools\nginx\html\sistema_biometrico\index.php línea 50
URI: /api/log-error
--------------------------------------------------------------------------------
[2026-03-17 10:40:29] [DEPRECATED] session_set_save_handler(): Providing individual callbacks instead of an object implementing SessionHandlerInterface is deprecated en C:\tools\nginx\html\sistema_biometrico\index.php línea 50
URI: /empleados?search=87
--------------------------------------------------------------------------------
[2026-03-17 10:40:29] [DEPRECATED] session_set_save_handler(): Providing individual callbacks instead of an object implementing SessionHandlerInterface is deprecated en C:\tools\nginx\html\sistema_biometrico\index.php línea 50
URI: /login
--------------------------------------------------------------------------------
[2026-03-17 11:16:12] [DEPRECATED] session_set_save_handler(): Providing individual callbacks instead of an object implementing SessionHandlerInterface is deprecated en C:\tools\nginx\html\sistema_biometrico\index.php línea 50
URI: /login
--------------------------------------------------------------------------------
[2026-03-17 11:16:13] [DEPRECATED] session_set_save_handler(): Providing individual callbacks instead of an object implementing SessionHandlerInterface is deprecated en C:\tools\nginx\html\sistema_biometrico\index.php línea 50
URI: /dashboard
--------------------------------------------------------------------------------
[2026-03-17 11:16:16] [EXCEPTION] PDOException
Contexto: {"action":"index","section":"comisiones"}
Mensaje: SQLSTATE[42S22]: Column not found: 1054 Unknown column 'monto' in 'SELECT'
URI: /dashboard
Archivo: C:\tools\nginx\html\sistema_biometrico\models\Comision.php Línea: 136
#0 C:\tools\nginx\html\sistema_biometrico\models\Comision.php(136): PDO->prepare('SELECT SUM(mont...')
#1 C:\tools\nginx\html\sistema_biometrico\controllers\DashboardController.php(81): Comision->getTotalComisiones(NULL, '03', '2026')
#2 C:\tools\nginx\html\sistema_biometrico\index.php(180): DashboardController->index()
#3 {main}
--------------------------------------------------------------------------------
[2026-03-17 11:16:22] [DEPRECATED] session_set_save_handler(): Providing individual callbacks instead of an object implementing SessionHandlerInterface is deprecated en C:\tools\nginx\html\sistema_biometrico\index.php línea 50
URI: /empleados
--------------------------------------------------------------------------------
[2026-03-17 11:16:29] [DEPRECATED] session_set_save_handler(): Providing individual callbacks instead of an object implementing SessionHandlerInterface is deprecated en C:\tools\nginx\html\sistema_biometrico\index.php línea 50
URI: /empleados?search=87
--------------------------------------------------------------------------------
[2026-03-17 11:16:33] [DEPRECATED] session_set_save_handler(): Providing individual callbacks instead of an object implementing SessionHandlerInterface is deprecated en C:\tools\nginx\html\sistema_biometrico\index.php línea 50
URI: /empleados/datos-completos/587
--------------------------------------------------------------------------------
[2026-03-17 11:22:28] [DEPRECATED] session_set_save_handler(): Providing individual callbacks instead of an object implementing SessionHandlerInterface is deprecated en C:\tools\nginx\html\sistema_biometrico\index.php línea 50
URI: /justificaciones/get-asistencia-ajax/70428
--------------------------------------------------------------------------------
[2026-03-17 11:25:58] [DEPRECATED] session_set_save_handler(): Providing individual callbacks instead of an object implementing SessionHandlerInterface is deprecated en C:\tools\nginx\html\sistema_biometrico\index.php línea 50
URI: /empleados/datos-completos/87
--------------------------------------------------------------------------------
[2026-03-17 11:26:12] [DEPRECATED] session_set_save_handler(): Providing individual callbacks instead of an object implementing SessionHandlerInterface is deprecated en C:\tools\nginx\html\sistema_biometrico\index.php línea 50
URI: /justificaciones/get-asistencia-ajax/70526
--------------------------------------------------------------------------------
[2026-03-17 11:26:17] [DEPRECATED] session_set_save_handler(): Providing individual callbacks instead of an object implementing SessionHandlerInterface is deprecated en C:\tools\nginx\html\sistema_biometrico\index.php línea 50
URI: /empleados/datos-completos/
--------------------------------------------------------------------------------
[2026-03-17 11:26:17] [DEPRECATED] session_set_save_handler(): Providing individual callbacks instead of an object implementing SessionHandlerInterface is deprecated en C:\tools\nginx\html\sistema_biometrico\index.php línea 50
URI: /api/log-error
--------------------------------------------------------------------------------
[2026-03-17 11:26:17] [DEPRECATED] session_set_save_handler(): Providing individual callbacks instead of an object implementing SessionHandlerInterface is deprecated en C:\tools\nginx\html\sistema_biometrico\index.php línea 50
URI: /api/log-error
--------------------------------------------------------------------------------
[2026-03-17 11:27:50] [DEPRECATED] session_set_save_handler(): Providing individual callbacks instead of an object implementing SessionHandlerInterface is deprecated en C:\tools\nginx\html\sistema_biometrico\index.php línea 50
URI: /justificaciones/get-retardo/3102
--------------------------------------------------------------------------------
[2026-03-17 11:28:15] [DEPRECATED] session_set_save_handler(): Providing individual callbacks instead of an object implementing SessionHandlerInterface is deprecated en C:\tools\nginx\html\sistema_biometrico\index.php línea 50
URI: /justificaciones/get-asistencia-ajax/69893
--------------------------------------------------------------------------------
[2026-03-17 11:33:27] [DEPRECATED] session_set_save_handler(): Providing individual callbacks instead of an object implementing SessionHandlerInterface is deprecated en C:\tools\nginx\html\sistema_biometrico\index.php línea 50
URI: /justificaciones/get-retardo/3102
--------------------------------------------------------------------------------
[2026-03-17 11:34:44] [DEPRECATED] session_set_save_handler(): Providing individual callbacks instead of an object implementing SessionHandlerInterface is deprecated en C:\tools\nginx\html\sistema_biometrico\index.php línea 50
URI: /usuarios
--------------------------------------------------------------------------------
[2026-03-17 11:34:51] [DEPRECATED] session_set_save_handler(): Providing individual callbacks instead of an object implementing SessionHandlerInterface is deprecated en C:\tools\nginx\html\sistema_biometrico\index.php línea 50
URI: /usuarios/125/edit-modal
--------------------------------------------------------------------------------
[2026-03-17 11:35:18] [DEPRECATED] session_set_save_handler(): Providing individual callbacks instead of an object implementing SessionHandlerInterface is deprecated en C:\tools\nginx\html\sistema_biometrico\index.php línea 50
URI: /usuarios/124/edit-modal
--------------------------------------------------------------------------------
[2026-03-17 11:37:56] [DEPRECATED] session_set_save_handler(): Providing individual callbacks instead of an object implementing SessionHandlerInterface is deprecated en C:\tools\nginx\html\sistema_biometrico\index.php línea 50
URI: /logout
--------------------------------------------------------------------------------
[2026-03-17 11:37:56] [DEPRECATED] session_set_save_handler(): Providing individual callbacks instead of an object implementing SessionHandlerInterface is deprecated en C:\tools\nginx\html\sistema_biometrico\index.php línea 50
URI: /login
--------------------------------------------------------------------------------
[2026-03-17 11:38:11] [DEPRECATED] session_set_save_handler(): Providing individual callbacks instead of an object implementing SessionHandlerInterface is deprecated en C:\tools\nginx\html\sistema_biometrico\index.php línea 50
URI: /
--------------------------------------------------------------------------------
[2026-03-17 11:38:11] [DEPRECATED] session_set_save_handler(): Providing individual callbacks instead of an object implementing SessionHandlerInterface is deprecated en C:\tools\nginx\html\sistema_biometrico\index.php línea 50
URI: /login
--------------------------------------------------------------------------------
[2026-03-17 11:38:28] [DEPRECATED] session_set_save_handler(): Providing individual callbacks instead of an object implementing SessionHandlerInterface is deprecated en C:\tools\nginx\html\sistema_biometrico\index.php línea 50
URI: /login
--------------------------------------------------------------------------------
[2026-03-17 11:38:28] [DEPRECATED] session_set_save_handler(): Providing individual callbacks instead of an object implementing SessionHandlerInterface is deprecated en C:\tools\nginx\html\sistema_biometrico\index.php línea 50
URI: /dashboard
--------------------------------------------------------------------------------
[2026-03-17 11:38:32] [EXCEPTION] PDOException
Contexto: {"action":"index","section":"comisiones"}
Mensaje: SQLSTATE[42S22]: Column not found: 1054 Unknown column 'monto' in 'SELECT'
URI: /dashboard
Archivo: C:\tools\nginx\html\sistema_biometrico\models\Comision.php Línea: 136
#0 C:\tools\nginx\html\sistema_biometrico\models\Comision.php(136): PDO->prepare('SELECT SUM(mont...')
#1 C:\tools\nginx\html\sistema_biometrico\controllers\DashboardController.php(81): Comision->getTotalComisiones(NULL, '03', '2026')
#2 C:\tools\nginx\html\sistema_biometrico\index.php(180): DashboardController->index()
#3 {main}
--------------------------------------------------------------------------------
[2026-03-17 11:38:46] [DEPRECATED] session_set_save_handler(): Providing individual callbacks instead of an object implementing SessionHandlerInterface is deprecated en C:\tools\nginx\html\sistema_biometrico\index.php línea 50
URI: /favicon.ico
--------------------------------------------------------------------------------
[2026-03-17 11:38:49] [DEPRECATED] session_set_save_handler(): Providing individual callbacks instead of an object implementing SessionHandlerInterface is deprecated en C:\tools\nginx\html\sistema_biometrico\index.php línea 50
URI: /usuarios
--------------------------------------------------------------------------------
[2026-03-17 11:38:59] [DEPRECATED] session_set_save_handler(): Providing individual callbacks instead of an object implementing SessionHandlerInterface is deprecated en C:\tools\nginx\html\sistema_biometrico\index.php línea 50
URI: /logout
--------------------------------------------------------------------------------
[2026-03-17 11:38:59] [DEPRECATED] session_set_save_handler(): Providing individual callbacks instead of an object implementing SessionHandlerInterface is deprecated en C:\tools\nginx\html\sistema_biometrico\index.php línea 50
URI: /login
--------------------------------------------------------------------------------
[2026-03-17 11:40:49] [DEPRECATED] session_set_save_handler(): Providing individual callbacks instead of an object implementing SessionHandlerInterface is deprecated en C:\tools\nginx\html\sistema_biometrico\index.php línea 50
URI: /login
--------------------------------------------------------------------------------
[2026-03-17 11:40:49] [DEPRECATED] session_set_save_handler(): Providing individual callbacks instead of an object implementing SessionHandlerInterface is deprecated en C:\tools\nginx\html\sistema_biometrico\index.php línea 50
URI: /dashboard
--------------------------------------------------------------------------------
[2026-03-17 11:40:52] [EXCEPTION] PDOException
Contexto: {"action":"index","section":"comisiones"}
Mensaje: SQLSTATE[42S22]: Column not found: 1054 Unknown column 'monto' in 'SELECT'
URI: /dashboard
Archivo: C:\tools\nginx\html\sistema_biometrico\models\Comision.php Línea: 136
#0 C:\tools\nginx\html\sistema_biometrico\models\Comision.php(136): PDO->prepare('SELECT SUM(mont...')
#1 C:\tools\nginx\html\sistema_biometrico\controllers\DashboardController.php(81): Comision->getTotalComisiones(NULL, '03', '2026')
#2 C:\tools\nginx\html\sistema_biometrico\index.php(180): DashboardController->index()
#3 {main}
--------------------------------------------------------------------------------
[2026-03-17 11:42:17] [DEPRECATED] session_set_save_handler(): Providing individual callbacks instead of an object implementing SessionHandlerInterface is deprecated en C:\tools\nginx\html\sistema_biometrico\index.php línea 50
URI: /logout
--------------------------------------------------------------------------------
[2026-03-17 11:42:17] [DEPRECATED] session_set_save_handler(): Providing individual callbacks instead of an object implementing SessionHandlerInterface is deprecated en C:\tools\nginx\html\sistema_biometrico\index.php línea 50
URI: /login
--------------------------------------------------------------------------------
[2026-03-17 11:43:22] [DEPRECATED] session_set_save_handler(): Providing individual callbacks instead of an object implementing SessionHandlerInterface is deprecated en C:\tools\nginx\html\sistema_biometrico\index.php línea 50
URI: /login
--------------------------------------------------------------------------------
[2026-03-17 11:43:22] [DEPRECATED] session_set_save_handler(): Providing individual callbacks instead of an object implementing SessionHandlerInterface is deprecated en C:\tools\nginx\html\sistema_biometrico\index.php línea 50
URI: /dashboard
--------------------------------------------------------------------------------
[2026-03-17 11:43:25] [EXCEPTION] PDOException
Contexto: {"action":"index","section":"comisiones"}
Mensaje: SQLSTATE[42S22]: Column not found: 1054 Unknown column 'monto' in 'SELECT'
URI: /dashboard
Archivo: C:\tools\nginx\html\sistema_biometrico\models\Comision.php Línea: 136
#0 C:\tools\nginx\html\sistema_biometrico\models\Comision.php(136): PDO->prepare('SELECT SUM(mont...')
#1 C:\tools\nginx\html\sistema_biometrico\controllers\DashboardController.php(81): Comision->getTotalComisiones(NULL, '03', '2026')
#2 C:\tools\nginx\html\sistema_biometrico\index.php(180): DashboardController->index()
#3 {main}
--------------------------------------------------------------------------------
[2026-03-17 11:43:34] [DEPRECATED] session_set_save_handler(): Providing individual callbacks instead of an object implementing SessionHandlerInterface is deprecated en C:\tools\nginx\html\sistema_biometrico\index.php línea 50
URI: /usuarios
--------------------------------------------------------------------------------
[2026-03-17 11:43:38] [DEPRECATED] session_set_save_handler(): Providing individual callbacks instead of an object implementing SessionHandlerInterface is deprecated en C:\tools\nginx\html\sistema_biometrico\index.php línea 50
URI: /usuarios/125/edit-modal
--------------------------------------------------------------------------------
[2026-03-17 11:44:10] [DEPRECATED] session_set_save_handler(): Providing individual callbacks instead of an object implementing SessionHandlerInterface is deprecated en C:\tools\nginx\html\sistema_biometrico\index.php línea 50
URI: /usuarios/update
--------------------------------------------------------------------------------
[2026-03-17 11:44:13] [DEPRECATED] session_set_save_handler(): Providing individual callbacks instead of an object implementing SessionHandlerInterface is deprecated en C:\tools\nginx\html\sistema_biometrico\index.php línea 50
URI: /usuarios
--------------------------------------------------------------------------------
[2026-03-17 11:44:20] [DEPRECATED] session_set_save_handler(): Providing individual callbacks instead of an object implementing SessionHandlerInterface is deprecated en C:\tools\nginx\html\sistema_biometrico\index.php línea 50
URI: /logout
--------------------------------------------------------------------------------
[2026-03-17 11:44:20] [DEPRECATED] session_set_save_handler(): Providing individual callbacks instead of an object implementing SessionHandlerInterface is deprecated en C:\tools\nginx\html\sistema_biometrico\index.php línea 50
URI: /login
--------------------------------------------------------------------------------
[2026-03-17 11:44:33] [DEPRECATED] session_set_save_handler(): Providing individual callbacks instead of an object implementing SessionHandlerInterface is deprecated en C:\tools\nginx\html\sistema_biometrico\index.php línea 50
URI: /login
--------------------------------------------------------------------------------
[2026-03-17 11:44:34] [DEPRECATED] session_set_save_handler(): Providing individual callbacks instead of an object implementing SessionHandlerInterface is deprecated en C:\tools\nginx\html\sistema_biometrico\index.php línea 50
URI: /dashboard
--------------------------------------------------------------------------------
[2026-03-17 11:44:37] [EXCEPTION] PDOException
Contexto: {"action":"index","section":"comisiones"}
Mensaje: SQLSTATE[42S22]: Column not found: 1054 Unknown column 'monto' in 'SELECT'
URI: /dashboard
Archivo: C:\tools\nginx\html\sistema_biometrico\models\Comision.php Línea: 136
#0 C:\tools\nginx\html\sistema_biometrico\models\Comision.php(136): PDO->prepare('SELECT SUM(mont...')
#1 C:\tools\nginx\html\sistema_biometrico\controllers\DashboardController.php(81): Comision->getTotalComisiones(NULL, '03', '2026')
#2 C:\tools\nginx\html\sistema_biometrico\index.php(180): DashboardController->index()
#3 {main}
--------------------------------------------------------------------------------
[2026-03-17 11:44:45] [DEPRECATED] session_set_save_handler(): Providing individual callbacks instead of an object implementing SessionHandlerInterface is deprecated en C:\tools\nginx\html\sistema_biometrico\index.php línea 50
URI: /empleados
--------------------------------------------------------------------------------
[2026-03-17 11:44:48] [DEPRECATED] session_set_save_handler(): Providing individual callbacks instead of an object implementing SessionHandlerInterface is deprecated en C:\tools\nginx\html\sistema_biometrico\index.php línea 50
URI: /empleados/datos-completos/314
--------------------------------------------------------------------------------
[2026-03-17 11:45:44] [DEPRECATED] session_set_save_handler(): Providing individual callbacks instead of an object implementing SessionHandlerInterface is deprecated en C:\tools\nginx\html\sistema_biometrico\index.php línea 50
URI: /justificaciones/get-retardo/2996
--------------------------------------------------------------------------------
[2026-03-17 11:46:40] [DEPRECATED] session_set_save_handler(): Providing individual callbacks instead of an object implementing SessionHandlerInterface is deprecated en C:\tools\nginx\html\sistema_biometrico\index.php línea 50
URI: /justificaciones/get-asistencia-ajax/68897
--------------------------------------------------------------------------------
[2026-03-17 11:47:14] [DEPRECATED] session_set_save_handler(): Providing individual callbacks instead of an object implementing SessionHandlerInterface is deprecated en C:\tools\nginx\html\sistema_biometrico\index.php línea 50
URI: /justificaciones/get-asistencia-ajax/68897
--------------------------------------------------------------------------------
[2026-03-17 11:47:45] [DEPRECATED] session_set_save_handler(): Providing individual callbacks instead of an object implementing SessionHandlerInterface is deprecated en C:\tools\nginx\html\sistema_biometrico\index.php línea 50
URI: /empleados/datos-completos/
--------------------------------------------------------------------------------
[2026-03-17 11:47:45] [DEPRECATED] session_set_save_handler(): Providing individual callbacks instead of an object implementing SessionHandlerInterface is deprecated en C:\tools\nginx\html\sistema_biometrico\index.php línea 50
URI: /api/log-error
--------------------------------------------------------------------------------
[2026-03-17 11:47:45] [DEPRECATED] session_set_save_handler(): Providing individual callbacks instead of an object implementing SessionHandlerInterface is deprecated en C:\tools\nginx\html\sistema_biometrico\index.php línea 50
URI: /api/log-error
--------------------------------------------------------------------------------
[2026-03-17 11:47:50] [DEPRECATED] session_set_save_handler(): Providing individual callbacks instead of an object implementing SessionHandlerInterface is deprecated en C:\tools\nginx\html\sistema_biometrico\index.php línea 50
URI: /empleados/datos-completos/
--------------------------------------------------------------------------------
[2026-03-17 11:47:50] [DEPRECATED] session_set_save_handler(): Providing individual callbacks instead of an object implementing SessionHandlerInterface is deprecated en C:\tools\nginx\html\sistema_biometrico\index.php línea 50
URI: /api/log-error
--------------------------------------------------------------------------------
[2026-03-17 11:47:50] [DEPRECATED] session_set_save_handler(): Providing individual callbacks instead of an object implementing SessionHandlerInterface is deprecated en C:\tools\nginx\html\sistema_biometrico\index.php línea 50
URI: /api/log-error
--------------------------------------------------------------------------------
[2026-03-17 11:49:29] [DEPRECATED] session_set_save_handler(): Providing individual callbacks instead of an object implementing SessionHandlerInterface is deprecated en C:\tools\nginx\html\sistema_biometrico\index.php línea 50
URI: /empleados?search=87
--------------------------------------------------------------------------------
[2026-03-17 11:49:42] [DEPRECATED] session_set_save_handler(): Providing individual callbacks instead of an object implementing SessionHandlerInterface is deprecated en C:\tools\nginx\html\sistema_biometrico\index.php línea 50
URI: /logout
--------------------------------------------------------------------------------
[2026-03-17 11:49:42] [DEPRECATED] session_set_save_handler(): Providing individual callbacks instead of an object implementing SessionHandlerInterface is deprecated en C:\tools\nginx\html\sistema_biometrico\index.php línea 50
URI: /login
--------------------------------------------------------------------------------
[2026-03-17 11:49:52] [DEPRECATED] session_set_save_handler(): Providing individual callbacks instead of an object implementing SessionHandlerInterface is deprecated en C:\tools\nginx\html\sistema_biometrico\index.php línea 50
URI: /login
--------------------------------------------------------------------------------
[2026-03-17 11:49:52] [DEPRECATED] session_set_save_handler(): Providing individual callbacks instead of an object implementing SessionHandlerInterface is deprecated en C:\tools\nginx\html\sistema_biometrico\index.php línea 50
URI: /dashboard
--------------------------------------------------------------------------------
[2026-03-17 11:49:55] [EXCEPTION] PDOException
Contexto: {"action":"index","section":"comisiones"}
Mensaje: SQLSTATE[42S22]: Column not found: 1054 Unknown column 'monto' in 'SELECT'
URI: /dashboard
Archivo: C:\tools\nginx\html\sistema_biometrico\models\Comision.php Línea: 136
#0 C:\tools\nginx\html\sistema_biometrico\models\Comision.php(136): PDO->prepare('SELECT SUM(mont...')
#1 C:\tools\nginx\html\sistema_biometrico\controllers\DashboardController.php(81): Comision->getTotalComisiones(NULL, '03', '2026')
#2 C:\tools\nginx\html\sistema_biometrico\index.php(180): DashboardController->index()
#3 {main}
--------------------------------------------------------------------------------
[2026-03-17 11:49:57] [DEPRECATED] session_set_save_handler(): Providing individual callbacks instead of an object implementing SessionHandlerInterface is deprecated en C:\tools\nginx\html\sistema_biometrico\index.php línea 50
URI: /empleados
--------------------------------------------------------------------------------
[2026-03-17 11:50:03] [DEPRECATED] session_set_save_handler(): Providing individual callbacks instead of an object implementing SessionHandlerInterface is deprecated en C:\tools\nginx\html\sistema_biometrico\index.php línea 50
URI: /empleados?search=87
--------------------------------------------------------------------------------
[2026-03-17 11:50:05] [DEPRECATED] session_set_save_handler(): Providing individual callbacks instead of an object implementing SessionHandlerInterface is deprecated en C:\tools\nginx\html\sistema_biometrico\index.php línea 50
URI: /empleados/datos-completos/87
--------------------------------------------------------------------------------
[2026-03-17 11:53:27] [DEPRECATED] session_set_save_handler(): Providing individual callbacks instead of an object implementing SessionHandlerInterface is deprecated en C:\tools\nginx\html\sistema_biometrico\index.php línea 50
URI: /asistencia
--------------------------------------------------------------------------------
[2026-03-17 11:53:27] [DEPRECATED] session_set_save_handler(): Providing individual callbacks instead of an object implementing SessionHandlerInterface is deprecated en C:\tools\nginx\html\sistema_biometrico\index.php línea 50
URI: /asistencia/estado-dispositivos
--------------------------------------------------------------------------------
[2026-03-17 11:53:31] [DEPRECATED] session_set_save_handler(): Providing individual callbacks instead of an object implementing SessionHandlerInterface is deprecated en C:\tools\nginx\html\sistema_biometrico\index.php línea 50
URI: /asistencia/filtrar-asistencia
--------------------------------------------------------------------------------
[2026-03-17 11:53:45] [DEPRECATED] session_set_save_handler(): Providing individual callbacks instead of an object implementing SessionHandlerInterface is deprecated en C:\tools\nginx\html\sistema_biometrico\index.php línea 50
URI: /reportes
--------------------------------------------------------------------------------
[2026-03-17 11:54:28] [DEPRECATED] session_set_save_handler(): Providing individual callbacks instead of an object implementing SessionHandlerInterface is deprecated en C:\tools\nginx\html\sistema_biometrico\index.php línea 50
URI: /notas-malas
--------------------------------------------------------------------------------
[2026-03-17 11:54:33] [DEPRECATED] session_set_save_handler(): Providing individual callbacks instead of an object implementing SessionHandlerInterface is deprecated en C:\tools\nginx\html\sistema_biometrico\index.php línea 50
URI: /notas-malas?mes=2026-02
--------------------------------------------------------------------------------
[2026-03-17 11:55:38] [DEPRECATED] session_set_save_handler(): Providing individual callbacks instead of an object implementing SessionHandlerInterface is deprecated en C:\tools\nginx\html\sistema_biometrico\index.php línea 50
URI: /empleados
--------------------------------------------------------------------------------
[2026-03-17 11:55:42] [DEPRECATED] session_set_save_handler(): Providing individual callbacks instead of an object implementing SessionHandlerInterface is deprecated en C:\tools\nginx\html\sistema_biometrico\index.php línea 50
URI: /empleados/datos-completos/1
--------------------------------------------------------------------------------
[2026-03-17 11:57:03] [DEPRECATED] session_set_save_handler(): Providing individual callbacks instead of an object implementing SessionHandlerInterface is deprecated en C:\tools\nginx\html\sistema_biometrico\index.php línea 50
URI: /justificaciones/get-retardo/2910
--------------------------------------------------------------------------------
[2026-03-17 11:57:18] [DEPRECATED] session_set_save_handler(): Providing individual callbacks instead of an object implementing SessionHandlerInterface is deprecated en C:\tools\nginx\html\sistema_biometrico\index.php línea 50
URI: /justificaciones/ajax-justificar
--------------------------------------------------------------------------------
[2026-03-17 11:57:41] [DEPRECATED] session_set_save_handler(): Providing individual callbacks instead of an object implementing SessionHandlerInterface is deprecated en C:\tools\nginx\html\sistema_biometrico\index.php línea 50
URI: /justificaciones/ajax-justificar
--------------------------------------------------------------------------------
[2026-03-17 12:00:45] [DEPRECATED] session_set_save_handler(): Providing individual callbacks instead of an object implementing SessionHandlerInterface is deprecated en C:\tools\nginx\html\sistema_biometrico\index.php línea 50
URI: /empleados?search=87
--------------------------------------------------------------------------------
[2026-03-17 12:00:46] [DEPRECATED] session_set_save_handler(): Providing individual callbacks instead of an object implementing SessionHandlerInterface is deprecated en C:\tools\nginx\html\sistema_biometrico\index.php línea 50
URI: /empleados/datos-completos/87
--------------------------------------------------------------------------------
[2026-03-17 12:00:49] [DEPRECATED] session_set_save_handler(): Providing individual callbacks instead of an object implementing SessionHandlerInterface is deprecated en C:\tools\nginx\html\sistema_biometrico\index.php línea 50
URI: /justificaciones/get-retardo/3102
--------------------------------------------------------------------------------
[2026-03-17 12:00:51] [DEPRECATED] session_set_save_handler(): Providing individual callbacks instead of an object implementing SessionHandlerInterface is deprecated en C:\tools\nginx\html\sistema_biometrico\index.php línea 50
URI: /justificaciones/ajax-justificar
--------------------------------------------------------------------------------
[2026-03-17 12:01:20] [DEPRECATED] session_set_save_handler(): Providing individual callbacks instead of an object implementing SessionHandlerInterface is deprecated en C:\tools\nginx\html\sistema_biometrico\index.php línea 50
URI: /justificaciones/ajax-justificar
--------------------------------------------------------------------------------
[2026-03-17 12:03:00] [DEPRECATED] session_set_save_handler(): Providing individual callbacks instead of an object implementing SessionHandlerInterface is deprecated en C:\tools\nginx\html\sistema_biometrico\index.php línea 50
URI: /logout
--------------------------------------------------------------------------------
[2026-03-17 12:03:00] [DEPRECATED] session_set_save_handler(): Providing individual callbacks instead of an object implementing SessionHandlerInterface is deprecated en C:\tools\nginx\html\sistema_biometrico\index.php línea 50
URI: /login
--------------------------------------------------------------------------------
[2026-03-17 12:03:21] [DEPRECATED] session_set_save_handler(): Providing individual callbacks instead of an object implementing SessionHandlerInterface is deprecated en C:\tools\nginx\html\sistema_biometrico\index.php línea 50
URI: /login
--------------------------------------------------------------------------------
[2026-03-17 12:05:54] [DEPRECATED] session_set_save_handler(): Providing individual callbacks instead of an object implementing SessionHandlerInterface is deprecated en C:\tools\nginx\html\sistema_biometrico\index.php línea 50
URI: /login
--------------------------------------------------------------------------------
[2026-03-17 12:05:54] [DEPRECATED] session_set_save_handler(): Providing individual callbacks instead of an object implementing SessionHandlerInterface is deprecated en C:\tools\nginx\html\sistema_biometrico\index.php línea 50
URI: /dashboard
--------------------------------------------------------------------------------
[2026-03-17 12:05:56] [EXCEPTION] PDOException
Contexto: {"action":"index","section":"comisiones"}
Mensaje: SQLSTATE[42S22]: Column not found: 1054 Unknown column 'monto' in 'SELECT'
URI: /dashboard
Archivo: C:\tools\nginx\html\sistema_biometrico\models\Comision.php Línea: 136
#0 C:\tools\nginx\html\sistema_biometrico\models\Comision.php(136): PDO->prepare('SELECT SUM(mont...')
#1 C:\tools\nginx\html\sistema_biometrico\controllers\DashboardController.php(81): Comision->getTotalComisiones(NULL, '03', '2026')
#2 C:\tools\nginx\html\sistema_biometrico\index.php(180): DashboardController->index()
#3 {main}
--------------------------------------------------------------------------------
[2026-03-17 12:06:19] [DEPRECATED] session_set_save_handler(): Providing individual callbacks instead of an object implementing SessionHandlerInterface is deprecated en C:\tools\nginx\html\sistema_biometrico\index.php línea 50
URI: /empleados
--------------------------------------------------------------------------------
[2026-03-17 12:06:23] [DEPRECATED] session_set_save_handler(): Providing individual callbacks instead of an object implementing SessionHandlerInterface is deprecated en C:\tools\nginx\html\sistema_biometrico\index.php línea 50
URI: /empleados?search=87
--------------------------------------------------------------------------------
[2026-03-17 12:06:25] [DEPRECATED] session_set_save_handler(): Providing individual callbacks instead of an object implementing SessionHandlerInterface is deprecated en C:\tools\nginx\html\sistema_biometrico\index.php línea 50
URI: /empleados/datos-completos/87
--------------------------------------------------------------------------------
[2026-03-17 12:06:29] [DEPRECATED] session_set_save_handler(): Providing individual callbacks instead of an object implementing SessionHandlerInterface is deprecated en C:\tools\nginx\html\sistema_biometrico\index.php línea 50
URI: /justificaciones/get-retardo/3102
--------------------------------------------------------------------------------
[2026-03-17 12:06:33] [DEPRECATED] session_set_save_handler(): Providing individual callbacks instead of an object implementing SessionHandlerInterface is deprecated en C:\tools\nginx\html\sistema_biometrico\index.php línea 50
URI: /justificaciones/ajax-justificar
--------------------------------------------------------------------------------
[2026-03-17 12:08:39] [DEPRECATED] session_set_save_handler(): Providing individual callbacks instead of an object implementing SessionHandlerInterface is deprecated en C:\tools\nginx\html\sistema_biometrico\index.php línea 50
URI: /empleados?search=87
--------------------------------------------------------------------------------
[2026-03-17 12:09:10] [DEPRECATED] session_set_save_handler(): Providing individual callbacks instead of an object implementing SessionHandlerInterface is deprecated en C:\tools\nginx\html\sistema_biometrico\index.php línea 50
URI: /empleados/datos-completos/87
--------------------------------------------------------------------------------
[2026-03-17 12:09:19] [DEPRECATED] session_set_save_handler(): Providing individual callbacks instead of an object implementing SessionHandlerInterface is deprecated en C:\tools\nginx\html\sistema_biometrico\index.php línea 50
URI: /logout
--------------------------------------------------------------------------------
[2026-03-17 12:09:19] [DEPRECATED] session_set_save_handler(): Providing individual callbacks instead of an object implementing SessionHandlerInterface is deprecated en C:\tools\nginx\html\sistema_biometrico\index.php línea 50
URI: /login
--------------------------------------------------------------------------------
[2026-03-17 12:11:34] [DEPRECATED] session_set_save_handler(): Providing individual callbacks instead of an object implementing SessionHandlerInterface is deprecated en C:\tools\nginx\html\sistema_biometrico\index.php línea 50
URI: /
--------------------------------------------------------------------------------
[2026-03-17 12:11:37] [EXCEPTION] PDOException
Contexto: {"action":"index","section":"comisiones"}
Mensaje: SQLSTATE[42S22]: Column not found: 1054 Unknown column 'monto' in 'SELECT'
URI: /
Archivo: C:\tools\nginx\html\sistema_biometrico\models\Comision.php Línea: 136
#0 C:\tools\nginx\html\sistema_biometrico\models\Comision.php(136): PDO->prepare('SELECT SUM(mont...')
#1 C:\tools\nginx\html\sistema_biometrico\controllers\DashboardController.php(81): Comision->getTotalComisiones(NULL, '03', '2026')
#2 C:\tools\nginx\html\sistema_biometrico\index.php(180): DashboardController->index()
#3 {main}
--------------------------------------------------------------------------------
[2026-03-17 12:12:12] [DEPRECATED] session_set_save_handler(): Providing individual callbacks instead of an object implementing SessionHandlerInterface is deprecated en C:\tools\nginx\html\sistema_biometrico\index.php línea 50
URI: /empleados
--------------------------------------------------------------------------------
[2026-03-17 12:12:17] [DEPRECATED] session_set_save_handler(): Providing individual callbacks instead of an object implementing SessionHandlerInterface is deprecated en C:\tools\nginx\html\sistema_biometrico\index.php línea 50
URI: /empleados?search=87
--------------------------------------------------------------------------------
[2026-03-17 12:12:20] [DEPRECATED] session_set_save_handler(): Providing individual callbacks instead of an object implementing SessionHandlerInterface is deprecated en C:\tools\nginx\html\sistema_biometrico\index.php línea 50
URI: /empleados/datos-completos/87
--------------------------------------------------------------------------------
[2026-03-17 12:12:29] [DEPRECATED] session_set_save_handler(): Providing individual callbacks instead of an object implementing SessionHandlerInterface is deprecated en C:\tools\nginx\html\sistema_biometrico\index.php línea 50
URI: /justificaciones/get-retardo/3102
--------------------------------------------------------------------------------
[2026-03-17 12:12:32] [DEPRECATED] session_set_save_handler(): Providing individual callbacks instead of an object implementing SessionHandlerInterface is deprecated en C:\tools\nginx\html\sistema_biometrico\index.php línea 50
URI: /justificaciones/ajax-justificar
--------------------------------------------------------------------------------
[2026-03-17 12:12:40] [DEPRECATED] session_set_save_handler(): Providing individual callbacks instead of an object implementing SessionHandlerInterface is deprecated en C:\tools\nginx\html\sistema_biometrico\index.php línea 50
URI: /.well-known/appspecific/com.chrome.devtools.json
--------------------------------------------------------------------------------
[2026-03-17 12:12:42] [DEPRECATED] session_set_save_handler(): Providing individual callbacks instead of an object implementing SessionHandlerInterface is deprecated en C:\tools\nginx\html\sistema_biometrico\index.php línea 50
URI: /justificaciones/ajax-justificar
--------------------------------------------------------------------------------
[2026-03-17 12:13:44] [DEPRECATED] session_set_save_handler(): Providing individual callbacks instead of an object implementing SessionHandlerInterface is deprecated en C:\tools\nginx\html\sistema_biometrico\index.php línea 50
URI: /justificaciones/ajax-justificar
--------------------------------------------------------------------------------
[2026-03-17 12:18:01] [DEPRECATED] session_set_save_handler(): Providing individual callbacks instead of an object implementing SessionHandlerInterface is deprecated en C:\tools\nginx\html\sistema_biometrico\index.php línea 50
URI: /empleados?search=87
--------------------------------------------------------------------------------
[2026-03-17 12:18:01] [DEPRECATED] session_set_save_handler(): Providing individual callbacks instead of an object implementing SessionHandlerInterface is deprecated en C:\tools\nginx\html\sistema_biometrico\index.php línea 50
URI: /.well-known/appspecific/com.chrome.devtools.json
--------------------------------------------------------------------------------
[2026-03-17 12:18:02] [DEPRECATED] session_set_save_handler(): Providing individual callbacks instead of an object implementing SessionHandlerInterface is deprecated en C:\tools\nginx\html\sistema_biometrico\index.php línea 50
URI: /empleados?search=87
--------------------------------------------------------------------------------
[2026-03-17 12:18:02] [DEPRECATED] session_set_save_handler(): Providing individual callbacks instead of an object implementing SessionHandlerInterface is deprecated en C:\tools\nginx\html\sistema_biometrico\index.php línea 50
URI: /.well-known/appspecific/com.chrome.devtools.json
--------------------------------------------------------------------------------
[2026-03-17 12:18:21] [DEPRECATED] session_set_save_handler(): Providing individual callbacks instead of an object implementing SessionHandlerInterface is deprecated en C:\tools\nginx\html\sistema_biometrico\index.php línea 50
URI: /empleados?search=87
--------------------------------------------------------------------------------
[2026-03-17 12:18:21] [DEPRECATED] session_set_save_handler(): Providing individual callbacks instead of an object implementing SessionHandlerInterface is deprecated en C:\tools\nginx\html\sistema_biometrico\index.php línea 50
URI: /.well-known/appspecific/com.chrome.devtools.json
--------------------------------------------------------------------------------
[2026-03-17 12:18:26] [DEPRECATED] session_set_save_handler(): Providing individual callbacks instead of an object implementing SessionHandlerInterface is deprecated en C:\tools\nginx\html\sistema_biometrico\index.php línea 50
URI: /empleados/datos-completos/87
--------------------------------------------------------------------------------
[2026-03-17 12:18:32] [DEPRECATED] session_set_save_handler(): Providing individual callbacks instead of an object implementing SessionHandlerInterface is deprecated en C:\tools\nginx\html\sistema_biometrico\index.php línea 50
URI: /justificaciones/get-retardo/3102
--------------------------------------------------------------------------------
[2026-03-17 12:18:34] [DEPRECATED] session_set_save_handler(): Providing individual callbacks instead of an object implementing SessionHandlerInterface is deprecated en C:\tools\nginx\html\sistema_biometrico\index.php línea 50
URI: /justificaciones/ajax-justificar
--------------------------------------------------------------------------------
[2026-03-17 12:20:06] [DEPRECATED] session_set_save_handler(): Providing individual callbacks instead of an object implementing SessionHandlerInterface is deprecated en C:\tools\nginx\html\sistema_biometrico\index.php línea 50
URI: /justificaciones/get-retardo/3102
--------------------------------------------------------------------------------
[2026-03-17 12:20:10] [DEPRECATED] session_set_save_handler(): Providing individual callbacks instead of an object implementing SessionHandlerInterface is deprecated en C:\tools\nginx\html\sistema_biometrico\index.php línea 50
URI: /justificaciones/ajax-justificar
--------------------------------------------------------------------------------
[2026-03-17 12:20:54] [DEPRECATED] session_set_save_handler(): Providing individual callbacks instead of an object implementing SessionHandlerInterface is deprecated en C:\tools\nginx\html\sistema_biometrico\index.php línea 50
URI: /logout
--------------------------------------------------------------------------------
[2026-03-17 12:20:54] [DEPRECATED] session_set_save_handler(): Providing individual callbacks instead of an object implementing SessionHandlerInterface is deprecated en C:\tools\nginx\html\sistema_biometrico\index.php línea 50
URI: /login
--------------------------------------------------------------------------------
[2026-03-17 12:20:54] [DEPRECATED] session_set_save_handler(): Providing individual callbacks instead of an object implementing SessionHandlerInterface is deprecated en C:\tools\nginx\html\sistema_biometrico\index.php línea 50
URI: /.well-known/appspecific/com.chrome.devtools.json
--------------------------------------------------------------------------------
[2026-03-17 12:20:54] [DEPRECATED] session_set_save_handler(): Providing individual callbacks instead of an object implementing SessionHandlerInterface is deprecated en C:\tools\nginx\html\sistema_biometrico\index.php línea 50
URI: /login
--------------------------------------------------------------------------------
[2026-03-17 12:22:48] [DEPRECATED] session_set_save_handler(): Providing individual callbacks instead of an object implementing SessionHandlerInterface is deprecated en C:\tools\nginx\html\sistema_biometrico\index.php línea 50
URI: /
--------------------------------------------------------------------------------
[2026-03-17 12:22:49] [DEPRECATED] session_set_save_handler(): Providing individual callbacks instead of an object implementing SessionHandlerInterface is deprecated en C:\tools\nginx\html\sistema_biometrico\index.php línea 50
URI: /login
--------------------------------------------------------------------------------
[2026-03-17 12:22:57] [DEPRECATED] session_set_save_handler(): Providing individual callbacks instead of an object implementing SessionHandlerInterface is deprecated en C:\tools\nginx\html\sistema_biometrico\index.php línea 50
URI: /login
--------------------------------------------------------------------------------
[2026-03-17 12:22:57] [DEPRECATED] session_set_save_handler(): Providing individual callbacks instead of an object implementing SessionHandlerInterface is deprecated en C:\tools\nginx\html\sistema_biometrico\index.php línea 50
URI: /dashboard
--------------------------------------------------------------------------------
[2026-03-17 12:23:00] [EXCEPTION] PDOException
Contexto: {"action":"index","section":"comisiones"}
Mensaje: SQLSTATE[42S22]: Column not found: 1054 Unknown column 'monto' in 'SELECT'
URI: /dashboard
Archivo: C:\tools\nginx\html\sistema_biometrico\models\Comision.php Línea: 136
#0 C:\tools\nginx\html\sistema_biometrico\models\Comision.php(136): PDO->prepare('SELECT SUM(mont...')
#1 C:\tools\nginx\html\sistema_biometrico\controllers\DashboardController.php(81): Comision->getTotalComisiones(NULL, '03', '2026')
#2 C:\tools\nginx\html\sistema_biometrico\index.php(180): DashboardController->index()
#3 {main}
--------------------------------------------------------------------------------
[2026-03-17 12:23:03] [DEPRECATED] session_set_save_handler(): Providing individual callbacks instead of an object implementing SessionHandlerInterface is deprecated en C:\tools\nginx\html\sistema_biometrico\index.php línea 50
URI: /empleados
--------------------------------------------------------------------------------
[2026-03-17 12:23:09] [DEPRECATED] session_set_save_handler(): Providing individual callbacks instead of an object implementing SessionHandlerInterface is deprecated en C:\tools\nginx\html\sistema_biometrico\index.php línea 50
URI: /empleados?search=87
--------------------------------------------------------------------------------
[2026-03-17 12:23:11] [DEPRECATED] session_set_save_handler(): Providing individual callbacks instead of an object implementing SessionHandlerInterface is deprecated en C:\tools\nginx\html\sistema_biometrico\index.php línea 50
URI: /empleados/datos-completos/87
--------------------------------------------------------------------------------
[2026-03-17 12:23:15] [DEPRECATED] session_set_save_handler(): Providing individual callbacks instead of an object implementing SessionHandlerInterface is deprecated en C:\tools\nginx\html\sistema_biometrico\index.php línea 50
URI: /justificaciones/get-retardo/3102
--------------------------------------------------------------------------------
[2026-03-17 12:23:19] [DEPRECATED] session_set_save_handler(): Providing individual callbacks instead of an object implementing SessionHandlerInterface is deprecated en C:\tools\nginx\html\sistema_biometrico\index.php línea 50
URI: /justificaciones/ajax-justificar
--------------------------------------------------------------------------------
[2026-03-17 12:24:45] [DEPRECATED] session_set_save_handler(): Providing individual callbacks instead of an object implementing SessionHandlerInterface is deprecated en C:\tools\nginx\html\sistema_biometrico\index.php línea 50
URI: /empleados?search=87
--------------------------------------------------------------------------------
[2026-03-17 12:24:46] [DEPRECATED] session_set_save_handler(): Providing individual callbacks instead of an object implementing SessionHandlerInterface is deprecated en C:\tools\nginx\html\sistema_biometrico\index.php línea 50
URI: /empleados?search=87
--------------------------------------------------------------------------------
[2026-03-17 12:24:46] [DEPRECATED] session_set_save_handler(): Providing individual callbacks instead of an object implementing SessionHandlerInterface is deprecated en C:\tools\nginx\html\sistema_biometrico\index.php línea 50
URI: /empleados?search=87
--------------------------------------------------------------------------------
[2026-03-17 12:24:46] [DEPRECATED] session_set_save_handler(): Providing individual callbacks instead of an object implementing SessionHandlerInterface is deprecated en C:\tools\nginx\html\sistema_biometrico\index.php línea 50
URI: /empleados?search=87
--------------------------------------------------------------------------------
[2026-03-17 12:24:46] [DEPRECATED] session_set_save_handler(): Providing individual callbacks instead of an object implementing SessionHandlerInterface is deprecated en C:\tools\nginx\html\sistema_biometrico\index.php línea 50
URI: /empleados?search=87
--------------------------------------------------------------------------------
[2026-03-17 12:24:47] [DEPRECATED] session_set_save_handler(): Providing individual callbacks instead of an object implementing SessionHandlerInterface is deprecated en C:\tools\nginx\html\sistema_biometrico\index.php línea 50
URI: /empleados?search=87
--------------------------------------------------------------------------------
[2026-03-17 12:24:51] [DEPRECATED] session_set_save_handler(): Providing individual callbacks instead of an object implementing SessionHandlerInterface is deprecated en C:\tools\nginx\html\sistema_biometrico\index.php línea 50
URI: /empleados?search=87
--------------------------------------------------------------------------------
[2026-03-17 12:24:55] [DEPRECATED] session_set_save_handler(): Providing individual callbacks instead of an object implementing SessionHandlerInterface is deprecated en C:\tools\nginx\html\sistema_biometrico\index.php línea 50
URI: /empleados/datos-completos/87
--------------------------------------------------------------------------------
[2026-03-17 12:25:00] [DEPRECATED] session_set_save_handler(): Providing individual callbacks instead of an object implementing SessionHandlerInterface is deprecated en C:\tools\nginx\html\sistema_biometrico\index.php línea 50
URI: /justificaciones/get-retardo/3102
--------------------------------------------------------------------------------
[2026-03-17 12:25:03] [DEPRECATED] session_set_save_handler(): Providing individual callbacks instead of an object implementing SessionHandlerInterface is deprecated en C:\tools\nginx\html\sistema_biometrico\index.php línea 50
URI: /justificaciones/ajax-justificar
--------------------------------------------------------------------------------
[2026-03-17 12:28:14] [DEPRECATED] session_set_save_handler(): Providing individual callbacks instead of an object implementing SessionHandlerInterface is deprecated en C:\tools\nginx\html\sistema_biometrico\index.php línea 50
URI: /empleados/datos-completos/87
--------------------------------------------------------------------------------
[2026-03-17 12:28:16] [DEPRECATED] session_set_save_handler(): Providing individual callbacks instead of an object implementing SessionHandlerInterface is deprecated en C:\tools\nginx\html\sistema_biometrico\index.php línea 50
URI: /justificaciones/get-retardo/3102
--------------------------------------------------------------------------------
[2026-03-17 12:28:21] [DEPRECATED] session_set_save_handler(): Providing individual callbacks instead of an object implementing SessionHandlerInterface is deprecated en C:\tools\nginx\html\sistema_biometrico\index.php línea 50
URI: /empleados?search=87
--------------------------------------------------------------------------------
[2026-03-17 12:28:22] [DEPRECATED] session_set_save_handler(): Providing individual callbacks instead of an object implementing SessionHandlerInterface is deprecated en C:\tools\nginx\html\sistema_biometrico\index.php línea 50
URI: /empleados?search=87
--------------------------------------------------------------------------------
[2026-03-17 12:28:55] [DEPRECATED] session_set_save_handler(): Providing individual callbacks instead of an object implementing SessionHandlerInterface is deprecated en C:\tools\nginx\html\sistema_biometrico\index.php línea 50
URI: /empleados?search=87
--------------------------------------------------------------------------------
[2026-03-17 12:28:59] [DEPRECATED] session_set_save_handler(): Providing individual callbacks instead of an object implementing SessionHandlerInterface is deprecated en C:\tools\nginx\html\sistema_biometrico\index.php línea 50
URI: /empleados/datos-completos/87
--------------------------------------------------------------------------------
[2026-03-17 12:29:03] [DEPRECATED] session_set_save_handler(): Providing individual callbacks instead of an object implementing SessionHandlerInterface is deprecated en C:\tools\nginx\html\sistema_biometrico\index.php línea 50
URI: /justificaciones/get-retardo/3102
--------------------------------------------------------------------------------
[2026-03-17 12:29:15] [DEPRECATED] session_set_save_handler(): Providing individual callbacks instead of an object implementing SessionHandlerInterface is deprecated en C:\tools\nginx\html\sistema_biometrico\index.php línea 50
URI: /justificaciones/get-asistencia-ajax/70526
--------------------------------------------------------------------------------
[2026-03-17 12:30:08] [DEPRECATED] session_set_save_handler(): Providing individual callbacks instead of an object implementing SessionHandlerInterface is deprecated en C:\tools\nginx\html\sistema_biometrico\index.php línea 50
URI: /justificaciones/get-asistencia-ajax/69893
--------------------------------------------------------------------------------
[2026-03-17 12:30:18] [DEPRECATED] session_set_save_handler(): Providing individual callbacks instead of an object implementing SessionHandlerInterface is deprecated en C:\tools\nginx\html\sistema_biometrico\index.php línea 50
URI: /comisiones/create?empleado_id=
--------------------------------------------------------------------------------
[2026-03-17 12:30:18] [DEPRECATED] session_set_save_handler(): Providing individual callbacks instead of an object implementing SessionHandlerInterface is deprecated en C:\tools\nginx\html\sistema_biometrico\index.php línea 50
URI: /favicon.ico
--------------------------------------------------------------------------------
[2026-03-17 12:30:23] [DEPRECATED] session_set_save_handler(): Providing individual callbacks instead of an object implementing SessionHandlerInterface is deprecated en C:\tools\nginx\html\sistema_biometrico\index.php línea 50
URI: /empleados?search=87
--------------------------------------------------------------------------------
[2026-03-17 12:31:03] [DEPRECATED] session_set_save_handler(): Providing individual callbacks instead of an object implementing SessionHandlerInterface is deprecated en C:\tools\nginx\html\sistema_biometrico\index.php línea 50
URI: /empleados/datos-completos/87
--------------------------------------------------------------------------------
[2026-03-17 12:32:28] [DEPRECATED] session_set_save_handler(): Providing individual callbacks instead of an object implementing SessionHandlerInterface is deprecated en C:\tools\nginx\html\sistema_biometrico\index.php línea 50
URI: /justificaciones/get-retardo/3102
--------------------------------------------------------------------------------
[2026-03-17 12:32:36] [DEPRECATED] session_set_save_handler(): Providing individual callbacks instead of an object implementing SessionHandlerInterface is deprecated en C:\tools\nginx\html\sistema_biometrico\index.php línea 50
URI: /justificaciones/get-asistencia-ajax/69893
--------------------------------------------------------------------------------
[2026-03-17 12:33:35] [DEPRECATED] session_set_save_handler(): Providing individual callbacks instead of an object implementing SessionHandlerInterface is deprecated en C:\tools\nginx\html\sistema_biometrico\index.php línea 50
URI: /justificaciones/get-asistencia-ajax/70526
--------------------------------------------------------------------------------
[2026-03-17 12:33:48] [DEPRECATED] session_set_save_handler(): Providing individual callbacks instead of an object implementing SessionHandlerInterface is deprecated en C:\tools\nginx\html\sistema_biometrico\index.php línea 50
URI: /justificaciones/get-asistencia-ajax/69893
--------------------------------------------------------------------------------
[2026-03-17 12:35:03] [DEPRECATED] session_set_save_handler(): Providing individual callbacks instead of an object implementing SessionHandlerInterface is deprecated en C:\tools\nginx\html\sistema_biometrico\index.php línea 50
URI: /comisiones/create?empleado_id=
--------------------------------------------------------------------------------
[2026-03-17 12:35:56] [DEPRECATED] session_set_save_handler(): Providing individual callbacks instead of an object implementing SessionHandlerInterface is deprecated en C:\tools\nginx\html\sistema_biometrico\index.php línea 50
URI: /
--------------------------------------------------------------------------------
[2026-03-17 12:36:00] [EXCEPTION] PDOException
Contexto: {"action":"index","section":"comisiones"}
Mensaje: SQLSTATE[42S22]: Column not found: 1054 Unknown column 'monto' in 'SELECT'
URI: /
Archivo: C:\tools\nginx\html\sistema_biometrico\models\Comision.php Línea: 136
#0 C:\tools\nginx\html\sistema_biometrico\models\Comision.php(136): PDO->prepare('SELECT SUM(mont...')
#1 C:\tools\nginx\html\sistema_biometrico\controllers\DashboardController.php(81): Comision->getTotalComisiones(NULL, '03', '2026')
#2 C:\tools\nginx\html\sistema_biometrico\index.php(180): DashboardController->index()
#3 {main}
--------------------------------------------------------------------------------
[2026-03-17 12:43:09] [DEPRECATED] session_set_save_handler(): Providing individual callbacks instead of an object implementing SessionHandlerInterface is deprecated en C:\tools\nginx\html\sistema_biometrico\index.php línea 50
URI: /
--------------------------------------------------------------------------------
[2026-03-17 12:43:13] [EXCEPTION] PDOException
Contexto: {"action":"index","section":"comisiones"}
Mensaje: SQLSTATE[42S22]: Column not found: 1054 Unknown column 'monto' in 'SELECT'
URI: /
Archivo: C:\tools\nginx\html\sistema_biometrico\models\Comision.php Línea: 136
#0 C:\tools\nginx\html\sistema_biometrico\models\Comision.php(136): PDO->prepare('SELECT SUM(mont...')
#1 C:\tools\nginx\html\sistema_biometrico\controllers\DashboardController.php(81): Comision->getTotalComisiones(NULL, '03', '2026')
#2 C:\tools\nginx\html\sistema_biometrico\index.php(180): DashboardController->index()
#3 {main}
--------------------------------------------------------------------------------
[2026-03-17 12:43:13] [DEPRECATED] session_set_save_handler(): Providing individual callbacks instead of an object implementing SessionHandlerInterface is deprecated en C:\tools\nginx\html\sistema_biometrico\index.php línea 50
URI: /
--------------------------------------------------------------------------------
[2026-03-17 12:43:16] [EXCEPTION] PDOException
Contexto: {"action":"index","section":"comisiones"}
Mensaje: SQLSTATE[42S22]: Column not found: 1054 Unknown column 'monto' in 'SELECT'
URI: /
Archivo: C:\tools\nginx\html\sistema_biometrico\models\Comision.php Línea: 136
#0 C:\tools\nginx\html\sistema_biometrico\models\Comision.php(136): PDO->prepare('SELECT SUM(mont...')
#1 C:\tools\nginx\html\sistema_biometrico\controllers\DashboardController.php(81): Comision->getTotalComisiones(NULL, '03', '2026')
#2 C:\tools\nginx\html\sistema_biometrico\index.php(180): DashboardController->index()
#3 {main}
--------------------------------------------------------------------------------
[2026-03-17 12:43:16] [DEPRECATED] session_set_save_handler(): Providing individual callbacks instead of an object implementing SessionHandlerInterface is deprecated en C:\tools\nginx\html\sistema_biometrico\index.php línea 50
URI: /
--------------------------------------------------------------------------------
[2026-03-17 12:43:19] [EXCEPTION] PDOException
Contexto: {"action":"index","section":"comisiones"}
Mensaje: SQLSTATE[42S22]: Column not found: 1054 Unknown column 'monto' in 'SELECT'
URI: /
Archivo: C:\tools\nginx\html\sistema_biometrico\models\Comision.php Línea: 136
#0 C:\tools\nginx\html\sistema_biometrico\models\Comision.php(136): PDO->prepare('SELECT SUM(mont...')
#1 C:\tools\nginx\html\sistema_biometrico\controllers\DashboardController.php(81): Comision->getTotalComisiones(NULL, '03', '2026')
#2 C:\tools\nginx\html\sistema_biometrico\index.php(180): DashboardController->index()
#3 {main}
--------------------------------------------------------------------------------
[2026-03-17 12:43:19] [DEPRECATED] session_set_save_handler(): Providing individual callbacks instead of an object implementing SessionHandlerInterface is deprecated en C:\tools\nginx\html\sistema_biometrico\index.php línea 50
URI: /
--------------------------------------------------------------------------------
[2026-03-17 12:43:22] [EXCEPTION] PDOException
Contexto: {"action":"index","section":"comisiones"}
Mensaje: SQLSTATE[42S22]: Column not found: 1054 Unknown column 'monto' in 'SELECT'
URI: /
Archivo: C:\tools\nginx\html\sistema_biometrico\models\Comision.php Línea: 136
#0 C:\tools\nginx\html\sistema_biometrico\models\Comision.php(136): PDO->prepare('SELECT SUM(mont...')
#1 C:\tools\nginx\html\sistema_biometrico\controllers\DashboardController.php(81): Comision->getTotalComisiones(NULL, '03', '2026')
#2 C:\tools\nginx\html\sistema_biometrico\index.php(180): DashboardController->index()
#3 {main}
--------------------------------------------------------------------------------
[2026-03-17 12:43:22] [DEPRECATED] session_set_save_handler(): Providing individual callbacks instead of an object implementing SessionHandlerInterface is deprecated en C:\tools\nginx\html\sistema_biometrico\index.php línea 50
URI: /
--------------------------------------------------------------------------------
[2026-03-17 12:43:25] [EXCEPTION] PDOException
Contexto: {"action":"index","section":"comisiones"}
Mensaje: SQLSTATE[42S22]: Column not found: 1054 Unknown column 'monto' in 'SELECT'
URI: /
Archivo: C:\tools\nginx\html\sistema_biometrico\models\Comision.php Línea: 136
#0 C:\tools\nginx\html\sistema_biometrico\models\Comision.php(136): PDO->prepare('SELECT SUM(mont...')
#1 C:\tools\nginx\html\sistema_biometrico\controllers\DashboardController.php(81): Comision->getTotalComisiones(NULL, '03', '2026')
#2 C:\tools\nginx\html\sistema_biometrico\index.php(180): DashboardController->index()
#3 {main}
--------------------------------------------------------------------------------
[2026-03-17 12:43:25] [DEPRECATED] session_set_save_handler(): Providing individual callbacks instead of an object implementing SessionHandlerInterface is deprecated en C:\tools\nginx\html\sistema_biometrico\index.php línea 50
URI: /
--------------------------------------------------------------------------------
[2026-03-17 12:43:29] [EXCEPTION] PDOException
Contexto: {"action":"index","section":"comisiones"}
Mensaje: SQLSTATE[42S22]: Column not found: 1054 Unknown column 'monto' in 'SELECT'
URI: /
Archivo: C:\tools\nginx\html\sistema_biometrico\models\Comision.php Línea: 136
#0 C:\tools\nginx\html\sistema_biometrico\models\Comision.php(136): PDO->prepare('SELECT SUM(mont...')
#1 C:\tools\nginx\html\sistema_biometrico\controllers\DashboardController.php(81): Comision->getTotalComisiones(NULL, '03', '2026')
#2 C:\tools\nginx\html\sistema_biometrico\index.php(180): DashboardController->index()
#3 {main}
--------------------------------------------------------------------------------
[2026-03-17 12:43:29] [DEPRECATED] session_set_save_handler(): Providing individual callbacks instead of an object implementing SessionHandlerInterface is deprecated en C:\tools\nginx\html\sistema_biometrico\index.php línea 50
URI: /
--------------------------------------------------------------------------------
[2026-03-17 12:43:32] [EXCEPTION] PDOException
Contexto: {"action":"index","section":"comisiones"}
Mensaje: SQLSTATE[42S22]: Column not found: 1054 Unknown column 'monto' in 'SELECT'
URI: /
Archivo: C:\tools\nginx\html\sistema_biometrico\models\Comision.php Línea: 136
#0 C:\tools\nginx\html\sistema_biometrico\models\Comision.php(136): PDO->prepare('SELECT SUM(mont...')
#1 C:\tools\nginx\html\sistema_biometrico\controllers\DashboardController.php(81): Comision->getTotalComisiones(NULL, '03', '2026')
#2 C:\tools\nginx\html\sistema_biometrico\index.php(180): DashboardController->index()
#3 {main}
--------------------------------------------------------------------------------
[2026-03-17 12:43:32] [DEPRECATED] session_set_save_handler(): Providing individual callbacks instead of an object implementing SessionHandlerInterface is deprecated en C:\tools\nginx\html\sistema_biometrico\index.php línea 50
URI: /
--------------------------------------------------------------------------------
[2026-03-17 12:43:35] [EXCEPTION] PDOException
Contexto: {"action":"index","section":"comisiones"}
Mensaje: SQLSTATE[42S22]: Column not found: 1054 Unknown column 'monto' in 'SELECT'
URI: /
Archivo: C:\tools\nginx\html\sistema_biometrico\models\Comision.php Línea: 136
#0 C:\tools\nginx\html\sistema_biometrico\models\Comision.php(136): PDO->prepare('SELECT SUM(mont...')
#1 C:\tools\nginx\html\sistema_biometrico\controllers\DashboardController.php(81): Comision->getTotalComisiones(NULL, '03', '2026')
#2 C:\tools\nginx\html\sistema_biometrico\index.php(180): DashboardController->index()
#3 {main}
--------------------------------------------------------------------------------
[2026-03-17 12:43:35] [DEPRECATED] session_set_save_handler(): Providing individual callbacks instead of an object implementing SessionHandlerInterface is deprecated en C:\tools\nginx\html\sistema_biometrico\index.php línea 50
URI: /logout
--------------------------------------------------------------------------------
[2026-03-17 12:43:35] [DEPRECATED] session_set_save_handler(): Providing individual callbacks instead of an object implementing SessionHandlerInterface is deprecated en C:\tools\nginx\html\sistema_biometrico\index.php línea 50
URI: /login
--------------------------------------------------------------------------------
[2026-03-17 12:43:43] [DEPRECATED] session_set_save_handler(): Providing individual callbacks instead of an object implementing SessionHandlerInterface is deprecated en C:\tools\nginx\html\sistema_biometrico\index.php línea 50
URI: /login
--------------------------------------------------------------------------------
[2026-03-17 12:43:43] [DEPRECATED] session_set_save_handler(): Providing individual callbacks instead of an object implementing SessionHandlerInterface is deprecated en C:\tools\nginx\html\sistema_biometrico\index.php línea 50
URI: /dashboard
--------------------------------------------------------------------------------
[2026-03-17 12:43:46] [EXCEPTION] PDOException
Contexto: {"action":"index","section":"comisiones"}
Mensaje: SQLSTATE[42S22]: Column not found: 1054 Unknown column 'monto' in 'SELECT'
URI: /dashboard
Archivo: C:\tools\nginx\html\sistema_biometrico\models\Comision.php Línea: 136
#0 C:\tools\nginx\html\sistema_biometrico\models\Comision.php(136): PDO->prepare('SELECT SUM(mont...')
#1 C:\tools\nginx\html\sistema_biometrico\controllers\DashboardController.php(81): Comision->getTotalComisiones(NULL, '03', '2026')
#2 C:\tools\nginx\html\sistema_biometrico\index.php(180): DashboardController->index()
#3 {main}
--------------------------------------------------------------------------------
[2026-03-17 12:43:50] [DEPRECATED] session_set_save_handler(): Providing individual callbacks instead of an object implementing SessionHandlerInterface is deprecated en C:\tools\nginx\html\sistema_biometrico\index.php línea 50
URI: /empleados
--------------------------------------------------------------------------------
[2026-03-17 12:43:54] [DEPRECATED] session_set_save_handler(): Providing individual callbacks instead of an object implementing SessionHandlerInterface is deprecated en C:\tools\nginx\html\sistema_biometrico\index.php línea 50
URI: /empleados?search=87
--------------------------------------------------------------------------------
[2026-03-17 12:43:56] [DEPRECATED] session_set_save_handler(): Providing individual callbacks instead of an object implementing SessionHandlerInterface is deprecated en C:\tools\nginx\html\sistema_biometrico\index.php línea 50
URI: /empleados/datos-completos/87
--------------------------------------------------------------------------------
[2026-03-17 12:44:01] [DEPRECATED] session_set_save_handler(): Providing individual callbacks instead of an object implementing SessionHandlerInterface is deprecated en C:\tools\nginx\html\sistema_biometrico\index.php línea 50
URI: /justificaciones/get-retardo/3102
--------------------------------------------------------------------------------
[2026-03-17 12:44:10] [DEPRECATED] session_set_save_handler(): Providing individual callbacks instead of an object implementing SessionHandlerInterface is deprecated en C:\tools\nginx\html\sistema_biometrico\index.php línea 50
URI: /justificaciones/get-asistencia-ajax/70526
--------------------------------------------------------------------------------
[2026-03-17 12:44:14] [DEPRECATED] session_set_save_handler(): Providing individual callbacks instead of an object implementing SessionHandlerInterface is deprecated en C:\tools\nginx\html\sistema_biometrico\index.php línea 50
URI: /justificaciones/get-asistencia-ajax/69893
--------------------------------------------------------------------------------
[2026-03-17 12:44:26] [DEPRECATED] session_set_save_handler(): Providing individual callbacks instead of an object implementing SessionHandlerInterface is deprecated en C:\tools\nginx\html\sistema_biometrico\index.php línea 50
URI: /justificaciones/actualizar-incidencia
--------------------------------------------------------------------------------
[2026-03-17 12:44:44] [DEPRECATED] session_set_save_handler(): Providing individual callbacks instead of an object implementing SessionHandlerInterface is deprecated en C:\tools\nginx\html\sistema_biometrico\index.php línea 50
URI: /.well-known/appspecific/com.chrome.devtools.json
--------------------------------------------------------------------------------
[2026-03-17 12:44:46] [DEPRECATED] session_set_save_handler(): Providing individual callbacks instead of an object implementing SessionHandlerInterface is deprecated en C:\tools\nginx\html\sistema_biometrico\index.php línea 50
URI: /justificaciones/actualizar-incidencia
--------------------------------------------------------------------------------
[2026-03-17 12:44:52] [DEPRECATED] session_set_save_handler(): Providing individual callbacks instead of an object implementing SessionHandlerInterface is deprecated en C:\tools\nginx\html\sistema_biometrico\index.php línea 50
URI: /justificaciones/actualizar-incidencia
--------------------------------------------------------------------------------
[2026-03-17 12:44:54] [DEPRECATED] session_set_save_handler(): Providing individual callbacks instead of an object implementing SessionHandlerInterface is deprecated en C:\tools\nginx\html\sistema_biometrico\index.php línea 50
URI: /justificaciones/actualizar-incidencia
--------------------------------------------------------------------------------
[2026-03-17 12:44:57] [DEPRECATED] session_set_save_handler(): Providing individual callbacks instead of an object implementing SessionHandlerInterface is deprecated en C:\tools\nginx\html\sistema_biometrico\index.php línea 50
URI: /justificaciones/get-asistencia-ajax/69893
--------------------------------------------------------------------------------
[2026-03-17 12:45:00] [DEPRECATED] session_set_save_handler(): Providing individual callbacks instead of an object implementing SessionHandlerInterface is deprecated en C:\tools\nginx\html\sistema_biometrico\index.php línea 50
URI: /justificaciones/actualizar-incidencia
--------------------------------------------------------------------------------
[2026-03-17 12:46:23] [DEPRECATED] session_set_save_handler(): Providing individual callbacks instead of an object implementing SessionHandlerInterface is deprecated en C:\tools\nginx\html\sistema_biometrico\index.php línea 50
URI: /empleados?search=87
--------------------------------------------------------------------------------
[2026-03-17 12:46:23] [DEPRECATED] session_set_save_handler(): Providing individual callbacks instead of an object implementing SessionHandlerInterface is deprecated en C:\tools\nginx\html\sistema_biometrico\index.php línea 50
URI: /.well-known/appspecific/com.chrome.devtools.json
--------------------------------------------------------------------------------
[2026-03-17 12:46:24] [DEPRECATED] session_set_save_handler(): Providing individual callbacks instead of an object implementing SessionHandlerInterface is deprecated en C:\tools\nginx\html\sistema_biometrico\index.php línea 50
URI: /empleados?search=87
--------------------------------------------------------------------------------
[2026-03-17 12:46:25] [DEPRECATED] session_set_save_handler(): Providing individual callbacks instead of an object implementing SessionHandlerInterface is deprecated en C:\tools\nginx\html\sistema_biometrico\index.php línea 50
URI: /.well-known/appspecific/com.chrome.devtools.json
--------------------------------------------------------------------------------
[2026-03-17 12:46:25] [DEPRECATED] session_set_save_handler(): Providing individual callbacks instead of an object implementing SessionHandlerInterface is deprecated en C:\tools\nginx\html\sistema_biometrico\index.php línea 50
URI: /empleados?search=87
--------------------------------------------------------------------------------
[2026-03-17 12:46:25] [DEPRECATED] session_set_save_handler(): Providing individual callbacks instead of an object implementing SessionHandlerInterface is deprecated en C:\tools\nginx\html\sistema_biometrico\index.php línea 50
URI: /.well-known/appspecific/com.chrome.devtools.json
--------------------------------------------------------------------------------
[2026-03-17 12:46:25] [DEPRECATED] session_set_save_handler(): Providing individual callbacks instead of an object implementing SessionHandlerInterface is deprecated en C:\tools\nginx\html\sistema_biometrico\index.php línea 50
URI: /empleados?search=87
--------------------------------------------------------------------------------
[2026-03-17 12:46:25] [DEPRECATED] session_set_save_handler(): Providing individual callbacks instead of an object implementing SessionHandlerInterface is deprecated en C:\tools\nginx\html\sistema_biometrico\index.php línea 50
URI: /.well-known/appspecific/com.chrome.devtools.json
--------------------------------------------------------------------------------
[2026-03-17 12:46:25] [DEPRECATED] session_set_save_handler(): Providing individual callbacks instead of an object implementing SessionHandlerInterface is deprecated en C:\tools\nginx\html\sistema_biometrico\index.php línea 50
URI: /empleados?search=87
--------------------------------------------------------------------------------
[2026-03-17 12:46:26] [DEPRECATED] session_set_save_handler(): Providing individual callbacks instead of an object implementing SessionHandlerInterface is deprecated en C:\tools\nginx\html\sistema_biometrico\index.php línea 50
URI: /.well-known/appspecific/com.chrome.devtools.json
--------------------------------------------------------------------------------
[2026-03-17 12:46:26] [DEPRECATED] session_set_save_handler(): Providing individual callbacks instead of an object implementing SessionHandlerInterface is deprecated en C:\tools\nginx\html\sistema_biometrico\index.php línea 50
URI: /empleados?search=87
--------------------------------------------------------------------------------
[2026-03-17 12:46:26] [DEPRECATED] session_set_save_handler(): Providing individual callbacks instead of an object implementing SessionHandlerInterface is deprecated en C:\tools\nginx\html\sistema_biometrico\index.php línea 50
URI: /.well-known/appspecific/com.chrome.devtools.json
--------------------------------------------------------------------------------
[2026-03-17 12:46:26] [DEPRECATED] session_set_save_handler(): Providing individual callbacks instead of an object implementing SessionHandlerInterface is deprecated en C:\tools\nginx\html\sistema_biometrico\index.php línea 50
URI: /empleados?search=87
--------------------------------------------------------------------------------
[2026-03-17 12:46:26] [DEPRECATED] session_set_save_handler(): Providing individual callbacks instead of an object implementing SessionHandlerInterface is deprecated en C:\tools\nginx\html\sistema_biometrico\index.php línea 50
URI: /.well-known/appspecific/com.chrome.devtools.json
--------------------------------------------------------------------------------
[2026-03-17 12:46:26] [DEPRECATED] session_set_save_handler(): Providing individual callbacks instead of an object implementing SessionHandlerInterface is deprecated en C:\tools\nginx\html\sistema_biometrico\index.php línea 50
URI: /empleados?search=87
--------------------------------------------------------------------------------
[2026-03-17 12:46:26] [DEPRECATED] session_set_save_handler(): Providing individual callbacks instead of an object implementing SessionHandlerInterface is deprecated en C:\tools\nginx\html\sistema_biometrico\index.php línea 50
URI: /.well-known/appspecific/com.chrome.devtools.json
--------------------------------------------------------------------------------
[2026-03-17 12:46:26] [DEPRECATED] session_set_save_handler(): Providing individual callbacks instead of an object implementing SessionHandlerInterface is deprecated en C:\tools\nginx\html\sistema_biometrico\index.php línea 50
URI: /empleados?search=87
--------------------------------------------------------------------------------
[2026-03-17 12:46:26] [DEPRECATED] session_set_save_handler(): Providing individual callbacks instead of an object implementing SessionHandlerInterface is deprecated en C:\tools\nginx\html\sistema_biometrico\index.php línea 50
URI: /.well-known/appspecific/com.chrome.devtools.json
--------------------------------------------------------------------------------
[2026-03-17 12:46:26] [DEPRECATED] session_set_save_handler(): Providing individual callbacks instead of an object implementing SessionHandlerInterface is deprecated en C:\tools\nginx\html\sistema_biometrico\index.php línea 50
URI: /empleados?search=87
--------------------------------------------------------------------------------
[2026-03-17 12:46:26] [DEPRECATED] session_set_save_handler(): Providing individual callbacks instead of an object implementing SessionHandlerInterface is deprecated en C:\tools\nginx\html\sistema_biometrico\index.php línea 50
URI: /.well-known/appspecific/com.chrome.devtools.json
--------------------------------------------------------------------------------
[2026-03-17 12:46:27] [DEPRECATED] session_set_save_handler(): Providing individual callbacks instead of an object implementing SessionHandlerInterface is deprecated en C:\tools\nginx\html\sistema_biometrico\index.php línea 50
URI: /empleados?search=87
--------------------------------------------------------------------------------
[2026-03-17 12:46:27] [DEPRECATED] session_set_save_handler(): Providing individual callbacks instead of an object implementing SessionHandlerInterface is deprecated en C:\tools\nginx\html\sistema_biometrico\index.php línea 50
URI: /.well-known/appspecific/com.chrome.devtools.json
--------------------------------------------------------------------------------
[2026-03-17 12:46:27] [DEPRECATED] session_set_save_handler(): Providing individual callbacks instead of an object implementing SessionHandlerInterface is deprecated en C:\tools\nginx\html\sistema_biometrico\index.php línea 50
URI: /empleados?search=87
--------------------------------------------------------------------------------
[2026-03-17 12:46:27] [DEPRECATED] session_set_save_handler(): Providing individual callbacks instead of an object implementing SessionHandlerInterface is deprecated en C:\tools\nginx\html\sistema_biometrico\index.php línea 50
URI: /.well-known/appspecific/com.chrome.devtools.json
--------------------------------------------------------------------------------
[2026-03-17 12:46:27] [DEPRECATED] session_set_save_handler(): Providing individual callbacks instead of an object implementing SessionHandlerInterface is deprecated en C:\tools\nginx\html\sistema_biometrico\index.php línea 50
URI: /empleados?search=87
--------------------------------------------------------------------------------
[2026-03-17 12:46:27] [DEPRECATED] session_set_save_handler(): Providing individual callbacks instead of an object implementing SessionHandlerInterface is deprecated en C:\tools\nginx\html\sistema_biometrico\index.php línea 50
URI: /.well-known/appspecific/com.chrome.devtools.json
--------------------------------------------------------------------------------
[2026-03-17 12:46:27] [DEPRECATED] session_set_save_handler(): Providing individual callbacks instead of an object implementing SessionHandlerInterface is deprecated en C:\tools\nginx\html\sistema_biometrico\index.php línea 50
URI: /empleados?search=87
--------------------------------------------------------------------------------
[2026-03-17 12:46:27] [DEPRECATED] session_set_save_handler(): Providing individual callbacks instead of an object implementing SessionHandlerInterface is deprecated en C:\tools\nginx\html\sistema_biometrico\index.php línea 50
URI: /.well-known/appspecific/com.chrome.devtools.json
--------------------------------------------------------------------------------
[2026-03-17 12:46:27] [DEPRECATED] session_set_save_handler(): Providing individual callbacks instead of an object implementing SessionHandlerInterface is deprecated en C:\tools\nginx\html\sistema_biometrico\index.php línea 50
URI: /empleados?search=87
--------------------------------------------------------------------------------
[2026-03-17 12:46:27] [DEPRECATED] session_set_save_handler(): Providing individual callbacks instead of an object implementing SessionHandlerInterface is deprecated en C:\tools\nginx\html\sistema_biometrico\index.php línea 50
URI: /.well-known/appspecific/com.chrome.devtools.json
--------------------------------------------------------------------------------
[2026-03-17 12:46:31] [DEPRECATED] session_set_save_handler(): Providing individual callbacks instead of an object implementing SessionHandlerInterface is deprecated en C:\tools\nginx\html\sistema_biometrico\index.php línea 50
URI: /empleados/datos-completos/87
--------------------------------------------------------------------------------
[2026-03-17 12:47:09] [DEPRECATED] session_set_save_handler(): Providing individual callbacks instead of an object implementing SessionHandlerInterface is deprecated en C:\tools\nginx\html\sistema_biometrico\index.php línea 50
URI: /empleados?search=87
--------------------------------------------------------------------------------
[2026-03-17 12:47:09] [DEPRECATED] session_set_save_handler(): Providing individual callbacks instead of an object implementing SessionHandlerInterface is deprecated en C:\tools\nginx\html\sistema_biometrico\index.php línea 50
URI: /.well-known/appspecific/com.chrome.devtools.json
--------------------------------------------------------------------------------
[2026-03-17 12:47:12] [DEPRECATED] session_set_save_handler(): Providing individual callbacks instead of an object implementing SessionHandlerInterface is deprecated en C:\tools\nginx\html\sistema_biometrico\index.php línea 50
URI: /empleados/datos-completos/87
--------------------------------------------------------------------------------
[2026-03-17 12:50:01] [DEPRECATED] session_set_save_handler(): Providing individual callbacks instead of an object implementing SessionHandlerInterface is deprecated en C:\tools\nginx\html\sistema_biometrico\index.php línea 50
URI: /logout
--------------------------------------------------------------------------------
[2026-03-17 12:50:02] [DEPRECATED] session_set_save_handler(): Providing individual callbacks instead of an object implementing SessionHandlerInterface is deprecated en C:\tools\nginx\html\sistema_biometrico\index.php línea 50
URI: /login
--------------------------------------------------------------------------------
[2026-03-17 12:50:02] [DEPRECATED] session_set_save_handler(): Providing individual callbacks instead of an object implementing SessionHandlerInterface is deprecated en C:\tools\nginx\html\sistema_biometrico\index.php línea 50
URI: /.well-known/appspecific/com.chrome.devtools.json
--------------------------------------------------------------------------------
[2026-03-17 12:50:02] [DEPRECATED] session_set_save_handler(): Providing individual callbacks instead of an object implementing SessionHandlerInterface is deprecated en C:\tools\nginx\html\sistema_biometrico\index.php línea 50
URI: /login
--------------------------------------------------------------------------------
[2026-03-17 12:51:53] [DEPRECATED] session_set_save_handler(): Providing individual callbacks instead of an object implementing SessionHandlerInterface is deprecated en C:\tools\nginx\html\sistema_biometrico\index.php línea 50
URI: /login
--------------------------------------------------------------------------------
[2026-03-17 12:51:53] [DEPRECATED] session_set_save_handler(): Providing individual callbacks instead of an object implementing SessionHandlerInterface is deprecated en C:\tools\nginx\html\sistema_biometrico\index.php línea 50
URI: /.well-known/appspecific/com.chrome.devtools.json
--------------------------------------------------------------------------------
[2026-03-17 12:51:53] [DEPRECATED] session_set_save_handler(): Providing individual callbacks instead of an object implementing SessionHandlerInterface is deprecated en C:\tools\nginx\html\sistema_biometrico\index.php línea 50
URI: /login
--------------------------------------------------------------------------------
[2026-03-17 12:51:54] [DEPRECATED] session_set_save_handler(): Providing individual callbacks instead of an object implementing SessionHandlerInterface is deprecated en C:\tools\nginx\html\sistema_biometrico\index.php línea 50
URI: /login
--------------------------------------------------------------------------------
[2026-03-17 12:51:54] [DEPRECATED] session_set_save_handler(): Providing individual callbacks instead of an object implementing SessionHandlerInterface is deprecated en C:\tools\nginx\html\sistema_biometrico\index.php línea 50
URI: /.well-known/appspecific/com.chrome.devtools.json
--------------------------------------------------------------------------------
[2026-03-17 12:51:54] [DEPRECATED] session_set_save_handler(): Providing individual callbacks instead of an object implementing SessionHandlerInterface is deprecated en C:\tools\nginx\html\sistema_biometrico\index.php línea 50
URI: /login
--------------------------------------------------------------------------------
[2026-03-17 12:51:55] [DEPRECATED] session_set_save_handler(): Providing individual callbacks instead of an object implementing SessionHandlerInterface is deprecated en C:\tools\nginx\html\sistema_biometrico\index.php línea 50
URI: /login
--------------------------------------------------------------------------------
[2026-03-17 12:51:55] [DEPRECATED] session_set_save_handler(): Providing individual callbacks instead of an object implementing SessionHandlerInterface is deprecated en C:\tools\nginx\html\sistema_biometrico\index.php línea 50
URI: /.well-known/appspecific/com.chrome.devtools.json
--------------------------------------------------------------------------------
[2026-03-17 12:51:55] [DEPRECATED] session_set_save_handler(): Providing individual callbacks instead of an object implementing SessionHandlerInterface is deprecated en C:\tools\nginx\html\sistema_biometrico\index.php línea 50
URI: /login
--------------------------------------------------------------------------------
[2026-03-17 12:51:55] [DEPRECATED] session_set_save_handler(): Providing individual callbacks instead of an object implementing SessionHandlerInterface is deprecated en C:\tools\nginx\html\sistema_biometrico\index.php línea 50
URI: /login
--------------------------------------------------------------------------------
[2026-03-17 12:51:55] [DEPRECATED] session_set_save_handler(): Providing individual callbacks instead of an object implementing SessionHandlerInterface is deprecated en C:\tools\nginx\html\sistema_biometrico\index.php línea 50
URI: /.well-known/appspecific/com.chrome.devtools.json
--------------------------------------------------------------------------------
[2026-03-17 12:51:55] [DEPRECATED] session_set_save_handler(): Providing individual callbacks instead of an object implementing SessionHandlerInterface is deprecated en C:\tools\nginx\html\sistema_biometrico\index.php línea 50
URI: /login
--------------------------------------------------------------------------------
[2026-03-17 12:51:55] [DEPRECATED] session_set_save_handler(): Providing individual callbacks instead of an object implementing SessionHandlerInterface is deprecated en C:\tools\nginx\html\sistema_biometrico\index.php línea 50
URI: /login
--------------------------------------------------------------------------------
[2026-03-17 12:51:55] [DEPRECATED] session_set_save_handler(): Providing individual callbacks instead of an object implementing SessionHandlerInterface is deprecated en C:\tools\nginx\html\sistema_biometrico\index.php línea 50
URI: /.well-known/appspecific/com.chrome.devtools.json
--------------------------------------------------------------------------------
[2026-03-17 12:51:55] [DEPRECATED] session_set_save_handler(): Providing individual callbacks instead of an object implementing SessionHandlerInterface is deprecated en C:\tools\nginx\html\sistema_biometrico\index.php línea 50
URI: /login
--------------------------------------------------------------------------------
[2026-03-17 12:51:55] [DEPRECATED] session_set_save_handler(): Providing individual callbacks instead of an object implementing SessionHandlerInterface is deprecated en C:\tools\nginx\html\sistema_biometrico\index.php línea 50
URI: /login
--------------------------------------------------------------------------------
[2026-03-17 12:51:55] [DEPRECATED] session_set_save_handler(): Providing individual callbacks instead of an object implementing SessionHandlerInterface is deprecated en C:\tools\nginx\html\sistema_biometrico\index.php línea 50
URI: /.well-known/appspecific/com.chrome.devtools.json
--------------------------------------------------------------------------------
[2026-03-17 12:51:55] [DEPRECATED] session_set_save_handler(): Providing individual callbacks instead of an object implementing SessionHandlerInterface is deprecated en C:\tools\nginx\html\sistema_biometrico\index.php línea 50
URI: /login
--------------------------------------------------------------------------------
[2026-03-17 12:52:05] [DEPRECATED] session_set_save_handler(): Providing individual callbacks instead of an object implementing SessionHandlerInterface is deprecated en C:\tools\nginx\html\sistema_biometrico\index.php línea 50
URI: /login
--------------------------------------------------------------------------------
[2026-03-17 12:52:06] [DEPRECATED] session_set_save_handler(): Providing individual callbacks instead of an object implementing SessionHandlerInterface is deprecated en C:\tools\nginx\html\sistema_biometrico\index.php línea 50
URI: /dashboard
--------------------------------------------------------------------------------
[2026-03-17 12:52:09] [EXCEPTION] PDOException
Contexto: {"action":"index","section":"comisiones"}
Mensaje: SQLSTATE[42S22]: Column not found: 1054 Unknown column 'monto' in 'SELECT'
URI: /dashboard
Archivo: C:\tools\nginx\html\sistema_biometrico\models\Comision.php Línea: 136
#0 C:\tools\nginx\html\sistema_biometrico\models\Comision.php(136): PDO->prepare('SELECT SUM(mont...')
#1 C:\tools\nginx\html\sistema_biometrico\controllers\DashboardController.php(81): Comision->getTotalComisiones(NULL, '03', '2026')
#2 C:\tools\nginx\html\sistema_biometrico\index.php(180): DashboardController->index()
#3 {main}
--------------------------------------------------------------------------------
[2026-03-17 12:52:09] [DEPRECATED] session_set_save_handler(): Providing individual callbacks instead of an object implementing SessionHandlerInterface is deprecated en C:\tools\nginx\html\sistema_biometrico\index.php línea 50
URI: /.well-known/appspecific/com.chrome.devtools.json
--------------------------------------------------------------------------------
[2026-03-17 12:52:12] [DEPRECATED] session_set_save_handler(): Providing individual callbacks instead of an object implementing SessionHandlerInterface is deprecated en C:\tools\nginx\html\sistema_biometrico\index.php línea 50
URI: /empleados
--------------------------------------------------------------------------------
[2026-03-17 12:52:12] [DEPRECATED] session_set_save_handler(): Providing individual callbacks instead of an object implementing SessionHandlerInterface is deprecated en C:\tools\nginx\html\sistema_biometrico\index.php línea 50
URI: /.well-known/appspecific/com.chrome.devtools.json
--------------------------------------------------------------------------------
[2026-03-17 12:52:19] [DEPRECATED] session_set_save_handler(): Providing individual callbacks instead of an object implementing SessionHandlerInterface is deprecated en C:\tools\nginx\html\sistema_biometrico\index.php línea 50
URI: /empleados?search=87
--------------------------------------------------------------------------------
[2026-03-17 12:52:19] [DEPRECATED] session_set_save_handler(): Providing individual callbacks instead of an object implementing SessionHandlerInterface is deprecated en C:\tools\nginx\html\sistema_biometrico\index.php línea 50
URI: /.well-known/appspecific/com.chrome.devtools.json
--------------------------------------------------------------------------------
[2026-03-17 12:52:49] [DEPRECATED] session_set_save_handler(): Providing individual callbacks instead of an object implementing SessionHandlerInterface is deprecated en C:\tools\nginx\html\sistema_biometrico\index.php línea 50
URI: /empleados/datos-completos/87
--------------------------------------------------------------------------------
[2026-03-17 12:52:54] [DEPRECATED] session_set_save_handler(): Providing individual callbacks instead of an object implementing SessionHandlerInterface is deprecated en C:\tools\nginx\html\sistema_biometrico\index.php línea 50
URI: /justificaciones/get-asistencia-ajax/69893
--------------------------------------------------------------------------------
[2026-03-17 12:53:06] [DEPRECATED] session_set_save_handler(): Providing individual callbacks instead of an object implementing SessionHandlerInterface is deprecated en C:\tools\nginx\html\sistema_biometrico\index.php línea 50
URI: /justificaciones/actualizar-incidencia
--------------------------------------------------------------------------------
[2026-03-17 12:54:08] [DEPRECATED] session_set_save_handler(): Providing individual callbacks instead of an object implementing SessionHandlerInterface is deprecated en C:\tools\nginx\html\sistema_biometrico\index.php línea 50
URI: /logout
--------------------------------------------------------------------------------
[2026-03-17 12:54:08] [DEPRECATED] session_set_save_handler(): Providing individual callbacks instead of an object implementing SessionHandlerInterface is deprecated en C:\tools\nginx\html\sistema_biometrico\index.php línea 50
URI: /login
--------------------------------------------------------------------------------
[2026-03-17 12:54:08] [DEPRECATED] session_set_save_handler(): Providing individual callbacks instead of an object implementing SessionHandlerInterface is deprecated en C:\tools\nginx\html\sistema_biometrico\index.php línea 50
URI: /.well-known/appspecific/com.chrome.devtools.json
--------------------------------------------------------------------------------
[2026-03-17 12:54:08] [DEPRECATED] session_set_save_handler(): Providing individual callbacks instead of an object implementing SessionHandlerInterface is deprecated en C:\tools\nginx\html\sistema_biometrico\index.php línea 50
URI: /login
--------------------------------------------------------------------------------
[2026-03-17 13:00:53] [DEPRECATED] session_set_save_handler(): Providing individual callbacks instead of an object implementing SessionHandlerInterface is deprecated en C:\tools\nginx\html\sistema_biometrico\index.php línea 50
URI: /login
--------------------------------------------------------------------------------
[2026-03-17 13:00:53] [DEPRECATED] session_set_save_handler(): Providing individual callbacks instead of an object implementing SessionHandlerInterface is deprecated en C:\tools\nginx\html\sistema_biometrico\index.php línea 50
URI: /.well-known/appspecific/com.chrome.devtools.json
--------------------------------------------------------------------------------
[2026-03-17 13:00:53] [DEPRECATED] session_set_save_handler(): Providing individual callbacks instead of an object implementing SessionHandlerInterface is deprecated en C:\tools\nginx\html\sistema_biometrico\index.php línea 50
URI: /api/log-error
--------------------------------------------------------------------------------
[2026-03-17 13:00:53] [DEPRECATED] session_set_save_handler(): Providing individual callbacks instead of an object implementing SessionHandlerInterface is deprecated en C:\tools\nginx\html\sistema_biometrico\index.php línea 50
URI: /login
--------------------------------------------------------------------------------
[2026-03-17 13:00:56] [DEPRECATED] session_set_save_handler(): Providing individual callbacks instead of an object implementing SessionHandlerInterface is deprecated en C:\tools\nginx\html\sistema_biometrico\index.php línea 50
URI: /login
--------------------------------------------------------------------------------
[2026-03-17 13:00:56] [DEPRECATED] session_set_save_handler(): Providing individual callbacks instead of an object implementing SessionHandlerInterface is deprecated en C:\tools\nginx\html\sistema_biometrico\index.php línea 50
URI: /.well-known/appspecific/com.chrome.devtools.json
--------------------------------------------------------------------------------
[2026-03-17 13:00:56] [DEPRECATED] session_set_save_handler(): Providing individual callbacks instead of an object implementing SessionHandlerInterface is deprecated en C:\tools\nginx\html\sistema_biometrico\index.php línea 50
URI: /login
--------------------------------------------------------------------------------
[2026-03-17 13:01:04] [DEPRECATED] session_set_save_handler(): Providing individual callbacks instead of an object implementing SessionHandlerInterface is deprecated en C:\tools\nginx\html\sistema_biometrico\index.php línea 50
URI: /login
--------------------------------------------------------------------------------
[2026-03-17 13:01:04] [DEPRECATED] session_set_save_handler(): Providing individual callbacks instead of an object implementing SessionHandlerInterface is deprecated en C:\tools\nginx\html\sistema_biometrico\index.php línea 50
URI: /dashboard
--------------------------------------------------------------------------------
[2026-03-17 13:01:07] [EXCEPTION] PDOException
Contexto: {"action":"index","section":"comisiones"}
Mensaje: SQLSTATE[42S22]: Column not found: 1054 Unknown column 'monto' in 'SELECT'
URI: /dashboard
Archivo: C:\tools\nginx\html\sistema_biometrico\models\Comision.php Línea: 136
#0 C:\tools\nginx\html\sistema_biometrico\models\Comision.php(136): PDO->prepare('SELECT SUM(mont...')
#1 C:\tools\nginx\html\sistema_biometrico\controllers\DashboardController.php(81): Comision->getTotalComisiones(NULL, '03', '2026')
#2 C:\tools\nginx\html\sistema_biometrico\index.php(180): DashboardController->index()
#3 {main}
--------------------------------------------------------------------------------
[2026-03-17 13:01:07] [DEPRECATED] session_set_save_handler(): Providing individual callbacks instead of an object implementing SessionHandlerInterface is deprecated en C:\tools\nginx\html\sistema_biometrico\index.php línea 50
URI: /.well-known/appspecific/com.chrome.devtools.json
--------------------------------------------------------------------------------
[2026-03-17 13:01:46] [DEPRECATED] session_set_save_handler(): Providing individual callbacks instead of an object implementing SessionHandlerInterface is deprecated en C:\tools\nginx\html\sistema_biometrico\index.php línea 50
URI: /empleados
--------------------------------------------------------------------------------
[2026-03-17 13:01:47] [DEPRECATED] session_set_save_handler(): Providing individual callbacks instead of an object implementing SessionHandlerInterface is deprecated en C:\tools\nginx\html\sistema_biometrico\index.php línea 50
URI: /.well-known/appspecific/com.chrome.devtools.json
--------------------------------------------------------------------------------
[2026-03-17 13:01:50] [DEPRECATED] session_set_save_handler(): Providing individual callbacks instead of an object implementing SessionHandlerInterface is deprecated en C:\tools\nginx\html\sistema_biometrico\index.php línea 50
URI: /empleados?search=87
--------------------------------------------------------------------------------
[2026-03-17 13:01:50] [DEPRECATED] session_set_save_handler(): Providing individual callbacks instead of an object implementing SessionHandlerInterface is deprecated en C:\tools\nginx\html\sistema_biometrico\index.php línea 50
URI: /.well-known/appspecific/com.chrome.devtools.json
--------------------------------------------------------------------------------
[2026-03-17 13:01:51] [DEPRECATED] session_set_save_handler(): Providing individual callbacks instead of an object implementing SessionHandlerInterface is deprecated en C:\tools\nginx\html\sistema_biometrico\index.php línea 50
URI: /empleados/datos-completos/87
--------------------------------------------------------------------------------
[2026-03-17 13:01:57] [DEPRECATED] session_set_save_handler(): Providing individual callbacks instead of an object implementing SessionHandlerInterface is deprecated en C:\tools\nginx\html\sistema_biometrico\index.php línea 50
URI: /justificaciones/get-asistencia-ajax/69893
--------------------------------------------------------------------------------
[2026-03-17 13:02:06] [DEPRECATED] session_set_save_handler(): Providing individual callbacks instead of an object implementing SessionHandlerInterface is deprecated en C:\tools\nginx\html\sistema_biometrico\index.php línea 50
URI: /justificaciones/actualizar-incidencia
--------------------------------------------------------------------------------
[2026-03-17 13:02:34] [DEPRECATED] session_set_save_handler(): Providing individual callbacks instead of an object implementing SessionHandlerInterface is deprecated en C:\tools\nginx\html\sistema_biometrico\index.php línea 50
URI: /empleados?search=1
--------------------------------------------------------------------------------
[2026-03-17 13:02:34] [DEPRECATED] session_set_save_handler(): Providing individual callbacks instead of an object implementing SessionHandlerInterface is deprecated en C:\tools\nginx\html\sistema_biometrico\index.php línea 50
URI: /.well-known/appspecific/com.chrome.devtools.json
--------------------------------------------------------------------------------
[2026-03-17 13:02:43] [DEPRECATED] session_set_save_handler(): Providing individual callbacks instead of an object implementing SessionHandlerInterface is deprecated en C:\tools\nginx\html\sistema_biometrico\index.php línea 50
URI: /empleados?search=2
--------------------------------------------------------------------------------
[2026-03-17 13:02:43] [DEPRECATED] session_set_save_handler(): Providing individual callbacks instead of an object implementing SessionHandlerInterface is deprecated en C:\tools\nginx\html\sistema_biometrico\index.php línea 50
URI: /.well-known/appspecific/com.chrome.devtools.json
--------------------------------------------------------------------------------
[2026-03-17 13:03:31] [DEPRECATED] session_set_save_handler(): Providing individual callbacks instead of an object implementing SessionHandlerInterface is deprecated en C:\tools\nginx\html\sistema_biometrico\index.php línea 50
URI: /empleados?search=87
--------------------------------------------------------------------------------
[2026-03-17 13:03:31] [DEPRECATED] session_set_save_handler(): Providing individual callbacks instead of an object implementing SessionHandlerInterface is deprecated en C:\tools\nginx\html\sistema_biometrico\index.php línea 50
URI: /.well-known/appspecific/com.chrome.devtools.json
--------------------------------------------------------------------------------
[2026-03-17 13:03:51] [DEPRECATED] session_set_save_handler(): Providing individual callbacks instead of an object implementing SessionHandlerInterface is deprecated en C:\tools\nginx\html\sistema_biometrico\index.php línea 50
URI: /empleados/datos-completos/87
--------------------------------------------------------------------------------
[2026-03-17 13:03:55] [DEPRECATED] session_set_save_handler(): Providing individual callbacks instead of an object implementing SessionHandlerInterface is deprecated en C:\tools\nginx\html\sistema_biometrico\index.php línea 50
URI: /justificaciones/get-asistencia-ajax/69893
--------------------------------------------------------------------------------
[2026-03-17 13:04:01] [DEPRECATED] session_set_save_handler(): Providing individual callbacks instead of an object implementing SessionHandlerInterface is deprecated en C:\tools\nginx\html\sistema_biometrico\index.php línea 50
URI: /justificaciones/actualizar-incidencia
--------------------------------------------------------------------------------
[2026-03-17 13:04:59] [DEPRECATED] session_set_save_handler(): Providing individual callbacks instead of an object implementing SessionHandlerInterface is deprecated en C:\tools\nginx\html\sistema_biometrico\index.php línea 50
URI: /empleados?search=real
--------------------------------------------------------------------------------
[2026-03-17 13:04:59] [DEPRECATED] session_set_save_handler(): Providing individual callbacks instead of an object implementing SessionHandlerInterface is deprecated en C:\tools\nginx\html\sistema_biometrico\index.php línea 50
URI: /.well-known/appspecific/com.chrome.devtools.json
--------------------------------------------------------------------------------
[2026-03-17 13:05:07] [DEPRECATED] session_set_save_handler(): Providing individual callbacks instead of an object implementing SessionHandlerInterface is deprecated en C:\tools\nginx\html\sistema_biometrico\index.php línea 50
URI: /empleados?search=GAL
--------------------------------------------------------------------------------
[2026-03-17 13:05:08] [DEPRECATED] session_set_save_handler(): Providing individual callbacks instead of an object implementing SessionHandlerInterface is deprecated en C:\tools\nginx\html\sistema_biometrico\index.php línea 50
URI: /.well-known/appspecific/com.chrome.devtools.json
--------------------------------------------------------------------------------
[2026-03-17 13:05:37] [DEPRECATED] session_set_save_handler(): Providing individual callbacks instead of an object implementing SessionHandlerInterface is deprecated en C:\tools\nginx\html\sistema_biometrico\index.php línea 50
URI: /empleados?search=87
--------------------------------------------------------------------------------
[2026-03-17 13:05:37] [DEPRECATED] session_set_save_handler(): Providing individual callbacks instead of an object implementing SessionHandlerInterface is deprecated en C:\tools\nginx\html\sistema_biometrico\index.php línea 50
URI: /.well-known/appspecific/com.chrome.devtools.json
--------------------------------------------------------------------------------
[2026-03-17 13:05:42] [DEPRECATED] session_set_save_handler(): Providing individual callbacks instead of an object implementing SessionHandlerInterface is deprecated en C:\tools\nginx\html\sistema_biometrico\index.php línea 50
URI: /empleados/datos-completos/87
--------------------------------------------------------------------------------
[2026-03-17 13:06:25] [DEPRECATED] session_set_save_handler(): Providing individual callbacks instead of an object implementing SessionHandlerInterface is deprecated en C:\tools\nginx\html\sistema_biometrico\index.php línea 50
URI: /empleados?search=87
--------------------------------------------------------------------------------
[2026-03-17 13:06:25] [DEPRECATED] session_set_save_handler(): Providing individual callbacks instead of an object implementing SessionHandlerInterface is deprecated en C:\tools\nginx\html\sistema_biometrico\index.php línea 50
URI: /.well-known/appspecific/com.chrome.devtools.json
--------------------------------------------------------------------------------
[2026-03-17 13:06:27] [DEPRECATED] session_set_save_handler(): Providing individual callbacks instead of an object implementing SessionHandlerInterface is deprecated en C:\tools\nginx\html\sistema_biometrico\index.php línea 50
URI: /empleados/datos-completos/87
--------------------------------------------------------------------------------
[2026-03-17 13:06:30] [DEPRECATED] session_set_save_handler(): Providing individual callbacks instead of an object implementing SessionHandlerInterface is deprecated en C:\tools\nginx\html\sistema_biometrico\index.php línea 50
URI: /justificaciones/get-asistencia-ajax/69893
--------------------------------------------------------------------------------
[2026-03-17 13:06:37] [DEPRECATED] session_set_save_handler(): Providing individual callbacks instead of an object implementing SessionHandlerInterface is deprecated en C:\tools\nginx\html\sistema_biometrico\index.php línea 50
URI: /justificaciones/actualizar-incidencia
--------------------------------------------------------------------------------
[2026-03-17 13:07:28] [DEPRECATED] session_set_save_handler(): Providing individual callbacks instead of an object implementing SessionHandlerInterface is deprecated en C:\tools\nginx\html\sistema_biometrico\index.php línea 50
URI: /empleados?search=87
--------------------------------------------------------------------------------
[2026-03-17 13:07:28] [DEPRECATED] session_set_save_handler(): Providing individual callbacks instead of an object implementing SessionHandlerInterface is deprecated en C:\tools\nginx\html\sistema_biometrico\index.php línea 50
URI: /.well-known/appspecific/com.chrome.devtools.json
--------------------------------------------------------------------------------
[2026-03-17 13:07:31] [DEPRECATED] session_set_save_handler(): Providing individual callbacks instead of an object implementing SessionHandlerInterface is deprecated en C:\tools\nginx\html\sistema_biometrico\index.php línea 50
URI: /empleados/datos-completos/87
--------------------------------------------------------------------------------
[2026-03-17 13:07:37] [DEPRECATED] session_set_save_handler(): Providing individual callbacks instead of an object implementing SessionHandlerInterface is deprecated en C:\tools\nginx\html\sistema_biometrico\index.php línea 50
URI: /justificaciones/get-asistencia-ajax/69893
--------------------------------------------------------------------------------
[2026-03-17 13:07:45] [DEPRECATED] session_set_save_handler(): Providing individual callbacks instead of an object implementing SessionHandlerInterface is deprecated en C:\tools\nginx\html\sistema_biometrico\index.php línea 50
URI: /justificaciones/actualizar-incidencia
--------------------------------------------------------------------------------
[2026-03-17 13:08:57] [DEPRECATED] session_set_save_handler(): Providing individual callbacks instead of an object implementing SessionHandlerInterface is deprecated en C:\tools\nginx\html\sistema_biometrico\index.php línea 50
URI: /empleados?search=87
--------------------------------------------------------------------------------
[2026-03-17 13:08:58] [DEPRECATED] session_set_save_handler(): Providing individual callbacks instead of an object implementing SessionHandlerInterface is deprecated en C:\tools\nginx\html\sistema_biometrico\index.php línea 50
URI: /.well-known/appspecific/com.chrome.devtools.json
--------------------------------------------------------------------------------
[2026-03-17 13:08:58] [DEPRECATED] session_set_save_handler(): Providing individual callbacks instead of an object implementing SessionHandlerInterface is deprecated en C:\tools\nginx\html\sistema_biometrico\index.php línea 50
URI: /empleados?search=87
--------------------------------------------------------------------------------
[2026-03-17 13:08:58] [DEPRECATED] session_set_save_handler(): Providing individual callbacks instead of an object implementing SessionHandlerInterface is deprecated en C:\tools\nginx\html\sistema_biometrico\index.php línea 50
URI: /.well-known/appspecific/com.chrome.devtools.json
--------------------------------------------------------------------------------
[2026-03-17 13:08:58] [DEPRECATED] session_set_save_handler(): Providing individual callbacks instead of an object implementing SessionHandlerInterface is deprecated en C:\tools\nginx\html\sistema_biometrico\index.php línea 50
URI: /empleados?search=87
--------------------------------------------------------------------------------
[2026-03-17 13:08:59] [DEPRECATED] session_set_save_handler(): Providing individual callbacks instead of an object implementing SessionHandlerInterface is deprecated en C:\tools\nginx\html\sistema_biometrico\index.php línea 50
URI: /.well-known/appspecific/com.chrome.devtools.json
--------------------------------------------------------------------------------
[2026-03-17 13:08:59] [DEPRECATED] session_set_save_handler(): Providing individual callbacks instead of an object implementing SessionHandlerInterface is deprecated en C:\tools\nginx\html\sistema_biometrico\index.php línea 50
URI: /empleados?search=87
--------------------------------------------------------------------------------
[2026-03-17 13:08:59] [DEPRECATED] session_set_save_handler(): Providing individual callbacks instead of an object implementing SessionHandlerInterface is deprecated en C:\tools\nginx\html\sistema_biometrico\index.php línea 50
URI: /.well-known/appspecific/com.chrome.devtools.json
--------------------------------------------------------------------------------
[2026-03-17 13:08:59] [DEPRECATED] session_set_save_handler(): Providing individual callbacks instead of an object implementing SessionHandlerInterface is deprecated en C:\tools\nginx\html\sistema_biometrico\index.php línea 50
URI: /empleados?search=87
--------------------------------------------------------------------------------
[2026-03-17 13:08:59] [DEPRECATED] session_set_save_handler(): Providing individual callbacks instead of an object implementing SessionHandlerInterface is deprecated en C:\tools\nginx\html\sistema_biometrico\index.php línea 50
URI: /.well-known/appspecific/com.chrome.devtools.json
--------------------------------------------------------------------------------
[2026-03-17 13:09:30] [DEPRECATED] session_set_save_handler(): Providing individual callbacks instead of an object implementing SessionHandlerInterface is deprecated en C:\tools\nginx\html\sistema_biometrico\index.php línea 50
URI: /empleados?search=87
--------------------------------------------------------------------------------
[2026-03-17 13:09:30] [DEPRECATED] session_set_save_handler(): Providing individual callbacks instead of an object implementing SessionHandlerInterface is deprecated en C:\tools\nginx\html\sistema_biometrico\index.php línea 50
URI: /.well-known/appspecific/com.chrome.devtools.json
--------------------------------------------------------------------------------
[2026-03-17 13:09:41] [DEPRECATED] session_set_save_handler(): Providing individual callbacks instead of an object implementing SessionHandlerInterface is deprecated en C:\tools\nginx\html\sistema_biometrico\index.php línea 50
URI: /empleados?search=87
--------------------------------------------------------------------------------
[2026-03-17 13:09:41] [DEPRECATED] session_set_save_handler(): Providing individual callbacks instead of an object implementing SessionHandlerInterface is deprecated en C:\tools\nginx\html\sistema_biometrico\index.php línea 50
URI: /.well-known/appspecific/com.chrome.devtools.json
--------------------------------------------------------------------------------
[2026-03-17 13:09:42] [DEPRECATED] session_set_save_handler(): Providing individual callbacks instead of an object implementing SessionHandlerInterface is deprecated en C:\tools\nginx\html\sistema_biometrico\index.php línea 50
URI: /empleados?search=87
--------------------------------------------------------------------------------
[2026-03-17 13:09:42] [DEPRECATED] session_set_save_handler(): Providing individual callbacks instead of an object implementing SessionHandlerInterface is deprecated en C:\tools\nginx\html\sistema_biometrico\index.php línea 50
URI: /.well-known/appspecific/com.chrome.devtools.json
--------------------------------------------------------------------------------
[2026-03-17 13:09:43] [DEPRECATED] session_set_save_handler(): Providing individual callbacks instead of an object implementing SessionHandlerInterface is deprecated en C:\tools\nginx\html\sistema_biometrico\index.php línea 50
URI: /empleados?search=87
--------------------------------------------------------------------------------
[2026-03-17 13:09:43] [DEPRECATED] session_set_save_handler(): Providing individual callbacks instead of an object implementing SessionHandlerInterface is deprecated en C:\tools\nginx\html\sistema_biometrico\index.php línea 50
URI: /.well-known/appspecific/com.chrome.devtools.json
--------------------------------------------------------------------------------
[2026-03-17 13:09:43] [DEPRECATED] session_set_save_handler(): Providing individual callbacks instead of an object implementing SessionHandlerInterface is deprecated en C:\tools\nginx\html\sistema_biometrico\index.php línea 50
URI: /empleados?search=87
--------------------------------------------------------------------------------
[2026-03-17 13:09:43] [DEPRECATED] session_set_save_handler(): Providing individual callbacks instead of an object implementing SessionHandlerInterface is deprecated en C:\tools\nginx\html\sistema_biometrico\index.php línea 50
URI: /.well-known/appspecific/com.chrome.devtools.json
--------------------------------------------------------------------------------
[2026-03-17 13:09:43] [DEPRECATED] session_set_save_handler(): Providing individual callbacks instead of an object implementing SessionHandlerInterface is deprecated en C:\tools\nginx\html\sistema_biometrico\index.php línea 50
URI: /empleados?search=87
--------------------------------------------------------------------------------
[2026-03-17 13:09:43] [DEPRECATED] session_set_save_handler(): Providing individual callbacks instead of an object implementing SessionHandlerInterface is deprecated en C:\tools\nginx\html\sistema_biometrico\index.php línea 50
URI: /.well-known/appspecific/com.chrome.devtools.json
--------------------------------------------------------------------------------
[2026-03-17 13:09:43] [DEPRECATED] session_set_save_handler(): Providing individual callbacks instead of an object implementing SessionHandlerInterface is deprecated en C:\tools\nginx\html\sistema_biometrico\index.php línea 50
URI: /empleados?search=87
--------------------------------------------------------------------------------
[2026-03-17 13:09:43] [DEPRECATED] session_set_save_handler(): Providing individual callbacks instead of an object implementing SessionHandlerInterface is deprecated en C:\tools\nginx\html\sistema_biometrico\index.php línea 50
URI: /.well-known/appspecific/com.chrome.devtools.json
--------------------------------------------------------------------------------
[2026-03-17 13:09:43] [DEPRECATED] session_set_save_handler(): Providing individual callbacks instead of an object implementing SessionHandlerInterface is deprecated en C:\tools\nginx\html\sistema_biometrico\index.php línea 50
URI: /empleados?search=87
--------------------------------------------------------------------------------
[2026-03-17 13:09:44] [DEPRECATED] session_set_save_handler(): Providing individual callbacks instead of an object implementing SessionHandlerInterface is deprecated en C:\tools\nginx\html\sistema_biometrico\index.php línea 50
URI: /.well-known/appspecific/com.chrome.devtools.json
--------------------------------------------------------------------------------
[2026-03-17 13:09:44] [DEPRECATED] session_set_save_handler(): Providing individual callbacks instead of an object implementing SessionHandlerInterface is deprecated en C:\tools\nginx\html\sistema_biometrico\index.php línea 50
URI: /empleados?search=87
--------------------------------------------------------------------------------
[2026-03-17 13:09:44] [DEPRECATED] session_set_save_handler(): Providing individual callbacks instead of an object implementing SessionHandlerInterface is deprecated en C:\tools\nginx\html\sistema_biometrico\index.php línea 50
URI: /.well-known/appspecific/com.chrome.devtools.json
--------------------------------------------------------------------------------
[2026-03-17 13:09:46] [DEPRECATED] session_set_save_handler(): Providing individual callbacks instead of an object implementing SessionHandlerInterface is deprecated en C:\tools\nginx\html\sistema_biometrico\index.php línea 50
URI: /logout
--------------------------------------------------------------------------------
[2026-03-17 13:09:46] [DEPRECATED] session_set_save_handler(): Providing individual callbacks instead of an object implementing SessionHandlerInterface is deprecated en C:\tools\nginx\html\sistema_biometrico\index.php línea 50
URI: /login
--------------------------------------------------------------------------------
[2026-03-17 13:09:46] [DEPRECATED] session_set_save_handler(): Providing individual callbacks instead of an object implementing SessionHandlerInterface is deprecated en C:\tools\nginx\html\sistema_biometrico\index.php línea 50
URI: /.well-known/appspecific/com.chrome.devtools.json
--------------------------------------------------------------------------------
[2026-03-17 13:09:46] [DEPRECATED] session_set_save_handler(): Providing individual callbacks instead of an object implementing SessionHandlerInterface is deprecated en C:\tools\nginx\html\sistema_biometrico\index.php línea 50
URI: /login
--------------------------------------------------------------------------------
[2026-03-17 13:09:57] [DEPRECATED] session_set_save_handler(): Providing individual callbacks instead of an object implementing SessionHandlerInterface is deprecated en C:\tools\nginx\html\sistema_biometrico\index.php línea 50
URI: /login
--------------------------------------------------------------------------------
[2026-03-17 13:09:58] [DEPRECATED] session_set_save_handler(): Providing individual callbacks instead of an object implementing SessionHandlerInterface is deprecated en C:\tools\nginx\html\sistema_biometrico\index.php línea 50
URI: /dashboard
--------------------------------------------------------------------------------
[2026-03-17 13:10:01] [EXCEPTION] PDOException
Contexto: {"action":"index","section":"comisiones"}
Mensaje: SQLSTATE[42S22]: Column not found: 1054 Unknown column 'monto' in 'SELECT'
URI: /dashboard
Archivo: C:\tools\nginx\html\sistema_biometrico\models\Comision.php Línea: 136
#0 C:\tools\nginx\html\sistema_biometrico\models\Comision.php(136): PDO->prepare('SELECT SUM(mont...')
#1 C:\tools\nginx\html\sistema_biometrico\controllers\DashboardController.php(81): Comision->getTotalComisiones(NULL, '03', '2026')
#2 C:\tools\nginx\html\sistema_biometrico\index.php(180): DashboardController->index()
#3 {main}
--------------------------------------------------------------------------------
[2026-03-17 13:10:01] [DEPRECATED] session_set_save_handler(): Providing individual callbacks instead of an object implementing SessionHandlerInterface is deprecated en C:\tools\nginx\html\sistema_biometrico\index.php línea 50
URI: /.well-known/appspecific/com.chrome.devtools.json
--------------------------------------------------------------------------------
[2026-03-17 13:10:03] [DEPRECATED] session_set_save_handler(): Providing individual callbacks instead of an object implementing SessionHandlerInterface is deprecated en C:\tools\nginx\html\sistema_biometrico\index.php línea 50
URI: /empleados
--------------------------------------------------------------------------------
[2026-03-17 13:10:03] [DEPRECATED] session_set_save_handler(): Providing individual callbacks instead of an object implementing SessionHandlerInterface is deprecated en C:\tools\nginx\html\sistema_biometrico\index.php línea 50
URI: /.well-known/appspecific/com.chrome.devtools.json
--------------------------------------------------------------------------------
[2026-03-17 13:10:06] [DEPRECATED] session_set_save_handler(): Providing individual callbacks instead of an object implementing SessionHandlerInterface is deprecated en C:\tools\nginx\html\sistema_biometrico\index.php línea 50
URI: /empleados?search=87
--------------------------------------------------------------------------------
[2026-03-17 13:10:06] [DEPRECATED] session_set_save_handler(): Providing individual callbacks instead of an object implementing SessionHandlerInterface is deprecated en C:\tools\nginx\html\sistema_biometrico\index.php línea 50
URI: /.well-known/appspecific/com.chrome.devtools.json
--------------------------------------------------------------------------------
[2026-03-17 13:10:09] [DEPRECATED] session_set_save_handler(): Providing individual callbacks instead of an object implementing SessionHandlerInterface is deprecated en C:\tools\nginx\html\sistema_biometrico\index.php línea 50
URI: /empleados/datos-completos/87
--------------------------------------------------------------------------------
[2026-03-17 13:10:14] [DEPRECATED] session_set_save_handler(): Providing individual callbacks instead of an object implementing SessionHandlerInterface is deprecated en C:\tools\nginx\html\sistema_biometrico\index.php línea 50
URI: /justificaciones/get-asistencia-ajax/69893
--------------------------------------------------------------------------------
[2026-03-17 13:10:23] [DEPRECATED] session_set_save_handler(): Providing individual callbacks instead of an object implementing SessionHandlerInterface is deprecated en C:\tools\nginx\html\sistema_biometrico\index.php línea 50
URI: /justificaciones/actualizar-incidencia
--------------------------------------------------------------------------------
[2026-03-17 13:12:41] [DEPRECATED] session_set_save_handler(): Providing individual callbacks instead of an object implementing SessionHandlerInterface is deprecated en C:\tools\nginx\html\sistema_biometrico\index.php línea 50
URI: /empleados?search=87
--------------------------------------------------------------------------------
[2026-03-17 13:12:41] [DEPRECATED] session_set_save_handler(): Providing individual callbacks instead of an object implementing SessionHandlerInterface is deprecated en C:\tools\nginx\html\sistema_biometrico\index.php línea 50
URI: /.well-known/appspecific/com.chrome.devtools.json
--------------------------------------------------------------------------------
[2026-03-17 13:12:42] [DEPRECATED] session_set_save_handler(): Providing individual callbacks instead of an object implementing SessionHandlerInterface is deprecated en C:\tools\nginx\html\sistema_biometrico\index.php línea 50
URI: /empleados?search=87
--------------------------------------------------------------------------------
[2026-03-17 13:12:42] [DEPRECATED] session_set_save_handler(): Providing individual callbacks instead of an object implementing SessionHandlerInterface is deprecated en C:\tools\nginx\html\sistema_biometrico\index.php línea 50
URI: /.well-known/appspecific/com.chrome.devtools.json
--------------------------------------------------------------------------------
[2026-03-17 13:12:43] [DEPRECATED] session_set_save_handler(): Providing individual callbacks instead of an object implementing SessionHandlerInterface is deprecated en C:\tools\nginx\html\sistema_biometrico\index.php línea 50
URI: /empleados?search=87
--------------------------------------------------------------------------------
[2026-03-17 13:12:43] [DEPRECATED] session_set_save_handler(): Providing individual callbacks instead of an object implementing SessionHandlerInterface is deprecated en C:\tools\nginx\html\sistema_biometrico\index.php línea 50
URI: /.well-known/appspecific/com.chrome.devtools.json
--------------------------------------------------------------------------------
[2026-03-17 13:12:43] [DEPRECATED] session_set_save_handler(): Providing individual callbacks instead of an object implementing SessionHandlerInterface is deprecated en C:\tools\nginx\html\sistema_biometrico\index.php línea 50
URI: /empleados?search=87
--------------------------------------------------------------------------------
[2026-03-17 13:12:43] [DEPRECATED] session_set_save_handler(): Providing individual callbacks instead of an object implementing SessionHandlerInterface is deprecated en C:\tools\nginx\html\sistema_biometrico\index.php línea 50
URI: /.well-known/appspecific/com.chrome.devtools.json
--------------------------------------------------------------------------------
[2026-03-17 13:12:43] [DEPRECATED] session_set_save_handler(): Providing individual callbacks instead of an object implementing SessionHandlerInterface is deprecated en C:\tools\nginx\html\sistema_biometrico\index.php línea 50
URI: /empleados?search=87
--------------------------------------------------------------------------------
[2026-03-17 13:12:43] [DEPRECATED] session_set_save_handler(): Providing individual callbacks instead of an object implementing SessionHandlerInterface is deprecated en C:\tools\nginx\html\sistema_biometrico\index.php línea 50
URI: /.well-known/appspecific/com.chrome.devtools.json
--------------------------------------------------------------------------------
[2026-03-17 13:12:43] [DEPRECATED] session_set_save_handler(): Providing individual callbacks instead of an object implementing SessionHandlerInterface is deprecated en C:\tools\nginx\html\sistema_biometrico\index.php línea 50
URI: /empleados?search=87
--------------------------------------------------------------------------------
[2026-03-17 13:12:43] [DEPRECATED] session_set_save_handler(): Providing individual callbacks instead of an object implementing SessionHandlerInterface is deprecated en C:\tools\nginx\html\sistema_biometrico\index.php línea 50
URI: /.well-known/appspecific/com.chrome.devtools.json
--------------------------------------------------------------------------------
[2026-03-17 13:12:45] [DEPRECATED] session_set_save_handler(): Providing individual callbacks instead of an object implementing SessionHandlerInterface is deprecated en C:\tools\nginx\html\sistema_biometrico\index.php línea 50
URI: /empleados/datos-completos/87
--------------------------------------------------------------------------------
[2026-03-17 13:12:49] [DEPRECATED] session_set_save_handler(): Providing individual callbacks instead of an object implementing SessionHandlerInterface is deprecated en C:\tools\nginx\html\sistema_biometrico\index.php línea 50
URI: /justificaciones/get-asistencia-ajax/69893
--------------------------------------------------------------------------------
[2026-03-17 13:12:58] [DEPRECATED] session_set_save_handler(): Providing individual callbacks instead of an object implementing SessionHandlerInterface is deprecated en C:\tools\nginx\html\sistema_biometrico\index.php línea 50
URI: /justificaciones/actualizar-incidencia
--------------------------------------------------------------------------------
[2026-03-17 13:16:38] [DEPRECATED] session_set_save_handler(): Providing individual callbacks instead of an object implementing SessionHandlerInterface is deprecated en C:\tools\nginx\html\sistema_biometrico\index.php línea 50
URI: /empleados?search=87
--------------------------------------------------------------------------------
[2026-03-17 13:16:38] [DEPRECATED] session_set_save_handler(): Providing individual callbacks instead of an object implementing SessionHandlerInterface is deprecated en C:\tools\nginx\html\sistema_biometrico\index.php línea 50
URI: /.well-known/appspecific/com.chrome.devtools.json
--------------------------------------------------------------------------------
[2026-03-17 13:16:40] [DEPRECATED] session_set_save_handler(): Providing individual callbacks instead of an object implementing SessionHandlerInterface is deprecated en C:\tools\nginx\html\sistema_biometrico\index.php línea 50
URI: /empleados?search=87
--------------------------------------------------------------------------------
[2026-03-17 13:16:40] [DEPRECATED] session_set_save_handler(): Providing individual callbacks instead of an object implementing SessionHandlerInterface is deprecated en C:\tools\nginx\html\sistema_biometrico\index.php línea 50
URI: /.well-known/appspecific/com.chrome.devtools.json
--------------------------------------------------------------------------------
[2026-03-17 13:16:40] [DEPRECATED] session_set_save_handler(): Providing individual callbacks instead of an object implementing SessionHandlerInterface is deprecated en C:\tools\nginx\html\sistema_biometrico\index.php línea 50
URI: /empleados?search=87
--------------------------------------------------------------------------------
[2026-03-17 13:16:40] [DEPRECATED] session_set_save_handler(): Providing individual callbacks instead of an object implementing SessionHandlerInterface is deprecated en C:\tools\nginx\html\sistema_biometrico\index.php línea 50
URI: /.well-known/appspecific/com.chrome.devtools.json
--------------------------------------------------------------------------------
[2026-03-17 13:16:40] [DEPRECATED] session_set_save_handler(): Providing individual callbacks instead of an object implementing SessionHandlerInterface is deprecated en C:\tools\nginx\html\sistema_biometrico\index.php línea 50
URI: /empleados?search=87
--------------------------------------------------------------------------------
[2026-03-17 13:16:40] [DEPRECATED] session_set_save_handler(): Providing individual callbacks instead of an object implementing SessionHandlerInterface is deprecated en C:\tools\nginx\html\sistema_biometrico\index.php línea 50
URI: /.well-known/appspecific/com.chrome.devtools.json
--------------------------------------------------------------------------------
[2026-03-17 13:16:40] [DEPRECATED] session_set_save_handler(): Providing individual callbacks instead of an object implementing SessionHandlerInterface is deprecated en C:\tools\nginx\html\sistema_biometrico\index.php línea 50
URI: /empleados?search=87
--------------------------------------------------------------------------------
[2026-03-17 13:16:40] [DEPRECATED] session_set_save_handler(): Providing individual callbacks instead of an object implementing SessionHandlerInterface is deprecated en C:\tools\nginx\html\sistema_biometrico\index.php línea 50
URI: /.well-known/appspecific/com.chrome.devtools.json
--------------------------------------------------------------------------------
[2026-03-17 13:16:41] [DEPRECATED] session_set_save_handler(): Providing individual callbacks instead of an object implementing SessionHandlerInterface is deprecated en C:\tools\nginx\html\sistema_biometrico\index.php línea 50
URI: /empleados?search=87
--------------------------------------------------------------------------------
[2026-03-17 13:16:41] [DEPRECATED] session_set_save_handler(): Providing individual callbacks instead of an object implementing SessionHandlerInterface is deprecated en C:\tools\nginx\html\sistema_biometrico\index.php línea 50
URI: /.well-known/appspecific/com.chrome.devtools.json
--------------------------------------------------------------------------------
[2026-03-17 13:16:41] [DEPRECATED] session_set_save_handler(): Providing individual callbacks instead of an object implementing SessionHandlerInterface is deprecated en C:\tools\nginx\html\sistema_biometrico\index.php línea 50
URI: /empleados?search=87
--------------------------------------------------------------------------------
[2026-03-17 13:16:41] [DEPRECATED] session_set_save_handler(): Providing individual callbacks instead of an object implementing SessionHandlerInterface is deprecated en C:\tools\nginx\html\sistema_biometrico\index.php línea 50
URI: /.well-known/appspecific/com.chrome.devtools.json
--------------------------------------------------------------------------------
[2026-03-17 13:16:41] [DEPRECATED] session_set_save_handler(): Providing individual callbacks instead of an object implementing SessionHandlerInterface is deprecated en C:\tools\nginx\html\sistema_biometrico\index.php línea 50
URI: /empleados?search=87
--------------------------------------------------------------------------------
[2026-03-17 13:16:41] [DEPRECATED] session_set_save_handler(): Providing individual callbacks instead of an object implementing SessionHandlerInterface is deprecated en C:\tools\nginx\html\sistema_biometrico\index.php línea 50
URI: /.well-known/appspecific/com.chrome.devtools.json
--------------------------------------------------------------------------------
[2026-03-17 13:16:41] [DEPRECATED] session_set_save_handler(): Providing individual callbacks instead of an object implementing SessionHandlerInterface is deprecated en C:\tools\nginx\html\sistema_biometrico\index.php línea 50
URI: /empleados?search=87
--------------------------------------------------------------------------------
[2026-03-17 13:16:41] [DEPRECATED] session_set_save_handler(): Providing individual callbacks instead of an object implementing SessionHandlerInterface is deprecated en C:\tools\nginx\html\sistema_biometrico\index.php línea 50
URI: /.well-known/appspecific/com.chrome.devtools.json
--------------------------------------------------------------------------------
[2026-03-17 13:16:41] [DEPRECATED] session_set_save_handler(): Providing individual callbacks instead of an object implementing SessionHandlerInterface is deprecated en C:\tools\nginx\html\sistema_biometrico\index.php línea 50
URI: /empleados?search=87
--------------------------------------------------------------------------------
[2026-03-17 13:16:41] [DEPRECATED] session_set_save_handler(): Providing individual callbacks instead of an object implementing SessionHandlerInterface is deprecated en C:\tools\nginx\html\sistema_biometrico\index.php línea 50
URI: /.well-known/appspecific/com.chrome.devtools.json
--------------------------------------------------------------------------------
[2026-03-17 13:16:42] [DEPRECATED] session_set_save_handler(): Providing individual callbacks instead of an object implementing SessionHandlerInterface is deprecated en C:\tools\nginx\html\sistema_biometrico\index.php línea 50
URI: /empleados?search=87
--------------------------------------------------------------------------------
[2026-03-17 13:16:42] [DEPRECATED] session_set_save_handler(): Providing individual callbacks instead of an object implementing SessionHandlerInterface is deprecated en C:\tools\nginx\html\sistema_biometrico\index.php línea 50
URI: /.well-known/appspecific/com.chrome.devtools.json
--------------------------------------------------------------------------------
[2026-03-17 13:16:42] [DEPRECATED] session_set_save_handler(): Providing individual callbacks instead of an object implementing SessionHandlerInterface is deprecated en C:\tools\nginx\html\sistema_biometrico\index.php línea 50
URI: /empleados?search=87
--------------------------------------------------------------------------------
[2026-03-17 13:16:42] [DEPRECATED] session_set_save_handler(): Providing individual callbacks instead of an object implementing SessionHandlerInterface is deprecated en C:\tools\nginx\html\sistema_biometrico\index.php línea 50
URI: /.well-known/appspecific/com.chrome.devtools.json
--------------------------------------------------------------------------------
[2026-03-17 13:16:48] [DEPRECATED] session_set_save_handler(): Providing individual callbacks instead of an object implementing SessionHandlerInterface is deprecated en C:\tools\nginx\html\sistema_biometrico\index.php línea 50
URI: /empleados?search=87
--------------------------------------------------------------------------------
[2026-03-17 13:16:48] [DEPRECATED] session_set_save_handler(): Providing individual callbacks instead of an object implementing SessionHandlerInterface is deprecated en C:\tools\nginx\html\sistema_biometrico\index.php línea 50
URI: /.well-known/appspecific/com.chrome.devtools.json
--------------------------------------------------------------------------------
[2026-03-17 13:16:50] [DEPRECATED] session_set_save_handler(): Providing individual callbacks instead of an object implementing SessionHandlerInterface is deprecated en C:\tools\nginx\html\sistema_biometrico\index.php línea 50
URI: /empleados/datos-completos/87
--------------------------------------------------------------------------------
[2026-03-17 13:16:54] [DEPRECATED] session_set_save_handler(): Providing individual callbacks instead of an object implementing SessionHandlerInterface is deprecated en C:\tools\nginx\html\sistema_biometrico\index.php línea 50
URI: /justificaciones/get-asistencia-ajax/69893
--------------------------------------------------------------------------------
[2026-03-17 13:17:04] [DEPRECATED] session_set_save_handler(): Providing individual callbacks instead of an object implementing SessionHandlerInterface is deprecated en C:\tools\nginx\html\sistema_biometrico\index.php línea 50
URI: /justificaciones/actualizar-incidencia
--------------------------------------------------------------------------------
[2026-03-17 13:19:03] [DEPRECATED] session_set_save_handler(): Providing individual callbacks instead of an object implementing SessionHandlerInterface is deprecated en C:\tools\nginx\html\sistema_biometrico\index.php línea 50
URI: /logout
--------------------------------------------------------------------------------
[2026-03-17 13:19:03] [DEPRECATED] session_set_save_handler(): Providing individual callbacks instead of an object implementing SessionHandlerInterface is deprecated en C:\tools\nginx\html\sistema_biometrico\index.php línea 50
URI: /login
--------------------------------------------------------------------------------
[2026-03-17 13:19:03] [DEPRECATED] session_set_save_handler(): Providing individual callbacks instead of an object implementing SessionHandlerInterface is deprecated en C:\tools\nginx\html\sistema_biometrico\index.php línea 50
URI: /.well-known/appspecific/com.chrome.devtools.json
--------------------------------------------------------------------------------
[2026-03-17 13:19:03] [DEPRECATED] session_set_save_handler(): Providing individual callbacks instead of an object implementing SessionHandlerInterface is deprecated en C:\tools\nginx\html\sistema_biometrico\index.php línea 50
URI: /login
--------------------------------------------------------------------------------
[2026-03-17 13:19:05] [DEPRECATED] session_set_save_handler(): Providing individual callbacks instead of an object implementing SessionHandlerInterface is deprecated en C:\tools\nginx\html\sistema_biometrico\index.php línea 50
URI: /login
--------------------------------------------------------------------------------
[2026-03-17 13:19:06] [DEPRECATED] session_set_save_handler(): Providing individual callbacks instead of an object implementing SessionHandlerInterface is deprecated en C:\tools\nginx\html\sistema_biometrico\index.php línea 50
URI: /.well-known/appspecific/com.chrome.devtools.json
--------------------------------------------------------------------------------
[2026-03-17 13:19:06] [DEPRECATED] session_set_save_handler(): Providing individual callbacks instead of an object implementing SessionHandlerInterface is deprecated en C:\tools\nginx\html\sistema_biometrico\index.php línea 50
URI: /login
--------------------------------------------------------------------------------
[2026-03-17 13:19:06] [DEPRECATED] session_set_save_handler(): Providing individual callbacks instead of an object implementing SessionHandlerInterface is deprecated en C:\tools\nginx\html\sistema_biometrico\index.php línea 50
URI: /login
--------------------------------------------------------------------------------
[2026-03-17 13:19:06] [DEPRECATED] session_set_save_handler(): Providing individual callbacks instead of an object implementing SessionHandlerInterface is deprecated en C:\tools\nginx\html\sistema_biometrico\index.php línea 50
URI: /.well-known/appspecific/com.chrome.devtools.json
--------------------------------------------------------------------------------
[2026-03-17 13:19:06] [DEPRECATED] session_set_save_handler(): Providing individual callbacks instead of an object implementing SessionHandlerInterface is deprecated en C:\tools\nginx\html\sistema_biometrico\index.php línea 50
URI: /login
--------------------------------------------------------------------------------
[2026-03-17 13:19:07] [DEPRECATED] session_set_save_handler(): Providing individual callbacks instead of an object implementing SessionHandlerInterface is deprecated en C:\tools\nginx\html\sistema_biometrico\index.php línea 50
URI: /login
--------------------------------------------------------------------------------
[2026-03-17 13:19:07] [DEPRECATED] session_set_save_handler(): Providing individual callbacks instead of an object implementing SessionHandlerInterface is deprecated en C:\tools\nginx\html\sistema_biometrico\index.php línea 50
URI: /login
--------------------------------------------------------------------------------
[2026-03-17 13:19:07] [DEPRECATED] session_set_save_handler(): Providing individual callbacks instead of an object implementing SessionHandlerInterface is deprecated en C:\tools\nginx\html\sistema_biometrico\index.php línea 50
URI: /.well-known/appspecific/com.chrome.devtools.json
--------------------------------------------------------------------------------
[2026-03-17 13:19:07] [DEPRECATED] session_set_save_handler(): Providing individual callbacks instead of an object implementing SessionHandlerInterface is deprecated en C:\tools\nginx\html\sistema_biometrico\index.php línea 50
URI: /login
--------------------------------------------------------------------------------
[2026-03-17 13:19:07] [DEPRECATED] session_set_save_handler(): Providing individual callbacks instead of an object implementing SessionHandlerInterface is deprecated en C:\tools\nginx\html\sistema_biometrico\index.php línea 50
URI: /login
--------------------------------------------------------------------------------
[2026-03-17 13:19:07] [DEPRECATED] session_set_save_handler(): Providing individual callbacks instead of an object implementing SessionHandlerInterface is deprecated en C:\tools\nginx\html\sistema_biometrico\index.php línea 50
URI: /.well-known/appspecific/com.chrome.devtools.json
--------------------------------------------------------------------------------
[2026-03-17 13:19:07] [DEPRECATED] session_set_save_handler(): Providing individual callbacks instead of an object implementing SessionHandlerInterface is deprecated en C:\tools\nginx\html\sistema_biometrico\index.php línea 50
URI: /login
--------------------------------------------------------------------------------
[2026-03-17 13:19:07] [DEPRECATED] session_set_save_handler(): Providing individual callbacks instead of an object implementing SessionHandlerInterface is deprecated en C:\tools\nginx\html\sistema_biometrico\index.php línea 50
URI: /login
--------------------------------------------------------------------------------
[2026-03-17 13:19:07] [DEPRECATED] session_set_save_handler(): Providing individual callbacks instead of an object implementing SessionHandlerInterface is deprecated en C:\tools\nginx\html\sistema_biometrico\index.php línea 50
URI: /.well-known/appspecific/com.chrome.devtools.json
--------------------------------------------------------------------------------
[2026-03-17 13:19:07] [DEPRECATED] session_set_save_handler(): Providing individual callbacks instead of an object implementing SessionHandlerInterface is deprecated en C:\tools\nginx\html\sistema_biometrico\index.php línea 50
URI: /login
--------------------------------------------------------------------------------
[2026-03-17 13:19:07] [DEPRECATED] session_set_save_handler(): Providing individual callbacks instead of an object implementing SessionHandlerInterface is deprecated en C:\tools\nginx\html\sistema_biometrico\index.php línea 50
URI: /login
--------------------------------------------------------------------------------
[2026-03-17 13:19:07] [DEPRECATED] session_set_save_handler(): Providing individual callbacks instead of an object implementing SessionHandlerInterface is deprecated en C:\tools\nginx\html\sistema_biometrico\index.php línea 50
URI: /.well-known/appspecific/com.chrome.devtools.json
--------------------------------------------------------------------------------
[2026-03-17 13:19:08] [DEPRECATED] session_set_save_handler(): Providing individual callbacks instead of an object implementing SessionHandlerInterface is deprecated en C:\tools\nginx\html\sistema_biometrico\index.php línea 50
URI: /login
--------------------------------------------------------------------------------
[2026-03-17 13:19:08] [DEPRECATED] session_set_save_handler(): Providing individual callbacks instead of an object implementing SessionHandlerInterface is deprecated en C:\tools\nginx\html\sistema_biometrico\index.php línea 50
URI: /.well-known/appspecific/com.chrome.devtools.json
--------------------------------------------------------------------------------
[2026-03-17 13:19:08] [DEPRECATED] session_set_save_handler(): Providing individual callbacks instead of an object implementing SessionHandlerInterface is deprecated en C:\tools\nginx\html\sistema_biometrico\index.php línea 50
URI: /login
--------------------------------------------------------------------------------
[2026-03-17 13:19:32] [DEPRECATED] session_set_save_handler(): Providing individual callbacks instead of an object implementing SessionHandlerInterface is deprecated en C:\tools\nginx\html\sistema_biometrico\index.php línea 50
URI: /login
--------------------------------------------------------------------------------
[2026-03-17 13:19:32] [DEPRECATED] session_set_save_handler(): Providing individual callbacks instead of an object implementing SessionHandlerInterface is deprecated en C:\tools\nginx\html\sistema_biometrico\index.php línea 50
URI: /dashboard
--------------------------------------------------------------------------------
[2026-03-17 13:19:35] [EXCEPTION] PDOException
Contexto: {"action":"index","section":"comisiones"}
Mensaje: SQLSTATE[42S22]: Column not found: 1054 Unknown column 'monto' in 'SELECT'
URI: /dashboard
Archivo: C:\tools\nginx\html\sistema_biometrico\models\Comision.php Línea: 136
#0 C:\tools\nginx\html\sistema_biometrico\models\Comision.php(136): PDO->prepare('SELECT SUM(mont...')
#1 C:\tools\nginx\html\sistema_biometrico\controllers\DashboardController.php(81): Comision->getTotalComisiones(NULL, '03', '2026')
#2 C:\tools\nginx\html\sistema_biometrico\index.php(180): DashboardController->index()
#3 {main}
--------------------------------------------------------------------------------
[2026-03-17 13:19:35] [DEPRECATED] session_set_save_handler(): Providing individual callbacks instead of an object implementing SessionHandlerInterface is deprecated en C:\tools\nginx\html\sistema_biometrico\index.php línea 50
URI: /.well-known/appspecific/com.chrome.devtools.json
--------------------------------------------------------------------------------
[2026-03-17 13:19:44] [DEPRECATED] session_set_save_handler(): Providing individual callbacks instead of an object implementing SessionHandlerInterface is deprecated en C:\tools\nginx\html\sistema_biometrico\index.php línea 50
URI: /empleados
--------------------------------------------------------------------------------
[2026-03-17 13:19:44] [DEPRECATED] session_set_save_handler(): Providing individual callbacks instead of an object implementing SessionHandlerInterface is deprecated en C:\tools\nginx\html\sistema_biometrico\index.php línea 50
URI: /.well-known/appspecific/com.chrome.devtools.json
--------------------------------------------------------------------------------
[2026-03-17 13:19:50] [DEPRECATED] session_set_save_handler(): Providing individual callbacks instead of an object implementing SessionHandlerInterface is deprecated en C:\tools\nginx\html\sistema_biometrico\index.php línea 50
URI: /empleados?search=87
--------------------------------------------------------------------------------
[2026-03-17 13:19:50] [DEPRECATED] session_set_save_handler(): Providing individual callbacks instead of an object implementing SessionHandlerInterface is deprecated en C:\tools\nginx\html\sistema_biometrico\index.php línea 50
URI: /.well-known/appspecific/com.chrome.devtools.json
--------------------------------------------------------------------------------
[2026-03-17 13:19:55] [DEPRECATED] session_set_save_handler(): Providing individual callbacks instead of an object implementing SessionHandlerInterface is deprecated en C:\tools\nginx\html\sistema_biometrico\index.php línea 50
URI: /empleados/datos-completos/87
--------------------------------------------------------------------------------
[2026-03-17 13:19:59] [DEPRECATED] session_set_save_handler(): Providing individual callbacks instead of an object implementing SessionHandlerInterface is deprecated en C:\tools\nginx\html\sistema_biometrico\index.php línea 50
URI: /justificaciones/get-asistencia-ajax/69893
--------------------------------------------------------------------------------
[2026-03-17 13:20:09] [DEPRECATED] session_set_save_handler(): Providing individual callbacks instead of an object implementing SessionHandlerInterface is deprecated en C:\tools\nginx\html\sistema_biometrico\index.php línea 50
URI: /justificaciones/actualizar-incidencia
--------------------------------------------------------------------------------
[2026-03-17 13:20:47] [DEPRECATED] session_set_save_handler(): Providing individual callbacks instead of an object implementing SessionHandlerInterface is deprecated en C:\tools\nginx\html\sistema_biometrico\index.php línea 50
URI: /empleados?search=87
--------------------------------------------------------------------------------
[2026-03-17 13:20:47] [DEPRECATED] session_set_save_handler(): Providing individual callbacks instead of an object implementing SessionHandlerInterface is deprecated en C:\tools\nginx\html\sistema_biometrico\index.php línea 50
URI: /.well-known/appspecific/com.chrome.devtools.json
--------------------------------------------------------------------------------
[2026-03-17 13:20:49] [DEPRECATED] session_set_save_handler(): Providing individual callbacks instead of an object implementing SessionHandlerInterface is deprecated en C:\tools\nginx\html\sistema_biometrico\index.php línea 50
URI: /empleados?search=87
--------------------------------------------------------------------------------
[2026-03-17 13:20:49] [DEPRECATED] session_set_save_handler(): Providing individual callbacks instead of an object implementing SessionHandlerInterface is deprecated en C:\tools\nginx\html\sistema_biometrico\index.php línea 50
URI: /.well-known/appspecific/com.chrome.devtools.json
--------------------------------------------------------------------------------
[2026-03-17 13:21:00] [DEPRECATED] session_set_save_handler(): Providing individual callbacks instead of an object implementing SessionHandlerInterface is deprecated en C:\tools\nginx\html\sistema_biometrico\index.php línea 50
URI: /empleados?search=87
--------------------------------------------------------------------------------
[2026-03-17 13:21:00] [DEPRECATED] session_set_save_handler(): Providing individual callbacks instead of an object implementing SessionHandlerInterface is deprecated en C:\tools\nginx\html\sistema_biometrico\index.php línea 50
URI: /.well-known/appspecific/com.chrome.devtools.json
--------------------------------------------------------------------------------
[2026-03-17 13:21:01] [DEPRECATED] session_set_save_handler(): Providing individual callbacks instead of an object implementing SessionHandlerInterface is deprecated en C:\tools\nginx\html\sistema_biometrico\index.php línea 50
URI: /empleados?search=87
--------------------------------------------------------------------------------
[2026-03-17 13:21:01] [DEPRECATED] session_set_save_handler(): Providing individual callbacks instead of an object implementing SessionHandlerInterface is deprecated en C:\tools\nginx\html\sistema_biometrico\index.php línea 50
URI: /.well-known/appspecific/com.chrome.devtools.json
--------------------------------------------------------------------------------
[2026-03-17 13:21:05] [DEPRECATED] session_set_save_handler(): Providing individual callbacks instead of an object implementing SessionHandlerInterface is deprecated en C:\tools\nginx\html\sistema_biometrico\index.php línea 50
URI: /logout
--------------------------------------------------------------------------------
[2026-03-17 13:21:05] [DEPRECATED] session_set_save_handler(): Providing individual callbacks instead of an object implementing SessionHandlerInterface is deprecated en C:\tools\nginx\html\sistema_biometrico\index.php línea 50
URI: /login
--------------------------------------------------------------------------------
[2026-03-17 13:21:05] [DEPRECATED] session_set_save_handler(): Providing individual callbacks instead of an object implementing SessionHandlerInterface is deprecated en C:\tools\nginx\html\sistema_biometrico\index.php línea 50
URI: /.well-known/appspecific/com.chrome.devtools.json
--------------------------------------------------------------------------------
[2026-03-17 13:21:05] [DEPRECATED] session_set_save_handler(): Providing individual callbacks instead of an object implementing SessionHandlerInterface is deprecated en C:\tools\nginx\html\sistema_biometrico\index.php línea 50
URI: /login
--------------------------------------------------------------------------------
[2026-03-17 13:21:23] [DEPRECATED] session_set_save_handler(): Providing individual callbacks instead of an object implementing SessionHandlerInterface is deprecated en C:\tools\nginx\html\sistema_biometrico\index.php línea 50
URI: /
--------------------------------------------------------------------------------
[2026-03-17 13:21:23] [DEPRECATED] session_set_save_handler(): Providing individual callbacks instead of an object implementing SessionHandlerInterface is deprecated en C:\tools\nginx\html\sistema_biometrico\index.php línea 50
URI: /login
--------------------------------------------------------------------------------
[2026-03-17 13:21:29] [DEPRECATED] session_set_save_handler(): Providing individual callbacks instead of an object implementing SessionHandlerInterface is deprecated en C:\tools\nginx\html\sistema_biometrico\index.php línea 50
URI: /login
--------------------------------------------------------------------------------
[2026-03-17 13:21:30] [DEPRECATED] session_set_save_handler(): Providing individual callbacks instead of an object implementing SessionHandlerInterface is deprecated en C:\tools\nginx\html\sistema_biometrico\index.php línea 50
URI: /dashboard
--------------------------------------------------------------------------------
[2026-03-17 13:21:32] [EXCEPTION] PDOException
Contexto: {"action":"index","section":"comisiones"}
Mensaje: SQLSTATE[42S22]: Column not found: 1054 Unknown column 'monto' in 'SELECT'
URI: /dashboard
Archivo: C:\tools\nginx\html\sistema_biometrico\models\Comision.php Línea: 136
#0 C:\tools\nginx\html\sistema_biometrico\models\Comision.php(136): PDO->prepare('SELECT SUM(mont...')
#1 C:\tools\nginx\html\sistema_biometrico\controllers\DashboardController.php(81): Comision->getTotalComisiones(NULL, '03', '2026')
#2 C:\tools\nginx\html\sistema_biometrico\index.php(180): DashboardController->index()
#3 {main}
--------------------------------------------------------------------------------
[2026-03-17 13:21:35] [DEPRECATED] session_set_save_handler(): Providing individual callbacks instead of an object implementing SessionHandlerInterface is deprecated en C:\tools\nginx\html\sistema_biometrico\index.php línea 50
URI: /empleados
--------------------------------------------------------------------------------
[2026-03-17 13:21:37] [DEPRECATED] session_set_save_handler(): Providing individual callbacks instead of an object implementing SessionHandlerInterface is deprecated en C:\tools\nginx\html\sistema_biometrico\index.php línea 50
URI: /empleados?search=87
--------------------------------------------------------------------------------
[2026-03-17 13:21:39] [DEPRECATED] session_set_save_handler(): Providing individual callbacks instead of an object implementing SessionHandlerInterface is deprecated en C:\tools\nginx\html\sistema_biometrico\index.php línea 50
URI: /empleados/datos-completos/87
--------------------------------------------------------------------------------
[2026-03-17 13:21:43] [DEPRECATED] session_set_save_handler(): Providing individual callbacks instead of an object implementing SessionHandlerInterface is deprecated en C:\tools\nginx\html\sistema_biometrico\index.php línea 50
URI: /justificaciones/get-asistencia-ajax/69893
--------------------------------------------------------------------------------
[2026-03-17 13:21:47] [DEPRECATED] session_set_save_handler(): Providing individual callbacks instead of an object implementing SessionHandlerInterface is deprecated en C:\tools\nginx\html\sistema_biometrico\index.php línea 50
URI: /.well-known/appspecific/com.chrome.devtools.json
--------------------------------------------------------------------------------
[2026-03-17 13:22:59] [DEPRECATED] session_set_save_handler(): Providing individual callbacks instead of an object implementing SessionHandlerInterface is deprecated en C:\tools\nginx\html\sistema_biometrico\index.php línea 50
URI: /justificaciones/actualizar-incidencia
--------------------------------------------------------------------------------
[2026-03-17 13:28:19] [DEPRECATED] session_set_save_handler(): Providing individual callbacks instead of an object implementing SessionHandlerInterface is deprecated en C:\tools\nginx\html\sistema_biometrico\index.php línea 52
URI: /empleados?search=87
--------------------------------------------------------------------------------
[2026-03-17 13:28:19] [DEPRECATED] session_set_save_handler(): Providing individual callbacks instead of an object implementing SessionHandlerInterface is deprecated en C:\tools\nginx\html\sistema_biometrico\index.php línea 52
URI: /.well-known/appspecific/com.chrome.devtools.json
--------------------------------------------------------------------------------
[2026-03-17 13:28:20] [DEPRECATED] session_set_save_handler(): Providing individual callbacks instead of an object implementing SessionHandlerInterface is deprecated en C:\tools\nginx\html\sistema_biometrico\index.php línea 52
URI: /empleados?search=87
--------------------------------------------------------------------------------
[2026-03-17 13:28:20] [DEPRECATED] session_set_save_handler(): Providing individual callbacks instead of an object implementing SessionHandlerInterface is deprecated en C:\tools\nginx\html\sistema_biometrico\index.php línea 52
URI: /.well-known/appspecific/com.chrome.devtools.json
--------------------------------------------------------------------------------
[2026-03-17 13:28:20] [DEPRECATED] session_set_save_handler(): Providing individual callbacks instead of an object implementing SessionHandlerInterface is deprecated en C:\tools\nginx\html\sistema_biometrico\index.php línea 52
URI: /empleados?search=87
--------------------------------------------------------------------------------
[2026-03-17 13:28:20] [DEPRECATED] session_set_save_handler(): Providing individual callbacks instead of an object implementing SessionHandlerInterface is deprecated en C:\tools\nginx\html\sistema_biometrico\index.php línea 52
URI: /.well-known/appspecific/com.chrome.devtools.json
--------------------------------------------------------------------------------
[2026-03-17 13:28:20] [DEPRECATED] session_set_save_handler(): Providing individual callbacks instead of an object implementing SessionHandlerInterface is deprecated en C:\tools\nginx\html\sistema_biometrico\index.php línea 52
URI: /empleados?search=87
--------------------------------------------------------------------------------
[2026-03-17 13:28:21] [DEPRECATED] session_set_save_handler(): Providing individual callbacks instead of an object implementing SessionHandlerInterface is deprecated en C:\tools\nginx\html\sistema_biometrico\index.php línea 52
URI: /.well-known/appspecific/com.chrome.devtools.json
--------------------------------------------------------------------------------
[2026-03-17 13:28:22] [DEPRECATED] session_set_save_handler(): Providing individual callbacks instead of an object implementing SessionHandlerInterface is deprecated en C:\tools\nginx\html\sistema_biometrico\index.php línea 52
URI: /empleados/datos-completos/87
--------------------------------------------------------------------------------
[2026-03-17 13:28:26] [DEPRECATED] session_set_save_handler(): Providing individual callbacks instead of an object implementing SessionHandlerInterface is deprecated en C:\tools\nginx\html\sistema_biometrico\index.php línea 52
URI: /justificaciones/get-asistencia-ajax/69893
--------------------------------------------------------------------------------
[2026-03-17 13:28:42] [DEPRECATED] session_set_save_handler(): Providing individual callbacks instead of an object implementing SessionHandlerInterface is deprecated en C:\tools\nginx\html\sistema_biometrico\index.php línea 52
URI: /justificaciones/actualizar-incidencia
--------------------------------------------------------------------------------
[2026-03-17 13:28:52] [DEPRECATED] session_set_save_handler(): Providing individual callbacks instead of an object implementing SessionHandlerInterface is deprecated en C:\tools\nginx\html\sistema_biometrico\index.php línea 52
URI: /empleados/datos-completos/87
--------------------------------------------------------------------------------
[2026-03-17 13:29:10] [DEPRECATED] session_set_save_handler(): Providing individual callbacks instead of an object implementing SessionHandlerInterface is deprecated en C:\tools\nginx\html\sistema_biometrico\index.php línea 52
URI: /sistema_biometrico
--------------------------------------------------------------------------------
[2026-03-17 13:29:10] [DEPRECATED] session_set_save_handler(): Providing individual callbacks instead of an object implementing SessionHandlerInterface is deprecated en C:\tools\nginx\html\sistema_biometrico\index.php línea 52
URI: /login
--------------------------------------------------------------------------------
[2026-03-17 13:29:19] [DEPRECATED] session_set_save_handler(): Providing individual callbacks instead of an object implementing SessionHandlerInterface is deprecated en C:\tools\nginx\html\sistema_biometrico\index.php línea 52
URI: /login
--------------------------------------------------------------------------------
[2026-03-17 13:29:19] [DEPRECATED] session_set_save_handler(): Providing individual callbacks instead of an object implementing SessionHandlerInterface is deprecated en C:\tools\nginx\html\sistema_biometrico\index.php línea 52
URI: /dashboard
--------------------------------------------------------------------------------
[2026-03-17 13:29:23] [EXCEPTION] PDOException
Contexto: {"action":"index","section":"comisiones"}
Mensaje: SQLSTATE[42S22]: Column not found: 1054 Unknown column 'monto' in 'SELECT'
URI: /dashboard
Archivo: C:\tools\nginx\html\sistema_biometrico\models\Comision.php Línea: 136
#0 C:\tools\nginx\html\sistema_biometrico\models\Comision.php(136): PDO->prepare('SELECT SUM(mont...')
#1 C:\tools\nginx\html\sistema_biometrico\controllers\DashboardController.php(81): Comision->getTotalComisiones(NULL, '03', '2026')
#2 C:\tools\nginx\html\sistema_biometrico\index.php(184): DashboardController->index()
#3 {main}
--------------------------------------------------------------------------------
[2026-03-17 13:29:27] [DEPRECATED] session_set_save_handler(): Providing individual callbacks instead of an object implementing SessionHandlerInterface is deprecated en C:\tools\nginx\html\sistema_biometrico\index.php línea 52
URI: /empleados
--------------------------------------------------------------------------------
[2026-03-17 13:29:31] [DEPRECATED] session_set_save_handler(): Providing individual callbacks instead of an object implementing SessionHandlerInterface is deprecated en C:\tools\nginx\html\sistema_biometrico\index.php línea 52
URI: /empleados?search=87
--------------------------------------------------------------------------------
[2026-03-17 13:29:33] [DEPRECATED] session_set_save_handler(): Providing individual callbacks instead of an object implementing SessionHandlerInterface is deprecated en C:\tools\nginx\html\sistema_biometrico\index.php línea 52
URI: /empleados/datos-completos/87
--------------------------------------------------------------------------------
[2026-03-17 13:29:42] [DEPRECATED] session_set_save_handler(): Providing individual callbacks instead of an object implementing SessionHandlerInterface is deprecated en C:\tools\nginx\html\sistema_biometrico\index.php línea 52
URI: /.well-known/appspecific/com.chrome.devtools.json
--------------------------------------------------------------------------------
[2026-03-17 13:29:47] [DEPRECATED] session_set_save_handler(): Providing individual callbacks instead of an object implementing SessionHandlerInterface is deprecated en C:\tools\nginx\html\sistema_biometrico\index.php línea 52
URI: /justificaciones/get-asistencia-ajax/69893
--------------------------------------------------------------------------------
[2026-03-17 13:29:56] [DEPRECATED] session_set_save_handler(): Providing individual callbacks instead of an object implementing SessionHandlerInterface is deprecated en C:\tools\nginx\html\sistema_biometrico\index.php línea 52
URI: /justificaciones/actualizar-incidencia
--------------------------------------------------------------------------------
[2026-03-17 13:30:01] [DEPRECATED] session_set_save_handler(): Providing individual callbacks instead of an object implementing SessionHandlerInterface is deprecated en C:\tools\nginx\html\sistema_biometrico\index.php línea 52
URI: /empleados/datos-completos/87
--------------------------------------------------------------------------------
[2026-03-17 13:34:38] [DEPRECATED] session_set_save_handler(): Providing individual callbacks instead of an object implementing SessionHandlerInterface is deprecated en C:\tools\nginx\html\sistema_biometrico\index.php línea 52
URI: /empleados?search=87
--------------------------------------------------------------------------------
[2026-03-17 13:34:38] [DEPRECATED] session_set_save_handler(): Providing individual callbacks instead of an object implementing SessionHandlerInterface is deprecated en C:\tools\nginx\html\sistema_biometrico\index.php línea 52
URI: /.well-known/appspecific/com.chrome.devtools.json
--------------------------------------------------------------------------------
[2026-03-17 13:34:39] [DEPRECATED] session_set_save_handler(): Providing individual callbacks instead of an object implementing SessionHandlerInterface is deprecated en C:\tools\nginx\html\sistema_biometrico\index.php línea 52
URI: /empleados?search=87
--------------------------------------------------------------------------------
[2026-03-17 13:34:39] [DEPRECATED] session_set_save_handler(): Providing individual callbacks instead of an object implementing SessionHandlerInterface is deprecated en C:\tools\nginx\html\sistema_biometrico\index.php línea 52
URI: /.well-known/appspecific/com.chrome.devtools.json
--------------------------------------------------------------------------------
[2026-03-17 13:34:39] [DEPRECATED] session_set_save_handler(): Providing individual callbacks instead of an object implementing SessionHandlerInterface is deprecated en C:\tools\nginx\html\sistema_biometrico\index.php línea 52
URI: /empleados?search=87
--------------------------------------------------------------------------------
[2026-03-17 13:34:40] [DEPRECATED] session_set_save_handler(): Providing individual callbacks instead of an object implementing SessionHandlerInterface is deprecated en C:\tools\nginx\html\sistema_biometrico\index.php línea 52
URI: /.well-known/appspecific/com.chrome.devtools.json
--------------------------------------------------------------------------------
[2026-03-17 13:34:40] [DEPRECATED] session_set_save_handler(): Providing individual callbacks instead of an object implementing SessionHandlerInterface is deprecated en C:\tools\nginx\html\sistema_biometrico\index.php línea 52
URI: /empleados?search=87
--------------------------------------------------------------------------------
[2026-03-17 13:34:40] [DEPRECATED] session_set_save_handler(): Providing individual callbacks instead of an object implementing SessionHandlerInterface is deprecated en C:\tools\nginx\html\sistema_biometrico\index.php línea 52
URI: /.well-known/appspecific/com.chrome.devtools.json
--------------------------------------------------------------------------------
[2026-03-17 13:34:40] [DEPRECATED] session_set_save_handler(): Providing individual callbacks instead of an object implementing SessionHandlerInterface is deprecated en C:\tools\nginx\html\sistema_biometrico\index.php línea 52
URI: /empleados?search=87
--------------------------------------------------------------------------------
[2026-03-17 13:34:40] [DEPRECATED] session_set_save_handler(): Providing individual callbacks instead of an object implementing SessionHandlerInterface is deprecated en C:\tools\nginx\html\sistema_biometrico\index.php línea 52
URI: /.well-known/appspecific/com.chrome.devtools.json
--------------------------------------------------------------------------------
[2026-03-17 13:34:40] [DEPRECATED] session_set_save_handler(): Providing individual callbacks instead of an object implementing SessionHandlerInterface is deprecated en C:\tools\nginx\html\sistema_biometrico\index.php línea 52
URI: /empleados?search=87
--------------------------------------------------------------------------------
[2026-03-17 13:34:40] [DEPRECATED] session_set_save_handler(): Providing individual callbacks instead of an object implementing SessionHandlerInterface is deprecated en C:\tools\nginx\html\sistema_biometrico\index.php línea 52
URI: /.well-known/appspecific/com.chrome.devtools.json
--------------------------------------------------------------------------------
[2026-03-17 13:34:40] [DEPRECATED] session_set_save_handler(): Providing individual callbacks instead of an object implementing SessionHandlerInterface is deprecated en C:\tools\nginx\html\sistema_biometrico\index.php línea 52
URI: /empleados?search=87
--------------------------------------------------------------------------------
[2026-03-17 13:34:40] [DEPRECATED] session_set_save_handler(): Providing individual callbacks instead of an object implementing SessionHandlerInterface is deprecated en C:\tools\nginx\html\sistema_biometrico\index.php línea 52
URI: /.well-known/appspecific/com.chrome.devtools.json
--------------------------------------------------------------------------------
[2026-03-17 13:34:40] [DEPRECATED] session_set_save_handler(): Providing individual callbacks instead of an object implementing SessionHandlerInterface is deprecated en C:\tools\nginx\html\sistema_biometrico\index.php línea 52
URI: /empleados?search=87
--------------------------------------------------------------------------------
[2026-03-17 13:34:40] [DEPRECATED] session_set_save_handler(): Providing individual callbacks instead of an object implementing SessionHandlerInterface is deprecated en C:\tools\nginx\html\sistema_biometrico\index.php línea 52
URI: /.well-known/appspecific/com.chrome.devtools.json
--------------------------------------------------------------------------------
[2026-03-17 13:34:40] [DEPRECATED] session_set_save_handler(): Providing individual callbacks instead of an object implementing SessionHandlerInterface is deprecated en C:\tools\nginx\html\sistema_biometrico\index.php línea 52
URI: /empleados?search=87
--------------------------------------------------------------------------------
[2026-03-17 13:34:41] [DEPRECATED] session_set_save_handler(): Providing individual callbacks instead of an object implementing SessionHandlerInterface is deprecated en C:\tools\nginx\html\sistema_biometrico\index.php línea 52
URI: /.well-known/appspecific/com.chrome.devtools.json
--------------------------------------------------------------------------------
[2026-03-17 13:34:41] [DEPRECATED] session_set_save_handler(): Providing individual callbacks instead of an object implementing SessionHandlerInterface is deprecated en C:\tools\nginx\html\sistema_biometrico\index.php línea 52
URI: /empleados?search=87
--------------------------------------------------------------------------------
[2026-03-17 13:34:41] [DEPRECATED] session_set_save_handler(): Providing individual callbacks instead of an object implementing SessionHandlerInterface is deprecated en C:\tools\nginx\html\sistema_biometrico\index.php línea 52
URI: /.well-known/appspecific/com.chrome.devtools.json
--------------------------------------------------------------------------------
[2026-03-17 13:34:41] [DEPRECATED] session_set_save_handler(): Providing individual callbacks instead of an object implementing SessionHandlerInterface is deprecated en C:\tools\nginx\html\sistema_biometrico\index.php línea 52
URI: /empleados?search=87
--------------------------------------------------------------------------------
[2026-03-17 13:34:41] [DEPRECATED] session_set_save_handler(): Providing individual callbacks instead of an object implementing SessionHandlerInterface is deprecated en C:\tools\nginx\html\sistema_biometrico\index.php línea 52
URI: /.well-known/appspecific/com.chrome.devtools.json
--------------------------------------------------------------------------------
[2026-03-17 13:34:41] [DEPRECATED] session_set_save_handler(): Providing individual callbacks instead of an object implementing SessionHandlerInterface is deprecated en C:\tools\nginx\html\sistema_biometrico\index.php línea 52
URI: /empleados?search=87
--------------------------------------------------------------------------------
[2026-03-17 13:34:41] [DEPRECATED] session_set_save_handler(): Providing individual callbacks instead of an object implementing SessionHandlerInterface is deprecated en C:\tools\nginx\html\sistema_biometrico\index.php línea 52
URI: /.well-known/appspecific/com.chrome.devtools.json
--------------------------------------------------------------------------------
[2026-03-17 13:34:41] [DEPRECATED] session_set_save_handler(): Providing individual callbacks instead of an object implementing SessionHandlerInterface is deprecated en C:\tools\nginx\html\sistema_biometrico\index.php línea 52
URI: /empleados?search=87
--------------------------------------------------------------------------------
[2026-03-17 13:34:41] [DEPRECATED] session_set_save_handler(): Providing individual callbacks instead of an object implementing SessionHandlerInterface is deprecated en C:\tools\nginx\html\sistema_biometrico\index.php línea 52
URI: /.well-known/appspecific/com.chrome.devtools.json
--------------------------------------------------------------------------------
[2026-03-17 13:34:41] [DEPRECATED] session_set_save_handler(): Providing individual callbacks instead of an object implementing SessionHandlerInterface is deprecated en C:\tools\nginx\html\sistema_biometrico\index.php línea 52
URI: /empleados?search=87
--------------------------------------------------------------------------------
[2026-03-17 13:34:42] [DEPRECATED] session_set_save_handler(): Providing individual callbacks instead of an object implementing SessionHandlerInterface is deprecated en C:\tools\nginx\html\sistema_biometrico\index.php línea 52
URI: /.well-known/appspecific/com.chrome.devtools.json
--------------------------------------------------------------------------------
[2026-03-17 13:34:42] [DEPRECATED] session_set_save_handler(): Providing individual callbacks instead of an object implementing SessionHandlerInterface is deprecated en C:\tools\nginx\html\sistema_biometrico\index.php línea 52
URI: /empleados?search=87
--------------------------------------------------------------------------------
[2026-03-17 13:34:42] [DEPRECATED] session_set_save_handler(): Providing individual callbacks instead of an object implementing SessionHandlerInterface is deprecated en C:\tools\nginx\html\sistema_biometrico\index.php línea 52
URI: /.well-known/appspecific/com.chrome.devtools.json
--------------------------------------------------------------------------------
[2026-03-17 13:34:42] [DEPRECATED] session_set_save_handler(): Providing individual callbacks instead of an object implementing SessionHandlerInterface is deprecated en C:\tools\nginx\html\sistema_biometrico\index.php línea 52
URI: /empleados?search=87
--------------------------------------------------------------------------------
[2026-03-17 13:34:42] [DEPRECATED] session_set_save_handler(): Providing individual callbacks instead of an object implementing SessionHandlerInterface is deprecated en C:\tools\nginx\html\sistema_biometrico\index.php línea 52
URI: /.well-known/appspecific/com.chrome.devtools.json
--------------------------------------------------------------------------------
[2026-03-17 13:34:42] [DEPRECATED] session_set_save_handler(): Providing individual callbacks instead of an object implementing SessionHandlerInterface is deprecated en C:\tools\nginx\html\sistema_biometrico\index.php línea 52
URI: /empleados?search=87
--------------------------------------------------------------------------------
[2026-03-17 13:34:42] [DEPRECATED] session_set_save_handler(): Providing individual callbacks instead of an object implementing SessionHandlerInterface is deprecated en C:\tools\nginx\html\sistema_biometrico\index.php línea 52
URI: /.well-known/appspecific/com.chrome.devtools.json
--------------------------------------------------------------------------------
[2026-03-17 13:34:42] [DEPRECATED] session_set_save_handler(): Providing individual callbacks instead of an object implementing SessionHandlerInterface is deprecated en C:\tools\nginx\html\sistema_biometrico\index.php línea 52
URI: /empleados?search=87
--------------------------------------------------------------------------------
[2026-03-17 13:34:42] [DEPRECATED] session_set_save_handler(): Providing individual callbacks instead of an object implementing SessionHandlerInterface is deprecated en C:\tools\nginx\html\sistema_biometrico\index.php línea 52
URI: /.well-known/appspecific/com.chrome.devtools.json
--------------------------------------------------------------------------------
[2026-03-17 13:34:42] [DEPRECATED] session_set_save_handler(): Providing individual callbacks instead of an object implementing SessionHandlerInterface is deprecated en C:\tools\nginx\html\sistema_biometrico\index.php línea 52
URI: /empleados?search=87
--------------------------------------------------------------------------------
[2026-03-17 13:34:43] [DEPRECATED] session_set_save_handler(): Providing individual callbacks instead of an object implementing SessionHandlerInterface is deprecated en C:\tools\nginx\html\sistema_biometrico\index.php línea 52
URI: /.well-known/appspecific/com.chrome.devtools.json
--------------------------------------------------------------------------------
[2026-03-17 13:34:44] [DEPRECATED] session_set_save_handler(): Providing individual callbacks instead of an object implementing SessionHandlerInterface is deprecated en C:\tools\nginx\html\sistema_biometrico\index.php línea 52
URI: /empleados/datos-completos/87
--------------------------------------------------------------------------------
[2026-03-17 13:34:47] [DEPRECATED] session_set_save_handler(): Providing individual callbacks instead of an object implementing SessionHandlerInterface is deprecated en C:\tools\nginx\html\sistema_biometrico\index.php línea 52
URI: /justificaciones/get-asistencia-ajax/69893
--------------------------------------------------------------------------------
[2026-03-17 13:35:36] [DEPRECATED] session_set_save_handler(): Providing individual callbacks instead of an object implementing SessionHandlerInterface is deprecated en C:\tools\nginx\html\sistema_biometrico\index.php línea 52
URI: /justificaciones/actualizar-incidencia
--------------------------------------------------------------------------------
[2026-03-17 13:36:40] [DEPRECATED] session_set_save_handler(): Providing individual callbacks instead of an object implementing SessionHandlerInterface is deprecated en C:\tools\nginx\html\sistema_biometrico\index.php línea 52
URI: /empleados?search=87
--------------------------------------------------------------------------------
[2026-03-17 13:36:40] [DEPRECATED] session_set_save_handler(): Providing individual callbacks instead of an object implementing SessionHandlerInterface is deprecated en C:\tools\nginx\html\sistema_biometrico\index.php línea 52
URI: /.well-known/appspecific/com.chrome.devtools.json
--------------------------------------------------------------------------------
[2026-03-17 13:36:42] [DEPRECATED] session_set_save_handler(): Providing individual callbacks instead of an object implementing SessionHandlerInterface is deprecated en C:\tools\nginx\html\sistema_biometrico\index.php línea 52
URI: /empleados?search=87
--------------------------------------------------------------------------------
[2026-03-17 13:36:42] [DEPRECATED] session_set_save_handler(): Providing individual callbacks instead of an object implementing SessionHandlerInterface is deprecated en C:\tools\nginx\html\sistema_biometrico\index.php línea 52
URI: /.well-known/appspecific/com.chrome.devtools.json
--------------------------------------------------------------------------------
[2026-03-17 13:36:42] [DEPRECATED] session_set_save_handler(): Providing individual callbacks instead of an object implementing SessionHandlerInterface is deprecated en C:\tools\nginx\html\sistema_biometrico\index.php línea 52
URI: /empleados?search=87
--------------------------------------------------------------------------------
[2026-03-17 13:36:42] [DEPRECATED] session_set_save_handler(): Providing individual callbacks instead of an object implementing SessionHandlerInterface is deprecated en C:\tools\nginx\html\sistema_biometrico\index.php línea 52
URI: /.well-known/appspecific/com.chrome.devtools.json
--------------------------------------------------------------------------------
[2026-03-17 13:36:42] [DEPRECATED] session_set_save_handler(): Providing individual callbacks instead of an object implementing SessionHandlerInterface is deprecated en C:\tools\nginx\html\sistema_biometrico\index.php línea 52
URI: /empleados?search=87
--------------------------------------------------------------------------------
[2026-03-17 13:36:42] [DEPRECATED] session_set_save_handler(): Providing individual callbacks instead of an object implementing SessionHandlerInterface is deprecated en C:\tools\nginx\html\sistema_biometrico\index.php línea 52
URI: /.well-known/appspecific/com.chrome.devtools.json
--------------------------------------------------------------------------------
[2026-03-17 13:36:42] [DEPRECATED] session_set_save_handler(): Providing individual callbacks instead of an object implementing SessionHandlerInterface is deprecated en C:\tools\nginx\html\sistema_biometrico\index.php línea 52
URI: /empleados?search=87
--------------------------------------------------------------------------------
[2026-03-17 13:36:43] [DEPRECATED] session_set_save_handler(): Providing individual callbacks instead of an object implementing SessionHandlerInterface is deprecated en C:\tools\nginx\html\sistema_biometrico\index.php línea 52
URI: /.well-known/appspecific/com.chrome.devtools.json
--------------------------------------------------------------------------------
[2026-03-17 13:36:43] [DEPRECATED] session_set_save_handler(): Providing individual callbacks instead of an object implementing SessionHandlerInterface is deprecated en C:\tools\nginx\html\sistema_biometrico\index.php línea 52
URI: /empleados?search=87
--------------------------------------------------------------------------------
[2026-03-17 13:36:43] [DEPRECATED] session_set_save_handler(): Providing individual callbacks instead of an object implementing SessionHandlerInterface is deprecated en C:\tools\nginx\html\sistema_biometrico\index.php línea 52
URI: /.well-known/appspecific/com.chrome.devtools.json
--------------------------------------------------------------------------------
[2026-03-17 13:36:43] [DEPRECATED] session_set_save_handler(): Providing individual callbacks instead of an object implementing SessionHandlerInterface is deprecated en C:\tools\nginx\html\sistema_biometrico\index.php línea 52
URI: /empleados?search=87
--------------------------------------------------------------------------------
[2026-03-17 13:36:43] [DEPRECATED] session_set_save_handler(): Providing individual callbacks instead of an object implementing SessionHandlerInterface is deprecated en C:\tools\nginx\html\sistema_biometrico\index.php línea 52
URI: /.well-known/appspecific/com.chrome.devtools.json
--------------------------------------------------------------------------------
[2026-03-17 13:37:27] [DEPRECATED] session_set_save_handler(): Providing individual callbacks instead of an object implementing SessionHandlerInterface is deprecated en C:\tools\nginx\html\sistema_biometrico\index.php línea 52
URI: /empleados/datos-completos/87
--------------------------------------------------------------------------------
[2026-03-17 13:37:31] [DEPRECATED] session_set_save_handler(): Providing individual callbacks instead of an object implementing SessionHandlerInterface is deprecated en C:\tools\nginx\html\sistema_biometrico\index.php línea 52
URI: /justificaciones/get-asistencia-ajax/69893
--------------------------------------------------------------------------------
[2026-03-17 13:37:42] [DEPRECATED] session_set_save_handler(): Providing individual callbacks instead of an object implementing SessionHandlerInterface is deprecated en C:\tools\nginx\html\sistema_biometrico\index.php línea 52
URI: /justificaciones/actualizar-incidencia
--------------------------------------------------------------------------------
[2026-03-17 13:37:56] [DEPRECATED] session_set_save_handler(): Providing individual callbacks instead of an object implementing SessionHandlerInterface is deprecated en C:\tools\nginx\html\sistema_biometrico\index.php línea 52
URI: /justificaciones/actualizar-incidencia
--------------------------------------------------------------------------------
[2026-03-17 13:39:29] [DEPRECATED] session_set_save_handler(): Providing individual callbacks instead of an object implementing SessionHandlerInterface is deprecated en C:\tools\nginx\html\sistema_biometrico\index.php línea 52
URI: /login
--------------------------------------------------------------------------------
[2026-03-17 13:39:38] [DEPRECATED] session_set_save_handler(): Providing individual callbacks instead of an object implementing SessionHandlerInterface is deprecated en C:\tools\nginx\html\sistema_biometrico\index.php línea 52
URI: /login
--------------------------------------------------------------------------------
[2026-03-17 13:39:39] [DEPRECATED] session_set_save_handler(): Providing individual callbacks instead of an object implementing SessionHandlerInterface is deprecated en C:\tools\nginx\html\sistema_biometrico\index.php línea 52
URI: /dashboard
--------------------------------------------------------------------------------
[2026-03-17 13:39:41] [EXCEPTION] PDOException
Contexto: {"action":"index","section":"comisiones"}
Mensaje: SQLSTATE[42S22]: Column not found: 1054 Unknown column 'monto' in 'SELECT'
URI: /dashboard
Archivo: C:\tools\nginx\html\sistema_biometrico\models\Comision.php Línea: 136
#0 C:\tools\nginx\html\sistema_biometrico\models\Comision.php(136): PDO->prepare('SELECT SUM(mont...')
#1 C:\tools\nginx\html\sistema_biometrico\controllers\DashboardController.php(81): Comision->getTotalComisiones(NULL, '03', '2026')
#2 C:\tools\nginx\html\sistema_biometrico\index.php(184): DashboardController->index()
#3 {main}
--------------------------------------------------------------------------------
[2026-03-17 13:39:51] [DEPRECATED] session_set_save_handler(): Providing individual callbacks instead of an object implementing SessionHandlerInterface is deprecated en C:\tools\nginx\html\sistema_biometrico\index.php línea 52
URI: /empleados
--------------------------------------------------------------------------------
[2026-03-17 13:40:07] [DEPRECATED] session_set_save_handler(): Providing individual callbacks instead of an object implementing SessionHandlerInterface is deprecated en C:\tools\nginx\html\sistema_biometrico\index.php línea 52
URI: /empleados?search=125
--------------------------------------------------------------------------------
[2026-03-17 13:40:11] [DEPRECATED] session_set_save_handler(): Providing individual callbacks instead of an object implementing SessionHandlerInterface is deprecated en C:\tools\nginx\html\sistema_biometrico\index.php línea 52
URI: /empleados?search=87
--------------------------------------------------------------------------------
[2026-03-17 13:40:13] [DEPRECATED] session_set_save_handler(): Providing individual callbacks instead of an object implementing SessionHandlerInterface is deprecated en C:\tools\nginx\html\sistema_biometrico\index.php línea 52
URI: /empleados/datos-completos/87
--------------------------------------------------------------------------------
[2026-03-17 13:40:22] [DEPRECATED] session_set_save_handler(): Providing individual callbacks instead of an object implementing SessionHandlerInterface is deprecated en C:\tools\nginx\html\sistema_biometrico\index.php línea 52
URI: /justificaciones/get-asistencia-ajax/69893
--------------------------------------------------------------------------------
[2026-03-17 13:40:26] [DEPRECATED] session_set_save_handler(): Providing individual callbacks instead of an object implementing SessionHandlerInterface is deprecated en C:\tools\nginx\html\sistema_biometrico\index.php línea 52
URI: /justificaciones/actualizar-incidencia
--------------------------------------------------------------------------------
[2026-03-17 13:57:25] [DEPRECATED] session_set_save_handler(): Providing individual callbacks instead of an object implementing SessionHandlerInterface is deprecated en C:\tools\nginx\html\sistema_biometrico\index.php línea 52
URI: /
--------------------------------------------------------------------------------
[2026-03-17 13:57:25] [DEPRECATED] session_set_save_handler(): Providing individual callbacks instead of an object implementing SessionHandlerInterface is deprecated en C:\tools\nginx\html\sistema_biometrico\index.php línea 52
URI: /login
--------------------------------------------------------------------------------
[2026-03-17 13:57:32] [DEPRECATED] session_set_save_handler(): Providing individual callbacks instead of an object implementing SessionHandlerInterface is deprecated en C:\tools\nginx\html\sistema_biometrico\index.php línea 52
URI: /login
--------------------------------------------------------------------------------
[2026-03-17 13:57:33] [DEPRECATED] session_set_save_handler(): Providing individual callbacks instead of an object implementing SessionHandlerInterface is deprecated en C:\tools\nginx\html\sistema_biometrico\index.php línea 52
URI: /dashboard
--------------------------------------------------------------------------------
[2026-03-17 13:57:35] [EXCEPTION] PDOException
Contexto: {"action":"index","section":"comisiones"}
Mensaje: SQLSTATE[42S22]: Column not found: 1054 Unknown column 'monto' in 'SELECT'
URI: /dashboard
Archivo: C:\tools\nginx\html\sistema_biometrico\models\Comision.php Línea: 136
#0 C:\tools\nginx\html\sistema_biometrico\models\Comision.php(136): PDO->prepare('SELECT SUM(mont...')
#1 C:\tools\nginx\html\sistema_biometrico\controllers\DashboardController.php(81): Comision->getTotalComisiones(NULL, '03', '2026')
#2 C:\tools\nginx\html\sistema_biometrico\index.php(184): DashboardController->index()
#3 {main}
--------------------------------------------------------------------------------
[2026-03-17 13:57:37] [DEPRECATED] session_set_save_handler(): Providing individual callbacks instead of an object implementing SessionHandlerInterface is deprecated en C:\tools\nginx\html\sistema_biometrico\index.php línea 52
URI: /empleados
--------------------------------------------------------------------------------
[2026-03-17 13:57:41] [DEPRECATED] session_set_save_handler(): Providing individual callbacks instead of an object implementing SessionHandlerInterface is deprecated en C:\tools\nginx\html\sistema_biometrico\index.php línea 52
URI: /empleados?search=87
--------------------------------------------------------------------------------
[2026-03-17 13:57:43] [DEPRECATED] session_set_save_handler(): Providing individual callbacks instead of an object implementing SessionHandlerInterface is deprecated en C:\tools\nginx\html\sistema_biometrico\index.php línea 52
URI: /empleados/datos-completos/87
--------------------------------------------------------------------------------
[2026-03-17 13:57:48] [DEPRECATED] session_set_save_handler(): Providing individual callbacks instead of an object implementing SessionHandlerInterface is deprecated en C:\tools\nginx\html\sistema_biometrico\index.php línea 52
URI: /justificaciones/get-asistencia-ajax/69893
--------------------------------------------------------------------------------
[2026-03-17 13:57:52] [DEPRECATED] session_set_save_handler(): Providing individual callbacks instead of an object implementing SessionHandlerInterface is deprecated en C:\tools\nginx\html\sistema_biometrico\index.php línea 52
URI: /justificaciones/actualizar-incidencia
--------------------------------------------------------------------------------
[2026-03-17 13:58:02] [DEPRECATED] session_set_save_handler(): Providing individual callbacks instead of an object implementing SessionHandlerInterface is deprecated en C:\tools\nginx\html\sistema_biometrico\index.php línea 52
URI: /.well-known/appspecific/com.chrome.devtools.json
--------------------------------------------------------------------------------
[2026-03-17 13:59:43] [DEPRECATED] session_set_save_handler(): Providing individual callbacks instead of an object implementing SessionHandlerInterface is deprecated en C:\tools\nginx\html\sistema_biometrico\index.php línea 52
URI: /empleados?search=87
--------------------------------------------------------------------------------
[2026-03-17 13:59:43] [DEPRECATED] session_set_save_handler(): Providing individual callbacks instead of an object implementing SessionHandlerInterface is deprecated en C:\tools\nginx\html\sistema_biometrico\index.php línea 52
URI: /.well-known/appspecific/com.chrome.devtools.json
--------------------------------------------------------------------------------
[2026-03-17 13:59:44] [DEPRECATED] session_set_save_handler(): Providing individual callbacks instead of an object implementing SessionHandlerInterface is deprecated en C:\tools\nginx\html\sistema_biometrico\index.php línea 52
URI: /empleados?search=87
--------------------------------------------------------------------------------
[2026-03-17 13:59:44] [DEPRECATED] session_set_save_handler(): Providing individual callbacks instead of an object implementing SessionHandlerInterface is deprecated en C:\tools\nginx\html\sistema_biometrico\index.php línea 52
URI: /.well-known/appspecific/com.chrome.devtools.json
--------------------------------------------------------------------------------
[2026-03-17 13:59:47] [DEPRECATED] session_set_save_handler(): Providing individual callbacks instead of an object implementing SessionHandlerInterface is deprecated en C:\tools\nginx\html\sistema_biometrico\index.php línea 52
URI: /empleados?search=87
--------------------------------------------------------------------------------
[2026-03-17 13:59:47] [DEPRECATED] session_set_save_handler(): Providing individual callbacks instead of an object implementing SessionHandlerInterface is deprecated en C:\tools\nginx\html\sistema_biometrico\index.php línea 52
URI: /.well-known/appspecific/com.chrome.devtools.json
--------------------------------------------------------------------------------
[2026-03-17 13:59:52] [DEPRECATED] session_set_save_handler(): Providing individual callbacks instead of an object implementing SessionHandlerInterface is deprecated en C:\tools\nginx\html\sistema_biometrico\index.php línea 52
URI: /empleados?search=1
--------------------------------------------------------------------------------
[2026-03-17 13:59:52] [DEPRECATED] session_set_save_handler(): Providing individual callbacks instead of an object implementing SessionHandlerInterface is deprecated en C:\tools\nginx\html\sistema_biometrico\index.php línea 52
URI: /.well-known/appspecific/com.chrome.devtools.json
--------------------------------------------------------------------------------
[2026-03-17 13:59:58] [DEPRECATED] session_set_save_handler(): Providing individual callbacks instead of an object implementing SessionHandlerInterface is deprecated en C:\tools\nginx\html\sistema_biometrico\index.php línea 52
URI: /empleados/datos-completos/1
--------------------------------------------------------------------------------
[2026-03-17 14:00:14] [DEPRECATED] session_set_save_handler(): Providing individual callbacks instead of an object implementing SessionHandlerInterface is deprecated en C:\tools\nginx\html\sistema_biometrico\index.php línea 52
URI: /justificaciones/get-asistencia-ajax/68236
--------------------------------------------------------------------------------
[2026-03-17 14:00:22] [DEPRECATED] session_set_save_handler(): Providing individual callbacks instead of an object implementing SessionHandlerInterface is deprecated en C:\tools\nginx\html\sistema_biometrico\index.php línea 52
URI: /justificaciones/actualizar-incidencia
--------------------------------------------------------------------------------
[2026-03-17 14:00:42] [DEPRECATED] session_set_save_handler(): Providing individual callbacks instead of an object implementing SessionHandlerInterface is deprecated en C:\tools\nginx\html\sistema_biometrico\index.php línea 52
URI: /empleados?search=1
--------------------------------------------------------------------------------
[2026-03-17 14:00:42] [DEPRECATED] session_set_save_handler(): Providing individual callbacks instead of an object implementing SessionHandlerInterface is deprecated en C:\tools\nginx\html\sistema_biometrico\index.php línea 52
URI: /.well-known/appspecific/com.chrome.devtools.json
--------------------------------------------------------------------------------
[2026-03-17 14:00:43] [DEPRECATED] session_set_save_handler(): Providing individual callbacks instead of an object implementing SessionHandlerInterface is deprecated en C:\tools\nginx\html\sistema_biometrico\index.php línea 52
URI: /empleados?search=1
--------------------------------------------------------------------------------
[2026-03-17 14:00:43] [DEPRECATED] session_set_save_handler(): Providing individual callbacks instead of an object implementing SessionHandlerInterface is deprecated en C:\tools\nginx\html\sistema_biometrico\index.php línea 52
URI: /.well-known/appspecific/com.chrome.devtools.json
--------------------------------------------------------------------------------
[2026-03-17 14:00:43] [DEPRECATED] session_set_save_handler(): Providing individual callbacks instead of an object implementing SessionHandlerInterface is deprecated en C:\tools\nginx\html\sistema_biometrico\index.php línea 52
URI: /empleados?search=1
--------------------------------------------------------------------------------
[2026-03-17 14:00:43] [DEPRECATED] session_set_save_handler(): Providing individual callbacks instead of an object implementing SessionHandlerInterface is deprecated en C:\tools\nginx\html\sistema_biometrico\index.php línea 52
URI: /.well-known/appspecific/com.chrome.devtools.json
--------------------------------------------------------------------------------
[2026-03-17 14:00:44] [DEPRECATED] session_set_save_handler(): Providing individual callbacks instead of an object implementing SessionHandlerInterface is deprecated en C:\tools\nginx\html\sistema_biometrico\index.php línea 52
URI: /empleados?search=1
--------------------------------------------------------------------------------
[2026-03-17 14:00:44] [DEPRECATED] session_set_save_handler(): Providing individual callbacks instead of an object implementing SessionHandlerInterface is deprecated en C:\tools\nginx\html\sistema_biometrico\index.php línea 52
URI: /.well-known/appspecific/com.chrome.devtools.json
--------------------------------------------------------------------------------
[2026-03-17 14:00:46] [DEPRECATED] session_set_save_handler(): Providing individual callbacks instead of an object implementing SessionHandlerInterface is deprecated en C:\tools\nginx\html\sistema_biometrico\index.php línea 52
URI: /empleados/datos-completos/1
--------------------------------------------------------------------------------
[2026-03-17 14:00:50] [DEPRECATED] session_set_save_handler(): Providing individual callbacks instead of an object implementing SessionHandlerInterface is deprecated en C:\tools\nginx\html\sistema_biometrico\index.php línea 52
URI: /justificaciones/get-asistencia-ajax/68236
--------------------------------------------------------------------------------
[2026-03-17 14:00:58] [DEPRECATED] session_set_save_handler(): Providing individual callbacks instead of an object implementing SessionHandlerInterface is deprecated en C:\tools\nginx\html\sistema_biometrico\index.php línea 52
URI: /justificaciones/actualizar-incidencia
--------------------------------------------------------------------------------
[2026-03-17 14:03:15] [DEPRECATED] session_set_save_handler(): Providing individual callbacks instead of an object implementing SessionHandlerInterface is deprecated en C:\tools\nginx\html\sistema_biometrico\index.php línea 52
URI: /empleados?search=1
--------------------------------------------------------------------------------
[2026-03-17 14:03:16] [DEPRECATED] session_set_save_handler(): Providing individual callbacks instead of an object implementing SessionHandlerInterface is deprecated en C:\tools\nginx\html\sistema_biometrico\index.php línea 52
URI: /empleados?search=1
--------------------------------------------------------------------------------
[2026-03-17 14:03:17] [DEPRECATED] session_set_save_handler(): Providing individual callbacks instead of an object implementing SessionHandlerInterface is deprecated en C:\tools\nginx\html\sistema_biometrico\index.php línea 52
URI: /empleados?search=1
--------------------------------------------------------------------------------
[2026-03-17 14:03:17] [DEPRECATED] session_set_save_handler(): Providing individual callbacks instead of an object implementing SessionHandlerInterface is deprecated en C:\tools\nginx\html\sistema_biometrico\index.php línea 52
URI: /empleados?search=1
--------------------------------------------------------------------------------
[2026-03-17 14:03:17] [DEPRECATED] session_set_save_handler(): Providing individual callbacks instead of an object implementing SessionHandlerInterface is deprecated en C:\tools\nginx\html\sistema_biometrico\index.php línea 52
URI: /empleados?search=1
--------------------------------------------------------------------------------
[2026-03-17 14:03:17] [DEPRECATED] session_set_save_handler(): Providing individual callbacks instead of an object implementing SessionHandlerInterface is deprecated en C:\tools\nginx\html\sistema_biometrico\index.php línea 52
URI: /empleados?search=1
--------------------------------------------------------------------------------
[2026-03-17 14:03:17] [DEPRECATED] session_set_save_handler(): Providing individual callbacks instead of an object implementing SessionHandlerInterface is deprecated en C:\tools\nginx\html\sistema_biometrico\index.php línea 52
URI: /empleados?search=1
--------------------------------------------------------------------------------
[2026-03-17 14:03:18] [DEPRECATED] session_set_save_handler(): Providing individual callbacks instead of an object implementing SessionHandlerInterface is deprecated en C:\tools\nginx\html\sistema_biometrico\index.php línea 52
URI: /empleados?search=1
--------------------------------------------------------------------------------
[2026-03-17 14:03:18] [DEPRECATED] session_set_save_handler(): Providing individual callbacks instead of an object implementing SessionHandlerInterface is deprecated en C:\tools\nginx\html\sistema_biometrico\index.php línea 52
URI: /empleados?search=1
--------------------------------------------------------------------------------
[2026-03-17 14:03:18] [DEPRECATED] session_set_save_handler(): Providing individual callbacks instead of an object implementing SessionHandlerInterface is deprecated en C:\tools\nginx\html\sistema_biometrico\index.php línea 52
URI: /empleados?search=1
--------------------------------------------------------------------------------
[2026-03-17 14:03:18] [DEPRECATED] session_set_save_handler(): Providing individual callbacks instead of an object implementing SessionHandlerInterface is deprecated en C:\tools\nginx\html\sistema_biometrico\index.php línea 52
URI: /empleados?search=1
--------------------------------------------------------------------------------
[2026-03-17 14:03:19] [DEPRECATED] session_set_save_handler(): Providing individual callbacks instead of an object implementing SessionHandlerInterface is deprecated en C:\tools\nginx\html\sistema_biometrico\index.php línea 52
URI: /empleados?search=1
--------------------------------------------------------------------------------
[2026-03-17 14:03:19] [DEPRECATED] session_set_save_handler(): Providing individual callbacks instead of an object implementing SessionHandlerInterface is deprecated en C:\tools\nginx\html\sistema_biometrico\index.php línea 52
URI: /empleados?search=1
--------------------------------------------------------------------------------
[2026-03-17 14:03:19] [DEPRECATED] session_set_save_handler(): Providing individual callbacks instead of an object implementing SessionHandlerInterface is deprecated en C:\tools\nginx\html\sistema_biometrico\index.php línea 52
URI: /empleados?search=1
--------------------------------------------------------------------------------
[2026-03-17 14:03:19] [DEPRECATED] session_set_save_handler(): Providing individual callbacks instead of an object implementing SessionHandlerInterface is deprecated en C:\tools\nginx\html\sistema_biometrico\index.php línea 52
URI: /empleados?search=1
--------------------------------------------------------------------------------
[2026-03-17 14:03:20] [DEPRECATED] session_set_save_handler(): Providing individual callbacks instead of an object implementing SessionHandlerInterface is deprecated en C:\tools\nginx\html\sistema_biometrico\index.php línea 52
URI: /empleados?search=1
--------------------------------------------------------------------------------
[2026-03-17 14:03:20] [DEPRECATED] session_set_save_handler(): Providing individual callbacks instead of an object implementing SessionHandlerInterface is deprecated en C:\tools\nginx\html\sistema_biometrico\index.php línea 52
URI: /empleados?search=1
--------------------------------------------------------------------------------
[2026-03-17 14:03:20] [DEPRECATED] session_set_save_handler(): Providing individual callbacks instead of an object implementing SessionHandlerInterface is deprecated en C:\tools\nginx\html\sistema_biometrico\index.php línea 52
URI: /empleados?search=1
--------------------------------------------------------------------------------
[2026-03-17 14:03:20] [DEPRECATED] session_set_save_handler(): Providing individual callbacks instead of an object implementing SessionHandlerInterface is deprecated en C:\tools\nginx\html\sistema_biometrico\index.php línea 52
URI: /empleados?search=1
--------------------------------------------------------------------------------
[2026-03-17 14:03:21] [DEPRECATED] session_set_save_handler(): Providing individual callbacks instead of an object implementing SessionHandlerInterface is deprecated en C:\tools\nginx\html\sistema_biometrico\index.php línea 52
URI: /empleados?search=1
--------------------------------------------------------------------------------
[2026-03-17 14:03:21] [DEPRECATED] session_set_save_handler(): Providing individual callbacks instead of an object implementing SessionHandlerInterface is deprecated en C:\tools\nginx\html\sistema_biometrico\index.php línea 52
URI: /empleados?search=1
--------------------------------------------------------------------------------
[2026-03-17 14:03:21] [DEPRECATED] session_set_save_handler(): Providing individual callbacks instead of an object implementing SessionHandlerInterface is deprecated en C:\tools\nginx\html\sistema_biometrico\index.php línea 52
URI: /empleados?search=1
--------------------------------------------------------------------------------
[2026-03-17 14:03:21] [DEPRECATED] session_set_save_handler(): Providing individual callbacks instead of an object implementing SessionHandlerInterface is deprecated en C:\tools\nginx\html\sistema_biometrico\index.php línea 52
URI: /empleados?search=1
--------------------------------------------------------------------------------
[2026-03-17 14:03:21] [DEPRECATED] session_set_save_handler(): Providing individual callbacks instead of an object implementing SessionHandlerInterface is deprecated en C:\tools\nginx\html\sistema_biometrico\index.php línea 52
URI: /empleados?search=1
--------------------------------------------------------------------------------
[2026-03-17 14:03:22] [DEPRECATED] session_set_save_handler(): Providing individual callbacks instead of an object implementing SessionHandlerInterface is deprecated en C:\tools\nginx\html\sistema_biometrico\index.php línea 52
URI: /empleados?search=1
--------------------------------------------------------------------------------
[2026-03-17 14:03:22] [DEPRECATED] session_set_save_handler(): Providing individual callbacks instead of an object implementing SessionHandlerInterface is deprecated en C:\tools\nginx\html\sistema_biometrico\index.php línea 52
URI: /empleados?search=1
--------------------------------------------------------------------------------
[2026-03-17 14:03:22] [DEPRECATED] session_set_save_handler(): Providing individual callbacks instead of an object implementing SessionHandlerInterface is deprecated en C:\tools\nginx\html\sistema_biometrico\index.php línea 52
URI: /empleados?search=1
--------------------------------------------------------------------------------
[2026-03-17 14:03:22] [DEPRECATED] session_set_save_handler(): Providing individual callbacks instead of an object implementing SessionHandlerInterface is deprecated en C:\tools\nginx\html\sistema_biometrico\index.php línea 52
URI: /empleados?search=1
--------------------------------------------------------------------------------
[2026-03-17 14:03:23] [DEPRECATED] session_set_save_handler(): Providing individual callbacks instead of an object implementing SessionHandlerInterface is deprecated en C:\tools\nginx\html\sistema_biometrico\index.php línea 52
URI: /empleados?search=1
--------------------------------------------------------------------------------
[2026-03-17 14:03:23] [DEPRECATED] session_set_save_handler(): Providing individual callbacks instead of an object implementing SessionHandlerInterface is deprecated en C:\tools\nginx\html\sistema_biometrico\index.php línea 52
URI: /empleados?search=1
--------------------------------------------------------------------------------
[2026-03-17 14:05:27] [DEPRECATED] session_set_save_handler(): Providing individual callbacks instead of an object implementing SessionHandlerInterface is deprecated en C:\tools\nginx\html\sistema_biometrico\index.php línea 52
URI: /
--------------------------------------------------------------------------------
[2026-03-17 14:05:30] [EXCEPTION] PDOException
Contexto: {"action":"index","section":"comisiones"}
Mensaje: SQLSTATE[42S22]: Column not found: 1054 Unknown column 'monto' in 'SELECT'
URI: /
Archivo: C:\tools\nginx\html\sistema_biometrico\models\Comision.php Línea: 136
#0 C:\tools\nginx\html\sistema_biometrico\models\Comision.php(136): PDO->prepare('SELECT SUM(mont...')
#1 C:\tools\nginx\html\sistema_biometrico\controllers\DashboardController.php(81): Comision->getTotalComisiones(NULL, '03', '2026')
#2 C:\tools\nginx\html\sistema_biometrico\index.php(184): DashboardController->index()
#3 {main}
--------------------------------------------------------------------------------
[2026-03-17 14:05:33] [DEPRECATED] session_set_save_handler(): Providing individual callbacks instead of an object implementing SessionHandlerInterface is deprecated en C:\tools\nginx\html\sistema_biometrico\index.php línea 52
URI: /empleados
--------------------------------------------------------------------------------
[2026-03-17 14:05:34] [DEPRECATED] session_set_save_handler(): Providing individual callbacks instead of an object implementing SessionHandlerInterface is deprecated en C:\tools\nginx\html\sistema_biometrico\index.php línea 52
URI: /empleados/datos-completos/1
--------------------------------------------------------------------------------
[2026-03-17 14:05:40] [DEPRECATED] session_set_save_handler(): Providing individual callbacks instead of an object implementing SessionHandlerInterface is deprecated en C:\tools\nginx\html\sistema_biometrico\index.php línea 52
URI: /justificaciones/get-retardo/2910
--------------------------------------------------------------------------------
[2026-03-17 14:05:42] [DEPRECATED] session_set_save_handler(): Providing individual callbacks instead of an object implementing SessionHandlerInterface is deprecated en C:\tools\nginx\html\sistema_biometrico\index.php línea 52
URI: /justificaciones/ajax-justificar
--------------------------------------------------------------------------------
[2026-03-17 14:05:52] [DEPRECATED] session_set_save_handler(): Providing individual callbacks instead of an object implementing SessionHandlerInterface is deprecated en C:\tools\nginx\html\sistema_biometrico\index.php línea 52
URI: /justificaciones/get-asistencia-ajax/68236
--------------------------------------------------------------------------------
[2026-03-17 14:06:05] [DEPRECATED] session_set_save_handler(): Providing individual callbacks instead of an object implementing SessionHandlerInterface is deprecated en C:\tools\nginx\html\sistema_biometrico\index.php línea 52
URI: /.well-known/appspecific/com.chrome.devtools.json
--------------------------------------------------------------------------------
[2026-03-17 14:06:09] [DEPRECATED] session_set_save_handler(): Providing individual callbacks instead of an object implementing SessionHandlerInterface is deprecated en C:\tools\nginx\html\sistema_biometrico\index.php línea 52
URI: /justificaciones/actualizar-incidencia
--------------------------------------------------------------------------------
[2026-03-17 14:08:50] [DEPRECATED] session_set_save_handler(): Providing individual callbacks instead of an object implementing SessionHandlerInterface is deprecated en C:\tools\nginx\html\sistema_biometrico\index.php línea 52
URI: /empleados
--------------------------------------------------------------------------------
[2026-03-17 14:08:51] [DEPRECATED] session_set_save_handler(): Providing individual callbacks instead of an object implementing SessionHandlerInterface is deprecated en C:\tools\nginx\html\sistema_biometrico\index.php línea 52
URI: /empleados
--------------------------------------------------------------------------------
[2026-03-17 14:08:51] [DEPRECATED] session_set_save_handler(): Providing individual callbacks instead of an object implementing SessionHandlerInterface is deprecated en C:\tools\nginx\html\sistema_biometrico\index.php línea 52
URI: /empleados
--------------------------------------------------------------------------------
[2026-03-17 14:08:52] [DEPRECATED] session_set_save_handler(): Providing individual callbacks instead of an object implementing SessionHandlerInterface is deprecated en C:\tools\nginx\html\sistema_biometrico\index.php línea 52
URI: /empleados
--------------------------------------------------------------------------------
[2026-03-17 14:09:15] [DEPRECATED] session_set_save_handler(): Providing individual callbacks instead of an object implementing SessionHandlerInterface is deprecated en C:\tools\nginx\html\sistema_biometrico\index.php línea 52
URI: /empleados
--------------------------------------------------------------------------------
[2026-03-17 14:09:18] [DEPRECATED] session_set_save_handler(): Providing individual callbacks instead of an object implementing SessionHandlerInterface is deprecated en C:\tools\nginx\html\sistema_biometrico\index.php línea 52
URI: /empleados/datos-completos/1
--------------------------------------------------------------------------------
[2026-03-17 14:09:29] [DEPRECATED] session_set_save_handler(): Providing individual callbacks instead of an object implementing SessionHandlerInterface is deprecated en C:\tools\nginx\html\sistema_biometrico\index.php línea 52
URI: /.well-known/appspecific/com.chrome.devtools.json
--------------------------------------------------------------------------------
[2026-03-17 14:09:32] [DEPRECATED] session_set_save_handler(): Providing individual callbacks instead of an object implementing SessionHandlerInterface is deprecated en C:\tools\nginx\html\sistema_biometrico\index.php línea 52
URI: /justificaciones/get-asistencia-ajax/68236
--------------------------------------------------------------------------------
[2026-03-17 14:09:39] [DEPRECATED] session_set_save_handler(): Providing individual callbacks instead of an object implementing SessionHandlerInterface is deprecated en C:\tools\nginx\html\sistema_biometrico\index.php línea 52
URI: /justificaciones/actualizar-incidencia
--------------------------------------------------------------------------------
[2026-03-17 14:11:59] [DEPRECATED] session_set_save_handler(): Providing individual callbacks instead of an object implementing SessionHandlerInterface is deprecated en C:\tools\nginx\html\sistema_biometrico\index.php línea 52
URI: /empleados
--------------------------------------------------------------------------------
[2026-03-17 14:12:00] [DEPRECATED] session_set_save_handler(): Providing individual callbacks instead of an object implementing SessionHandlerInterface is deprecated en C:\tools\nginx\html\sistema_biometrico\index.php línea 52
URI: /empleados
--------------------------------------------------------------------------------
[2026-03-17 14:12:00] [DEPRECATED] session_set_save_handler(): Providing individual callbacks instead of an object implementing SessionHandlerInterface is deprecated en C:\tools\nginx\html\sistema_biometrico\index.php línea 52
URI: /empleados
--------------------------------------------------------------------------------
[2026-03-17 14:12:01] [DEPRECATED] session_set_save_handler(): Providing individual callbacks instead of an object implementing SessionHandlerInterface is deprecated en C:\tools\nginx\html\sistema_biometrico\index.php línea 52
URI: /empleados
--------------------------------------------------------------------------------
[2026-03-17 14:12:01] [DEPRECATED] session_set_save_handler(): Providing individual callbacks instead of an object implementing SessionHandlerInterface is deprecated en C:\tools\nginx\html\sistema_biometrico\index.php línea 52
URI: /empleados
--------------------------------------------------------------------------------
[2026-03-17 14:12:01] [DEPRECATED] session_set_save_handler(): Providing individual callbacks instead of an object implementing SessionHandlerInterface is deprecated en C:\tools\nginx\html\sistema_biometrico\index.php línea 52
URI: /empleados
--------------------------------------------------------------------------------
[2026-03-17 14:12:01] [DEPRECATED] session_set_save_handler(): Providing individual callbacks instead of an object implementing SessionHandlerInterface is deprecated en C:\tools\nginx\html\sistema_biometrico\index.php línea 52
URI: /empleados
--------------------------------------------------------------------------------
[2026-03-17 14:12:01] [DEPRECATED] session_set_save_handler(): Providing individual callbacks instead of an object implementing SessionHandlerInterface is deprecated en C:\tools\nginx\html\sistema_biometrico\index.php línea 52
URI: /empleados
--------------------------------------------------------------------------------
[2026-03-17 14:12:02] [DEPRECATED] session_set_save_handler(): Providing individual callbacks instead of an object implementing SessionHandlerInterface is deprecated en C:\tools\nginx\html\sistema_biometrico\index.php línea 52
URI: /empleados
--------------------------------------------------------------------------------
[2026-03-17 14:12:20] [DEPRECATED] session_set_save_handler(): Providing individual callbacks instead of an object implementing SessionHandlerInterface is deprecated en C:\tools\nginx\html\sistema_biometrico\index.php línea 52
URI: /empleados/datos-completos/1
--------------------------------------------------------------------------------
[2026-03-17 14:15:09] [DEPRECATED] session_set_save_handler(): Providing individual callbacks instead of an object implementing SessionHandlerInterface is deprecated en C:\tools\nginx\html\sistema_biometrico\index.php línea 52
URI: /empleados/datos-completos/3
--------------------------------------------------------------------------------
[2026-03-17 14:15:39] [DEPRECATED] session_set_save_handler(): Providing individual callbacks instead of an object implementing SessionHandlerInterface is deprecated en C:\tools\nginx\html\sistema_biometrico\index.php línea 52
URI: /empleados/datos-completos/4
--------------------------------------------------------------------------------
[2026-03-17 14:15:47] [DEPRECATED] session_set_save_handler(): Providing individual callbacks instead of an object implementing SessionHandlerInterface is deprecated en C:\tools\nginx\html\sistema_biometrico\index.php línea 52
URI: /empleados/datos-completos/6
--------------------------------------------------------------------------------
[2026-03-17 14:16:57] [DEPRECATED] session_set_save_handler(): Providing individual callbacks instead of an object implementing SessionHandlerInterface is deprecated en C:\tools\nginx\html\sistema_biometrico\index.php línea 52
URI: /empleados/datos-completos/1
--------------------------------------------------------------------------------
[2026-03-17 14:17:01] [DEPRECATED] session_set_save_handler(): Providing individual callbacks instead of an object implementing SessionHandlerInterface is deprecated en C:\tools\nginx\html\sistema_biometrico\index.php línea 52
URI: /justificaciones/get-asistencia-ajax/68236
--------------------------------------------------------------------------------
[2026-03-17 14:17:08] [DEPRECATED] session_set_save_handler(): Providing individual callbacks instead of an object implementing SessionHandlerInterface is deprecated en C:\tools\nginx\html\sistema_biometrico\index.php línea 52
URI: /justificaciones/get-asistencia-ajax/68236
--------------------------------------------------------------------------------
[2026-03-17 14:17:13] [DEPRECATED] session_set_save_handler(): Providing individual callbacks instead of an object implementing SessionHandlerInterface is deprecated en C:\tools\nginx\html\sistema_biometrico\index.php línea 52
URI: /.well-known/appspecific/com.chrome.devtools.json
--------------------------------------------------------------------------------
[2026-03-17 14:17:24] [DEPRECATED] session_set_save_handler(): Providing individual callbacks instead of an object implementing SessionHandlerInterface is deprecated en C:\tools\nginx\html\sistema_biometrico\index.php línea 52
URI: /justificaciones/actualizar-incidencia
--------------------------------------------------------------------------------
[2026-03-17 14:19:01] [DEPRECATED] session_set_save_handler(): Providing individual callbacks instead of an object implementing SessionHandlerInterface is deprecated en C:\tools\nginx\html\sistema_biometrico\index.php línea 52
URI: /empleados
--------------------------------------------------------------------------------
[2026-03-17 14:19:03] [DEPRECATED] session_set_save_handler(): Providing individual callbacks instead of an object implementing SessionHandlerInterface is deprecated en C:\tools\nginx\html\sistema_biometrico\index.php línea 52
URI: /empleados
--------------------------------------------------------------------------------
[2026-03-17 14:19:03] [DEPRECATED] session_set_save_handler(): Providing individual callbacks instead of an object implementing SessionHandlerInterface is deprecated en C:\tools\nginx\html\sistema_biometrico\index.php línea 52
URI: /empleados
--------------------------------------------------------------------------------
[2026-03-17 14:19:04] [DEPRECATED] session_set_save_handler(): Providing individual callbacks instead of an object implementing SessionHandlerInterface is deprecated en C:\tools\nginx\html\sistema_biometrico\index.php línea 52
URI: /empleados
--------------------------------------------------------------------------------
[2026-03-17 14:19:04] [DEPRECATED] session_set_save_handler(): Providing individual callbacks instead of an object implementing SessionHandlerInterface is deprecated en C:\tools\nginx\html\sistema_biometrico\index.php línea 52
URI: /empleados
--------------------------------------------------------------------------------
[2026-03-17 14:19:06] [DEPRECATED] session_set_save_handler(): Providing individual callbacks instead of an object implementing SessionHandlerInterface is deprecated en C:\tools\nginx\html\sistema_biometrico\index.php línea 52
URI: /empleados/datos-completos/1
--------------------------------------------------------------------------------
[2026-03-17 14:19:09] [DEPRECATED] session_set_save_handler(): Providing individual callbacks instead of an object implementing SessionHandlerInterface is deprecated en C:\tools\nginx\html\sistema_biometrico\index.php línea 52
URI: /justificaciones/get-asistencia-ajax/68236
--------------------------------------------------------------------------------
[2026-03-17 14:19:16] [DEPRECATED] session_set_save_handler(): Providing individual callbacks instead of an object implementing SessionHandlerInterface is deprecated en C:\tools\nginx\html\sistema_biometrico\index.php línea 52
URI: /justificaciones/actualizar-incidencia
--------------------------------------------------------------------------------
[2026-03-17 14:20:54] [DEPRECATED] session_set_save_handler(): Providing individual callbacks instead of an object implementing SessionHandlerInterface is deprecated en C:\tools\nginx\html\sistema_biometrico\index.php línea 52
URI: /empleados
--------------------------------------------------------------------------------
[2026-03-17 14:20:55] [DEPRECATED] session_set_save_handler(): Providing individual callbacks instead of an object implementing SessionHandlerInterface is deprecated en C:\tools\nginx\html\sistema_biometrico\index.php línea 52
URI: /empleados
--------------------------------------------------------------------------------
[2026-03-17 14:20:56] [DEPRECATED] session_set_save_handler(): Providing individual callbacks instead of an object implementing SessionHandlerInterface is deprecated en C:\tools\nginx\html\sistema_biometrico\index.php línea 52
URI: /empleados
--------------------------------------------------------------------------------
[2026-03-17 14:20:56] [DEPRECATED] session_set_save_handler(): Providing individual callbacks instead of an object implementing SessionHandlerInterface is deprecated en C:\tools\nginx\html\sistema_biometrico\index.php línea 52
URI: /empleados
--------------------------------------------------------------------------------
[2026-03-17 14:20:56] [DEPRECATED] session_set_save_handler(): Providing individual callbacks instead of an object implementing SessionHandlerInterface is deprecated en C:\tools\nginx\html\sistema_biometrico\index.php línea 52
URI: /empleados
--------------------------------------------------------------------------------
[2026-03-17 14:20:59] [DEPRECATED] session_set_save_handler(): Providing individual callbacks instead of an object implementing SessionHandlerInterface is deprecated en C:\tools\nginx\html\sistema_biometrico\index.php línea 52
URI: /empleados/datos-completos/1
--------------------------------------------------------------------------------
[2026-03-17 14:21:02] [DEPRECATED] session_set_save_handler(): Providing individual callbacks instead of an object implementing SessionHandlerInterface is deprecated en C:\tools\nginx\html\sistema_biometrico\index.php línea 52
URI: /justificaciones/get-asistencia-ajax/68236
--------------------------------------------------------------------------------
[2026-03-17 14:21:09] [DEPRECATED] session_set_save_handler(): Providing individual callbacks instead of an object implementing SessionHandlerInterface is deprecated en C:\tools\nginx\html\sistema_biometrico\index.php línea 52
URI: /justificaciones/actualizar-incidencia
--------------------------------------------------------------------------------
[2026-03-17 14:21:11] [DEPRECATED] session_set_save_handler(): Providing individual callbacks instead of an object implementing SessionHandlerInterface is deprecated en C:\tools\nginx\html\sistema_biometrico\index.php línea 52
URI: /empleados/datos-completos/1
--------------------------------------------------------------------------------
[2026-03-17 14:25:45] [DEPRECATED] session_set_save_handler(): Providing individual callbacks instead of an object implementing SessionHandlerInterface is deprecated en C:\tools\nginx\html\sistema_biometrico\index.php línea 52
URI: /empleados
--------------------------------------------------------------------------------
[2026-03-17 14:25:54] [DEPRECATED] session_set_save_handler(): Providing individual callbacks instead of an object implementing SessionHandlerInterface is deprecated en C:\tools\nginx\html\sistema_biometrico\index.php línea 52
URI: /empleados
--------------------------------------------------------------------------------
[2026-03-17 14:26:03] [DEPRECATED] session_set_save_handler(): Providing individual callbacks instead of an object implementing SessionHandlerInterface is deprecated en C:\tools\nginx\html\sistema_biometrico\index.php línea 52
URI: /empleados/datos-completos/4
--------------------------------------------------------------------------------
[2026-03-17 14:26:08] [DEPRECATED] session_set_save_handler(): Providing individual callbacks instead of an object implementing SessionHandlerInterface is deprecated en C:\tools\nginx\html\sistema_biometrico\index.php línea 52
URI: /empleados/datos-completos/1
--------------------------------------------------------------------------------
[2026-03-17 14:27:12] [DEPRECATED] session_set_save_handler(): Providing individual callbacks instead of an object implementing SessionHandlerInterface is deprecated en C:\tools\nginx\html\sistema_biometrico\index.php línea 52
URI: /empleados/datos-completos/1
--------------------------------------------------------------------------------
[2026-03-17 14:28:21] [DEPRECATED] session_set_save_handler(): Providing individual callbacks instead of an object implementing SessionHandlerInterface is deprecated en C:\tools\nginx\html\sistema_biometrico\index.php línea 52
URI: /logout
--------------------------------------------------------------------------------
[2026-03-17 14:28:21] [DEPRECATED] session_set_save_handler(): Providing individual callbacks instead of an object implementing SessionHandlerInterface is deprecated en C:\tools\nginx\html\sistema_biometrico\index.php línea 52
URI: /login
--------------------------------------------------------------------------------
[2026-03-17 14:29:16] [DEPRECATED] session_set_save_handler(): Providing individual callbacks instead of an object implementing SessionHandlerInterface is deprecated en C:\tools\nginx\html\sistema_biometrico\index.php línea 52
URI: /login
--------------------------------------------------------------------------------
[2026-03-17 14:29:24] [DEPRECATED] session_set_save_handler(): Providing individual callbacks instead of an object implementing SessionHandlerInterface is deprecated en C:\tools\nginx\html\sistema_biometrico\index.php línea 52
URI: /login
--------------------------------------------------------------------------------
[2026-03-17 14:29:25] [DEPRECATED] session_set_save_handler(): Providing individual callbacks instead of an object implementing SessionHandlerInterface is deprecated en C:\tools\nginx\html\sistema_biometrico\index.php línea 52
URI: /dashboard
--------------------------------------------------------------------------------
[2026-03-17 14:29:36] [DEPRECATED] session_set_save_handler(): Providing individual callbacks instead of an object implementing SessionHandlerInterface is deprecated en C:\tools\nginx\html\sistema_biometrico\index.php línea 52
URI: /empleados
--------------------------------------------------------------------------------
[2026-03-17 14:29:39] [DEPRECATED] session_set_save_handler(): Providing individual callbacks instead of an object implementing SessionHandlerInterface is deprecated en C:\tools\nginx\html\sistema_biometrico\index.php línea 52
URI: /empleados/datos-completos/1
--------------------------------------------------------------------------------
[2026-03-17 14:29:44] [DEPRECATED] session_set_save_handler(): Providing individual callbacks instead of an object implementing SessionHandlerInterface is deprecated en C:\tools\nginx\html\sistema_biometrico\index.php línea 52
URI: /justificaciones/get-asistencia-ajax/68220
--------------------------------------------------------------------------------
[2026-03-17 14:29:53] [DEPRECATED] session_set_save_handler(): Providing individual callbacks instead of an object implementing SessionHandlerInterface is deprecated en C:\tools\nginx\html\sistema_biometrico\index.php línea 52
URI: /justificaciones/actualizar-incidencia
--------------------------------------------------------------------------------
[2026-03-17 14:31:16] [DEPRECATED] session_set_save_handler(): Providing individual callbacks instead of an object implementing SessionHandlerInterface is deprecated en C:\tools\nginx\html\sistema_biometrico\index.php línea 52
URI: /empleados
--------------------------------------------------------------------------------
[2026-03-17 14:31:17] [DEPRECATED] session_set_save_handler(): Providing individual callbacks instead of an object implementing SessionHandlerInterface is deprecated en C:\tools\nginx\html\sistema_biometrico\index.php línea 52
URI: /empleados
--------------------------------------------------------------------------------
[2026-03-17 14:31:18] [DEPRECATED] session_set_save_handler(): Providing individual callbacks instead of an object implementing SessionHandlerInterface is deprecated en C:\tools\nginx\html\sistema_biometrico\index.php línea 52
URI: /empleados
--------------------------------------------------------------------------------
[2026-03-17 14:31:18] [DEPRECATED] session_set_save_handler(): Providing individual callbacks instead of an object implementing SessionHandlerInterface is deprecated en C:\tools\nginx\html\sistema_biometrico\index.php línea 52
URI: /empleados
--------------------------------------------------------------------------------
[2026-03-17 14:31:18] [DEPRECATED] session_set_save_handler(): Providing individual callbacks instead of an object implementing SessionHandlerInterface is deprecated en C:\tools\nginx\html\sistema_biometrico\index.php línea 52
URI: /empleados
--------------------------------------------------------------------------------
[2026-03-17 14:31:18] [DEPRECATED] session_set_save_handler(): Providing individual callbacks instead of an object implementing SessionHandlerInterface is deprecated en C:\tools\nginx\html\sistema_biometrico\index.php línea 52
URI: /empleados
--------------------------------------------------------------------------------
[2026-03-17 14:31:18] [DEPRECATED] session_set_save_handler(): Providing individual callbacks instead of an object implementing SessionHandlerInterface is deprecated en C:\tools\nginx\html\sistema_biometrico\index.php línea 52
URI: /empleados
--------------------------------------------------------------------------------
[2026-03-17 14:31:19] [DEPRECATED] session_set_save_handler(): Providing individual callbacks instead of an object implementing SessionHandlerInterface is deprecated en C:\tools\nginx\html\sistema_biometrico\index.php línea 52
URI: /empleados
--------------------------------------------------------------------------------
[2026-03-17 14:31:19] [DEPRECATED] session_set_save_handler(): Providing individual callbacks instead of an object implementing SessionHandlerInterface is deprecated en C:\tools\nginx\html\sistema_biometrico\index.php línea 52
URI: /empleados
--------------------------------------------------------------------------------
[2026-03-17 14:31:19] [DEPRECATED] session_set_save_handler(): Providing individual callbacks instead of an object implementing SessionHandlerInterface is deprecated en C:\tools\nginx\html\sistema_biometrico\index.php línea 52
URI: /empleados
--------------------------------------------------------------------------------
[2026-03-17 14:31:20] [DEPRECATED] session_set_save_handler(): Providing individual callbacks instead of an object implementing SessionHandlerInterface is deprecated en C:\tools\nginx\html\sistema_biometrico\index.php línea 52
URI: /empleados
--------------------------------------------------------------------------------
[2026-03-17 14:31:20] [DEPRECATED] session_set_save_handler(): Providing individual callbacks instead of an object implementing SessionHandlerInterface is deprecated en C:\tools\nginx\html\sistema_biometrico\index.php línea 52
URI: /empleados
--------------------------------------------------------------------------------
[2026-03-17 14:31:20] [DEPRECATED] session_set_save_handler(): Providing individual callbacks instead of an object implementing SessionHandlerInterface is deprecated en C:\tools\nginx\html\sistema_biometrico\index.php línea 52
URI: /empleados
--------------------------------------------------------------------------------
[2026-03-17 14:31:21] [DEPRECATED] session_set_save_handler(): Providing individual callbacks instead of an object implementing SessionHandlerInterface is deprecated en C:\tools\nginx\html\sistema_biometrico\index.php línea 52
URI: /empleados
--------------------------------------------------------------------------------
[2026-03-17 14:31:21] [DEPRECATED] session_set_save_handler(): Providing individual callbacks instead of an object implementing SessionHandlerInterface is deprecated en C:\tools\nginx\html\sistema_biometrico\index.php línea 52
URI: /empleados
--------------------------------------------------------------------------------
[2026-03-17 14:31:21] [DEPRECATED] session_set_save_handler(): Providing individual callbacks instead of an object implementing SessionHandlerInterface is deprecated en C:\tools\nginx\html\sistema_biometrico\index.php línea 52
URI: /empleados
--------------------------------------------------------------------------------
[2026-03-17 14:31:21] [DEPRECATED] session_set_save_handler(): Providing individual callbacks instead of an object implementing SessionHandlerInterface is deprecated en C:\tools\nginx\html\sistema_biometrico\index.php línea 52
URI: /empleados
--------------------------------------------------------------------------------
[2026-03-17 14:31:22] [DEPRECATED] session_set_save_handler(): Providing individual callbacks instead of an object implementing SessionHandlerInterface is deprecated en C:\tools\nginx\html\sistema_biometrico\index.php línea 52
URI: /empleados
--------------------------------------------------------------------------------
[2026-03-17 14:31:22] [DEPRECATED] session_set_save_handler(): Providing individual callbacks instead of an object implementing SessionHandlerInterface is deprecated en C:\tools\nginx\html\sistema_biometrico\index.php línea 52
URI: /empleados
--------------------------------------------------------------------------------
[2026-03-17 14:31:22] [DEPRECATED] session_set_save_handler(): Providing individual callbacks instead of an object implementing SessionHandlerInterface is deprecated en C:\tools\nginx\html\sistema_biometrico\index.php línea 52
URI: /empleados
--------------------------------------------------------------------------------
[2026-03-17 14:31:29] [DEPRECATED] session_set_save_handler(): Providing individual callbacks instead of an object implementing SessionHandlerInterface is deprecated en C:\tools\nginx\html\sistema_biometrico\index.php línea 52
URI: /empleados?search=87
--------------------------------------------------------------------------------
[2026-03-17 14:31:33] [DEPRECATED] session_set_save_handler(): Providing individual callbacks instead of an object implementing SessionHandlerInterface is deprecated en C:\tools\nginx\html\sistema_biometrico\index.php línea 52
URI: /empleados/datos-completos/87
--------------------------------------------------------------------------------
[2026-03-17 14:31:37] [DEPRECATED] session_set_save_handler(): Providing individual callbacks instead of an object implementing SessionHandlerInterface is deprecated en C:\tools\nginx\html\sistema_biometrico\index.php línea 52
URI: /justificaciones/get-asistencia-ajax/69893
--------------------------------------------------------------------------------
[2026-03-17 14:31:47] [DEPRECATED] session_set_save_handler(): Providing individual callbacks instead of an object implementing SessionHandlerInterface is deprecated en C:\tools\nginx\html\sistema_biometrico\index.php línea 52
URI: /justificaciones/actualizar-incidencia
--------------------------------------------------------------------------------
[2026-03-17 14:32:35] [DEPRECATED] session_set_save_handler(): Providing individual callbacks instead of an object implementing SessionHandlerInterface is deprecated en C:\tools\nginx\html\sistema_biometrico\index.php línea 52
URI: /empleados/datos-completos/87
--------------------------------------------------------------------------------
[2026-03-17 14:32:37] [DEPRECATED] session_set_save_handler(): Providing individual callbacks instead of an object implementing SessionHandlerInterface is deprecated en C:\tools\nginx\html\sistema_biometrico\index.php línea 52
URI: /justificaciones/get-asistencia-ajax/69893
--------------------------------------------------------------------------------
[2026-03-17 14:32:40] [DEPRECATED] session_set_save_handler(): Providing individual callbacks instead of an object implementing SessionHandlerInterface is deprecated en C:\tools\nginx\html\sistema_biometrico\index.php línea 52
URI: /justificaciones/actualizar-incidencia
--------------------------------------------------------------------------------
[2026-03-17 14:32:43] [DEPRECATED] session_set_save_handler(): Providing individual callbacks instead of an object implementing SessionHandlerInterface is deprecated en C:\tools\nginx\html\sistema_biometrico\index.php línea 52
URI: /empleados/datos-completos/87
--------------------------------------------------------------------------------
[2026-03-17 14:33:24] [DEPRECATED] session_set_save_handler(): Providing individual callbacks instead of an object implementing SessionHandlerInterface is deprecated en C:\tools\nginx\html\sistema_biometrico\index.php línea 52
URI: /empleados?search=87
--------------------------------------------------------------------------------
[2026-03-17 14:33:26] [DEPRECATED] session_set_save_handler(): Providing individual callbacks instead of an object implementing SessionHandlerInterface is deprecated en C:\tools\nginx\html\sistema_biometrico\index.php línea 52
URI: /empleados/datos-completos/87
--------------------------------------------------------------------------------
[2026-03-17 14:42:24] [DEPRECATED] session_set_save_handler(): Providing individual callbacks instead of an object implementing SessionHandlerInterface is deprecated en C:\tools\nginx\html\sistema_biometrico\index.php línea 52
URI: /empleados?search=87
--------------------------------------------------------------------------------
[2026-03-17 14:42:28] [DEPRECATED] session_set_save_handler(): Providing individual callbacks instead of an object implementing SessionHandlerInterface is deprecated en C:\tools\nginx\html\sistema_biometrico\index.php línea 52
URI: /empleados/datos-completos/87
--------------------------------------------------------------------------------
[2026-03-17 14:45:40] [DEPRECATED] session_set_save_handler(): Providing individual callbacks instead of an object implementing SessionHandlerInterface is deprecated en C:\tools\nginx\html\sistema_biometrico\index.php línea 52
URI: /empleados/datos-completos/87
--------------------------------------------------------------------------------
[2026-03-17 14:46:06] [DEPRECATED] session_set_save_handler(): Providing individual callbacks instead of an object implementing SessionHandlerInterface is deprecated en C:\tools\nginx\html\sistema_biometrico\index.php línea 52
URI: /empleados?search=1
--------------------------------------------------------------------------------
[2026-03-17 14:52:45] [DEPRECATED] session_set_save_handler(): Providing individual callbacks instead of an object implementing SessionHandlerInterface is deprecated en C:\tools\nginx\html\sistema_biometrico\index.php línea 52
URI: /
--------------------------------------------------------------------------------
[2026-03-17 14:52:45] [DEPRECATED] session_set_save_handler(): Providing individual callbacks instead of an object implementing SessionHandlerInterface is deprecated en C:\tools\nginx\html\sistema_biometrico\index.php línea 52
URI: /login
--------------------------------------------------------------------------------
[2026-03-17 14:52:45] [DEPRECATED] session_set_save_handler(): Providing individual callbacks instead of an object implementing SessionHandlerInterface is deprecated en C:\tools\nginx\html\sistema_biometrico\index.php línea 52
URI: /api/log-error
--------------------------------------------------------------------------------
[2026-03-17 14:52:47] [DEPRECATED] session_set_save_handler(): Providing individual callbacks instead of an object implementing SessionHandlerInterface is deprecated en C:\tools\nginx\html\sistema_biometrico\index.php línea 52
URI: /login
--------------------------------------------------------------------------------
[2026-03-17 14:52:54] [DEPRECATED] session_set_save_handler(): Providing individual callbacks instead of an object implementing SessionHandlerInterface is deprecated en C:\tools\nginx\html\sistema_biometrico\index.php línea 52
URI: /login
--------------------------------------------------------------------------------
[2026-03-17 14:52:54] [DEPRECATED] session_set_save_handler(): Providing individual callbacks instead of an object implementing SessionHandlerInterface is deprecated en C:\tools\nginx\html\sistema_biometrico\index.php línea 52
URI: /dashboard
--------------------------------------------------------------------------------
[2026-03-17 14:53:14] [DEPRECATED] session_set_save_handler(): Providing individual callbacks instead of an object implementing SessionHandlerInterface is deprecated en C:\tools\nginx\html\sistema_biometrico\index.php línea 52
URI: /empleados
--------------------------------------------------------------------------------
[2026-03-17 14:53:14] [DEPRECATED] session_set_save_handler(): Providing individual callbacks instead of an object implementing SessionHandlerInterface is deprecated en C:\tools\nginx\html\sistema_biometrico\index.php línea 52
URI: /favicon.ico
--------------------------------------------------------------------------------
[2026-03-17 14:54:09] [DEPRECATED] session_set_save_handler(): Providing individual callbacks instead of an object implementing SessionHandlerInterface is deprecated en C:\tools\nginx\html\sistema_biometrico\index.php línea 52
URI: /empleados
--------------------------------------------------------------------------------
[2026-03-17 14:54:14] [DEPRECATED] session_set_save_handler(): Providing individual callbacks instead of an object implementing SessionHandlerInterface is deprecated en C:\tools\nginx\html\sistema_biometrico\index.php línea 52
URI: /empleados?search=87
--------------------------------------------------------------------------------
[2026-03-17 14:54:16] [DEPRECATED] session_set_save_handler(): Providing individual callbacks instead of an object implementing SessionHandlerInterface is deprecated en C:\tools\nginx\html\sistema_biometrico\index.php línea 52
URI: /empleados/datos-completos/87
--------------------------------------------------------------------------------
[2026-03-17 14:56:31] [DEPRECATED] session_set_save_handler(): Providing individual callbacks instead of an object implementing SessionHandlerInterface is deprecated en C:\tools\nginx\html\sistema_biometrico\index.php línea 52
URI: /logout
--------------------------------------------------------------------------------
[2026-03-17 14:56:31] [DEPRECATED] session_set_save_handler(): Providing individual callbacks instead of an object implementing SessionHandlerInterface is deprecated en C:\tools\nginx\html\sistema_biometrico\index.php línea 52
URI: /login
--------------------------------------------------------------------------------
[2026-03-17 14:58:30] [DEPRECATED] session_set_save_handler(): Providing individual callbacks instead of an object implementing SessionHandlerInterface is deprecated en C:\tools\nginx\html\sistema_biometrico\index.php línea 52
URI: /
--------------------------------------------------------------------------------
[2026-03-17 14:58:30] [DEPRECATED] session_set_save_handler(): Providing individual callbacks instead of an object implementing SessionHandlerInterface is deprecated en C:\tools\nginx\html\sistema_biometrico\index.php línea 52
URI: /login
--------------------------------------------------------------------------------
[2026-03-17 14:58:38] [DEPRECATED] session_set_save_handler(): Providing individual callbacks instead of an object implementing SessionHandlerInterface is deprecated en C:\tools\nginx\html\sistema_biometrico\index.php línea 52
URI: /login
--------------------------------------------------------------------------------
[2026-03-17 14:58:38] [DEPRECATED] session_set_save_handler(): Providing individual callbacks instead of an object implementing SessionHandlerInterface is deprecated en C:\tools\nginx\html\sistema_biometrico\index.php línea 52
URI: /dashboard
--------------------------------------------------------------------------------
[2026-03-17 14:58:45] [DEPRECATED] session_set_save_handler(): Providing individual callbacks instead of an object implementing SessionHandlerInterface is deprecated en C:\tools\nginx\html\sistema_biometrico\index.php línea 52
URI: /empleados
--------------------------------------------------------------------------------
[2026-03-17 14:58:51] [DEPRECATED] session_set_save_handler(): Providing individual callbacks instead of an object implementing SessionHandlerInterface is deprecated en C:\tools\nginx\html\sistema_biometrico\index.php línea 52
URI: /empleados?search=87
--------------------------------------------------------------------------------
[2026-03-17 14:58:54] [DEPRECATED] session_set_save_handler(): Providing individual callbacks instead of an object implementing SessionHandlerInterface is deprecated en C:\tools\nginx\html\sistema_biometrico\index.php línea 52
URI: /empleados/datos-completos/87
--------------------------------------------------------------------------------
[2026-03-17 14:59:05] [DEPRECATED] session_set_save_handler(): Providing individual callbacks instead of an object implementing SessionHandlerInterface is deprecated en C:\tools\nginx\html\sistema_biometrico\index.php línea 52
URI: /empleados?search=87
--------------------------------------------------------------------------------
[2026-03-17 14:59:06] [DEPRECATED] session_set_save_handler(): Providing individual callbacks instead of an object implementing SessionHandlerInterface is deprecated en C:\tools\nginx\html\sistema_biometrico\index.php línea 52
URI: /empleados/datos-completos/87
--------------------------------------------------------------------------------
[2026-03-17 14:59:08] [DEPRECATED] session_set_save_handler(): Providing individual callbacks instead of an object implementing SessionHandlerInterface is deprecated en C:\tools\nginx\html\sistema_biometrico\index.php línea 52
URI: /empleados?search=87
--------------------------------------------------------------------------------
[2026-03-17 14:59:10] [DEPRECATED] session_set_save_handler(): Providing individual callbacks instead of an object implementing SessionHandlerInterface is deprecated en C:\tools\nginx\html\sistema_biometrico\index.php línea 52
URI: /empleados/datos-completos/87
--------------------------------------------------------------------------------
[2026-03-17 14:59:22] [DEPRECATED] session_set_save_handler(): Providing individual callbacks instead of an object implementing SessionHandlerInterface is deprecated en C:\tools\nginx\html\sistema_biometrico\index.php línea 52
URI: /logout
--------------------------------------------------------------------------------
[2026-03-17 14:59:22] [DEPRECATED] session_set_save_handler(): Providing individual callbacks instead of an object implementing SessionHandlerInterface is deprecated en C:\tools\nginx\html\sistema_biometrico\index.php línea 52
URI: /login
--------------------------------------------------------------------------------
[2026-03-17 15:01:21] [DEPRECATED] session_set_save_handler(): Providing individual callbacks instead of an object implementing SessionHandlerInterface is deprecated en C:\tools\nginx\html\sistema_biometrico\index.php línea 52
URI: /
--------------------------------------------------------------------------------
[2026-03-17 15:01:21] [DEPRECATED] session_set_save_handler(): Providing individual callbacks instead of an object implementing SessionHandlerInterface is deprecated en C:\tools\nginx\html\sistema_biometrico\index.php línea 52
URI: /login
--------------------------------------------------------------------------------
[2026-03-17 15:01:29] [DEPRECATED] session_set_save_handler(): Providing individual callbacks instead of an object implementing SessionHandlerInterface is deprecated en C:\tools\nginx\html\sistema_biometrico\index.php línea 52
URI: /login
--------------------------------------------------------------------------------
[2026-03-17 15:01:29] [DEPRECATED] session_set_save_handler(): Providing individual callbacks instead of an object implementing SessionHandlerInterface is deprecated en C:\tools\nginx\html\sistema_biometrico\index.php línea 52
URI: /dashboard
--------------------------------------------------------------------------------
[2026-03-17 15:01:34] [DEPRECATED] session_set_save_handler(): Providing individual callbacks instead of an object implementing SessionHandlerInterface is deprecated en C:\tools\nginx\html\sistema_biometrico\index.php línea 52
URI: /database
--------------------------------------------------------------------------------
[2026-03-17 15:01:35] [DEPRECATED] session_set_save_handler(): Providing individual callbacks instead of an object implementing SessionHandlerInterface is deprecated en C:\tools\nginx\html\sistema_biometrico\index.php línea 52
URI: /database/foreignKeys
--------------------------------------------------------------------------------
[2026-03-17 15:01:35] [DEPRECATED] session_set_save_handler(): Providing individual callbacks instead of an object implementing SessionHandlerInterface is deprecated en C:\tools\nginx\html\sistema_biometrico\index.php línea 52
URI: /database/listBackups
--------------------------------------------------------------------------------
[2026-03-17 15:01:51] [DEPRECATED] session_set_save_handler(): Providing individual callbacks instead of an object implementing SessionHandlerInterface is deprecated en C:\tools\nginx\html\sistema_biometrico\index.php línea 52
URI: /database/backup
--------------------------------------------------------------------------------
[2026-03-17 15:01:54] [DEPRECATED] session_set_save_handler(): Providing individual callbacks instead of an object implementing SessionHandlerInterface is deprecated en C:\tools\nginx\html\sistema_biometrico\index.php línea 52
URI: /database
--------------------------------------------------------------------------------
[2026-03-17 15:01:54] [DEPRECATED] session_set_save_handler(): Providing individual callbacks instead of an object implementing SessionHandlerInterface is deprecated en C:\tools\nginx\html\sistema_biometrico\index.php línea 52
URI: /database/foreignKeys
--------------------------------------------------------------------------------
[2026-03-17 15:01:54] [DEPRECATED] session_set_save_handler(): Providing individual callbacks instead of an object implementing SessionHandlerInterface is deprecated en C:\tools\nginx\html\sistema_biometrico\index.php línea 52
URI: /database/listBackups
--------------------------------------------------------------------------------
[2026-03-17 15:02:00] [DEPRECATED] session_set_save_handler(): Providing individual callbacks instead of an object implementing SessionHandlerInterface is deprecated en C:\tools\nginx\html\sistema_biometrico\index.php línea 52
URI: /database/backup
--------------------------------------------------------------------------------
[2026-03-17 15:02:03] [DEPRECATED] session_set_save_handler(): Providing individual callbacks instead of an object implementing SessionHandlerInterface is deprecated en C:\tools\nginx\html\sistema_biometrico\index.php línea 52
URI: /database
--------------------------------------------------------------------------------
[2026-03-17 15:02:03] [DEPRECATED] session_set_save_handler(): Providing individual callbacks instead of an object implementing SessionHandlerInterface is deprecated en C:\tools\nginx\html\sistema_biometrico\index.php línea 52
URI: /database/foreignKeys
--------------------------------------------------------------------------------
[2026-03-17 15:02:03] [DEPRECATED] session_set_save_handler(): Providing individual callbacks instead of an object implementing SessionHandlerInterface is deprecated en C:\tools\nginx\html\sistema_biometrico\index.php línea 52
URI: /database/listBackups
--------------------------------------------------------------------------------
[2026-03-17 15:02:20] [DEPRECATED] session_set_save_handler(): Providing individual callbacks instead of an object implementing SessionHandlerInterface is deprecated en C:\tools\nginx\html\sistema_biometrico\index.php línea 52
URI: /empleados
--------------------------------------------------------------------------------
[2026-03-17 15:04:19] [DEPRECATED] session_set_save_handler(): Providing individual callbacks instead of an object implementing SessionHandlerInterface is deprecated en C:\tools\nginx\html\sistema_biometrico\index.php línea 52
URI: /empleados?search=87
--------------------------------------------------------------------------------
[2026-03-17 15:04:21] [DEPRECATED] session_set_save_handler(): Providing individual callbacks instead of an object implementing SessionHandlerInterface is deprecated en C:\tools\nginx\html\sistema_biometrico\index.php línea 52
URI: /empleados/datos-completos/87
--------------------------------------------------------------------------------
[2026-03-17 15:04:33] [DEPRECATED] session_set_save_handler(): Providing individual callbacks instead of an object implementing SessionHandlerInterface is deprecated en C:\tools\nginx\html\sistema_biometrico\index.php línea 52
URI: /logout
--------------------------------------------------------------------------------
[2026-03-17 15:04:33] [DEPRECATED] session_set_save_handler(): Providing individual callbacks instead of an object implementing SessionHandlerInterface is deprecated en C:\tools\nginx\html\sistema_biometrico\index.php línea 52
URI: /login
--------------------------------------------------------------------------------
[2026-03-17 15:05:23] [DEPRECATED] session_set_save_handler(): Providing individual callbacks instead of an object implementing SessionHandlerInterface is deprecated en C:\tools\nginx\html\sistema_biometrico\index.php línea 52
URI: /
--------------------------------------------------------------------------------
[2026-03-17 15:05:23] [DEPRECATED] session_set_save_handler(): Providing individual callbacks instead of an object implementing SessionHandlerInterface is deprecated en C:\tools\nginx\html\sistema_biometrico\index.php línea 52
URI: /login
--------------------------------------------------------------------------------
[2026-03-17 15:05:30] [DEPRECATED] session_set_save_handler(): Providing individual callbacks instead of an object implementing SessionHandlerInterface is deprecated en C:\tools\nginx\html\sistema_biometrico\index.php línea 52
URI: /login
--------------------------------------------------------------------------------
[2026-03-17 15:05:31] [DEPRECATED] session_set_save_handler(): Providing individual callbacks instead of an object implementing SessionHandlerInterface is deprecated en C:\tools\nginx\html\sistema_biometrico\index.php línea 52
URI: /dashboard
--------------------------------------------------------------------------------
[2026-03-17 15:05:37] [DEPRECATED] session_set_save_handler(): Providing individual callbacks instead of an object implementing SessionHandlerInterface is deprecated en C:\tools\nginx\html\sistema_biometrico\index.php línea 52
URI: /empleados
--------------------------------------------------------------------------------
[2026-03-17 15:05:47] [DEPRECATED] session_set_save_handler(): Providing individual callbacks instead of an object implementing SessionHandlerInterface is deprecated en C:\tools\nginx\html\sistema_biometrico\index.php línea 52
URI: /empleados?search=87
--------------------------------------------------------------------------------
[2026-03-17 15:05:53] [DEPRECATED] session_set_save_handler(): Providing individual callbacks instead of an object implementing SessionHandlerInterface is deprecated en C:\tools\nginx\html\sistema_biometrico\index.php línea 52
URI: /empleados/datos-completos/87
--------------------------------------------------------------------------------
[2026-03-17 15:06:18] [DEPRECATED] session_set_save_handler(): Providing individual callbacks instead of an object implementing SessionHandlerInterface is deprecated en C:\tools\nginx\html\sistema_biometrico\index.php línea 52
URI: /logout
--------------------------------------------------------------------------------
[2026-03-17 15:06:18] [DEPRECATED] session_set_save_handler(): Providing individual callbacks instead of an object implementing SessionHandlerInterface is deprecated en C:\tools\nginx\html\sistema_biometrico\index.php línea 52
URI: /login
--------------------------------------------------------------------------------
