[2026-03-18 07:24:04] [FATAL_ERROR] Uncaught PDOException: SQLSTATE[42S22]: Column not found: 1054 Unknown column 'e.numero_empleado' in 'SELECT' in Command line code:20
Stack trace:
#0 Command line code(20): PDO->query()
#1 {main}
  thrown en Command line code línea 20
URI: N/A
--------------------------------------------------------------------------------
[2026-03-18 07:25:03] [FATAL_ERROR] Uncaught PDOException: SQLSTATE[23000]: Integrity constraint violation: 1452 Cannot add or update a child row: a foreign key constraint fails (`sistema_biometrico`.`empleados`, CONSTRAINT `fk_jefe_directo` FOREIGN KEY (`jefe_directo_id`) REFERENCES `empleados` (`id`) ON DELETE SET NULL) in Command line code:24
Stack trace:
#0 Command line code(24): PDO->query()
#1 {main}
  thrown en Command line code línea 24
URI: N/A
--------------------------------------------------------------------------------
[2026-03-18 09:06:21] [DEPRECATED] session_set_save_handler(): Providing individual callbacks instead of an object implementing SessionHandlerInterface is deprecated en C:\tools\nginx\html\sistema_biometrico\index.php línea 52
URI: /
--------------------------------------------------------------------------------
[2026-03-18 09:06:22] [DEPRECATED] session_set_save_handler(): Providing individual callbacks instead of an object implementing SessionHandlerInterface is deprecated en C:\tools\nginx\html\sistema_biometrico\index.php línea 52
URI: /login
--------------------------------------------------------------------------------
[2026-03-18 09:06:49] [DEPRECATED] session_set_save_handler(): Providing individual callbacks instead of an object implementing SessionHandlerInterface is deprecated en C:\tools\nginx\html\sistema_biometrico\index.php línea 52
URI: /login
--------------------------------------------------------------------------------
[2026-03-18 09:06:59] [DEPRECATED] session_set_save_handler(): Providing individual callbacks instead of an object implementing SessionHandlerInterface is deprecated en C:\tools\nginx\html\sistema_biometrico\index.php línea 52
URI: /login
--------------------------------------------------------------------------------
[2026-03-18 09:06:59] [DEPRECATED] session_set_save_handler(): Providing individual callbacks instead of an object implementing SessionHandlerInterface is deprecated en C:\tools\nginx\html\sistema_biometrico\index.php línea 52
URI: /dashboard
--------------------------------------------------------------------------------
[2026-03-18 09:07:07] [DEPRECATED] session_set_save_handler(): Providing individual callbacks instead of an object implementing SessionHandlerInterface is deprecated en C:\tools\nginx\html\sistema_biometrico\index.php línea 52
URI: /empleados
--------------------------------------------------------------------------------
[2026-03-18 09:07:12] [DEPRECATED] session_set_save_handler(): Providing individual callbacks instead of an object implementing SessionHandlerInterface is deprecated en C:\tools\nginx\html\sistema_biometrico\index.php línea 52
URI: /empleados/datos-completos/1
--------------------------------------------------------------------------------
[2026-03-18 09:07:23] [DEPRECATED] session_set_save_handler(): Providing individual callbacks instead of an object implementing SessionHandlerInterface is deprecated en C:\tools\nginx\html\sistema_biometrico\index.php línea 52
URI: /configuracion
--------------------------------------------------------------------------------
[2026-03-18 09:07:23] [DEPRECATED] session_set_save_handler(): Providing individual callbacks instead of an object implementing SessionHandlerInterface is deprecated en C:\tools\nginx\html\sistema_biometrico\index.php línea 52
URI: /configuracion/getRecentHistory?t=1773846443499
--------------------------------------------------------------------------------
[2026-03-18 09:07:23] [DEPRECATED] session_set_save_handler(): Providing individual callbacks instead of an object implementing SessionHandlerInterface is deprecated en C:\tools\nginx\html\sistema_biometrico\index.php línea 52
URI: /api/log-error
--------------------------------------------------------------------------------
[2026-03-18 09:07:24] [DEPRECATED] session_set_save_handler(): Providing individual callbacks instead of an object implementing SessionHandlerInterface is deprecated en C:\tools\nginx\html\sistema_biometrico\index.php línea 52
URI: /usuarios
--------------------------------------------------------------------------------
[2026-03-18 09:07:35] [DEPRECATED] session_set_save_handler(): Providing individual callbacks instead of an object implementing SessionHandlerInterface is deprecated en C:\tools\nginx\html\sistema_biometrico\index.php línea 52
URI: /usuarios/118/edit-modal
--------------------------------------------------------------------------------
[2026-03-18 09:07:46] [DEPRECATED] session_set_save_handler(): Providing individual callbacks instead of an object implementing SessionHandlerInterface is deprecated en C:\tools\nginx\html\sistema_biometrico\index.php línea 52
URI: /usuarios/update
--------------------------------------------------------------------------------
[2026-03-18 09:07:48] [DEPRECATED] session_set_save_handler(): Providing individual callbacks instead of an object implementing SessionHandlerInterface is deprecated en C:\tools\nginx\html\sistema_biometrico\index.php línea 52
URI: /usuarios
--------------------------------------------------------------------------------
[2026-03-18 09:08:00] [DEPRECATED] session_set_save_handler(): Providing individual callbacks instead of an object implementing SessionHandlerInterface is deprecated en C:\tools\nginx\html\sistema_biometrico\index.php línea 52
URI: /usuarios/119/edit-modal
--------------------------------------------------------------------------------
[2026-03-18 09:08:10] [DEPRECATED] session_set_save_handler(): Providing individual callbacks instead of an object implementing SessionHandlerInterface is deprecated en C:\tools\nginx\html\sistema_biometrico\index.php línea 52
URI: /usuarios/update
--------------------------------------------------------------------------------
[2026-03-18 09:08:12] [DEPRECATED] session_set_save_handler(): Providing individual callbacks instead of an object implementing SessionHandlerInterface is deprecated en C:\tools\nginx\html\sistema_biometrico\index.php línea 52
URI: /usuarios
--------------------------------------------------------------------------------
[2026-03-18 09:08:15] [DEPRECATED] session_set_save_handler(): Providing individual callbacks instead of an object implementing SessionHandlerInterface is deprecated en C:\tools\nginx\html\sistema_biometrico\index.php línea 52
URI: /usuarios/118/edit-modal
--------------------------------------------------------------------------------
[2026-03-18 09:08:26] [DEPRECATED] session_set_save_handler(): Providing individual callbacks instead of an object implementing SessionHandlerInterface is deprecated en C:\tools\nginx\html\sistema_biometrico\index.php línea 52
URI: /usuarios/update
--------------------------------------------------------------------------------
[2026-03-18 09:08:29] [DEPRECATED] session_set_save_handler(): Providing individual callbacks instead of an object implementing SessionHandlerInterface is deprecated en C:\tools\nginx\html\sistema_biometrico\index.php línea 52
URI: /usuarios
--------------------------------------------------------------------------------
[2026-03-18 09:08:47] [DEPRECATED] session_set_save_handler(): Providing individual callbacks instead of an object implementing SessionHandlerInterface is deprecated en C:\tools\nginx\html\sistema_biometrico\index.php línea 52
URI: /logout
--------------------------------------------------------------------------------
[2026-03-18 09:08:47] [DEPRECATED] session_set_save_handler(): Providing individual callbacks instead of an object implementing SessionHandlerInterface is deprecated en C:\tools\nginx\html\sistema_biometrico\index.php línea 52
URI: /login
--------------------------------------------------------------------------------
[2026-03-18 09:08:55] [DEPRECATED] session_set_save_handler(): Providing individual callbacks instead of an object implementing SessionHandlerInterface is deprecated en C:\tools\nginx\html\sistema_biometrico\index.php línea 52
URI: /login
--------------------------------------------------------------------------------
[2026-03-18 09:08:55] [DEPRECATED] session_set_save_handler(): Providing individual callbacks instead of an object implementing SessionHandlerInterface is deprecated en C:\tools\nginx\html\sistema_biometrico\index.php línea 52
URI: /dashboard
--------------------------------------------------------------------------------
[2026-03-18 09:09:01] [DEPRECATED] session_set_save_handler(): Providing individual callbacks instead of an object implementing SessionHandlerInterface is deprecated en C:\tools\nginx\html\sistema_biometrico\index.php línea 52
URI: /validaciones
--------------------------------------------------------------------------------
[2026-03-18 09:09:01] [DEPRECATED] session_set_save_handler(): Providing individual callbacks instead of an object implementing SessionHandlerInterface is deprecated en C:\tools\nginx\html\sistema_biometrico\index.php línea 52
URI: /validaciones/buscar-empleados
--------------------------------------------------------------------------------
[2026-03-18 09:09:02] [DEPRECATED] session_set_save_handler(): Providing individual callbacks instead of an object implementing SessionHandlerInterface is deprecated en C:\tools\nginx\html\sistema_biometrico\index.php línea 52
URI: /validaciones/obtener-areas
--------------------------------------------------------------------------------
[2026-03-18 09:09:02] [DEPRECATED] session_set_save_handler(): Providing individual callbacks instead of an object implementing SessionHandlerInterface is deprecated en C:\tools\nginx\html\sistema_biometrico\index.php línea 52
URI: /validaciones/estadisticas
--------------------------------------------------------------------------------
[2026-03-18 09:09:14] [DEPRECATED] session_set_save_handler(): Providing individual callbacks instead of an object implementing SessionHandlerInterface is deprecated en C:\tools\nginx\html\sistema_biometrico\index.php línea 52
URI: /logout
--------------------------------------------------------------------------------
[2026-03-18 09:09:14] [DEPRECATED] session_set_save_handler(): Providing individual callbacks instead of an object implementing SessionHandlerInterface is deprecated en C:\tools\nginx\html\sistema_biometrico\index.php línea 52
URI: /login
--------------------------------------------------------------------------------
[2026-03-18 09:09:25] [DEPRECATED] session_set_save_handler(): Providing individual callbacks instead of an object implementing SessionHandlerInterface is deprecated en C:\tools\nginx\html\sistema_biometrico\index.php línea 52
URI: /login
--------------------------------------------------------------------------------
[2026-03-18 09:09:35] [DEPRECATED] session_set_save_handler(): Providing individual callbacks instead of an object implementing SessionHandlerInterface is deprecated en C:\tools\nginx\html\sistema_biometrico\index.php línea 52
URI: /login
--------------------------------------------------------------------------------
[2026-03-18 09:09:35] [DEPRECATED] session_set_save_handler(): Providing individual callbacks instead of an object implementing SessionHandlerInterface is deprecated en C:\tools\nginx\html\sistema_biometrico\index.php línea 52
URI: /dashboard
--------------------------------------------------------------------------------
[2026-03-18 09:10:10] [DEPRECATED] session_set_save_handler(): Providing individual callbacks instead of an object implementing SessionHandlerInterface is deprecated en C:\tools\nginx\html\sistema_biometrico\index.php línea 52
URI: /usuarios
--------------------------------------------------------------------------------
[2026-03-18 09:10:13] [DEPRECATED] session_set_save_handler(): Providing individual callbacks instead of an object implementing SessionHandlerInterface is deprecated en C:\tools\nginx\html\sistema_biometrico\index.php línea 52
URI: /usuarios/120/edit-modal
--------------------------------------------------------------------------------
[2026-03-18 09:10:23] [DEPRECATED] session_set_save_handler(): Providing individual callbacks instead of an object implementing SessionHandlerInterface is deprecated en C:\tools\nginx\html\sistema_biometrico\index.php línea 52
URI: /usuarios/update
--------------------------------------------------------------------------------
[2026-03-18 09:10:24] [DEPRECATED] session_set_save_handler(): Providing individual callbacks instead of an object implementing SessionHandlerInterface is deprecated en C:\tools\nginx\html\sistema_biometrico\index.php línea 52
URI: /usuarios
--------------------------------------------------------------------------------
[2026-03-18 09:10:27] [DEPRECATED] session_set_save_handler(): Providing individual callbacks instead of an object implementing SessionHandlerInterface is deprecated en C:\tools\nginx\html\sistema_biometrico\index.php línea 52
URI: /logout
--------------------------------------------------------------------------------
[2026-03-18 09:10:27] [DEPRECATED] session_set_save_handler(): Providing individual callbacks instead of an object implementing SessionHandlerInterface is deprecated en C:\tools\nginx\html\sistema_biometrico\index.php línea 52
URI: /login
--------------------------------------------------------------------------------
[2026-03-18 09:10:40] [DEPRECATED] session_set_save_handler(): Providing individual callbacks instead of an object implementing SessionHandlerInterface is deprecated en C:\tools\nginx\html\sistema_biometrico\index.php línea 52
URI: /login
--------------------------------------------------------------------------------
[2026-03-18 09:10:41] [DEPRECATED] session_set_save_handler(): Providing individual callbacks instead of an object implementing SessionHandlerInterface is deprecated en C:\tools\nginx\html\sistema_biometrico\index.php línea 52
URI: /dashboard
--------------------------------------------------------------------------------
[2026-03-18 09:10:45] [DEPRECATED] session_set_save_handler(): Providing individual callbacks instead of an object implementing SessionHandlerInterface is deprecated en C:\tools\nginx\html\sistema_biometrico\index.php línea 52
URI: /validaciones
--------------------------------------------------------------------------------
[2026-03-18 09:10:45] [DEPRECATED] session_set_save_handler(): Providing individual callbacks instead of an object implementing SessionHandlerInterface is deprecated en C:\tools\nginx\html\sistema_biometrico\index.php línea 52
URI: /validaciones/buscar-empleados
--------------------------------------------------------------------------------
[2026-03-18 09:10:45] [DEPRECATED] session_set_save_handler(): Providing individual callbacks instead of an object implementing SessionHandlerInterface is deprecated en C:\tools\nginx\html\sistema_biometrico\index.php línea 52
URI: /validaciones/obtener-areas
--------------------------------------------------------------------------------
[2026-03-18 09:10:45] [DEPRECATED] session_set_save_handler(): Providing individual callbacks instead of an object implementing SessionHandlerInterface is deprecated en C:\tools\nginx\html\sistema_biometrico\index.php línea 52
URI: /validaciones/estadisticas
--------------------------------------------------------------------------------
[2026-03-18 09:10:52] [DEPRECATED] session_set_save_handler(): Providing individual callbacks instead of an object implementing SessionHandlerInterface is deprecated en C:\tools\nginx\html\sistema_biometrico\index.php línea 52
URI: /validaciones/incidencias-empleados
--------------------------------------------------------------------------------
[2026-03-18 09:11:15] [DEPRECATED] session_set_save_handler(): Providing individual callbacks instead of an object implementing SessionHandlerInterface is deprecated en C:\tools\nginx\html\sistema_biometrico\index.php línea 52
URI: /validaciones/estadisticas
--------------------------------------------------------------------------------
[2026-03-18 09:11:45] [DEPRECATED] session_set_save_handler(): Providing individual callbacks instead of an object implementing SessionHandlerInterface is deprecated en C:\tools\nginx\html\sistema_biometrico\index.php línea 52
URI: /validaciones/estadisticas
--------------------------------------------------------------------------------
[2026-03-18 09:12:15] [DEPRECATED] session_set_save_handler(): Providing individual callbacks instead of an object implementing SessionHandlerInterface is deprecated en C:\tools\nginx\html\sistema_biometrico\index.php línea 52
URI: /validaciones/estadisticas
--------------------------------------------------------------------------------
[2026-03-18 09:12:45] [DEPRECATED] session_set_save_handler(): Providing individual callbacks instead of an object implementing SessionHandlerInterface is deprecated en C:\tools\nginx\html\sistema_biometrico\index.php línea 52
URI: /validaciones/estadisticas
--------------------------------------------------------------------------------
[2026-03-18 09:12:51] [FATAL_ERROR] Uncaught PDOException: SQLSTATE[23000]: Integrity constraint violation: 1452 Cannot add or update a child row: a foreign key constraint fails (`sistema_biometrico`.`empleados`, CONSTRAINT `fk_jefe_directo` FOREIGN KEY (`jefe_directo_id`) REFERENCES `empleados` (`id`) ON DELETE SET NULL) in Command line code:33
Stack trace:
#0 Command line code(33): PDOStatement->execute(Array)
#1 {main}
  thrown en Command line code línea 33
URI: N/A
--------------------------------------------------------------------------------
[2026-03-18 09:13:15] [DEPRECATED] session_set_save_handler(): Providing individual callbacks instead of an object implementing SessionHandlerInterface is deprecated en C:\tools\nginx\html\sistema_biometrico\index.php línea 52
URI: /validaciones/estadisticas
--------------------------------------------------------------------------------
[2026-03-18 09:13:45] [DEPRECATED] session_set_save_handler(): Providing individual callbacks instead of an object implementing SessionHandlerInterface is deprecated en C:\tools\nginx\html\sistema_biometrico\index.php línea 52
URI: /validaciones/estadisticas
--------------------------------------------------------------------------------
[2026-03-18 09:14:15] [DEPRECATED] session_set_save_handler(): Providing individual callbacks instead of an object implementing SessionHandlerInterface is deprecated en C:\tools\nginx\html\sistema_biometrico\index.php línea 52
URI: /validaciones/estadisticas
--------------------------------------------------------------------------------
[2026-03-18 09:14:47] [FATAL_ERROR] Uncaught PDOException: SQLSTATE[23000]: Integrity constraint violation: 1452 Cannot add or update a child row: a foreign key constraint fails (`sistema_biometrico`.`empleados`, CONSTRAINT `fk_jefe_directo` FOREIGN KEY (`jefe_directo_id`) REFERENCES `empleados` (`id`) ON DELETE SET NULL) in Command line code:32
Stack trace:
#0 Command line code(32): PDOStatement->execute(Array)
#1 {main}
  thrown en Command line code línea 32
URI: N/A
--------------------------------------------------------------------------------
[2026-03-18 09:15:12] [DEPRECATED] session_set_save_handler(): Providing individual callbacks instead of an object implementing SessionHandlerInterface is deprecated en C:\tools\nginx\html\sistema_biometrico\index.php línea 52
URI: /validaciones/estadisticas
--------------------------------------------------------------------------------
[2026-03-18 09:16:12] [DEPRECATED] session_set_save_handler(): Providing individual callbacks instead of an object implementing SessionHandlerInterface is deprecated en C:\tools\nginx\html\sistema_biometrico\index.php línea 52
URI: /validaciones/estadisticas
--------------------------------------------------------------------------------
[2026-03-18 09:17:12] [DEPRECATED] session_set_save_handler(): Providing individual callbacks instead of an object implementing SessionHandlerInterface is deprecated en C:\tools\nginx\html\sistema_biometrico\index.php línea 52
URI: /validaciones/estadisticas
--------------------------------------------------------------------------------
[2026-03-18 09:17:34] [DEPRECATED] session_set_save_handler(): Providing individual callbacks instead of an object implementing SessionHandlerInterface is deprecated en C:\tools\nginx\html\sistema_biometrico\index.php línea 52
URI: /validaciones/estadisticas
--------------------------------------------------------------------------------
[2026-03-18 09:17:38] [DEPRECATED] session_set_save_handler(): Providing individual callbacks instead of an object implementing SessionHandlerInterface is deprecated en C:\tools\nginx\html\sistema_biometrico\index.php línea 52
URI: /logout
--------------------------------------------------------------------------------
[2026-03-18 09:17:38] [DEPRECATED] session_set_save_handler(): Providing individual callbacks instead of an object implementing SessionHandlerInterface is deprecated en C:\tools\nginx\html\sistema_biometrico\index.php línea 52
URI: /login
--------------------------------------------------------------------------------
[2026-03-18 09:18:06] [DEPRECATED] session_set_save_handler(): Providing individual callbacks instead of an object implementing SessionHandlerInterface is deprecated en C:\tools\nginx\html\sistema_biometrico\index.php línea 52
URI: /login
--------------------------------------------------------------------------------
[2026-03-18 09:18:07] [DEPRECATED] session_set_save_handler(): Providing individual callbacks instead of an object implementing SessionHandlerInterface is deprecated en C:\tools\nginx\html\sistema_biometrico\index.php línea 52
URI: /dashboard
--------------------------------------------------------------------------------
[2026-03-18 09:18:13] [DEPRECATED] session_set_save_handler(): Providing individual callbacks instead of an object implementing SessionHandlerInterface is deprecated en C:\tools\nginx\html\sistema_biometrico\index.php línea 52
URI: /validaciones
--------------------------------------------------------------------------------
[2026-03-18 09:18:14] [DEPRECATED] session_set_save_handler(): Providing individual callbacks instead of an object implementing SessionHandlerInterface is deprecated en C:\tools\nginx\html\sistema_biometrico\index.php línea 52
URI: /validaciones/buscar-empleados
--------------------------------------------------------------------------------
[2026-03-18 09:18:14] [DEPRECATED] session_set_save_handler(): Providing individual callbacks instead of an object implementing SessionHandlerInterface is deprecated en C:\tools\nginx\html\sistema_biometrico\index.php línea 52
URI: /validaciones/obtener-areas
--------------------------------------------------------------------------------
[2026-03-18 09:18:14] [DEPRECATED] session_set_save_handler(): Providing individual callbacks instead of an object implementing SessionHandlerInterface is deprecated en C:\tools\nginx\html\sistema_biometrico\index.php línea 52
URI: /validaciones/estadisticas
--------------------------------------------------------------------------------
[2026-03-18 09:18:20] [DEPRECATED] session_set_save_handler(): Providing individual callbacks instead of an object implementing SessionHandlerInterface is deprecated en C:\tools\nginx\html\sistema_biometrico\index.php línea 52
URI: /validaciones/incidencias-empleados
--------------------------------------------------------------------------------
[2026-03-18 09:18:33] [DEPRECATED] session_set_save_handler(): Providing individual callbacks instead of an object implementing SessionHandlerInterface is deprecated en C:\tools\nginx\html\sistema_biometrico\index.php línea 52
URI: /validaciones/incidencias-empleados
--------------------------------------------------------------------------------
[2026-03-18 09:18:44] [DEPRECATED] session_set_save_handler(): Providing individual callbacks instead of an object implementing SessionHandlerInterface is deprecated en C:\tools\nginx\html\sistema_biometrico\index.php línea 52
URI: /validaciones/estadisticas
--------------------------------------------------------------------------------
[2026-03-18 09:19:14] [DEPRECATED] session_set_save_handler(): Providing individual callbacks instead of an object implementing SessionHandlerInterface is deprecated en C:\tools\nginx\html\sistema_biometrico\index.php línea 52
URI: /validaciones/estadisticas
--------------------------------------------------------------------------------
[2026-03-18 09:19:44] [DEPRECATED] session_set_save_handler(): Providing individual callbacks instead of an object implementing SessionHandlerInterface is deprecated en C:\tools\nginx\html\sistema_biometrico\index.php línea 52
URI: /validaciones/estadisticas
--------------------------------------------------------------------------------
[2026-03-18 09:20:14] [DEPRECATED] session_set_save_handler(): Providing individual callbacks instead of an object implementing SessionHandlerInterface is deprecated en C:\tools\nginx\html\sistema_biometrico\index.php línea 52
URI: /validaciones/estadisticas
--------------------------------------------------------------------------------
[2026-03-18 09:20:40] [DEPRECATED] session_set_save_handler(): Providing individual callbacks instead of an object implementing SessionHandlerInterface is deprecated en C:\tools\nginx\html\sistema_biometrico\index.php línea 52
URI: /logout
--------------------------------------------------------------------------------
[2026-03-18 09:20:40] [DEPRECATED] session_set_save_handler(): Providing individual callbacks instead of an object implementing SessionHandlerInterface is deprecated en C:\tools\nginx\html\sistema_biometrico\index.php línea 52
URI: /login
--------------------------------------------------------------------------------
[2026-03-18 09:20:43] [DEPRECATED] session_set_save_handler(): Providing individual callbacks instead of an object implementing SessionHandlerInterface is deprecated en C:\tools\nginx\html\sistema_biometrico\index.php línea 52
URI: /login
--------------------------------------------------------------------------------
[2026-03-18 09:20:43] [DEPRECATED] session_set_save_handler(): Providing individual callbacks instead of an object implementing SessionHandlerInterface is deprecated en C:\tools\nginx\html\sistema_biometrico\index.php línea 52
URI: /login
--------------------------------------------------------------------------------
[2026-03-18 09:20:44] [DEPRECATED] session_set_save_handler(): Providing individual callbacks instead of an object implementing SessionHandlerInterface is deprecated en C:\tools\nginx\html\sistema_biometrico\index.php línea 52
URI: /login
--------------------------------------------------------------------------------
[2026-03-18 09:20:44] [DEPRECATED] session_set_save_handler(): Providing individual callbacks instead of an object implementing SessionHandlerInterface is deprecated en C:\tools\nginx\html\sistema_biometrico\index.php línea 52
URI: /login
--------------------------------------------------------------------------------
[2026-03-18 09:21:13] [DEPRECATED] session_set_save_handler(): Providing individual callbacks instead of an object implementing SessionHandlerInterface is deprecated en C:\tools\nginx\html\sistema_biometrico\index.php línea 52
URI: /logout
--------------------------------------------------------------------------------
[2026-03-18 09:21:13] [DEPRECATED] session_set_save_handler(): Providing individual callbacks instead of an object implementing SessionHandlerInterface is deprecated en C:\tools\nginx\html\sistema_biometrico\index.php línea 52
URI: /login
--------------------------------------------------------------------------------
[2026-03-18 09:21:32] [DEPRECATED] session_set_save_handler(): Providing individual callbacks instead of an object implementing SessionHandlerInterface is deprecated en C:\tools\nginx\html\sistema_biometrico\index.php línea 52
URI: /login
--------------------------------------------------------------------------------
[2026-03-18 09:21:32] [DEPRECATED] session_set_save_handler(): Providing individual callbacks instead of an object implementing SessionHandlerInterface is deprecated en C:\tools\nginx\html\sistema_biometrico\index.php línea 52
URI: /dashboard
--------------------------------------------------------------------------------
[2026-03-18 09:21:38] [DEPRECATED] session_set_save_handler(): Providing individual callbacks instead of an object implementing SessionHandlerInterface is deprecated en C:\tools\nginx\html\sistema_biometrico\index.php línea 52
URI: /validaciones
--------------------------------------------------------------------------------
[2026-03-18 09:21:38] [DEPRECATED] session_set_save_handler(): Providing individual callbacks instead of an object implementing SessionHandlerInterface is deprecated en C:\tools\nginx\html\sistema_biometrico\index.php línea 52
URI: /validaciones/buscar-empleados
--------------------------------------------------------------------------------
[2026-03-18 09:21:38] [DEPRECATED] session_set_save_handler(): Providing individual callbacks instead of an object implementing SessionHandlerInterface is deprecated en C:\tools\nginx\html\sistema_biometrico\index.php línea 52
URI: /validaciones/obtener-areas
--------------------------------------------------------------------------------
[2026-03-18 09:21:38] [DEPRECATED] session_set_save_handler(): Providing individual callbacks instead of an object implementing SessionHandlerInterface is deprecated en C:\tools\nginx\html\sistema_biometrico\index.php línea 52
URI: /validaciones/estadisticas
--------------------------------------------------------------------------------
[2026-03-18 09:21:43] [DEPRECATED] session_set_save_handler(): Providing individual callbacks instead of an object implementing SessionHandlerInterface is deprecated en C:\tools\nginx\html\sistema_biometrico\index.php línea 52
URI: /validaciones/incidencias-empleados
--------------------------------------------------------------------------------
[2026-03-18 09:21:51] [DEPRECATED] session_set_save_handler(): Providing individual callbacks instead of an object implementing SessionHandlerInterface is deprecated en C:\tools\nginx\html\sistema_biometrico\index.php línea 52
URI: /validaciones/incidencias-empleados
--------------------------------------------------------------------------------
[2026-03-18 09:21:56] [DEPRECATED] session_set_save_handler(): Providing individual callbacks instead of an object implementing SessionHandlerInterface is deprecated en C:\tools\nginx\html\sistema_biometrico\index.php línea 52
URI: /validaciones/incidencias-empleados
--------------------------------------------------------------------------------
[2026-03-18 09:21:57] [DEPRECATED] session_set_save_handler(): Providing individual callbacks instead of an object implementing SessionHandlerInterface is deprecated en C:\tools\nginx\html\sistema_biometrico\index.php línea 52
URI: /validaciones/incidencias-empleados
--------------------------------------------------------------------------------
[2026-03-18 09:22:08] [DEPRECATED] session_set_save_handler(): Providing individual callbacks instead of an object implementing SessionHandlerInterface is deprecated en C:\tools\nginx\html\sistema_biometrico\index.php línea 52
URI: /validaciones/estadisticas
--------------------------------------------------------------------------------
[2026-03-18 09:22:12] [DEPRECATED] session_set_save_handler(): Providing individual callbacks instead of an object implementing SessionHandlerInterface is deprecated en C:\tools\nginx\html\sistema_biometrico\index.php línea 52
URI: /validaciones/incidencias-empleados
--------------------------------------------------------------------------------
[2026-03-18 09:22:17] [DEPRECATED] session_set_save_handler(): Providing individual callbacks instead of an object implementing SessionHandlerInterface is deprecated en C:\tools\nginx\html\sistema_biometrico\index.php línea 52
URI: /validaciones/incidencias-empleados
--------------------------------------------------------------------------------
[2026-03-18 09:22:38] [DEPRECATED] session_set_save_handler(): Providing individual callbacks instead of an object implementing SessionHandlerInterface is deprecated en C:\tools\nginx\html\sistema_biometrico\index.php línea 52
URI: /validaciones/estadisticas
--------------------------------------------------------------------------------
[2026-03-18 09:23:08] [DEPRECATED] session_set_save_handler(): Providing individual callbacks instead of an object implementing SessionHandlerInterface is deprecated en C:\tools\nginx\html\sistema_biometrico\index.php línea 52
URI: /validaciones/estadisticas
--------------------------------------------------------------------------------
[2026-03-18 09:23:38] [DEPRECATED] session_set_save_handler(): Providing individual callbacks instead of an object implementing SessionHandlerInterface is deprecated en C:\tools\nginx\html\sistema_biometrico\index.php línea 52
URI: /validaciones/estadisticas
--------------------------------------------------------------------------------
[2026-03-18 09:24:08] [DEPRECATED] session_set_save_handler(): Providing individual callbacks instead of an object implementing SessionHandlerInterface is deprecated en C:\tools\nginx\html\sistema_biometrico\index.php línea 52
URI: /validaciones/estadisticas
--------------------------------------------------------------------------------
[2026-03-18 09:24:29] [DEPRECATED] session_set_save_handler(): Providing individual callbacks instead of an object implementing SessionHandlerInterface is deprecated en C:\tools\nginx\html\sistema_biometrico\index.php línea 52
URI: /validaciones/incidencias-empleados
--------------------------------------------------------------------------------
[2026-03-18 09:24:38] [DEPRECATED] session_set_save_handler(): Providing individual callbacks instead of an object implementing SessionHandlerInterface is deprecated en C:\tools\nginx\html\sistema_biometrico\index.php línea 52
URI: /validaciones/estadisticas
--------------------------------------------------------------------------------
[2026-03-18 09:24:49] [DEPRECATED] session_set_save_handler(): Providing individual callbacks instead of an object implementing SessionHandlerInterface is deprecated en C:\tools\nginx\html\sistema_biometrico\index.php línea 52
URI: /logout
--------------------------------------------------------------------------------
[2026-03-18 09:24:49] [DEPRECATED] session_set_save_handler(): Providing individual callbacks instead of an object implementing SessionHandlerInterface is deprecated en C:\tools\nginx\html\sistema_biometrico\index.php línea 52
URI: /login
--------------------------------------------------------------------------------
[2026-03-18 09:25:08] [DEPRECATED] session_set_save_handler(): Providing individual callbacks instead of an object implementing SessionHandlerInterface is deprecated en C:\tools\nginx\html\sistema_biometrico\index.php línea 52
URI: /login
--------------------------------------------------------------------------------
[2026-03-18 09:26:15] [DEPRECATED] session_set_save_handler(): Providing individual callbacks instead of an object implementing SessionHandlerInterface is deprecated en C:\tools\nginx\html\sistema_biometrico\index.php línea 52
URI: /login
--------------------------------------------------------------------------------
[2026-03-18 09:26:15] [DEPRECATED] session_set_save_handler(): Providing individual callbacks instead of an object implementing SessionHandlerInterface is deprecated en C:\tools\nginx\html\sistema_biometrico\index.php línea 52
URI: /dashboard
--------------------------------------------------------------------------------
[2026-03-18 09:26:25] [DEPRECATED] session_set_save_handler(): Providing individual callbacks instead of an object implementing SessionHandlerInterface is deprecated en C:\tools\nginx\html\sistema_biometrico\index.php línea 52
URI: /validaciones
--------------------------------------------------------------------------------
[2026-03-18 09:26:25] [DEPRECATED] session_set_save_handler(): Providing individual callbacks instead of an object implementing SessionHandlerInterface is deprecated en C:\tools\nginx\html\sistema_biometrico\index.php línea 52
URI: /validaciones/buscar-empleados
--------------------------------------------------------------------------------
[2026-03-18 09:26:25] [DEPRECATED] session_set_save_handler(): Providing individual callbacks instead of an object implementing SessionHandlerInterface is deprecated en C:\tools\nginx\html\sistema_biometrico\index.php línea 52
URI: /validaciones/obtener-areas
--------------------------------------------------------------------------------
[2026-03-18 09:26:25] [DEPRECATED] session_set_save_handler(): Providing individual callbacks instead of an object implementing SessionHandlerInterface is deprecated en C:\tools\nginx\html\sistema_biometrico\index.php línea 52
URI: /validaciones/estadisticas
--------------------------------------------------------------------------------
[2026-03-18 09:26:56] [DEPRECATED] session_set_save_handler(): Providing individual callbacks instead of an object implementing SessionHandlerInterface is deprecated en C:\tools\nginx\html\sistema_biometrico\index.php línea 52
URI: /validaciones/estadisticas
--------------------------------------------------------------------------------
[2026-03-18 09:27:25] [DEPRECATED] session_set_save_handler(): Providing individual callbacks instead of an object implementing SessionHandlerInterface is deprecated en C:\tools\nginx\html\sistema_biometrico\index.php línea 52
URI: /validaciones/estadisticas
--------------------------------------------------------------------------------
[2026-03-18 09:27:31] [DEPRECATED] session_set_save_handler(): Providing individual callbacks instead of an object implementing SessionHandlerInterface is deprecated en C:\tools\nginx\html\sistema_biometrico\index.php línea 52
URI: /logout
--------------------------------------------------------------------------------
[2026-03-18 09:27:31] [DEPRECATED] session_set_save_handler(): Providing individual callbacks instead of an object implementing SessionHandlerInterface is deprecated en C:\tools\nginx\html\sistema_biometrico\index.php línea 52
URI: /login
--------------------------------------------------------------------------------
[2026-03-18 09:29:02] [DEPRECATED] session_set_save_handler(): Providing individual callbacks instead of an object implementing SessionHandlerInterface is deprecated en C:\tools\nginx\html\sistema_biometrico\index.php línea 52
URI: /login
--------------------------------------------------------------------------------
[2026-03-18 09:29:03] [DEPRECATED] session_set_save_handler(): Providing individual callbacks instead of an object implementing SessionHandlerInterface is deprecated en C:\tools\nginx\html\sistema_biometrico\index.php línea 52
URI: /login
--------------------------------------------------------------------------------
[2026-03-18 09:29:05] [DEPRECATED] session_set_save_handler(): Providing individual callbacks instead of an object implementing SessionHandlerInterface is deprecated en C:\tools\nginx\html\sistema_biometrico\index.php línea 52
URI: /login
--------------------------------------------------------------------------------
[2026-03-18 09:29:06] [DEPRECATED] session_set_save_handler(): Providing individual callbacks instead of an object implementing SessionHandlerInterface is deprecated en C:\tools\nginx\html\sistema_biometrico\index.php línea 52
URI: /login
--------------------------------------------------------------------------------
[2026-03-18 09:29:06] [DEPRECATED] session_set_save_handler(): Providing individual callbacks instead of an object implementing SessionHandlerInterface is deprecated en C:\tools\nginx\html\sistema_biometrico\index.php línea 52
URI: /login
--------------------------------------------------------------------------------
[2026-03-18 09:29:24] [DEPRECATED] session_set_save_handler(): Providing individual callbacks instead of an object implementing SessionHandlerInterface is deprecated en C:\tools\nginx\html\sistema_biometrico\index.php línea 52
URI: /
--------------------------------------------------------------------------------
[2026-03-18 09:29:24] [DEPRECATED] session_set_save_handler(): Providing individual callbacks instead of an object implementing SessionHandlerInterface is deprecated en C:\tools\nginx\html\sistema_biometrico\index.php línea 52
URI: /login
--------------------------------------------------------------------------------
[2026-03-18 09:44:16] [DEPRECATED] session_set_save_handler(): Providing individual callbacks instead of an object implementing SessionHandlerInterface is deprecated en C:\tools\nginx\html\sistema_biometrico\index.php línea 52
URI: /login
--------------------------------------------------------------------------------
[2026-03-18 09:44:17] [DEPRECATED] session_set_save_handler(): Providing individual callbacks instead of an object implementing SessionHandlerInterface is deprecated en C:\tools\nginx\html\sistema_biometrico\index.php línea 52
URI: /dashboard
--------------------------------------------------------------------------------
[2026-03-18 09:44:24] [DEPRECATED] session_set_save_handler(): Providing individual callbacks instead of an object implementing SessionHandlerInterface is deprecated en C:\tools\nginx\html\sistema_biometrico\index.php línea 52
URI: /validaciones
--------------------------------------------------------------------------------
[2026-03-18 09:44:24] [WARNING] Undefined variable $pdo en C:\tools\nginx\html\sistema_biometrico\controllers\ValidacionJefeController.php línea 76
URI: /validaciones
--------------------------------------------------------------------------------
[2026-03-18 09:44:24] [DEPRECATED] session_set_save_handler(): Providing individual callbacks instead of an object implementing SessionHandlerInterface is deprecated en C:\tools\nginx\html\sistema_biometrico\index.php línea 52
URI: /favicon.ico
--------------------------------------------------------------------------------
[2026-03-18 09:47:54] [DEPRECATED] session_set_save_handler(): Providing individual callbacks instead of an object implementing SessionHandlerInterface is deprecated en C:\tools\nginx\html\sistema_biometrico\index.php línea 52
URI: /validaciones
--------------------------------------------------------------------------------
[2026-03-18 09:47:54] [DEPRECATED] session_set_save_handler(): Providing individual callbacks instead of an object implementing SessionHandlerInterface is deprecated en C:\tools\nginx\html\sistema_biometrico\index.php línea 52
URI: /validaciones/buscar-empleados
--------------------------------------------------------------------------------
[2026-03-18 09:47:55] [DEPRECATED] session_set_save_handler(): Providing individual callbacks instead of an object implementing SessionHandlerInterface is deprecated en C:\tools\nginx\html\sistema_biometrico\index.php línea 52
URI: /validaciones/obtener-areas
--------------------------------------------------------------------------------
[2026-03-18 09:47:55] [DEPRECATED] session_set_save_handler(): Providing individual callbacks instead of an object implementing SessionHandlerInterface is deprecated en C:\tools\nginx\html\sistema_biometrico\index.php línea 52
URI: /validaciones/estadisticas
--------------------------------------------------------------------------------
[2026-03-18 09:47:59] [DEPRECATED] session_set_save_handler(): Providing individual callbacks instead of an object implementing SessionHandlerInterface is deprecated en C:\tools\nginx\html\sistema_biometrico\index.php línea 52
URI: /validaciones/incidencias-empleados
--------------------------------------------------------------------------------
[2026-03-18 09:48:24] [DEPRECATED] session_set_save_handler(): Providing individual callbacks instead of an object implementing SessionHandlerInterface is deprecated en C:\tools\nginx\html\sistema_biometrico\index.php línea 52
URI: /validaciones/estadisticas
--------------------------------------------------------------------------------
[2026-03-18 09:48:31] [DEPRECATED] session_set_save_handler(): Providing individual callbacks instead of an object implementing SessionHandlerInterface is deprecated en C:\tools\nginx\html\sistema_biometrico\index.php línea 52
URI: /.well-known/appspecific/com.chrome.devtools.json
--------------------------------------------------------------------------------
[2026-03-18 09:48:55] [DEPRECATED] session_set_save_handler(): Providing individual callbacks instead of an object implementing SessionHandlerInterface is deprecated en C:\tools\nginx\html\sistema_biometrico\index.php línea 52
URI: /validaciones/estadisticas
--------------------------------------------------------------------------------
[2026-03-18 09:49:24] [DEPRECATED] session_set_save_handler(): Providing individual callbacks instead of an object implementing SessionHandlerInterface is deprecated en C:\tools\nginx\html\sistema_biometrico\index.php línea 52
URI: /validaciones/estadisticas
--------------------------------------------------------------------------------
[2026-03-18 09:49:54] [DEPRECATED] session_set_save_handler(): Providing individual callbacks instead of an object implementing SessionHandlerInterface is deprecated en C:\tools\nginx\html\sistema_biometrico\index.php línea 52
URI: /validaciones/estadisticas
--------------------------------------------------------------------------------
[2026-03-18 09:50:24] [DEPRECATED] session_set_save_handler(): Providing individual callbacks instead of an object implementing SessionHandlerInterface is deprecated en C:\tools\nginx\html\sistema_biometrico\index.php línea 52
URI: /validaciones/estadisticas
--------------------------------------------------------------------------------
[2026-03-18 09:50:55] [DEPRECATED] session_set_save_handler(): Providing individual callbacks instead of an object implementing SessionHandlerInterface is deprecated en C:\tools\nginx\html\sistema_biometrico\index.php línea 52
URI: /validaciones/estadisticas
--------------------------------------------------------------------------------
[2026-03-18 09:51:24] [DEPRECATED] session_set_save_handler(): Providing individual callbacks instead of an object implementing SessionHandlerInterface is deprecated en C:\tools\nginx\html\sistema_biometrico\index.php línea 52
URI: /validaciones/estadisticas
--------------------------------------------------------------------------------
[2026-03-18 09:51:54] [DEPRECATED] session_set_save_handler(): Providing individual callbacks instead of an object implementing SessionHandlerInterface is deprecated en C:\tools\nginx\html\sistema_biometrico\index.php línea 52
URI: /validaciones/estadisticas
--------------------------------------------------------------------------------
[2026-03-18 09:52:02] [DEPRECATED] session_set_save_handler(): Providing individual callbacks instead of an object implementing SessionHandlerInterface is deprecated en C:\tools\nginx\html\sistema_biometrico\index.php línea 52
URI: /validaciones/incidencias-empleados
--------------------------------------------------------------------------------
[2026-03-18 09:52:09] [DEPRECATED] session_set_save_handler(): Providing individual callbacks instead of an object implementing SessionHandlerInterface is deprecated en C:\tools\nginx\html\sistema_biometrico\index.php línea 52
URI: /validaciones/incidencias-empleados
--------------------------------------------------------------------------------
[2026-03-18 09:52:24] [DEPRECATED] session_set_save_handler(): Providing individual callbacks instead of an object implementing SessionHandlerInterface is deprecated en C:\tools\nginx\html\sistema_biometrico\index.php línea 52
URI: /validaciones/estadisticas
--------------------------------------------------------------------------------
[2026-03-18 09:52:54] [DEPRECATED] session_set_save_handler(): Providing individual callbacks instead of an object implementing SessionHandlerInterface is deprecated en C:\tools\nginx\html\sistema_biometrico\index.php línea 52
URI: /validaciones/estadisticas
--------------------------------------------------------------------------------
[2026-03-18 09:53:25] [DEPRECATED] session_set_save_handler(): Providing individual callbacks instead of an object implementing SessionHandlerInterface is deprecated en C:\tools\nginx\html\sistema_biometrico\index.php línea 52
URI: /validaciones/estadisticas
--------------------------------------------------------------------------------
[2026-03-18 09:53:54] [DEPRECATED] session_set_save_handler(): Providing individual callbacks instead of an object implementing SessionHandlerInterface is deprecated en C:\tools\nginx\html\sistema_biometrico\index.php línea 52
URI: /validaciones/estadisticas
--------------------------------------------------------------------------------
[2026-03-18 09:54:24] [DEPRECATED] session_set_save_handler(): Providing individual callbacks instead of an object implementing SessionHandlerInterface is deprecated en C:\tools\nginx\html\sistema_biometrico\index.php línea 52
URI: /validaciones/estadisticas
--------------------------------------------------------------------------------
[2026-03-18 09:54:54] [DEPRECATED] session_set_save_handler(): Providing individual callbacks instead of an object implementing SessionHandlerInterface is deprecated en C:\tools\nginx\html\sistema_biometrico\index.php línea 52
URI: /validaciones/estadisticas
--------------------------------------------------------------------------------
[2026-03-18 09:55:25] [DEPRECATED] session_set_save_handler(): Providing individual callbacks instead of an object implementing SessionHandlerInterface is deprecated en C:\tools\nginx\html\sistema_biometrico\index.php línea 52
URI: /validaciones/estadisticas
--------------------------------------------------------------------------------
[2026-03-18 09:55:43] [DEPRECATED] session_set_save_handler(): Providing individual callbacks instead of an object implementing SessionHandlerInterface is deprecated en C:\tools\nginx\html\sistema_biometrico\index.php línea 52
URI: /validaciones/incidencias-empleados
--------------------------------------------------------------------------------
[2026-03-18 09:55:48] [DEPRECATED] session_set_save_handler(): Providing individual callbacks instead of an object implementing SessionHandlerInterface is deprecated en C:\tools\nginx\html\sistema_biometrico\index.php línea 52
URI: /validaciones/incidencias-empleados
--------------------------------------------------------------------------------
[2026-03-18 09:55:54] [DEPRECATED] session_set_save_handler(): Providing individual callbacks instead of an object implementing SessionHandlerInterface is deprecated en C:\tools\nginx\html\sistema_biometrico\index.php línea 52
URI: /validaciones/estadisticas
--------------------------------------------------------------------------------
[2026-03-18 09:55:57] [DEPRECATED] session_set_save_handler(): Providing individual callbacks instead of an object implementing SessionHandlerInterface is deprecated en C:\tools\nginx\html\sistema_biometrico\index.php línea 52
URI: /validaciones/incidencias-empleados
--------------------------------------------------------------------------------
[2026-03-18 09:56:24] [DEPRECATED] session_set_save_handler(): Providing individual callbacks instead of an object implementing SessionHandlerInterface is deprecated en C:\tools\nginx\html\sistema_biometrico\index.php línea 52
URI: /validaciones/estadisticas
--------------------------------------------------------------------------------
[2026-03-18 09:56:54] [DEPRECATED] session_set_save_handler(): Providing individual callbacks instead of an object implementing SessionHandlerInterface is deprecated en C:\tools\nginx\html\sistema_biometrico\index.php línea 52
URI: /validaciones/estadisticas
--------------------------------------------------------------------------------
[2026-03-18 09:57:24] [DEPRECATED] session_set_save_handler(): Providing individual callbacks instead of an object implementing SessionHandlerInterface is deprecated en C:\tools\nginx\html\sistema_biometrico\index.php línea 52
URI: /validaciones/estadisticas
--------------------------------------------------------------------------------
[2026-03-18 09:57:34] [DEPRECATED] session_set_save_handler(): Providing individual callbacks instead of an object implementing SessionHandlerInterface is deprecated en C:\tools\nginx\html\sistema_biometrico\index.php línea 52
URI: /logout
--------------------------------------------------------------------------------
[2026-03-18 09:57:34] [DEPRECATED] session_set_save_handler(): Providing individual callbacks instead of an object implementing SessionHandlerInterface is deprecated en C:\tools\nginx\html\sistema_biometrico\index.php línea 52
URI: /login
--------------------------------------------------------------------------------
[2026-03-18 10:02:35] [DEPRECATED] session_set_save_handler(): Providing individual callbacks instead of an object implementing SessionHandlerInterface is deprecated en C:\tools\nginx\html\sistema_biometrico\index.php línea 52
URI: /
--------------------------------------------------------------------------------
[2026-03-18 10:02:35] [DEPRECATED] session_set_save_handler(): Providing individual callbacks instead of an object implementing SessionHandlerInterface is deprecated en C:\tools\nginx\html\sistema_biometrico\index.php línea 52
URI: /login
--------------------------------------------------------------------------------
[2026-03-18 10:03:14] [DEPRECATED] session_set_save_handler(): Providing individual callbacks instead of an object implementing SessionHandlerInterface is deprecated en C:\tools\nginx\html\sistema_biometrico\index.php línea 52
URI: /login
--------------------------------------------------------------------------------
[2026-03-18 10:03:14] [DEPRECATED] session_set_save_handler(): Providing individual callbacks instead of an object implementing SessionHandlerInterface is deprecated en C:\tools\nginx\html\sistema_biometrico\index.php línea 52
URI: /dashboard
--------------------------------------------------------------------------------
[2026-03-18 10:03:21] [DEPRECATED] session_set_save_handler(): Providing individual callbacks instead of an object implementing SessionHandlerInterface is deprecated en C:\tools\nginx\html\sistema_biometrico\index.php línea 52
URI: /validaciones
--------------------------------------------------------------------------------
[2026-03-18 10:04:05] [DEPRECATED] session_set_save_handler(): Providing individual callbacks instead of an object implementing SessionHandlerInterface is deprecated en C:\tools\nginx\html\sistema_biometrico\index.php línea 52
URI: /logout
--------------------------------------------------------------------------------
[2026-03-18 10:04:05] [DEPRECATED] session_set_save_handler(): Providing individual callbacks instead of an object implementing SessionHandlerInterface is deprecated en C:\tools\nginx\html\sistema_biometrico\index.php línea 52
URI: /login
--------------------------------------------------------------------------------
[2026-03-18 10:09:46] [DEPRECATED] session_set_save_handler(): Providing individual callbacks instead of an object implementing SessionHandlerInterface is deprecated en C:\tools\nginx\html\sistema_biometrico\index.php línea 52
URI: /login
--------------------------------------------------------------------------------
[2026-03-18 10:09:46] [DEPRECATED] session_set_save_handler(): Providing individual callbacks instead of an object implementing SessionHandlerInterface is deprecated en C:\tools\nginx\html\sistema_biometrico\index.php línea 52
URI: /api/log-error
--------------------------------------------------------------------------------
[2026-03-18 10:09:48] [DEPRECATED] session_set_save_handler(): Providing individual callbacks instead of an object implementing SessionHandlerInterface is deprecated en C:\tools\nginx\html\sistema_biometrico\index.php línea 52
URI: /login
--------------------------------------------------------------------------------
[2026-03-18 10:10:34] [DEPRECATED] session_set_save_handler(): Providing individual callbacks instead of an object implementing SessionHandlerInterface is deprecated en C:\tools\nginx\html\sistema_biometrico\index.php línea 52
URI: /login
--------------------------------------------------------------------------------
[2026-03-18 10:10:34] [DEPRECATED] session_set_save_handler(): Providing individual callbacks instead of an object implementing SessionHandlerInterface is deprecated en C:\tools\nginx\html\sistema_biometrico\index.php línea 52
URI: /dashboard
--------------------------------------------------------------------------------
[2026-03-18 10:10:39] [DEPRECATED] session_set_save_handler(): Providing individual callbacks instead of an object implementing SessionHandlerInterface is deprecated en C:\tools\nginx\html\sistema_biometrico\index.php línea 52
URI: /validaciones
--------------------------------------------------------------------------------
[2026-03-18 10:10:44] [DEPRECATED] session_set_save_handler(): Providing individual callbacks instead of an object implementing SessionHandlerInterface is deprecated en C:\tools\nginx\html\sistema_biometrico\index.php línea 52
URI: /validaciones
--------------------------------------------------------------------------------
[2026-03-18 10:10:58] [DEPRECATED] session_set_save_handler(): Providing individual callbacks instead of an object implementing SessionHandlerInterface is deprecated en C:\tools\nginx\html\sistema_biometrico\index.php línea 52
URI: /.well-known/appspecific/com.chrome.devtools.json
--------------------------------------------------------------------------------
[2026-03-18 10:14:00] [DEPRECATED] session_set_save_handler(): Providing individual callbacks instead of an object implementing SessionHandlerInterface is deprecated en C:\tools\nginx\html\sistema_biometrico\index.php línea 52
URI: /validaciones
--------------------------------------------------------------------------------
[2026-03-18 10:14:00] [DEPRECATED] session_set_save_handler(): Providing individual callbacks instead of an object implementing SessionHandlerInterface is deprecated en C:\tools\nginx\html\sistema_biometrico\index.php línea 52
URI: /.well-known/appspecific/com.chrome.devtools.json
--------------------------------------------------------------------------------
[2026-03-18 10:14:00] [DEPRECATED] session_set_save_handler(): Providing individual callbacks instead of an object implementing SessionHandlerInterface is deprecated en C:\tools\nginx\html\sistema_biometrico\index.php línea 52
URI: /validaciones/buscar-empleados
--------------------------------------------------------------------------------
[2026-03-18 10:14:00] [DEPRECATED] session_set_save_handler(): Providing individual callbacks instead of an object implementing SessionHandlerInterface is deprecated en C:\tools\nginx\html\sistema_biometrico\index.php línea 52
URI: /validaciones/obtener-areas
--------------------------------------------------------------------------------
[2026-03-18 10:14:00] [DEPRECATED] session_set_save_handler(): Providing individual callbacks instead of an object implementing SessionHandlerInterface is deprecated en C:\tools\nginx\html\sistema_biometrico\index.php línea 52
URI: /validaciones/estadisticas
--------------------------------------------------------------------------------
[2026-03-18 10:14:06] [DEPRECATED] session_set_save_handler(): Providing individual callbacks instead of an object implementing SessionHandlerInterface is deprecated en C:\tools\nginx\html\sistema_biometrico\index.php línea 52
URI: /validaciones/incidencias-empleados
--------------------------------------------------------------------------------
[2026-03-18 10:14:30] [DEPRECATED] session_set_save_handler(): Providing individual callbacks instead of an object implementing SessionHandlerInterface is deprecated en C:\tools\nginx\html\sistema_biometrico\index.php línea 52
URI: /validaciones/estadisticas
--------------------------------------------------------------------------------
[2026-03-18 10:15:00] [DEPRECATED] session_set_save_handler(): Providing individual callbacks instead of an object implementing SessionHandlerInterface is deprecated en C:\tools\nginx\html\sistema_biometrico\index.php línea 52
URI: /validaciones/estadisticas
--------------------------------------------------------------------------------
[2026-03-18 10:15:02] [DEPRECATED] session_set_save_handler(): Providing individual callbacks instead of an object implementing SessionHandlerInterface is deprecated en C:\tools\nginx\html\sistema_biometrico\index.php línea 52
URI: /validaciones/incidencias-empleados
--------------------------------------------------------------------------------
[2026-03-18 10:15:08] [DEPRECATED] session_set_save_handler(): Providing individual callbacks instead of an object implementing SessionHandlerInterface is deprecated en C:\tools\nginx\html\sistema_biometrico\index.php línea 52
URI: /validaciones/incidencias-empleados
--------------------------------------------------------------------------------
[2026-03-18 10:15:13] [DEPRECATED] session_set_save_handler(): Providing individual callbacks instead of an object implementing SessionHandlerInterface is deprecated en C:\tools\nginx\html\sistema_biometrico\index.php línea 52
URI: /validaciones/incidencias-empleados
--------------------------------------------------------------------------------
[2026-03-18 10:15:30] [DEPRECATED] session_set_save_handler(): Providing individual callbacks instead of an object implementing SessionHandlerInterface is deprecated en C:\tools\nginx\html\sistema_biometrico\index.php línea 52
URI: /validaciones/estadisticas
--------------------------------------------------------------------------------
[2026-03-18 10:15:45] [DEPRECATED] session_set_save_handler(): Providing individual callbacks instead of an object implementing SessionHandlerInterface is deprecated en C:\tools\nginx\html\sistema_biometrico\index.php línea 52
URI: /validaciones
--------------------------------------------------------------------------------
[2026-03-18 10:15:45] [DEPRECATED] session_set_save_handler(): Providing individual callbacks instead of an object implementing SessionHandlerInterface is deprecated en C:\tools\nginx\html\sistema_biometrico\index.php línea 52
URI: /validaciones/buscar-empleados
--------------------------------------------------------------------------------
[2026-03-18 10:15:45] [DEPRECATED] session_set_save_handler(): Providing individual callbacks instead of an object implementing SessionHandlerInterface is deprecated en C:\tools\nginx\html\sistema_biometrico\index.php línea 52
URI: /validaciones/obtener-areas
--------------------------------------------------------------------------------
[2026-03-18 10:15:45] [DEPRECATED] session_set_save_handler(): Providing individual callbacks instead of an object implementing SessionHandlerInterface is deprecated en C:\tools\nginx\html\sistema_biometrico\index.php línea 52
URI: /validaciones/estadisticas
--------------------------------------------------------------------------------
[2026-03-18 10:15:46] [DEPRECATED] session_set_save_handler(): Providing individual callbacks instead of an object implementing SessionHandlerInterface is deprecated en C:\tools\nginx\html\sistema_biometrico\index.php línea 52
URI: /validaciones
--------------------------------------------------------------------------------
[2026-03-18 10:15:46] [DEPRECATED] session_set_save_handler(): Providing individual callbacks instead of an object implementing SessionHandlerInterface is deprecated en C:\tools\nginx\html\sistema_biometrico\index.php línea 52
URI: /validaciones/buscar-empleados
--------------------------------------------------------------------------------
[2026-03-18 10:15:46] [DEPRECATED] session_set_save_handler(): Providing individual callbacks instead of an object implementing SessionHandlerInterface is deprecated en C:\tools\nginx\html\sistema_biometrico\index.php línea 52
URI: /validaciones/obtener-areas
--------------------------------------------------------------------------------
[2026-03-18 10:15:46] [DEPRECATED] session_set_save_handler(): Providing individual callbacks instead of an object implementing SessionHandlerInterface is deprecated en C:\tools\nginx\html\sistema_biometrico\index.php línea 52
URI: /validaciones/estadisticas
--------------------------------------------------------------------------------
[2026-03-18 10:15:46] [DEPRECATED] session_set_save_handler(): Providing individual callbacks instead of an object implementing SessionHandlerInterface is deprecated en C:\tools\nginx\html\sistema_biometrico\index.php línea 52
URI: /validaciones
--------------------------------------------------------------------------------
[2026-03-18 10:15:46] [DEPRECATED] session_set_save_handler(): Providing individual callbacks instead of an object implementing SessionHandlerInterface is deprecated en C:\tools\nginx\html\sistema_biometrico\index.php línea 52
URI: /validaciones/buscar-empleados
--------------------------------------------------------------------------------
[2026-03-18 10:15:47] [DEPRECATED] session_set_save_handler(): Providing individual callbacks instead of an object implementing SessionHandlerInterface is deprecated en C:\tools\nginx\html\sistema_biometrico\index.php línea 52
URI: /validaciones
--------------------------------------------------------------------------------
[2026-03-18 10:15:47] [DEPRECATED] session_set_save_handler(): Providing individual callbacks instead of an object implementing SessionHandlerInterface is deprecated en C:\tools\nginx\html\sistema_biometrico\index.php línea 52
URI: /validaciones/obtener-areas
--------------------------------------------------------------------------------
[2026-03-18 10:15:47] [DEPRECATED] session_set_save_handler(): Providing individual callbacks instead of an object implementing SessionHandlerInterface is deprecated en C:\tools\nginx\html\sistema_biometrico\index.php línea 52
URI: /validaciones/estadisticas
--------------------------------------------------------------------------------
[2026-03-18 10:15:47] [DEPRECATED] session_set_save_handler(): Providing individual callbacks instead of an object implementing SessionHandlerInterface is deprecated en C:\tools\nginx\html\sistema_biometrico\index.php línea 52
URI: /api/log-error
--------------------------------------------------------------------------------
[2026-03-18 10:15:47] [DEPRECATED] session_set_save_handler(): Providing individual callbacks instead of an object implementing SessionHandlerInterface is deprecated en C:\tools\nginx\html\sistema_biometrico\index.php línea 52
URI: /api/log-error
--------------------------------------------------------------------------------
[2026-03-18 10:15:47] [DEPRECATED] session_set_save_handler(): Providing individual callbacks instead of an object implementing SessionHandlerInterface is deprecated en C:\tools\nginx\html\sistema_biometrico\index.php línea 52
URI: /api/log-error
--------------------------------------------------------------------------------
[2026-03-18 10:15:47] [DEPRECATED] session_set_save_handler(): Providing individual callbacks instead of an object implementing SessionHandlerInterface is deprecated en C:\tools\nginx\html\sistema_biometrico\index.php línea 52
URI: /api/log-error
--------------------------------------------------------------------------------
[2026-03-18 10:15:47] [DEPRECATED] session_set_save_handler(): Providing individual callbacks instead of an object implementing SessionHandlerInterface is deprecated en C:\tools\nginx\html\sistema_biometrico\index.php línea 52
URI: /api/log-error
--------------------------------------------------------------------------------
[2026-03-18 10:15:47] [DEPRECATED] session_set_save_handler(): Providing individual callbacks instead of an object implementing SessionHandlerInterface is deprecated en C:\tools\nginx\html\sistema_biometrico\index.php línea 52
URI: /api/log-error
--------------------------------------------------------------------------------
[2026-03-18 10:15:47] [DEPRECATED] session_set_save_handler(): Providing individual callbacks instead of an object implementing SessionHandlerInterface is deprecated en C:\tools\nginx\html\sistema_biometrico\index.php línea 52
URI: /validaciones/buscar-empleados
--------------------------------------------------------------------------------
[2026-03-18 10:15:47] [DEPRECATED] session_set_save_handler(): Providing individual callbacks instead of an object implementing SessionHandlerInterface is deprecated en C:\tools\nginx\html\sistema_biometrico\index.php línea 52
URI: /validaciones
--------------------------------------------------------------------------------
[2026-03-18 10:15:47] [DEPRECATED] session_set_save_handler(): Providing individual callbacks instead of an object implementing SessionHandlerInterface is deprecated en C:\tools\nginx\html\sistema_biometrico\index.php línea 52
URI: /validaciones/obtener-areas
--------------------------------------------------------------------------------
[2026-03-18 10:15:47] [DEPRECATED] session_set_save_handler(): Providing individual callbacks instead of an object implementing SessionHandlerInterface is deprecated en C:\tools\nginx\html\sistema_biometrico\index.php línea 52
URI: /validaciones/estadisticas
--------------------------------------------------------------------------------
[2026-03-18 10:15:47] [DEPRECATED] session_set_save_handler(): Providing individual callbacks instead of an object implementing SessionHandlerInterface is deprecated en C:\tools\nginx\html\sistema_biometrico\index.php línea 52
URI: /api/log-error
--------------------------------------------------------------------------------
[2026-03-18 10:15:47] [DEPRECATED] session_set_save_handler(): Providing individual callbacks instead of an object implementing SessionHandlerInterface is deprecated en C:\tools\nginx\html\sistema_biometrico\index.php línea 52
URI: /api/log-error
--------------------------------------------------------------------------------
[2026-03-18 10:15:47] [DEPRECATED] session_set_save_handler(): Providing individual callbacks instead of an object implementing SessionHandlerInterface is deprecated en C:\tools\nginx\html\sistema_biometrico\index.php línea 52
URI: /api/log-error
--------------------------------------------------------------------------------
[2026-03-18 10:15:47] [DEPRECATED] session_set_save_handler(): Providing individual callbacks instead of an object implementing SessionHandlerInterface is deprecated en C:\tools\nginx\html\sistema_biometrico\index.php línea 52
URI: /api/log-error
--------------------------------------------------------------------------------
[2026-03-18 10:15:47] [DEPRECATED] session_set_save_handler(): Providing individual callbacks instead of an object implementing SessionHandlerInterface is deprecated en C:\tools\nginx\html\sistema_biometrico\index.php línea 52
URI: /api/log-error
--------------------------------------------------------------------------------
[2026-03-18 10:15:47] [DEPRECATED] session_set_save_handler(): Providing individual callbacks instead of an object implementing SessionHandlerInterface is deprecated en C:\tools\nginx\html\sistema_biometrico\index.php línea 52
URI: /validaciones/buscar-empleados
--------------------------------------------------------------------------------
[2026-03-18 10:15:47] [DEPRECATED] session_set_save_handler(): Providing individual callbacks instead of an object implementing SessionHandlerInterface is deprecated en C:\tools\nginx\html\sistema_biometrico\index.php línea 52
URI: /validaciones/obtener-areas
--------------------------------------------------------------------------------
[2026-03-18 10:15:47] [DEPRECATED] session_set_save_handler(): Providing individual callbacks instead of an object implementing SessionHandlerInterface is deprecated en C:\tools\nginx\html\sistema_biometrico\index.php línea 52
URI: /validaciones/estadisticas
--------------------------------------------------------------------------------
[2026-03-18 10:15:50] [DEPRECATED] session_set_save_handler(): Providing individual callbacks instead of an object implementing SessionHandlerInterface is deprecated en C:\tools\nginx\html\sistema_biometrico\index.php línea 52
URI: /validaciones/incidencias-empleados
--------------------------------------------------------------------------------
[2026-03-18 10:16:02] [DEPRECATED] session_set_save_handler(): Providing individual callbacks instead of an object implementing SessionHandlerInterface is deprecated en C:\tools\nginx\html\sistema_biometrico\index.php línea 52
URI: /logout
--------------------------------------------------------------------------------
[2026-03-18 10:16:02] [DEPRECATED] session_set_save_handler(): Providing individual callbacks instead of an object implementing SessionHandlerInterface is deprecated en C:\tools\nginx\html\sistema_biometrico\index.php línea 52
URI: /login
--------------------------------------------------------------------------------
[2026-03-18 10:16:08] [DEPRECATED] session_set_save_handler(): Providing individual callbacks instead of an object implementing SessionHandlerInterface is deprecated en C:\tools\nginx\html\sistema_biometrico\index.php línea 52
URI: /login
--------------------------------------------------------------------------------
[2026-03-18 10:16:09] [DEPRECATED] session_set_save_handler(): Providing individual callbacks instead of an object implementing SessionHandlerInterface is deprecated en C:\tools\nginx\html\sistema_biometrico\index.php línea 52
URI: /dashboard
--------------------------------------------------------------------------------
[2026-03-18 10:16:13] [DEPRECATED] session_set_save_handler(): Providing individual callbacks instead of an object implementing SessionHandlerInterface is deprecated en C:\tools\nginx\html\sistema_biometrico\index.php línea 52
URI: /validaciones
--------------------------------------------------------------------------------
[2026-03-18 10:16:14] [DEPRECATED] session_set_save_handler(): Providing individual callbacks instead of an object implementing SessionHandlerInterface is deprecated en C:\tools\nginx\html\sistema_biometrico\index.php línea 52
URI: /validaciones/buscar-empleados
--------------------------------------------------------------------------------
[2026-03-18 10:16:14] [DEPRECATED] session_set_save_handler(): Providing individual callbacks instead of an object implementing SessionHandlerInterface is deprecated en C:\tools\nginx\html\sistema_biometrico\index.php línea 52
URI: /validaciones/obtener-areas
--------------------------------------------------------------------------------
[2026-03-18 10:16:14] [DEPRECATED] session_set_save_handler(): Providing individual callbacks instead of an object implementing SessionHandlerInterface is deprecated en C:\tools\nginx\html\sistema_biometrico\index.php línea 52
URI: /validaciones/estadisticas
--------------------------------------------------------------------------------
[2026-03-18 10:16:17] [DEPRECATED] session_set_save_handler(): Providing individual callbacks instead of an object implementing SessionHandlerInterface is deprecated en C:\tools\nginx\html\sistema_biometrico\index.php línea 52
URI: /validaciones/incidencias-empleados
--------------------------------------------------------------------------------
[2026-03-18 10:16:31] [DEPRECATED] session_set_save_handler(): Providing individual callbacks instead of an object implementing SessionHandlerInterface is deprecated en C:\tools\nginx\html\sistema_biometrico\index.php línea 52
URI: /.well-known/appspecific/com.chrome.devtools.json
--------------------------------------------------------------------------------
[2026-03-18 10:16:44] [DEPRECATED] session_set_save_handler(): Providing individual callbacks instead of an object implementing SessionHandlerInterface is deprecated en C:\tools\nginx\html\sistema_biometrico\index.php línea 52
URI: /validaciones/estadisticas
--------------------------------------------------------------------------------
[2026-03-18 10:17:14] [DEPRECATED] session_set_save_handler(): Providing individual callbacks instead of an object implementing SessionHandlerInterface is deprecated en C:\tools\nginx\html\sistema_biometrico\index.php línea 52
URI: /validaciones/estadisticas
--------------------------------------------------------------------------------
[2026-03-18 10:17:44] [DEPRECATED] session_set_save_handler(): Providing individual callbacks instead of an object implementing SessionHandlerInterface is deprecated en C:\tools\nginx\html\sistema_biometrico\index.php línea 52
URI: /validaciones/estadisticas
--------------------------------------------------------------------------------
[2026-03-18 10:18:14] [DEPRECATED] session_set_save_handler(): Providing individual callbacks instead of an object implementing SessionHandlerInterface is deprecated en C:\tools\nginx\html\sistema_biometrico\index.php línea 52
URI: /validaciones/estadisticas
--------------------------------------------------------------------------------
[2026-03-18 10:18:20] [DEPRECATED] session_set_save_handler(): Providing individual callbacks instead of an object implementing SessionHandlerInterface is deprecated en C:\tools\nginx\html\sistema_biometrico\index.php línea 52
URI: /validaciones
--------------------------------------------------------------------------------
[2026-03-18 10:18:21] [DEPRECATED] session_set_save_handler(): Providing individual callbacks instead of an object implementing SessionHandlerInterface is deprecated en C:\tools\nginx\html\sistema_biometrico\index.php línea 52
URI: /.well-known/appspecific/com.chrome.devtools.json
--------------------------------------------------------------------------------
[2026-03-18 10:18:21] [DEPRECATED] session_set_save_handler(): Providing individual callbacks instead of an object implementing SessionHandlerInterface is deprecated en C:\tools\nginx\html\sistema_biometrico\index.php línea 52
URI: /validaciones/buscar-empleados
--------------------------------------------------------------------------------
[2026-03-18 10:18:21] [DEPRECATED] session_set_save_handler(): Providing individual callbacks instead of an object implementing SessionHandlerInterface is deprecated en C:\tools\nginx\html\sistema_biometrico\index.php línea 52
URI: /validaciones/obtener-areas
--------------------------------------------------------------------------------
[2026-03-18 10:18:21] [DEPRECATED] session_set_save_handler(): Providing individual callbacks instead of an object implementing SessionHandlerInterface is deprecated en C:\tools\nginx\html\sistema_biometrico\index.php línea 52
URI: /validaciones/estadisticas
--------------------------------------------------------------------------------
[2026-03-18 10:18:36] [DEPRECATED] session_set_save_handler(): Providing individual callbacks instead of an object implementing SessionHandlerInterface is deprecated en C:\tools\nginx\html\sistema_biometrico\index.php línea 52
URI: /validaciones/incidencias-empleados
--------------------------------------------------------------------------------
[2026-03-18 10:18:47] [DEPRECATED] session_set_save_handler(): Providing individual callbacks instead of an object implementing SessionHandlerInterface is deprecated en C:\tools\nginx\html\sistema_biometrico\index.php línea 52
URI: /validaciones/incidencias-empleados
--------------------------------------------------------------------------------
[2026-03-18 10:18:49] [DEPRECATED] session_set_save_handler(): Providing individual callbacks instead of an object implementing SessionHandlerInterface is deprecated en C:\tools\nginx\html\sistema_biometrico\index.php línea 52
URI: /validaciones/incidencias-empleados
--------------------------------------------------------------------------------
[2026-03-18 10:18:50] [DEPRECATED] session_set_save_handler(): Providing individual callbacks instead of an object implementing SessionHandlerInterface is deprecated en C:\tools\nginx\html\sistema_biometrico\index.php línea 52
URI: /empleados
--------------------------------------------------------------------------------
[2026-03-18 10:18:50] [DEPRECATED] session_set_save_handler(): Providing individual callbacks instead of an object implementing SessionHandlerInterface is deprecated en C:\tools\nginx\html\sistema_biometrico\index.php línea 52
URI: /.well-known/appspecific/com.chrome.devtools.json
--------------------------------------------------------------------------------
[2026-03-18 10:18:53] [DEPRECATED] session_set_save_handler(): Providing individual callbacks instead of an object implementing SessionHandlerInterface is deprecated en C:\tools\nginx\html\sistema_biometrico\index.php línea 52
URI: /empleados?search=137
--------------------------------------------------------------------------------
[2026-03-18 10:18:54] [DEPRECATED] session_set_save_handler(): Providing individual callbacks instead of an object implementing SessionHandlerInterface is deprecated en C:\tools\nginx\html\sistema_biometrico\index.php línea 52
URI: /.well-known/appspecific/com.chrome.devtools.json
--------------------------------------------------------------------------------
[2026-03-18 10:18:55] [DEPRECATED] session_set_save_handler(): Providing individual callbacks instead of an object implementing SessionHandlerInterface is deprecated en C:\tools\nginx\html\sistema_biometrico\index.php línea 52
URI: /empleados/datos-completos/137
--------------------------------------------------------------------------------
[2026-03-18 10:19:51] [DEPRECATED] session_set_save_handler(): Providing individual callbacks instead of an object implementing SessionHandlerInterface is deprecated en C:\tools\nginx\html\sistema_biometrico\index.php línea 52
URI: /empleados?search=
--------------------------------------------------------------------------------
[2026-03-18 10:19:51] [DEPRECATED] session_set_save_handler(): Providing individual callbacks instead of an object implementing SessionHandlerInterface is deprecated en C:\tools\nginx\html\sistema_biometrico\index.php línea 52
URI: /.well-known/appspecific/com.chrome.devtools.json
--------------------------------------------------------------------------------
[2026-03-18 10:20:19] [DEPRECATED] session_set_save_handler(): Providing individual callbacks instead of an object implementing SessionHandlerInterface is deprecated en C:\tools\nginx\html\sistema_biometrico\index.php línea 52
URI: /validaciones
--------------------------------------------------------------------------------
[2026-03-18 10:20:19] [DEPRECATED] session_set_save_handler(): Providing individual callbacks instead of an object implementing SessionHandlerInterface is deprecated en C:\tools\nginx\html\sistema_biometrico\index.php línea 52
URI: /validaciones/buscar-empleados
--------------------------------------------------------------------------------
[2026-03-18 10:20:19] [DEPRECATED] session_set_save_handler(): Providing individual callbacks instead of an object implementing SessionHandlerInterface is deprecated en C:\tools\nginx\html\sistema_biometrico\index.php línea 52
URI: /validaciones/obtener-areas
--------------------------------------------------------------------------------
[2026-03-18 10:20:19] [DEPRECATED] session_set_save_handler(): Providing individual callbacks instead of an object implementing SessionHandlerInterface is deprecated en C:\tools\nginx\html\sistema_biometrico\index.php línea 52
URI: /validaciones/estadisticas
--------------------------------------------------------------------------------
[2026-03-18 10:20:22] [DEPRECATED] session_set_save_handler(): Providing individual callbacks instead of an object implementing SessionHandlerInterface is deprecated en C:\tools\nginx\html\sistema_biometrico\index.php línea 52
URI: /validaciones
--------------------------------------------------------------------------------
[2026-03-18 10:20:22] [DEPRECATED] session_set_save_handler(): Providing individual callbacks instead of an object implementing SessionHandlerInterface is deprecated en C:\tools\nginx\html\sistema_biometrico\index.php línea 52
URI: /validaciones/buscar-empleados
--------------------------------------------------------------------------------
[2026-03-18 10:20:22] [DEPRECATED] session_set_save_handler(): Providing individual callbacks instead of an object implementing SessionHandlerInterface is deprecated en C:\tools\nginx\html\sistema_biometrico\index.php línea 52
URI: /validaciones/obtener-areas
--------------------------------------------------------------------------------
[2026-03-18 10:20:22] [DEPRECATED] session_set_save_handler(): Providing individual callbacks instead of an object implementing SessionHandlerInterface is deprecated en C:\tools\nginx\html\sistema_biometrico\index.php línea 52
URI: /validaciones/estadisticas
--------------------------------------------------------------------------------
[2026-03-18 10:20:25] [DEPRECATED] session_set_save_handler(): Providing individual callbacks instead of an object implementing SessionHandlerInterface is deprecated en C:\tools\nginx\html\sistema_biometrico\index.php línea 52
URI: /validaciones/incidencias-empleados
--------------------------------------------------------------------------------
[2026-03-18 10:20:37] [DEPRECATED] session_set_save_handler(): Providing individual callbacks instead of an object implementing SessionHandlerInterface is deprecated en C:\tools\nginx\html\sistema_biometrico\index.php línea 52
URI: /logout
--------------------------------------------------------------------------------
[2026-03-18 10:20:37] [DEPRECATED] session_set_save_handler(): Providing individual callbacks instead of an object implementing SessionHandlerInterface is deprecated en C:\tools\nginx\html\sistema_biometrico\index.php línea 52
URI: /login
--------------------------------------------------------------------------------
[2026-03-18 10:21:33] [DEPRECATED] session_set_save_handler(): Providing individual callbacks instead of an object implementing SessionHandlerInterface is deprecated en C:\tools\nginx\html\sistema_biometrico\index.php línea 52
URI: /login
--------------------------------------------------------------------------------
[2026-03-18 10:21:33] [DEPRECATED] session_set_save_handler(): Providing individual callbacks instead of an object implementing SessionHandlerInterface is deprecated en C:\tools\nginx\html\sistema_biometrico\index.php línea 52
URI: /dashboard
--------------------------------------------------------------------------------
[2026-03-18 10:21:41] [DEPRECATED] session_set_save_handler(): Providing individual callbacks instead of an object implementing SessionHandlerInterface is deprecated en C:\tools\nginx\html\sistema_biometrico\index.php línea 52
URI: /validaciones
--------------------------------------------------------------------------------
[2026-03-18 10:21:41] [DEPRECATED] session_set_save_handler(): Providing individual callbacks instead of an object implementing SessionHandlerInterface is deprecated en C:\tools\nginx\html\sistema_biometrico\index.php línea 52
URI: /validaciones/buscar-empleados
--------------------------------------------------------------------------------
[2026-03-18 10:21:41] [DEPRECATED] session_set_save_handler(): Providing individual callbacks instead of an object implementing SessionHandlerInterface is deprecated en C:\tools\nginx\html\sistema_biometrico\index.php línea 52
URI: /validaciones/obtener-areas
--------------------------------------------------------------------------------
[2026-03-18 10:21:41] [DEPRECATED] session_set_save_handler(): Providing individual callbacks instead of an object implementing SessionHandlerInterface is deprecated en C:\tools\nginx\html\sistema_biometrico\index.php línea 52
URI: /validaciones/estadisticas
--------------------------------------------------------------------------------
[2026-03-18 10:21:43] [DEPRECATED] session_set_save_handler(): Providing individual callbacks instead of an object implementing SessionHandlerInterface is deprecated en C:\tools\nginx\html\sistema_biometrico\index.php línea 52
URI: /validaciones/incidencias-empleados
--------------------------------------------------------------------------------
[2026-03-18 10:22:11] [DEPRECATED] session_set_save_handler(): Providing individual callbacks instead of an object implementing SessionHandlerInterface is deprecated en C:\tools\nginx\html\sistema_biometrico\index.php línea 52
URI: /validaciones/estadisticas
--------------------------------------------------------------------------------
[2026-03-18 10:22:33] [DEPRECATED] session_set_save_handler(): Providing individual callbacks instead of an object implementing SessionHandlerInterface is deprecated en C:\tools\nginx\html\sistema_biometrico\index.php línea 52
URI: /validaciones/incidencias-empleados
--------------------------------------------------------------------------------
[2026-03-18 10:22:39] [DEPRECATED] session_set_save_handler(): Providing individual callbacks instead of an object implementing SessionHandlerInterface is deprecated en C:\tools\nginx\html\sistema_biometrico\index.php línea 52
URI: /validaciones/incidencias-empleados
--------------------------------------------------------------------------------
[2026-03-18 10:22:41] [DEPRECATED] session_set_save_handler(): Providing individual callbacks instead of an object implementing SessionHandlerInterface is deprecated en C:\tools\nginx\html\sistema_biometrico\index.php línea 52
URI: /validaciones/estadisticas
--------------------------------------------------------------------------------
[2026-03-18 10:22:44] [DEPRECATED] session_set_save_handler(): Providing individual callbacks instead of an object implementing SessionHandlerInterface is deprecated en C:\tools\nginx\html\sistema_biometrico\index.php línea 52
URI: /validaciones/incidencias-empleados
--------------------------------------------------------------------------------
[2026-03-18 10:22:53] [DEPRECATED] session_set_save_handler(): Providing individual callbacks instead of an object implementing SessionHandlerInterface is deprecated en C:\tools\nginx\html\sistema_biometrico\index.php línea 52
URI: /empleados
--------------------------------------------------------------------------------
[2026-03-18 10:22:56] [DEPRECATED] session_set_save_handler(): Providing individual callbacks instead of an object implementing SessionHandlerInterface is deprecated en C:\tools\nginx\html\sistema_biometrico\index.php línea 52
URI: /empleados?search=225
--------------------------------------------------------------------------------
[2026-03-18 10:23:00] [DEPRECATED] session_set_save_handler(): Providing individual callbacks instead of an object implementing SessionHandlerInterface is deprecated en C:\tools\nginx\html\sistema_biometrico\index.php línea 52
URI: /empleados/datos-completos/225
--------------------------------------------------------------------------------
[2026-03-18 10:25:07] [DEPRECATED] session_set_save_handler(): Providing individual callbacks instead of an object implementing SessionHandlerInterface is deprecated en C:\tools\nginx\html\sistema_biometrico\index.php línea 52
URI: /empleados?search=225
--------------------------------------------------------------------------------
[2026-03-18 10:25:08] [DEPRECATED] session_set_save_handler(): Providing individual callbacks instead of an object implementing SessionHandlerInterface is deprecated en C:\tools\nginx\html\sistema_biometrico\index.php línea 52
URI: /empleados?search=225
--------------------------------------------------------------------------------
[2026-03-18 10:25:09] [DEPRECATED] session_set_save_handler(): Providing individual callbacks instead of an object implementing SessionHandlerInterface is deprecated en C:\tools\nginx\html\sistema_biometrico\index.php línea 52
URI: /empleados?search=225
--------------------------------------------------------------------------------
[2026-03-18 10:25:09] [DEPRECATED] session_set_save_handler(): Providing individual callbacks instead of an object implementing SessionHandlerInterface is deprecated en C:\tools\nginx\html\sistema_biometrico\index.php línea 52
URI: /empleados?search=225
--------------------------------------------------------------------------------
[2026-03-18 10:25:09] [DEPRECATED] session_set_save_handler(): Providing individual callbacks instead of an object implementing SessionHandlerInterface is deprecated en C:\tools\nginx\html\sistema_biometrico\index.php línea 52
URI: /empleados?search=225
--------------------------------------------------------------------------------
[2026-03-18 10:25:09] [DEPRECATED] session_set_save_handler(): Providing individual callbacks instead of an object implementing SessionHandlerInterface is deprecated en C:\tools\nginx\html\sistema_biometrico\index.php línea 52
URI: /empleados?search=225
--------------------------------------------------------------------------------
[2026-03-18 10:25:09] [DEPRECATED] session_set_save_handler(): Providing individual callbacks instead of an object implementing SessionHandlerInterface is deprecated en C:\tools\nginx\html\sistema_biometrico\index.php línea 52
URI: /empleados?search=225
--------------------------------------------------------------------------------
[2026-03-18 10:25:20] [DEPRECATED] session_set_save_handler(): Providing individual callbacks instead of an object implementing SessionHandlerInterface is deprecated en C:\tools\nginx\html\sistema_biometrico\index.php línea 52
URI: /validaciones
--------------------------------------------------------------------------------
[2026-03-18 10:25:20] [DEPRECATED] session_set_save_handler(): Providing individual callbacks instead of an object implementing SessionHandlerInterface is deprecated en C:\tools\nginx\html\sistema_biometrico\index.php línea 52
URI: /validaciones/buscar-empleados?solo_con_incidencias=1
--------------------------------------------------------------------------------
[2026-03-18 10:25:20] [DEPRECATED] session_set_save_handler(): Providing individual callbacks instead of an object implementing SessionHandlerInterface is deprecated en C:\tools\nginx\html\sistema_biometrico\index.php línea 52
URI: /validaciones/obtener-areas
--------------------------------------------------------------------------------
[2026-03-18 10:25:20] [DEPRECATED] session_set_save_handler(): Providing individual callbacks instead of an object implementing SessionHandlerInterface is deprecated en C:\tools\nginx\html\sistema_biometrico\index.php línea 52
URI: /validaciones/estadisticas
--------------------------------------------------------------------------------
[2026-03-18 10:25:22] [DEPRECATED] session_set_save_handler(): Providing individual callbacks instead of an object implementing SessionHandlerInterface is deprecated en C:\tools\nginx\html\sistema_biometrico\index.php línea 52
URI: /validaciones/incidencias-empleados
--------------------------------------------------------------------------------
[2026-03-18 10:25:50] [DEPRECATED] session_set_save_handler(): Providing individual callbacks instead of an object implementing SessionHandlerInterface is deprecated en C:\tools\nginx\html\sistema_biometrico\index.php línea 52
URI: /validaciones/estadisticas
--------------------------------------------------------------------------------
[2026-03-18 10:26:20] [DEPRECATED] session_set_save_handler(): Providing individual callbacks instead of an object implementing SessionHandlerInterface is deprecated en C:\tools\nginx\html\sistema_biometrico\index.php línea 52
URI: /validaciones/estadisticas
--------------------------------------------------------------------------------
[2026-03-18 10:26:50] [DEPRECATED] session_set_save_handler(): Providing individual callbacks instead of an object implementing SessionHandlerInterface is deprecated en C:\tools\nginx\html\sistema_biometrico\index.php línea 52
URI: /validaciones/estadisticas
--------------------------------------------------------------------------------
[2026-03-18 10:27:20] [DEPRECATED] session_set_save_handler(): Providing individual callbacks instead of an object implementing SessionHandlerInterface is deprecated en C:\tools\nginx\html\sistema_biometrico\index.php línea 52
URI: /validaciones/estadisticas
--------------------------------------------------------------------------------
[2026-03-18 10:27:50] [DEPRECATED] session_set_save_handler(): Providing individual callbacks instead of an object implementing SessionHandlerInterface is deprecated en C:\tools\nginx\html\sistema_biometrico\index.php línea 52
URI: /validaciones/estadisticas
--------------------------------------------------------------------------------
[2026-03-18 10:28:20] [DEPRECATED] session_set_save_handler(): Providing individual callbacks instead of an object implementing SessionHandlerInterface is deprecated en C:\tools\nginx\html\sistema_biometrico\index.php línea 52
URI: /validaciones/estadisticas
--------------------------------------------------------------------------------
[2026-03-18 10:28:50] [DEPRECATED] session_set_save_handler(): Providing individual callbacks instead of an object implementing SessionHandlerInterface is deprecated en C:\tools\nginx\html\sistema_biometrico\index.php línea 52
URI: /validaciones/estadisticas
--------------------------------------------------------------------------------
[2026-03-18 10:29:20] [DEPRECATED] session_set_save_handler(): Providing individual callbacks instead of an object implementing SessionHandlerInterface is deprecated en C:\tools\nginx\html\sistema_biometrico\index.php línea 52
URI: /validaciones/estadisticas
--------------------------------------------------------------------------------
[2026-03-18 10:29:50] [DEPRECATED] session_set_save_handler(): Providing individual callbacks instead of an object implementing SessionHandlerInterface is deprecated en C:\tools\nginx\html\sistema_biometrico\index.php línea 52
URI: /validaciones/estadisticas
--------------------------------------------------------------------------------
[2026-03-18 10:30:20] [DEPRECATED] session_set_save_handler(): Providing individual callbacks instead of an object implementing SessionHandlerInterface is deprecated en C:\tools\nginx\html\sistema_biometrico\index.php línea 52
URI: /validaciones/estadisticas
--------------------------------------------------------------------------------
[2026-03-18 10:30:50] [DEPRECATED] session_set_save_handler(): Providing individual callbacks instead of an object implementing SessionHandlerInterface is deprecated en C:\tools\nginx\html\sistema_biometrico\index.php línea 52
URI: /validaciones/estadisticas
--------------------------------------------------------------------------------
[2026-03-18 10:31:20] [DEPRECATED] session_set_save_handler(): Providing individual callbacks instead of an object implementing SessionHandlerInterface is deprecated en C:\tools\nginx\html\sistema_biometrico\index.php línea 52
URI: /validaciones/estadisticas
--------------------------------------------------------------------------------
[2026-03-18 10:31:45] [DEPRECATED] session_set_save_handler(): Providing individual callbacks instead of an object implementing SessionHandlerInterface is deprecated en C:\tools\nginx\html\sistema_biometrico\index.php línea 52
URI: /logout
--------------------------------------------------------------------------------
[2026-03-18 10:31:45] [DEPRECATED] session_set_save_handler(): Providing individual callbacks instead of an object implementing SessionHandlerInterface is deprecated en C:\tools\nginx\html\sistema_biometrico\index.php línea 52
URI: /login
--------------------------------------------------------------------------------
[2026-03-18 10:32:01] [DEPRECATED] session_set_save_handler(): Providing individual callbacks instead of an object implementing SessionHandlerInterface is deprecated en C:\tools\nginx\html\sistema_biometrico\index.php línea 52
URI: /login
--------------------------------------------------------------------------------
[2026-03-18 10:32:05] [DEPRECATED] session_set_save_handler(): Providing individual callbacks instead of an object implementing SessionHandlerInterface is deprecated en C:\tools\nginx\html\sistema_biometrico\index.php línea 52
URI: /login
--------------------------------------------------------------------------------
[2026-03-18 10:32:16] [DEPRECATED] session_set_save_handler(): Providing individual callbacks instead of an object implementing SessionHandlerInterface is deprecated en C:\tools\nginx\html\sistema_biometrico\index.php línea 52
URI: /login
--------------------------------------------------------------------------------
[2026-03-18 10:32:16] [DEPRECATED] session_set_save_handler(): Providing individual callbacks instead of an object implementing SessionHandlerInterface is deprecated en C:\tools\nginx\html\sistema_biometrico\index.php línea 52
URI: /dashboard
--------------------------------------------------------------------------------
[2026-03-18 10:32:24] [DEPRECATED] session_set_save_handler(): Providing individual callbacks instead of an object implementing SessionHandlerInterface is deprecated en C:\tools\nginx\html\sistema_biometrico\index.php línea 52
URI: /validaciones
--------------------------------------------------------------------------------
[2026-03-18 10:32:24] [DEPRECATED] session_set_save_handler(): Providing individual callbacks instead of an object implementing SessionHandlerInterface is deprecated en C:\tools\nginx\html\sistema_biometrico\index.php línea 52
URI: /validaciones/buscar-empleados?solo_con_incidencias=1
--------------------------------------------------------------------------------
[2026-03-18 10:32:24] [DEPRECATED] session_set_save_handler(): Providing individual callbacks instead of an object implementing SessionHandlerInterface is deprecated en C:\tools\nginx\html\sistema_biometrico\index.php línea 52
URI: /validaciones/obtener-areas
--------------------------------------------------------------------------------
[2026-03-18 10:32:24] [DEPRECATED] session_set_save_handler(): Providing individual callbacks instead of an object implementing SessionHandlerInterface is deprecated en C:\tools\nginx\html\sistema_biometrico\index.php línea 52
URI: /validaciones/estadisticas
--------------------------------------------------------------------------------
[2026-03-18 10:32:25] [DEPRECATED] session_set_save_handler(): Providing individual callbacks instead of an object implementing SessionHandlerInterface is deprecated en C:\tools\nginx\html\sistema_biometrico\index.php línea 52
URI: /validaciones/incidencias-empleados
--------------------------------------------------------------------------------
[2026-03-18 10:32:54] [DEPRECATED] session_set_save_handler(): Providing individual callbacks instead of an object implementing SessionHandlerInterface is deprecated en C:\tools\nginx\html\sistema_biometrico\index.php línea 52
URI: /validaciones/estadisticas
--------------------------------------------------------------------------------
[2026-03-18 10:33:24] [DEPRECATED] session_set_save_handler(): Providing individual callbacks instead of an object implementing SessionHandlerInterface is deprecated en C:\tools\nginx\html\sistema_biometrico\index.php línea 52
URI: /validaciones/estadisticas
--------------------------------------------------------------------------------
[2026-03-18 10:33:54] [DEPRECATED] session_set_save_handler(): Providing individual callbacks instead of an object implementing SessionHandlerInterface is deprecated en C:\tools\nginx\html\sistema_biometrico\index.php línea 52
URI: /validaciones/estadisticas
--------------------------------------------------------------------------------
[2026-03-18 10:34:16] [DEPRECATED] session_set_save_handler(): Providing individual callbacks instead of an object implementing SessionHandlerInterface is deprecated en C:\tools\nginx\html\sistema_biometrico\index.php línea 52
URI: /empleados
--------------------------------------------------------------------------------
[2026-03-18 10:34:18] [DEPRECATED] session_set_save_handler(): Providing individual callbacks instead of an object implementing SessionHandlerInterface is deprecated en C:\tools\nginx\html\sistema_biometrico\index.php línea 52
URI: /empleados?search=1
--------------------------------------------------------------------------------
[2026-03-18 10:34:22] [DEPRECATED] session_set_save_handler(): Providing individual callbacks instead of an object implementing SessionHandlerInterface is deprecated en C:\tools\nginx\html\sistema_biometrico\index.php línea 52
URI: /empleados/datos-completos/1
--------------------------------------------------------------------------------
[2026-03-18 10:35:11] [DEPRECATED] session_set_save_handler(): Providing individual callbacks instead of an object implementing SessionHandlerInterface is deprecated en C:\tools\nginx\html\sistema_biometrico\index.php línea 52
URI: /validaciones
--------------------------------------------------------------------------------
[2026-03-18 10:35:11] [DEPRECATED] session_set_save_handler(): Providing individual callbacks instead of an object implementing SessionHandlerInterface is deprecated en C:\tools\nginx\html\sistema_biometrico\index.php línea 52
URI: /validaciones/buscar-empleados?solo_con_incidencias=1
--------------------------------------------------------------------------------
[2026-03-18 10:35:11] [DEPRECATED] session_set_save_handler(): Providing individual callbacks instead of an object implementing SessionHandlerInterface is deprecated en C:\tools\nginx\html\sistema_biometrico\index.php línea 52
URI: /validaciones/obtener-areas
--------------------------------------------------------------------------------
[2026-03-18 10:35:12] [DEPRECATED] session_set_save_handler(): Providing individual callbacks instead of an object implementing SessionHandlerInterface is deprecated en C:\tools\nginx\html\sistema_biometrico\index.php línea 52
URI: /validaciones/estadisticas
--------------------------------------------------------------------------------
[2026-03-18 10:35:13] [DEPRECATED] session_set_save_handler(): Providing individual callbacks instead of an object implementing SessionHandlerInterface is deprecated en C:\tools\nginx\html\sistema_biometrico\index.php línea 52
URI: /validaciones/incidencias-empleados
--------------------------------------------------------------------------------
[2026-03-18 10:35:41] [DEPRECATED] session_set_save_handler(): Providing individual callbacks instead of an object implementing SessionHandlerInterface is deprecated en C:\tools\nginx\html\sistema_biometrico\index.php línea 52
URI: /validaciones/estadisticas
--------------------------------------------------------------------------------
[2026-03-18 10:35:52] [DEPRECATED] session_set_save_handler(): Providing individual callbacks instead of an object implementing SessionHandlerInterface is deprecated en C:\tools\nginx\html\sistema_biometrico\index.php línea 52
URI: /validaciones/validar-retardo/68236
--------------------------------------------------------------------------------
[2026-03-18 10:35:52] [DEPRECATED] session_set_save_handler(): Providing individual callbacks instead of an object implementing SessionHandlerInterface is deprecated en C:\tools\nginx\html\sistema_biometrico\index.php línea 52
URI: /api/log-error
--------------------------------------------------------------------------------
[2026-03-18 10:35:52] [DEPRECATED] session_set_save_handler(): Providing individual callbacks instead of an object implementing SessionHandlerInterface is deprecated en C:\tools\nginx\html\sistema_biometrico\index.php línea 52
URI: /api/log-error
--------------------------------------------------------------------------------
[2026-03-18 10:35:52] [DEPRECATED] session_set_save_handler(): Providing individual callbacks instead of an object implementing SessionHandlerInterface is deprecated en C:\tools\nginx\html\sistema_biometrico\index.php línea 52
URI: /api/log-error
--------------------------------------------------------------------------------
[2026-03-18 10:35:52] [DEPRECATED] session_set_save_handler(): Providing individual callbacks instead of an object implementing SessionHandlerInterface is deprecated en C:\tools\nginx\html\sistema_biometrico\index.php línea 52
URI: /api/log-error
--------------------------------------------------------------------------------
[2026-03-18 10:36:04] [DEPRECATED] session_set_save_handler(): Providing individual callbacks instead of an object implementing SessionHandlerInterface is deprecated en C:\tools\nginx\html\sistema_biometrico\index.php línea 52
URI: /.well-known/appspecific/com.chrome.devtools.json
--------------------------------------------------------------------------------
[2026-03-18 10:36:11] [DEPRECATED] session_set_save_handler(): Providing individual callbacks instead of an object implementing SessionHandlerInterface is deprecated en C:\tools\nginx\html\sistema_biometrico\index.php línea 52
URI: /validaciones/estadisticas
--------------------------------------------------------------------------------
[2026-03-18 10:36:42] [DEPRECATED] session_set_save_handler(): Providing individual callbacks instead of an object implementing SessionHandlerInterface is deprecated en C:\tools\nginx\html\sistema_biometrico\index.php línea 52
URI: /validaciones/estadisticas
--------------------------------------------------------------------------------
[2026-03-18 10:37:12] [DEPRECATED] session_set_save_handler(): Providing individual callbacks instead of an object implementing SessionHandlerInterface is deprecated en C:\tools\nginx\html\sistema_biometrico\index.php línea 52
URI: /validaciones/estadisticas
--------------------------------------------------------------------------------
[2026-03-18 10:37:20] [DEPRECATED] session_set_save_handler(): Providing individual callbacks instead of an object implementing SessionHandlerInterface is deprecated en C:\tools\nginx\html\sistema_biometrico\index.php línea 52
URI: /validaciones
--------------------------------------------------------------------------------
[2026-03-18 10:37:21] [DEPRECATED] session_set_save_handler(): Providing individual callbacks instead of an object implementing SessionHandlerInterface is deprecated en C:\tools\nginx\html\sistema_biometrico\index.php línea 52
URI: /.well-known/appspecific/com.chrome.devtools.json
--------------------------------------------------------------------------------
[2026-03-18 10:37:21] [DEPRECATED] session_set_save_handler(): Providing individual callbacks instead of an object implementing SessionHandlerInterface is deprecated en C:\tools\nginx\html\sistema_biometrico\index.php línea 52
URI: /validaciones/buscar-empleados?solo_con_incidencias=1
--------------------------------------------------------------------------------
[2026-03-18 10:37:21] [DEPRECATED] session_set_save_handler(): Providing individual callbacks instead of an object implementing SessionHandlerInterface is deprecated en C:\tools\nginx\html\sistema_biometrico\index.php línea 52
URI: /validaciones/obtener-areas
--------------------------------------------------------------------------------
[2026-03-18 10:37:21] [DEPRECATED] session_set_save_handler(): Providing individual callbacks instead of an object implementing SessionHandlerInterface is deprecated en C:\tools\nginx\html\sistema_biometrico\index.php línea 52
URI: /validaciones/estadisticas
--------------------------------------------------------------------------------
[2026-03-18 10:37:22] [DEPRECATED] session_set_save_handler(): Providing individual callbacks instead of an object implementing SessionHandlerInterface is deprecated en C:\tools\nginx\html\sistema_biometrico\index.php línea 52
URI: /validaciones
--------------------------------------------------------------------------------
[2026-03-18 10:37:22] [DEPRECATED] session_set_save_handler(): Providing individual callbacks instead of an object implementing SessionHandlerInterface is deprecated en C:\tools\nginx\html\sistema_biometrico\index.php línea 52
URI: /.well-known/appspecific/com.chrome.devtools.json
--------------------------------------------------------------------------------
[2026-03-18 10:37:22] [DEPRECATED] session_set_save_handler(): Providing individual callbacks instead of an object implementing SessionHandlerInterface is deprecated en C:\tools\nginx\html\sistema_biometrico\index.php línea 52
URI: /validaciones/buscar-empleados?solo_con_incidencias=1
--------------------------------------------------------------------------------
[2026-03-18 10:37:22] [DEPRECATED] session_set_save_handler(): Providing individual callbacks instead of an object implementing SessionHandlerInterface is deprecated en C:\tools\nginx\html\sistema_biometrico\index.php línea 52
URI: /validaciones/obtener-areas
--------------------------------------------------------------------------------
[2026-03-18 10:37:22] [DEPRECATED] session_set_save_handler(): Providing individual callbacks instead of an object implementing SessionHandlerInterface is deprecated en C:\tools\nginx\html\sistema_biometrico\index.php línea 52
URI: /validaciones/estadisticas
--------------------------------------------------------------------------------
[2026-03-18 10:37:22] [DEPRECATED] session_set_save_handler(): Providing individual callbacks instead of an object implementing SessionHandlerInterface is deprecated en C:\tools\nginx\html\sistema_biometrico\index.php línea 52
URI: /validaciones
--------------------------------------------------------------------------------
[2026-03-18 10:37:22] [DEPRECATED] session_set_save_handler(): Providing individual callbacks instead of an object implementing SessionHandlerInterface is deprecated en C:\tools\nginx\html\sistema_biometrico\index.php línea 52
URI: /validaciones
--------------------------------------------------------------------------------
[2026-03-18 10:37:22] [DEPRECATED] session_set_save_handler(): Providing individual callbacks instead of an object implementing SessionHandlerInterface is deprecated en C:\tools\nginx\html\sistema_biometrico\index.php línea 52
URI: /.well-known/appspecific/com.chrome.devtools.json
--------------------------------------------------------------------------------
[2026-03-18 10:37:22] [DEPRECATED] session_set_save_handler(): Providing individual callbacks instead of an object implementing SessionHandlerInterface is deprecated en C:\tools\nginx\html\sistema_biometrico\index.php línea 52
URI: /validaciones
--------------------------------------------------------------------------------
[2026-03-18 10:37:23] [DEPRECATED] session_set_save_handler(): Providing individual callbacks instead of an object implementing SessionHandlerInterface is deprecated en C:\tools\nginx\html\sistema_biometrico\index.php línea 52
URI: /validaciones/buscar-empleados?solo_con_incidencias=1
--------------------------------------------------------------------------------
[2026-03-18 10:37:23] [DEPRECATED] session_set_save_handler(): Providing individual callbacks instead of an object implementing SessionHandlerInterface is deprecated en C:\tools\nginx\html\sistema_biometrico\index.php línea 52
URI: /api/log-error
--------------------------------------------------------------------------------
[2026-03-18 10:37:23] [DEPRECATED] session_set_save_handler(): Providing individual callbacks instead of an object implementing SessionHandlerInterface is deprecated en C:\tools\nginx\html\sistema_biometrico\index.php línea 52
URI: /api/log-error
--------------------------------------------------------------------------------
[2026-03-18 10:37:23] [DEPRECATED] session_set_save_handler(): Providing individual callbacks instead of an object implementing SessionHandlerInterface is deprecated en C:\tools\nginx\html\sistema_biometrico\index.php línea 52
URI: /api/log-error
--------------------------------------------------------------------------------
[2026-03-18 10:37:23] [DEPRECATED] session_set_save_handler(): Providing individual callbacks instead of an object implementing SessionHandlerInterface is deprecated en C:\tools\nginx\html\sistema_biometrico\index.php línea 52
URI: /validaciones/obtener-areas
--------------------------------------------------------------------------------
[2026-03-18 10:37:23] [DEPRECATED] session_set_save_handler(): Providing individual callbacks instead of an object implementing SessionHandlerInterface is deprecated en C:\tools\nginx\html\sistema_biometrico\index.php línea 52
URI: /validaciones/estadisticas
--------------------------------------------------------------------------------
[2026-03-18 10:37:23] [DEPRECATED] session_set_save_handler(): Providing individual callbacks instead of an object implementing SessionHandlerInterface is deprecated en C:\tools\nginx\html\sistema_biometrico\index.php línea 52
URI: /validaciones/buscar-empleados?solo_con_incidencias=1
--------------------------------------------------------------------------------
[2026-03-18 10:37:23] [DEPRECATED] session_set_save_handler(): Providing individual callbacks instead of an object implementing SessionHandlerInterface is deprecated en C:\tools\nginx\html\sistema_biometrico\index.php línea 52
URI: /.well-known/appspecific/com.chrome.devtools.json
--------------------------------------------------------------------------------
[2026-03-18 10:37:23] [DEPRECATED] session_set_save_handler(): Providing individual callbacks instead of an object implementing SessionHandlerInterface is deprecated en C:\tools\nginx\html\sistema_biometrico\index.php línea 52
URI: /validaciones
--------------------------------------------------------------------------------
[2026-03-18 10:37:23] [DEPRECATED] session_set_save_handler(): Providing individual callbacks instead of an object implementing SessionHandlerInterface is deprecated en C:\tools\nginx\html\sistema_biometrico\index.php línea 52
URI: /validaciones/obtener-areas
--------------------------------------------------------------------------------
[2026-03-18 10:37:23] [DEPRECATED] session_set_save_handler(): Providing individual callbacks instead of an object implementing SessionHandlerInterface is deprecated en C:\tools\nginx\html\sistema_biometrico\index.php línea 52
URI: /validaciones/estadisticas
--------------------------------------------------------------------------------
[2026-03-18 10:37:23] [DEPRECATED] session_set_save_handler(): Providing individual callbacks instead of an object implementing SessionHandlerInterface is deprecated en C:\tools\nginx\html\sistema_biometrico\index.php línea 52
URI: /validaciones
--------------------------------------------------------------------------------
[2026-03-18 10:37:23] [DEPRECATED] session_set_save_handler(): Providing individual callbacks instead of an object implementing SessionHandlerInterface is deprecated en C:\tools\nginx\html\sistema_biometrico\index.php línea 52
URI: /.well-known/appspecific/com.chrome.devtools.json
--------------------------------------------------------------------------------
[2026-03-18 10:37:23] [DEPRECATED] session_set_save_handler(): Providing individual callbacks instead of an object implementing SessionHandlerInterface is deprecated en C:\tools\nginx\html\sistema_biometrico\index.php línea 52
URI: /validaciones/buscar-empleados?solo_con_incidencias=1
--------------------------------------------------------------------------------
[2026-03-18 10:37:23] [DEPRECATED] session_set_save_handler(): Providing individual callbacks instead of an object implementing SessionHandlerInterface is deprecated en C:\tools\nginx\html\sistema_biometrico\index.php línea 52
URI: /validaciones/obtener-areas
--------------------------------------------------------------------------------
[2026-03-18 10:37:24] [DEPRECATED] session_set_save_handler(): Providing individual callbacks instead of an object implementing SessionHandlerInterface is deprecated en C:\tools\nginx\html\sistema_biometrico\index.php línea 52
URI: /validaciones/estadisticas
--------------------------------------------------------------------------------
[2026-03-18 10:37:41] [DEPRECATED] session_set_save_handler(): Providing individual callbacks instead of an object implementing SessionHandlerInterface is deprecated en C:\tools\nginx\html\sistema_biometrico\index.php línea 52
URI: /validaciones/buscar-pendientes
--------------------------------------------------------------------------------
[2026-03-18 10:37:42] [DEPRECATED] session_set_save_handler(): Providing individual callbacks instead of an object implementing SessionHandlerInterface is deprecated en C:\tools\nginx\html\sistema_biometrico\index.php línea 52
URI: /validaciones?area=&empleado=gregorio&tipo_incidencia=&fecha_inicio=&fecha_fin=
--------------------------------------------------------------------------------
[2026-03-18 10:37:42] [DEPRECATED] session_set_save_handler(): Providing individual callbacks instead of an object implementing SessionHandlerInterface is deprecated en C:\tools\nginx\html\sistema_biometrico\index.php línea 52
URI: /validaciones/buscar-empleados?solo_con_incidencias=1
--------------------------------------------------------------------------------
[2026-03-18 10:37:42] [DEPRECATED] session_set_save_handler(): Providing individual callbacks instead of an object implementing SessionHandlerInterface is deprecated en C:\tools\nginx\html\sistema_biometrico\index.php línea 52
URI: /validaciones/obtener-areas
--------------------------------------------------------------------------------
[2026-03-18 10:37:42] [DEPRECATED] session_set_save_handler(): Providing individual callbacks instead of an object implementing SessionHandlerInterface is deprecated en C:\tools\nginx\html\sistema_biometrico\index.php línea 52
URI: /validaciones/estadisticas
--------------------------------------------------------------------------------
[2026-03-18 10:38:00] [DEPRECATED] session_set_save_handler(): Providing individual callbacks instead of an object implementing SessionHandlerInterface is deprecated en C:\tools\nginx\html\sistema_biometrico\index.php línea 52
URI: /validaciones/buscar-pendientes
--------------------------------------------------------------------------------
[2026-03-18 10:38:08] [DEPRECATED] session_set_save_handler(): Providing individual callbacks instead of an object implementing SessionHandlerInterface is deprecated en C:\tools\nginx\html\sistema_biometrico\index.php línea 52
URI: /validaciones/incidencias-empleados
--------------------------------------------------------------------------------
[2026-03-18 10:38:12] [DEPRECATED] session_set_save_handler(): Providing individual callbacks instead of an object implementing SessionHandlerInterface is deprecated en C:\tools\nginx\html\sistema_biometrico\index.php línea 52
URI: /validaciones/estadisticas
--------------------------------------------------------------------------------
[2026-03-18 10:38:23] [DEPRECATED] session_set_save_handler(): Providing individual callbacks instead of an object implementing SessionHandlerInterface is deprecated en C:\tools\nginx\html\sistema_biometrico\index.php línea 52
URI: /validaciones/incidencias-empleados
--------------------------------------------------------------------------------
[2026-03-18 10:38:25] [DEPRECATED] session_set_save_handler(): Providing individual callbacks instead of an object implementing SessionHandlerInterface is deprecated en C:\tools\nginx\html\sistema_biometrico\index.php línea 52
URI: /validaciones/incidencias-empleados
--------------------------------------------------------------------------------
[2026-03-18 10:38:25] [DEPRECATED] session_set_save_handler(): Providing individual callbacks instead of an object implementing SessionHandlerInterface is deprecated en C:\tools\nginx\html\sistema_biometrico\index.php línea 52
URI: /validaciones/incidencias-empleados
--------------------------------------------------------------------------------
[2026-03-18 10:38:26] [DEPRECATED] session_set_save_handler(): Providing individual callbacks instead of an object implementing SessionHandlerInterface is deprecated en C:\tools\nginx\html\sistema_biometrico\index.php línea 52
URI: /validaciones/incidencias-empleados
--------------------------------------------------------------------------------
[2026-03-18 10:38:27] [DEPRECATED] session_set_save_handler(): Providing individual callbacks instead of an object implementing SessionHandlerInterface is deprecated en C:\tools\nginx\html\sistema_biometrico\index.php línea 52
URI: /validaciones/incidencias-empleados
--------------------------------------------------------------------------------
[2026-03-18 10:38:27] [DEPRECATED] session_set_save_handler(): Providing individual callbacks instead of an object implementing SessionHandlerInterface is deprecated en C:\tools\nginx\html\sistema_biometrico\index.php línea 52
URI: /validaciones/incidencias-empleados
--------------------------------------------------------------------------------
[2026-03-18 10:38:28] [DEPRECATED] session_set_save_handler(): Providing individual callbacks instead of an object implementing SessionHandlerInterface is deprecated en C:\tools\nginx\html\sistema_biometrico\index.php línea 52
URI: /validaciones/incidencias-empleados
--------------------------------------------------------------------------------
[2026-03-18 10:38:28] [DEPRECATED] session_set_save_handler(): Providing individual callbacks instead of an object implementing SessionHandlerInterface is deprecated en C:\tools\nginx\html\sistema_biometrico\index.php línea 52
URI: /validaciones/incidencias-empleados
--------------------------------------------------------------------------------
[2026-03-18 10:38:42] [DEPRECATED] session_set_save_handler(): Providing individual callbacks instead of an object implementing SessionHandlerInterface is deprecated en C:\tools\nginx\html\sistema_biometrico\index.php línea 52
URI: /validaciones/estadisticas
--------------------------------------------------------------------------------
[2026-03-18 10:39:06] [DEPRECATED] session_set_save_handler(): Providing individual callbacks instead of an object implementing SessionHandlerInterface is deprecated en C:\tools\nginx\html\sistema_biometrico\index.php línea 52
URI: /logout
--------------------------------------------------------------------------------
[2026-03-18 10:39:06] [DEPRECATED] session_set_save_handler(): Providing individual callbacks instead of an object implementing SessionHandlerInterface is deprecated en C:\tools\nginx\html\sistema_biometrico\index.php línea 52
URI: /login
--------------------------------------------------------------------------------
[2026-03-18 10:39:41] [DEPRECATED] session_set_save_handler(): Providing individual callbacks instead of an object implementing SessionHandlerInterface is deprecated en C:\tools\nginx\html\sistema_biometrico\index.php línea 52
URI: /login
--------------------------------------------------------------------------------
[2026-03-18 10:39:42] [DEPRECATED] session_set_save_handler(): Providing individual callbacks instead of an object implementing SessionHandlerInterface is deprecated en C:\tools\nginx\html\sistema_biometrico\index.php línea 52
URI: /dashboard
--------------------------------------------------------------------------------
[2026-03-18 10:39:47] [DEPRECATED] session_set_save_handler(): Providing individual callbacks instead of an object implementing SessionHandlerInterface is deprecated en C:\tools\nginx\html\sistema_biometrico\index.php línea 52
URI: /validaciones
--------------------------------------------------------------------------------
[2026-03-18 10:39:47] [DEPRECATED] session_set_save_handler(): Providing individual callbacks instead of an object implementing SessionHandlerInterface is deprecated en C:\tools\nginx\html\sistema_biometrico\index.php línea 52
URI: /validaciones/buscar-empleados?solo_con_incidencias=1
--------------------------------------------------------------------------------
[2026-03-18 10:39:47] [DEPRECATED] session_set_save_handler(): Providing individual callbacks instead of an object implementing SessionHandlerInterface is deprecated en C:\tools\nginx\html\sistema_biometrico\index.php línea 52
URI: /validaciones/obtener-areas
--------------------------------------------------------------------------------
[2026-03-18 10:39:48] [DEPRECATED] session_set_save_handler(): Providing individual callbacks instead of an object implementing SessionHandlerInterface is deprecated en C:\tools\nginx\html\sistema_biometrico\index.php línea 52
URI: /validaciones/estadisticas
--------------------------------------------------------------------------------
[2026-03-18 10:39:49] [DEPRECATED] session_set_save_handler(): Providing individual callbacks instead of an object implementing SessionHandlerInterface is deprecated en C:\tools\nginx\html\sistema_biometrico\index.php línea 52
URI: /validaciones/incidencias-empleados
--------------------------------------------------------------------------------
[2026-03-18 10:40:00] [DEPRECATED] session_set_save_handler(): Providing individual callbacks instead of an object implementing SessionHandlerInterface is deprecated en C:\tools\nginx\html\sistema_biometrico\index.php línea 52
URI: /validaciones/incidencias-empleados
--------------------------------------------------------------------------------
[2026-03-18 10:40:18] [DEPRECATED] session_set_save_handler(): Providing individual callbacks instead of an object implementing SessionHandlerInterface is deprecated en C:\tools\nginx\html\sistema_biometrico\index.php línea 52
URI: /validaciones/estadisticas
--------------------------------------------------------------------------------
[2026-03-18 10:40:48] [DEPRECATED] session_set_save_handler(): Providing individual callbacks instead of an object implementing SessionHandlerInterface is deprecated en C:\tools\nginx\html\sistema_biometrico\index.php línea 52
URI: /validaciones/estadisticas
--------------------------------------------------------------------------------
[2026-03-18 10:41:18] [DEPRECATED] session_set_save_handler(): Providing individual callbacks instead of an object implementing SessionHandlerInterface is deprecated en C:\tools\nginx\html\sistema_biometrico\index.php línea 52
URI: /validaciones/estadisticas
--------------------------------------------------------------------------------
[2026-03-18 10:41:48] [DEPRECATED] session_set_save_handler(): Providing individual callbacks instead of an object implementing SessionHandlerInterface is deprecated en C:\tools\nginx\html\sistema_biometrico\index.php línea 52
URI: /validaciones/estadisticas
--------------------------------------------------------------------------------
[2026-03-18 10:42:18] [DEPRECATED] session_set_save_handler(): Providing individual callbacks instead of an object implementing SessionHandlerInterface is deprecated en C:\tools\nginx\html\sistema_biometrico\index.php línea 52
URI: /validaciones/estadisticas
--------------------------------------------------------------------------------
[2026-03-18 10:42:47] [DEPRECATED] session_set_save_handler(): Providing individual callbacks instead of an object implementing SessionHandlerInterface is deprecated en C:\tools\nginx\html\sistema_biometrico\index.php línea 52
URI: /validaciones/estadisticas
--------------------------------------------------------------------------------
[2026-03-18 10:43:00] [DEPRECATED] session_set_save_handler(): Providing individual callbacks instead of an object implementing SessionHandlerInterface is deprecated en C:\tools\nginx\html\sistema_biometrico\index.php línea 52
URI: /validaciones
--------------------------------------------------------------------------------
[2026-03-18 10:43:00] [DEPRECATED] session_set_save_handler(): Providing individual callbacks instead of an object implementing SessionHandlerInterface is deprecated en C:\tools\nginx\html\sistema_biometrico\index.php línea 52
URI: /validaciones/buscar-empleados?solo_con_incidencias=1
--------------------------------------------------------------------------------
[2026-03-18 10:43:00] [DEPRECATED] session_set_save_handler(): Providing individual callbacks instead of an object implementing SessionHandlerInterface is deprecated en C:\tools\nginx\html\sistema_biometrico\index.php línea 52
URI: /validaciones/obtener-areas
--------------------------------------------------------------------------------
[2026-03-18 10:43:00] [DEPRECATED] session_set_save_handler(): Providing individual callbacks instead of an object implementing SessionHandlerInterface is deprecated en C:\tools\nginx\html\sistema_biometrico\index.php línea 52
URI: /validaciones/estadisticas
--------------------------------------------------------------------------------
[2026-03-18 10:43:02] [DEPRECATED] session_set_save_handler(): Providing individual callbacks instead of an object implementing SessionHandlerInterface is deprecated en C:\tools\nginx\html\sistema_biometrico\index.php línea 52
URI: /validaciones/incidencias-empleados
--------------------------------------------------------------------------------
[2026-03-18 10:43:30] [DEPRECATED] session_set_save_handler(): Providing individual callbacks instead of an object implementing SessionHandlerInterface is deprecated en C:\tools\nginx\html\sistema_biometrico\index.php línea 52
URI: /validaciones/estadisticas
--------------------------------------------------------------------------------
[2026-03-18 10:43:47] [DEPRECATED] session_set_save_handler(): Providing individual callbacks instead of an object implementing SessionHandlerInterface is deprecated en C:\tools\nginx\html\sistema_biometrico\index.php línea 52
URI: /logout
--------------------------------------------------------------------------------
[2026-03-18 10:43:47] [DEPRECATED] session_set_save_handler(): Providing individual callbacks instead of an object implementing SessionHandlerInterface is deprecated en C:\tools\nginx\html\sistema_biometrico\index.php línea 52
URI: /login
--------------------------------------------------------------------------------
[2026-03-18 10:44:21] [DEPRECATED] session_set_save_handler(): Providing individual callbacks instead of an object implementing SessionHandlerInterface is deprecated en C:\tools\nginx\html\sistema_biometrico\index.php línea 52
URI: /login
--------------------------------------------------------------------------------
[2026-03-18 10:44:29] [DEPRECATED] session_set_save_handler(): Providing individual callbacks instead of an object implementing SessionHandlerInterface is deprecated en C:\tools\nginx\html\sistema_biometrico\index.php línea 52
URI: /login
--------------------------------------------------------------------------------
[2026-03-18 10:44:29] [DEPRECATED] session_set_save_handler(): Providing individual callbacks instead of an object implementing SessionHandlerInterface is deprecated en C:\tools\nginx\html\sistema_biometrico\index.php línea 52
URI: /dashboard
--------------------------------------------------------------------------------
[2026-03-18 10:44:35] [DEPRECATED] session_set_save_handler(): Providing individual callbacks instead of an object implementing SessionHandlerInterface is deprecated en C:\tools\nginx\html\sistema_biometrico\index.php línea 52
URI: /empleados
--------------------------------------------------------------------------------
[2026-03-18 10:44:39] [DEPRECATED] session_set_save_handler(): Providing individual callbacks instead of an object implementing SessionHandlerInterface is deprecated en C:\tools\nginx\html\sistema_biometrico\index.php línea 52
URI: /validaciones
--------------------------------------------------------------------------------
[2026-03-18 10:44:39] [DEPRECATED] session_set_save_handler(): Providing individual callbacks instead of an object implementing SessionHandlerInterface is deprecated en C:\tools\nginx\html\sistema_biometrico\index.php línea 52
URI: /validaciones/buscar-empleados?solo_con_incidencias=1
--------------------------------------------------------------------------------
[2026-03-18 10:44:39] [DEPRECATED] session_set_save_handler(): Providing individual callbacks instead of an object implementing SessionHandlerInterface is deprecated en C:\tools\nginx\html\sistema_biometrico\index.php línea 52
URI: /validaciones/obtener-areas
--------------------------------------------------------------------------------
[2026-03-18 10:44:39] [DEPRECATED] session_set_save_handler(): Providing individual callbacks instead of an object implementing SessionHandlerInterface is deprecated en C:\tools\nginx\html\sistema_biometrico\index.php línea 52
URI: /validaciones/estadisticas
--------------------------------------------------------------------------------
[2026-03-18 10:44:40] [DEPRECATED] session_set_save_handler(): Providing individual callbacks instead of an object implementing SessionHandlerInterface is deprecated en C:\tools\nginx\html\sistema_biometrico\index.php línea 52
URI: /validaciones/incidencias-empleados
--------------------------------------------------------------------------------
[2026-03-18 10:44:48] [DEPRECATED] session_set_save_handler(): Providing individual callbacks instead of an object implementing SessionHandlerInterface is deprecated en C:\tools\nginx\html\sistema_biometrico\index.php línea 52
URI: /validaciones
--------------------------------------------------------------------------------
[2026-03-18 10:44:48] [DEPRECATED] session_set_save_handler(): Providing individual callbacks instead of an object implementing SessionHandlerInterface is deprecated en C:\tools\nginx\html\sistema_biometrico\index.php línea 52
URI: /validaciones/buscar-empleados?solo_con_incidencias=1
--------------------------------------------------------------------------------
[2026-03-18 10:44:48] [DEPRECATED] session_set_save_handler(): Providing individual callbacks instead of an object implementing SessionHandlerInterface is deprecated en C:\tools\nginx\html\sistema_biometrico\index.php línea 52
URI: /validaciones/obtener-areas
--------------------------------------------------------------------------------
[2026-03-18 10:44:48] [DEPRECATED] session_set_save_handler(): Providing individual callbacks instead of an object implementing SessionHandlerInterface is deprecated en C:\tools\nginx\html\sistema_biometrico\index.php línea 52
URI: /validaciones/estadisticas
--------------------------------------------------------------------------------
[2026-03-18 10:44:51] [DEPRECATED] session_set_save_handler(): Providing individual callbacks instead of an object implementing SessionHandlerInterface is deprecated en C:\tools\nginx\html\sistema_biometrico\index.php línea 52
URI: /validaciones
--------------------------------------------------------------------------------
[2026-03-18 10:44:51] [DEPRECATED] session_set_save_handler(): Providing individual callbacks instead of an object implementing SessionHandlerInterface is deprecated en C:\tools\nginx\html\sistema_biometrico\index.php línea 52
URI: /validaciones/buscar-empleados?solo_con_incidencias=1
--------------------------------------------------------------------------------
[2026-03-18 10:44:51] [DEPRECATED] session_set_save_handler(): Providing individual callbacks instead of an object implementing SessionHandlerInterface is deprecated en C:\tools\nginx\html\sistema_biometrico\index.php línea 52
URI: /validaciones/obtener-areas
--------------------------------------------------------------------------------
[2026-03-18 10:44:51] [DEPRECATED] session_set_save_handler(): Providing individual callbacks instead of an object implementing SessionHandlerInterface is deprecated en C:\tools\nginx\html\sistema_biometrico\index.php línea 52
URI: /validaciones/estadisticas
--------------------------------------------------------------------------------
[2026-03-18 10:44:51] [DEPRECATED] session_set_save_handler(): Providing individual callbacks instead of an object implementing SessionHandlerInterface is deprecated en C:\tools\nginx\html\sistema_biometrico\index.php línea 52
URI: /validaciones
--------------------------------------------------------------------------------
[2026-03-18 10:44:52] [DEPRECATED] session_set_save_handler(): Providing individual callbacks instead of an object implementing SessionHandlerInterface is deprecated en C:\tools\nginx\html\sistema_biometrico\index.php línea 52
URI: /validaciones
--------------------------------------------------------------------------------
[2026-03-18 10:44:52] [DEPRECATED] session_set_save_handler(): Providing individual callbacks instead of an object implementing SessionHandlerInterface is deprecated en C:\tools\nginx\html\sistema_biometrico\index.php línea 52
URI: /validaciones/buscar-empleados?solo_con_incidencias=1
--------------------------------------------------------------------------------
[2026-03-18 10:44:52] [DEPRECATED] session_set_save_handler(): Providing individual callbacks instead of an object implementing SessionHandlerInterface is deprecated en C:\tools\nginx\html\sistema_biometrico\index.php línea 52
URI: /api/log-error
--------------------------------------------------------------------------------
[2026-03-18 10:44:52] [DEPRECATED] session_set_save_handler(): Providing individual callbacks instead of an object implementing SessionHandlerInterface is deprecated en C:\tools\nginx\html\sistema_biometrico\index.php línea 52
URI: /api/log-error
--------------------------------------------------------------------------------
[2026-03-18 10:44:52] [DEPRECATED] session_set_save_handler(): Providing individual callbacks instead of an object implementing SessionHandlerInterface is deprecated en C:\tools\nginx\html\sistema_biometrico\index.php línea 52
URI: /api/log-error
--------------------------------------------------------------------------------
[2026-03-18 10:44:52] [DEPRECATED] session_set_save_handler(): Providing individual callbacks instead of an object implementing SessionHandlerInterface is deprecated en C:\tools\nginx\html\sistema_biometrico\index.php línea 52
URI: /validaciones
--------------------------------------------------------------------------------
[2026-03-18 10:44:52] [DEPRECATED] session_set_save_handler(): Providing individual callbacks instead of an object implementing SessionHandlerInterface is deprecated en C:\tools\nginx\html\sistema_biometrico\index.php línea 52
URI: /validaciones/buscar-empleados?solo_con_incidencias=1
--------------------------------------------------------------------------------
[2026-03-18 10:44:52] [DEPRECATED] session_set_save_handler(): Providing individual callbacks instead of an object implementing SessionHandlerInterface is deprecated en C:\tools\nginx\html\sistema_biometrico\index.php línea 52
URI: /api/log-error
--------------------------------------------------------------------------------
[2026-03-18 10:44:52] [DEPRECATED] session_set_save_handler(): Providing individual callbacks instead of an object implementing SessionHandlerInterface is deprecated en C:\tools\nginx\html\sistema_biometrico\index.php línea 52
URI: /api/log-error
--------------------------------------------------------------------------------
[2026-03-18 10:44:52] [DEPRECATED] session_set_save_handler(): Providing individual callbacks instead of an object implementing SessionHandlerInterface is deprecated en C:\tools\nginx\html\sistema_biometrico\index.php línea 52
URI: /api/log-error
--------------------------------------------------------------------------------
[2026-03-18 10:44:52] [DEPRECATED] session_set_save_handler(): Providing individual callbacks instead of an object implementing SessionHandlerInterface is deprecated en C:\tools\nginx\html\sistema_biometrico\index.php línea 52
URI: /validaciones/obtener-areas
--------------------------------------------------------------------------------
[2026-03-18 10:44:52] [DEPRECATED] session_set_save_handler(): Providing individual callbacks instead of an object implementing SessionHandlerInterface is deprecated en C:\tools\nginx\html\sistema_biometrico\index.php línea 52
URI: /validaciones
--------------------------------------------------------------------------------
[2026-03-18 10:44:52] [DEPRECATED] session_set_save_handler(): Providing individual callbacks instead of an object implementing SessionHandlerInterface is deprecated en C:\tools\nginx\html\sistema_biometrico\index.php línea 52
URI: /validaciones/buscar-empleados?solo_con_incidencias=1
--------------------------------------------------------------------------------
[2026-03-18 10:44:52] [DEPRECATED] session_set_save_handler(): Providing individual callbacks instead of an object implementing SessionHandlerInterface is deprecated en C:\tools\nginx\html\sistema_biometrico\index.php línea 52
URI: /validaciones
--------------------------------------------------------------------------------
[2026-03-18 10:44:52] [DEPRECATED] session_set_save_handler(): Providing individual callbacks instead of an object implementing SessionHandlerInterface is deprecated en C:\tools\nginx\html\sistema_biometrico\index.php línea 52
URI: /validaciones
--------------------------------------------------------------------------------
[2026-03-18 10:44:52] [DEPRECATED] session_set_save_handler(): Providing individual callbacks instead of an object implementing SessionHandlerInterface is deprecated en C:\tools\nginx\html\sistema_biometrico\index.php línea 52
URI: /validaciones/obtener-areas
--------------------------------------------------------------------------------
[2026-03-18 10:44:52] [DEPRECATED] session_set_save_handler(): Providing individual callbacks instead of an object implementing SessionHandlerInterface is deprecated en C:\tools\nginx\html\sistema_biometrico\index.php línea 52
URI: /validaciones/estadisticas
--------------------------------------------------------------------------------
[2026-03-18 10:44:53] [DEPRECATED] session_set_save_handler(): Providing individual callbacks instead of an object implementing SessionHandlerInterface is deprecated en C:\tools\nginx\html\sistema_biometrico\index.php línea 52
URI: /api/log-error
--------------------------------------------------------------------------------
[2026-03-18 10:44:53] [DEPRECATED] session_set_save_handler(): Providing individual callbacks instead of an object implementing SessionHandlerInterface is deprecated en C:\tools\nginx\html\sistema_biometrico\index.php línea 52
URI: /api/log-error
--------------------------------------------------------------------------------
[2026-03-18 10:44:53] [DEPRECATED] session_set_save_handler(): Providing individual callbacks instead of an object implementing SessionHandlerInterface is deprecated en C:\tools\nginx\html\sistema_biometrico\index.php línea 52
URI: /api/log-error
--------------------------------------------------------------------------------
[2026-03-18 10:44:53] [DEPRECATED] session_set_save_handler(): Providing individual callbacks instead of an object implementing SessionHandlerInterface is deprecated en C:\tools\nginx\html\sistema_biometrico\index.php línea 52
URI: /api/log-error
--------------------------------------------------------------------------------
[2026-03-18 10:44:53] [DEPRECATED] session_set_save_handler(): Providing individual callbacks instead of an object implementing SessionHandlerInterface is deprecated en C:\tools\nginx\html\sistema_biometrico\index.php línea 52
URI: /api/log-error
--------------------------------------------------------------------------------
[2026-03-18 10:44:53] [DEPRECATED] session_set_save_handler(): Providing individual callbacks instead of an object implementing SessionHandlerInterface is deprecated en C:\tools\nginx\html\sistema_biometrico\index.php línea 52
URI: /api/log-error
--------------------------------------------------------------------------------
[2026-03-18 10:44:53] [DEPRECATED] session_set_save_handler(): Providing individual callbacks instead of an object implementing SessionHandlerInterface is deprecated en C:\tools\nginx\html\sistema_biometrico\index.php línea 52
URI: /validaciones
--------------------------------------------------------------------------------
[2026-03-18 10:44:53] [DEPRECATED] session_set_save_handler(): Providing individual callbacks instead of an object implementing SessionHandlerInterface is deprecated en C:\tools\nginx\html\sistema_biometrico\index.php línea 52
URI: /validaciones/buscar-empleados?solo_con_incidencias=1
--------------------------------------------------------------------------------
[2026-03-18 10:44:53] [DEPRECATED] session_set_save_handler(): Providing individual callbacks instead of an object implementing SessionHandlerInterface is deprecated en C:\tools\nginx\html\sistema_biometrico\index.php línea 52
URI: /validaciones
--------------------------------------------------------------------------------
[2026-03-18 10:44:53] [DEPRECATED] session_set_save_handler(): Providing individual callbacks instead of an object implementing SessionHandlerInterface is deprecated en C:\tools\nginx\html\sistema_biometrico\index.php línea 52
URI: /validaciones
--------------------------------------------------------------------------------
[2026-03-18 10:44:53] [DEPRECATED] session_set_save_handler(): Providing individual callbacks instead of an object implementing SessionHandlerInterface is deprecated en C:\tools\nginx\html\sistema_biometrico\index.php línea 52
URI: /validaciones/obtener-areas
--------------------------------------------------------------------------------
[2026-03-18 10:44:53] [DEPRECATED] session_set_save_handler(): Providing individual callbacks instead of an object implementing SessionHandlerInterface is deprecated en C:\tools\nginx\html\sistema_biometrico\index.php línea 52
URI: /validaciones/estadisticas
--------------------------------------------------------------------------------
[2026-03-18 10:44:53] [DEPRECATED] session_set_save_handler(): Providing individual callbacks instead of an object implementing SessionHandlerInterface is deprecated en C:\tools\nginx\html\sistema_biometrico\index.php línea 52
URI: /api/log-error
--------------------------------------------------------------------------------
[2026-03-18 10:44:53] [DEPRECATED] session_set_save_handler(): Providing individual callbacks instead of an object implementing SessionHandlerInterface is deprecated en C:\tools\nginx\html\sistema_biometrico\index.php línea 52
URI: /api/log-error
--------------------------------------------------------------------------------
[2026-03-18 10:44:53] [DEPRECATED] session_set_save_handler(): Providing individual callbacks instead of an object implementing SessionHandlerInterface is deprecated en C:\tools\nginx\html\sistema_biometrico\index.php línea 52
URI: /validaciones
--------------------------------------------------------------------------------
[2026-03-18 10:44:53] [DEPRECATED] session_set_save_handler(): Providing individual callbacks instead of an object implementing SessionHandlerInterface is deprecated en C:\tools\nginx\html\sistema_biometrico\index.php línea 52
URI: /validaciones/buscar-empleados?solo_con_incidencias=1
--------------------------------------------------------------------------------
[2026-03-18 10:44:54] [DEPRECATED] session_set_save_handler(): Providing individual callbacks instead of an object implementing SessionHandlerInterface is deprecated en C:\tools\nginx\html\sistema_biometrico\index.php línea 52
URI: /validaciones
--------------------------------------------------------------------------------
[2026-03-18 10:44:54] [DEPRECATED] session_set_save_handler(): Providing individual callbacks instead of an object implementing SessionHandlerInterface is deprecated en C:\tools\nginx\html\sistema_biometrico\index.php línea 52
URI: /validaciones/obtener-areas
--------------------------------------------------------------------------------
[2026-03-18 10:44:54] [DEPRECATED] session_set_save_handler(): Providing individual callbacks instead of an object implementing SessionHandlerInterface is deprecated en C:\tools\nginx\html\sistema_biometrico\index.php línea 52
URI: /validaciones/estadisticas
--------------------------------------------------------------------------------
[2026-03-18 10:44:54] [DEPRECATED] session_set_save_handler(): Providing individual callbacks instead of an object implementing SessionHandlerInterface is deprecated en C:\tools\nginx\html\sistema_biometrico\index.php línea 52
URI: /validaciones
--------------------------------------------------------------------------------
[2026-03-18 10:44:54] [DEPRECATED] session_set_save_handler(): Providing individual callbacks instead of an object implementing SessionHandlerInterface is deprecated en C:\tools\nginx\html\sistema_biometrico\index.php línea 52
URI: /validaciones/buscar-empleados?solo_con_incidencias=1
--------------------------------------------------------------------------------
[2026-03-18 10:44:54] [DEPRECATED] session_set_save_handler(): Providing individual callbacks instead of an object implementing SessionHandlerInterface is deprecated en C:\tools\nginx\html\sistema_biometrico\index.php línea 52
URI: /validaciones/obtener-areas
--------------------------------------------------------------------------------
[2026-03-18 10:44:54] [DEPRECATED] session_set_save_handler(): Providing individual callbacks instead of an object implementing SessionHandlerInterface is deprecated en C:\tools\nginx\html\sistema_biometrico\index.php línea 52
URI: /validaciones/estadisticas
--------------------------------------------------------------------------------
[2026-03-18 10:44:55] [DEPRECATED] session_set_save_handler(): Providing individual callbacks instead of an object implementing SessionHandlerInterface is deprecated en C:\tools\nginx\html\sistema_biometrico\index.php línea 52
URI: /validaciones
--------------------------------------------------------------------------------
[2026-03-18 10:44:55] [DEPRECATED] session_set_save_handler(): Providing individual callbacks instead of an object implementing SessionHandlerInterface is deprecated en C:\tools\nginx\html\sistema_biometrico\index.php línea 52
URI: /validaciones/buscar-empleados?solo_con_incidencias=1
--------------------------------------------------------------------------------
[2026-03-18 10:44:55] [DEPRECATED] session_set_save_handler(): Providing individual callbacks instead of an object implementing SessionHandlerInterface is deprecated en C:\tools\nginx\html\sistema_biometrico\index.php línea 52
URI: /validaciones/obtener-areas
--------------------------------------------------------------------------------
[2026-03-18 10:44:55] [DEPRECATED] session_set_save_handler(): Providing individual callbacks instead of an object implementing SessionHandlerInterface is deprecated en C:\tools\nginx\html\sistema_biometrico\index.php línea 52
URI: /validaciones/estadisticas
--------------------------------------------------------------------------------
[2026-03-18 10:44:56] [DEPRECATED] session_set_save_handler(): Providing individual callbacks instead of an object implementing SessionHandlerInterface is deprecated en C:\tools\nginx\html\sistema_biometrico\index.php línea 52
URI: /validaciones
--------------------------------------------------------------------------------
[2026-03-18 10:44:56] [DEPRECATED] session_set_save_handler(): Providing individual callbacks instead of an object implementing SessionHandlerInterface is deprecated en C:\tools\nginx\html\sistema_biometrico\index.php línea 52
URI: /validaciones
--------------------------------------------------------------------------------
[2026-03-18 10:44:56] [DEPRECATED] session_set_save_handler(): Providing individual callbacks instead of an object implementing SessionHandlerInterface is deprecated en C:\tools\nginx\html\sistema_biometrico\index.php línea 52
URI: /validaciones/buscar-empleados?solo_con_incidencias=1
--------------------------------------------------------------------------------
[2026-03-18 10:44:56] [DEPRECATED] session_set_save_handler(): Providing individual callbacks instead of an object implementing SessionHandlerInterface is deprecated en C:\tools\nginx\html\sistema_biometrico\index.php línea 52
URI: /api/log-error
--------------------------------------------------------------------------------
[2026-03-18 10:44:56] [DEPRECATED] session_set_save_handler(): Providing individual callbacks instead of an object implementing SessionHandlerInterface is deprecated en C:\tools\nginx\html\sistema_biometrico\index.php línea 52
URI: /api/log-error
--------------------------------------------------------------------------------
[2026-03-18 10:44:56] [DEPRECATED] session_set_save_handler(): Providing individual callbacks instead of an object implementing SessionHandlerInterface is deprecated en C:\tools\nginx\html\sistema_biometrico\index.php línea 52
URI: /api/log-error
--------------------------------------------------------------------------------
[2026-03-18 10:44:56] [DEPRECATED] session_set_save_handler(): Providing individual callbacks instead of an object implementing SessionHandlerInterface is deprecated en C:\tools\nginx\html\sistema_biometrico\index.php línea 52
URI: /validaciones/obtener-areas
--------------------------------------------------------------------------------
[2026-03-18 10:44:56] [DEPRECATED] session_set_save_handler(): Providing individual callbacks instead of an object implementing SessionHandlerInterface is deprecated en C:\tools\nginx\html\sistema_biometrico\index.php línea 52
URI: /validaciones/estadisticas
--------------------------------------------------------------------------------
[2026-03-18 10:44:57] [DEPRECATED] session_set_save_handler(): Providing individual callbacks instead of an object implementing SessionHandlerInterface is deprecated en C:\tools\nginx\html\sistema_biometrico\index.php línea 52
URI: /validaciones/buscar-empleados?solo_con_incidencias=1
--------------------------------------------------------------------------------
[2026-03-18 10:44:57] [DEPRECATED] session_set_save_handler(): Providing individual callbacks instead of an object implementing SessionHandlerInterface is deprecated en C:\tools\nginx\html\sistema_biometrico\index.php línea 52
URI: /validaciones/obtener-areas
--------------------------------------------------------------------------------
[2026-03-18 10:44:57] [DEPRECATED] session_set_save_handler(): Providing individual callbacks instead of an object implementing SessionHandlerInterface is deprecated en C:\tools\nginx\html\sistema_biometrico\index.php línea 52
URI: /validaciones/estadisticas
--------------------------------------------------------------------------------
[2026-03-18 10:45:01] [DEPRECATED] session_set_save_handler(): Providing individual callbacks instead of an object implementing SessionHandlerInterface is deprecated en C:\tools\nginx\html\sistema_biometrico\index.php línea 52
URI: /validaciones/incidencias-empleados
--------------------------------------------------------------------------------
[2026-03-18 10:45:27] [DEPRECATED] session_set_save_handler(): Providing individual callbacks instead of an object implementing SessionHandlerInterface is deprecated en C:\tools\nginx\html\sistema_biometrico\index.php línea 52
URI: /validaciones/estadisticas
--------------------------------------------------------------------------------
[2026-03-18 10:45:57] [DEPRECATED] session_set_save_handler(): Providing individual callbacks instead of an object implementing SessionHandlerInterface is deprecated en C:\tools\nginx\html\sistema_biometrico\index.php línea 52
URI: /validaciones/estadisticas
--------------------------------------------------------------------------------
[2026-03-18 10:46:27] [DEPRECATED] session_set_save_handler(): Providing individual callbacks instead of an object implementing SessionHandlerInterface is deprecated en C:\tools\nginx\html\sistema_biometrico\index.php línea 52
URI: /validaciones/estadisticas
--------------------------------------------------------------------------------
[2026-03-18 10:46:57] [DEPRECATED] session_set_save_handler(): Providing individual callbacks instead of an object implementing SessionHandlerInterface is deprecated en C:\tools\nginx\html\sistema_biometrico\index.php línea 52
URI: /validaciones/estadisticas
--------------------------------------------------------------------------------
[2026-03-18 10:47:27] [DEPRECATED] session_set_save_handler(): Providing individual callbacks instead of an object implementing SessionHandlerInterface is deprecated en C:\tools\nginx\html\sistema_biometrico\index.php línea 52
URI: /validaciones/estadisticas
--------------------------------------------------------------------------------
[2026-03-18 10:47:57] [DEPRECATED] session_set_save_handler(): Providing individual callbacks instead of an object implementing SessionHandlerInterface is deprecated en C:\tools\nginx\html\sistema_biometrico\index.php línea 52
URI: /validaciones/estadisticas
--------------------------------------------------------------------------------
[2026-03-18 10:48:27] [DEPRECATED] session_set_save_handler(): Providing individual callbacks instead of an object implementing SessionHandlerInterface is deprecated en C:\tools\nginx\html\sistema_biometrico\index.php línea 52
URI: /validaciones/estadisticas
--------------------------------------------------------------------------------
[2026-03-18 10:48:45] [DEPRECATED] session_set_save_handler(): Providing individual callbacks instead of an object implementing SessionHandlerInterface is deprecated en C:\tools\nginx\html\sistema_biometrico\index.php línea 52
URI: /logout
--------------------------------------------------------------------------------
[2026-03-18 10:48:45] [DEPRECATED] session_set_save_handler(): Providing individual callbacks instead of an object implementing SessionHandlerInterface is deprecated en C:\tools\nginx\html\sistema_biometrico\index.php línea 52
URI: /login
--------------------------------------------------------------------------------
[2026-03-18 10:51:43] [DEPRECATED] session_set_save_handler(): Providing individual callbacks instead of an object implementing SessionHandlerInterface is deprecated en C:\tools\nginx\html\sistema_biometrico\index.php línea 52
URI: /validaciones
--------------------------------------------------------------------------------
[2026-03-18 10:51:43] [DEPRECATED] session_set_save_handler(): Providing individual callbacks instead of an object implementing SessionHandlerInterface is deprecated en C:\tools\nginx\html\sistema_biometrico\index.php línea 52
URI: /login
--------------------------------------------------------------------------------
[2026-03-18 10:51:51] [DEPRECATED] session_set_save_handler(): Providing individual callbacks instead of an object implementing SessionHandlerInterface is deprecated en C:\tools\nginx\html\sistema_biometrico\index.php línea 52
URI: /login
--------------------------------------------------------------------------------
[2026-03-18 10:51:52] [DEPRECATED] session_set_save_handler(): Providing individual callbacks instead of an object implementing SessionHandlerInterface is deprecated en C:\tools\nginx\html\sistema_biometrico\index.php línea 52
URI: /dashboard
--------------------------------------------------------------------------------
[2026-03-18 10:52:04] [DEPRECATED] session_set_save_handler(): Providing individual callbacks instead of an object implementing SessionHandlerInterface is deprecated en C:\tools\nginx\html\sistema_biometrico\index.php línea 52
URI: /validaciones
--------------------------------------------------------------------------------
[2026-03-18 10:52:04] [DEPRECATED] session_set_save_handler(): Providing individual callbacks instead of an object implementing SessionHandlerInterface is deprecated en C:\tools\nginx\html\sistema_biometrico\index.php línea 52
URI: /validaciones/buscar-empleados?solo_con_incidencias=1
--------------------------------------------------------------------------------
[2026-03-18 10:52:04] [DEPRECATED] session_set_save_handler(): Providing individual callbacks instead of an object implementing SessionHandlerInterface is deprecated en C:\tools\nginx\html\sistema_biometrico\index.php línea 52
URI: /validaciones/obtener-areas
--------------------------------------------------------------------------------
[2026-03-18 10:52:04] [DEPRECATED] session_set_save_handler(): Providing individual callbacks instead of an object implementing SessionHandlerInterface is deprecated en C:\tools\nginx\html\sistema_biometrico\index.php línea 52
URI: /validaciones/estadisticas
--------------------------------------------------------------------------------
[2026-03-18 10:52:06] [DEPRECATED] session_set_save_handler(): Providing individual callbacks instead of an object implementing SessionHandlerInterface is deprecated en C:\tools\nginx\html\sistema_biometrico\index.php línea 52
URI: /validaciones/incidencias-empleados
--------------------------------------------------------------------------------
[2026-03-18 10:52:34] [DEPRECATED] session_set_save_handler(): Providing individual callbacks instead of an object implementing SessionHandlerInterface is deprecated en C:\tools\nginx\html\sistema_biometrico\index.php línea 52
URI: /validaciones/estadisticas
--------------------------------------------------------------------------------
[2026-03-18 10:53:04] [DEPRECATED] session_set_save_handler(): Providing individual callbacks instead of an object implementing SessionHandlerInterface is deprecated en C:\tools\nginx\html\sistema_biometrico\index.php línea 52
URI: /validaciones/estadisticas
--------------------------------------------------------------------------------
[2026-03-18 10:53:34] [DEPRECATED] session_set_save_handler(): Providing individual callbacks instead of an object implementing SessionHandlerInterface is deprecated en C:\tools\nginx\html\sistema_biometrico\index.php línea 52
URI: /validaciones/estadisticas
--------------------------------------------------------------------------------
[2026-03-18 10:54:04] [DEPRECATED] session_set_save_handler(): Providing individual callbacks instead of an object implementing SessionHandlerInterface is deprecated en C:\tools\nginx\html\sistema_biometrico\index.php línea 52
URI: /validaciones/estadisticas
--------------------------------------------------------------------------------
[2026-03-18 10:54:34] [DEPRECATED] session_set_save_handler(): Providing individual callbacks instead of an object implementing SessionHandlerInterface is deprecated en C:\tools\nginx\html\sistema_biometrico\index.php línea 52
URI: /validaciones/estadisticas
--------------------------------------------------------------------------------
[2026-03-18 10:55:04] [DEPRECATED] session_set_save_handler(): Providing individual callbacks instead of an object implementing SessionHandlerInterface is deprecated en C:\tools\nginx\html\sistema_biometrico\index.php línea 52
URI: /validaciones/estadisticas
--------------------------------------------------------------------------------
[2026-03-18 10:55:34] [DEPRECATED] session_set_save_handler(): Providing individual callbacks instead of an object implementing SessionHandlerInterface is deprecated en C:\tools\nginx\html\sistema_biometrico\index.php línea 52
URI: /validaciones/estadisticas
--------------------------------------------------------------------------------
[2026-03-18 10:55:45] [DEPRECATED] session_set_save_handler(): Providing individual callbacks instead of an object implementing SessionHandlerInterface is deprecated en C:\tools\nginx\html\sistema_biometrico\index.php línea 52
URI: /validaciones
--------------------------------------------------------------------------------
[2026-03-18 10:55:49] [DEPRECATED] session_set_save_handler(): Providing individual callbacks instead of an object implementing SessionHandlerInterface is deprecated en C:\tools\nginx\html\sistema_biometrico\index.php línea 52
URI: /validaciones
--------------------------------------------------------------------------------
[2026-03-18 10:55:50] [DEPRECATED] session_set_save_handler(): Providing individual callbacks instead of an object implementing SessionHandlerInterface is deprecated en C:\tools\nginx\html\sistema_biometrico\index.php línea 52
URI: /validaciones
--------------------------------------------------------------------------------
[2026-03-18 10:55:50] [DEPRECATED] session_set_save_handler(): Providing individual callbacks instead of an object implementing SessionHandlerInterface is deprecated en C:\tools\nginx\html\sistema_biometrico\index.php línea 52
URI: /validaciones
--------------------------------------------------------------------------------
[2026-03-18 10:55:50] [DEPRECATED] session_set_save_handler(): Providing individual callbacks instead of an object implementing SessionHandlerInterface is deprecated en C:\tools\nginx\html\sistema_biometrico\index.php línea 52
URI: /validaciones
--------------------------------------------------------------------------------
[2026-03-18 10:55:50] [DEPRECATED] session_set_save_handler(): Providing individual callbacks instead of an object implementing SessionHandlerInterface is deprecated en C:\tools\nginx\html\sistema_biometrico\index.php línea 52
URI: /validaciones
--------------------------------------------------------------------------------
[2026-03-18 10:55:50] [DEPRECATED] session_set_save_handler(): Providing individual callbacks instead of an object implementing SessionHandlerInterface is deprecated en C:\tools\nginx\html\sistema_biometrico\index.php línea 52
URI: /validaciones
--------------------------------------------------------------------------------
[2026-03-18 10:55:51] [DEPRECATED] session_set_save_handler(): Providing individual callbacks instead of an object implementing SessionHandlerInterface is deprecated en C:\tools\nginx\html\sistema_biometrico\index.php línea 52
URI: /validaciones
--------------------------------------------------------------------------------
[2026-03-18 10:55:51] [DEPRECATED] session_set_save_handler(): Providing individual callbacks instead of an object implementing SessionHandlerInterface is deprecated en C:\tools\nginx\html\sistema_biometrico\index.php línea 52
URI: /validaciones
--------------------------------------------------------------------------------
[2026-03-18 10:55:51] [DEPRECATED] session_set_save_handler(): Providing individual callbacks instead of an object implementing SessionHandlerInterface is deprecated en C:\tools\nginx\html\sistema_biometrico\index.php línea 52
URI: /validaciones
--------------------------------------------------------------------------------
[2026-03-18 10:55:51] [DEPRECATED] session_set_save_handler(): Providing individual callbacks instead of an object implementing SessionHandlerInterface is deprecated en C:\tools\nginx\html\sistema_biometrico\index.php línea 52
URI: /validaciones
--------------------------------------------------------------------------------
[2026-03-18 10:56:06] [DEPRECATED] session_set_save_handler(): Providing individual callbacks instead of an object implementing SessionHandlerInterface is deprecated en C:\tools\nginx\html\sistema_biometrico\index.php línea 52
URI: /.well-known/appspecific/com.chrome.devtools.json
--------------------------------------------------------------------------------
[2026-03-18 10:57:09] [DEPRECATED] session_set_save_handler(): Providing individual callbacks instead of an object implementing SessionHandlerInterface is deprecated en C:\tools\nginx\html\sistema_biometrico\index.php línea 52
URI: /validaciones
--------------------------------------------------------------------------------
[2026-03-18 10:57:13] [DEPRECATED] session_set_save_handler(): Providing individual callbacks instead of an object implementing SessionHandlerInterface is deprecated en C:\tools\nginx\html\sistema_biometrico\index.php línea 52
URI: /validaciones
--------------------------------------------------------------------------------
[2026-03-18 10:57:21] [DEPRECATED] session_set_save_handler(): Providing individual callbacks instead of an object implementing SessionHandlerInterface is deprecated en C:\tools\nginx\html\sistema_biometrico\index.php línea 52
URI: /.well-known/appspecific/com.chrome.devtools.json
--------------------------------------------------------------------------------
[2026-03-18 10:57:34] [DEPRECATED] session_set_save_handler(): Providing individual callbacks instead of an object implementing SessionHandlerInterface is deprecated en C:\tools\nginx\html\sistema_biometrico\index.php línea 52
URI: /validaciones
--------------------------------------------------------------------------------
[2026-03-18 10:57:34] [DEPRECATED] session_set_save_handler(): Providing individual callbacks instead of an object implementing SessionHandlerInterface is deprecated en C:\tools\nginx\html\sistema_biometrico\index.php línea 52
URI: /.well-known/appspecific/com.chrome.devtools.json
--------------------------------------------------------------------------------
[2026-03-18 10:59:17] [DEPRECATED] session_set_save_handler(): Providing individual callbacks instead of an object implementing SessionHandlerInterface is deprecated en C:\tools\nginx\html\sistema_biometrico\index.php línea 52
URI: /validaciones
--------------------------------------------------------------------------------
[2026-03-18 10:59:18] [DEPRECATED] session_set_save_handler(): Providing individual callbacks instead of an object implementing SessionHandlerInterface is deprecated en C:\tools\nginx\html\sistema_biometrico\index.php línea 52
URI: /validaciones/buscar-empleados?solo_con_incidencias=1
--------------------------------------------------------------------------------
[2026-03-18 10:59:18] [DEPRECATED] session_set_save_handler(): Providing individual callbacks instead of an object implementing SessionHandlerInterface is deprecated en C:\tools\nginx\html\sistema_biometrico\index.php línea 52
URI: /validaciones/obtener-areas
--------------------------------------------------------------------------------
[2026-03-18 10:59:18] [DEPRECATED] session_set_save_handler(): Providing individual callbacks instead of an object implementing SessionHandlerInterface is deprecated en C:\tools\nginx\html\sistema_biometrico\index.php línea 52
URI: /validaciones/estadisticas
--------------------------------------------------------------------------------
[2026-03-18 10:59:23] [DEPRECATED] session_set_save_handler(): Providing individual callbacks instead of an object implementing SessionHandlerInterface is deprecated en C:\tools\nginx\html\sistema_biometrico\index.php línea 52
URI: /validaciones/incidencias-empleados
--------------------------------------------------------------------------------
[2026-03-18 10:59:48] [DEPRECATED] session_set_save_handler(): Providing individual callbacks instead of an object implementing SessionHandlerInterface is deprecated en C:\tools\nginx\html\sistema_biometrico\index.php línea 52
URI: /validaciones/estadisticas
--------------------------------------------------------------------------------
[2026-03-18 11:00:18] [DEPRECATED] session_set_save_handler(): Providing individual callbacks instead of an object implementing SessionHandlerInterface is deprecated en C:\tools\nginx\html\sistema_biometrico\index.php línea 52
URI: /validaciones/estadisticas
--------------------------------------------------------------------------------
[2026-03-18 11:00:44] [DEPRECATED] session_set_save_handler(): Providing individual callbacks instead of an object implementing SessionHandlerInterface is deprecated en C:\tools\nginx\html\sistema_biometrico\index.php línea 52
URI: /validaciones/obtener-incidencia/2921?origen=retardos
--------------------------------------------------------------------------------
[2026-03-18 11:00:44] [DEPRECATED] session_set_save_handler(): Providing individual callbacks instead of an object implementing SessionHandlerInterface is deprecated en C:\tools\nginx\html\sistema_biometrico\index.php línea 52
URI: /api/log-error
--------------------------------------------------------------------------------
[2026-03-18 11:00:44] [DEPRECATED] session_set_save_handler(): Providing individual callbacks instead of an object implementing SessionHandlerInterface is deprecated en C:\tools\nginx\html\sistema_biometrico\index.php línea 52
URI: /api/log-error
--------------------------------------------------------------------------------
[2026-03-18 11:00:44] [DEPRECATED] session_set_save_handler(): Providing individual callbacks instead of an object implementing SessionHandlerInterface is deprecated en C:\tools\nginx\html\sistema_biometrico\index.php línea 52
URI: /api/log-error
--------------------------------------------------------------------------------
[2026-03-18 11:00:44] [DEPRECATED] session_set_save_handler(): Providing individual callbacks instead of an object implementing SessionHandlerInterface is deprecated en C:\tools\nginx\html\sistema_biometrico\index.php línea 52
URI: /api/log-error
--------------------------------------------------------------------------------
[2026-03-18 11:00:48] [DEPRECATED] session_set_save_handler(): Providing individual callbacks instead of an object implementing SessionHandlerInterface is deprecated en C:\tools\nginx\html\sistema_biometrico\index.php línea 52
URI: /validaciones/estadisticas
--------------------------------------------------------------------------------
[2026-03-18 11:01:18] [DEPRECATED] session_set_save_handler(): Providing individual callbacks instead of an object implementing SessionHandlerInterface is deprecated en C:\tools\nginx\html\sistema_biometrico\index.php línea 52
URI: /validaciones/estadisticas
--------------------------------------------------------------------------------
[2026-03-18 11:01:48] [DEPRECATED] session_set_save_handler(): Providing individual callbacks instead of an object implementing SessionHandlerInterface is deprecated en C:\tools\nginx\html\sistema_biometrico\index.php línea 52
URI: /validaciones/estadisticas
--------------------------------------------------------------------------------
[2026-03-18 11:02:18] [DEPRECATED] session_set_save_handler(): Providing individual callbacks instead of an object implementing SessionHandlerInterface is deprecated en C:\tools\nginx\html\sistema_biometrico\index.php línea 52
URI: /validaciones/estadisticas
--------------------------------------------------------------------------------
[2026-03-18 11:02:48] [DEPRECATED] session_set_save_handler(): Providing individual callbacks instead of an object implementing SessionHandlerInterface is deprecated en C:\tools\nginx\html\sistema_biometrico\index.php línea 52
URI: /validaciones/estadisticas
--------------------------------------------------------------------------------
[2026-03-18 11:03:05] [DEPRECATED] session_set_save_handler(): Providing individual callbacks instead of an object implementing SessionHandlerInterface is deprecated en C:\tools\nginx\html\sistema_biometrico\index.php línea 52
URI: /validaciones
--------------------------------------------------------------------------------
[2026-03-18 11:03:05] [DEPRECATED] session_set_save_handler(): Providing individual callbacks instead of an object implementing SessionHandlerInterface is deprecated en C:\tools\nginx\html\sistema_biometrico\index.php línea 52
URI: /validaciones/buscar-empleados?solo_con_incidencias=1
--------------------------------------------------------------------------------
[2026-03-18 11:03:05] [DEPRECATED] session_set_save_handler(): Providing individual callbacks instead of an object implementing SessionHandlerInterface is deprecated en C:\tools\nginx\html\sistema_biometrico\index.php línea 52
URI: /validaciones/obtener-areas
--------------------------------------------------------------------------------
[2026-03-18 11:03:06] [DEPRECATED] session_set_save_handler(): Providing individual callbacks instead of an object implementing SessionHandlerInterface is deprecated en C:\tools\nginx\html\sistema_biometrico\index.php línea 52
URI: /validaciones/estadisticas
--------------------------------------------------------------------------------
[2026-03-18 11:03:08] [DEPRECATED] session_set_save_handler(): Providing individual callbacks instead of an object implementing SessionHandlerInterface is deprecated en C:\tools\nginx\html\sistema_biometrico\index.php línea 52
URI: /validaciones/incidencias-empleados
--------------------------------------------------------------------------------
[2026-03-18 11:03:21] [DEPRECATED] session_set_save_handler(): Providing individual callbacks instead of an object implementing SessionHandlerInterface is deprecated en C:\tools\nginx\html\sistema_biometrico\index.php línea 52
URI: /validaciones/obtener-incidencia/2921?origen=retardos
--------------------------------------------------------------------------------
[2026-03-18 11:03:35] [DEPRECATED] session_set_save_handler(): Providing individual callbacks instead of an object implementing SessionHandlerInterface is deprecated en C:\tools\nginx\html\sistema_biometrico\index.php línea 52
URI: /validaciones/estadisticas
--------------------------------------------------------------------------------
[2026-03-18 11:04:06] [DEPRECATED] session_set_save_handler(): Providing individual callbacks instead of an object implementing SessionHandlerInterface is deprecated en C:\tools\nginx\html\sistema_biometrico\index.php línea 52
URI: /validaciones/estadisticas
--------------------------------------------------------------------------------
[2026-03-18 11:04:35] [DEPRECATED] session_set_save_handler(): Providing individual callbacks instead of an object implementing SessionHandlerInterface is deprecated en C:\tools\nginx\html\sistema_biometrico\index.php línea 52
URI: /validaciones/estadisticas
--------------------------------------------------------------------------------
[2026-03-18 11:05:06] [DEPRECATED] session_set_save_handler(): Providing individual callbacks instead of an object implementing SessionHandlerInterface is deprecated en C:\tools\nginx\html\sistema_biometrico\index.php línea 52
URI: /validaciones/estadisticas
--------------------------------------------------------------------------------
[2026-03-18 11:05:30] [DEPRECATED] session_set_save_handler(): Providing individual callbacks instead of an object implementing SessionHandlerInterface is deprecated en C:\tools\nginx\html\sistema_biometrico\index.php línea 52
URI: /validaciones
--------------------------------------------------------------------------------
[2026-03-18 11:05:30] [DEPRECATED] session_set_save_handler(): Providing individual callbacks instead of an object implementing SessionHandlerInterface is deprecated en C:\tools\nginx\html\sistema_biometrico\index.php línea 52
URI: /validaciones/buscar-empleados?solo_con_incidencias=1
--------------------------------------------------------------------------------
[2026-03-18 11:05:30] [DEPRECATED] session_set_save_handler(): Providing individual callbacks instead of an object implementing SessionHandlerInterface is deprecated en C:\tools\nginx\html\sistema_biometrico\index.php línea 52
URI: /validaciones/obtener-areas
--------------------------------------------------------------------------------
[2026-03-18 11:05:30] [DEPRECATED] session_set_save_handler(): Providing individual callbacks instead of an object implementing SessionHandlerInterface is deprecated en C:\tools\nginx\html\sistema_biometrico\index.php línea 52
URI: /validaciones/estadisticas
--------------------------------------------------------------------------------
[2026-03-18 11:05:30] [DEPRECATED] session_set_save_handler(): Providing individual callbacks instead of an object implementing SessionHandlerInterface is deprecated en C:\tools\nginx\html\sistema_biometrico\index.php línea 52
URI: /validaciones
--------------------------------------------------------------------------------
[2026-03-18 11:05:30] [DEPRECATED] session_set_save_handler(): Providing individual callbacks instead of an object implementing SessionHandlerInterface is deprecated en C:\tools\nginx\html\sistema_biometrico\index.php línea 52
URI: /validaciones/buscar-empleados?solo_con_incidencias=1
--------------------------------------------------------------------------------
[2026-03-18 11:05:30] [DEPRECATED] session_set_save_handler(): Providing individual callbacks instead of an object implementing SessionHandlerInterface is deprecated en C:\tools\nginx\html\sistema_biometrico\index.php línea 52
URI: /validaciones/obtener-areas
--------------------------------------------------------------------------------
[2026-03-18 11:05:31] [DEPRECATED] session_set_save_handler(): Providing individual callbacks instead of an object implementing SessionHandlerInterface is deprecated en C:\tools\nginx\html\sistema_biometrico\index.php línea 52
URI: /validaciones/estadisticas
--------------------------------------------------------------------------------
[2026-03-18 11:05:32] [DEPRECATED] session_set_save_handler(): Providing individual callbacks instead of an object implementing SessionHandlerInterface is deprecated en C:\tools\nginx\html\sistema_biometrico\index.php línea 52
URI: /validaciones/incidencias-empleados
--------------------------------------------------------------------------------
[2026-03-18 11:05:38] [DEPRECATED] session_set_save_handler(): Providing individual callbacks instead of an object implementing SessionHandlerInterface is deprecated en C:\tools\nginx\html\sistema_biometrico\index.php línea 52
URI: /validaciones/obtener-incidencia/2921?origen=retardos
--------------------------------------------------------------------------------
[2026-03-18 11:06:01] [DEPRECATED] session_set_save_handler(): Providing individual callbacks instead of an object implementing SessionHandlerInterface is deprecated en C:\tools\nginx\html\sistema_biometrico\index.php línea 52
URI: /validaciones/estadisticas
--------------------------------------------------------------------------------
[2026-03-18 11:06:31] [DEPRECATED] session_set_save_handler(): Providing individual callbacks instead of an object implementing SessionHandlerInterface is deprecated en C:\tools\nginx\html\sistema_biometrico\index.php línea 52
URI: /validaciones/estadisticas
--------------------------------------------------------------------------------
[2026-03-18 11:06:36] [DEPRECATED] session_set_save_handler(): Providing individual callbacks instead of an object implementing SessionHandlerInterface is deprecated en C:\tools\nginx\html\sistema_biometrico\index.php línea 52
URI: /validaciones/obtener-incidencia/68236?origen=asistencia
--------------------------------------------------------------------------------
[2026-03-18 11:07:00] [DEPRECATED] session_set_save_handler(): Providing individual callbacks instead of an object implementing SessionHandlerInterface is deprecated en C:\tools\nginx\html\sistema_biometrico\index.php línea 52
URI: /validaciones/estadisticas
--------------------------------------------------------------------------------
[2026-03-18 11:07:31] [DEPRECATED] session_set_save_handler(): Providing individual callbacks instead of an object implementing SessionHandlerInterface is deprecated en C:\tools\nginx\html\sistema_biometrico\index.php línea 52
URI: /validaciones/estadisticas
--------------------------------------------------------------------------------
[2026-03-18 11:07:45] [DEPRECATED] session_set_save_handler(): Providing individual callbacks instead of an object implementing SessionHandlerInterface is deprecated en C:\tools\nginx\html\sistema_biometrico\index.php línea 52
URI: /validaciones/obtener-incidencia/68236?origen=asistencia
--------------------------------------------------------------------------------
[2026-03-18 11:07:55] [DEPRECATED] session_set_save_handler(): Providing individual callbacks instead of an object implementing SessionHandlerInterface is deprecated en C:\tools\nginx\html\sistema_biometrico\index.php línea 52
URI: /logout
--------------------------------------------------------------------------------
[2026-03-18 11:07:55] [DEPRECATED] session_set_save_handler(): Providing individual callbacks instead of an object implementing SessionHandlerInterface is deprecated en C:\tools\nginx\html\sistema_biometrico\index.php línea 52
URI: /login
--------------------------------------------------------------------------------
[2026-03-18 11:08:42] [DEPRECATED] session_set_save_handler(): Providing individual callbacks instead of an object implementing SessionHandlerInterface is deprecated en C:\tools\nginx\html\sistema_biometrico\index.php línea 52
URI: /validaciones
--------------------------------------------------------------------------------
[2026-03-18 11:08:42] [DEPRECATED] session_set_save_handler(): Providing individual callbacks instead of an object implementing SessionHandlerInterface is deprecated en C:\tools\nginx\html\sistema_biometrico\index.php línea 52
URI: /login
--------------------------------------------------------------------------------
[2026-03-18 11:08:50] [DEPRECATED] session_set_save_handler(): Providing individual callbacks instead of an object implementing SessionHandlerInterface is deprecated en C:\tools\nginx\html\sistema_biometrico\index.php línea 52
URI: /login
--------------------------------------------------------------------------------
[2026-03-18 11:08:50] [DEPRECATED] session_set_save_handler(): Providing individual callbacks instead of an object implementing SessionHandlerInterface is deprecated en C:\tools\nginx\html\sistema_biometrico\index.php línea 52
URI: /dashboard
--------------------------------------------------------------------------------
[2026-03-18 11:09:05] [DEPRECATED] session_set_save_handler(): Providing individual callbacks instead of an object implementing SessionHandlerInterface is deprecated en C:\tools\nginx\html\sistema_biometrico\index.php línea 52
URI: /validaciones
--------------------------------------------------------------------------------
[2026-03-18 11:09:05] [DEPRECATED] session_set_save_handler(): Providing individual callbacks instead of an object implementing SessionHandlerInterface is deprecated en C:\tools\nginx\html\sistema_biometrico\index.php línea 52
URI: /validaciones/buscar-empleados?solo_con_incidencias=1
--------------------------------------------------------------------------------
[2026-03-18 11:09:05] [DEPRECATED] session_set_save_handler(): Providing individual callbacks instead of an object implementing SessionHandlerInterface is deprecated en C:\tools\nginx\html\sistema_biometrico\index.php línea 52
URI: /validaciones/obtener-areas
--------------------------------------------------------------------------------
[2026-03-18 11:09:05] [DEPRECATED] session_set_save_handler(): Providing individual callbacks instead of an object implementing SessionHandlerInterface is deprecated en C:\tools\nginx\html\sistema_biometrico\index.php línea 52
URI: /validaciones/estadisticas
--------------------------------------------------------------------------------
[2026-03-18 11:09:06] [DEPRECATED] session_set_save_handler(): Providing individual callbacks instead of an object implementing SessionHandlerInterface is deprecated en C:\tools\nginx\html\sistema_biometrico\index.php línea 52
URI: /validaciones/incidencias-empleados
--------------------------------------------------------------------------------
[2026-03-18 11:09:22] [DEPRECATED] session_set_save_handler(): Providing individual callbacks instead of an object implementing SessionHandlerInterface is deprecated en C:\tools\nginx\html\sistema_biometrico\index.php línea 52
URI: /validaciones/obtener-incidencia/2921?origen=retardos
--------------------------------------------------------------------------------
[2026-03-18 11:09:35] [DEPRECATED] session_set_save_handler(): Providing individual callbacks instead of an object implementing SessionHandlerInterface is deprecated en C:\tools\nginx\html\sistema_biometrico\index.php línea 52
URI: /validaciones/estadisticas
--------------------------------------------------------------------------------
[2026-03-18 11:10:05] [DEPRECATED] session_set_save_handler(): Providing individual callbacks instead of an object implementing SessionHandlerInterface is deprecated en C:\tools\nginx\html\sistema_biometrico\index.php línea 52
URI: /validaciones/estadisticas
--------------------------------------------------------------------------------
[2026-03-18 11:10:35] [DEPRECATED] session_set_save_handler(): Providing individual callbacks instead of an object implementing SessionHandlerInterface is deprecated en C:\tools\nginx\html\sistema_biometrico\index.php línea 52
URI: /validaciones/estadisticas
--------------------------------------------------------------------------------
[2026-03-18 11:11:05] [DEPRECATED] session_set_save_handler(): Providing individual callbacks instead of an object implementing SessionHandlerInterface is deprecated en C:\tools\nginx\html\sistema_biometrico\index.php línea 52
URI: /validaciones/estadisticas
--------------------------------------------------------------------------------
[2026-03-18 11:11:20] [DEPRECATED] session_set_save_handler(): Providing individual callbacks instead of an object implementing SessionHandlerInterface is deprecated en C:\tools\nginx\html\sistema_biometrico\index.php línea 52
URI: /validaciones
--------------------------------------------------------------------------------
[2026-03-18 11:11:21] [DEPRECATED] session_set_save_handler(): Providing individual callbacks instead of an object implementing SessionHandlerInterface is deprecated en C:\tools\nginx\html\sistema_biometrico\index.php línea 52
URI: /validaciones/buscar-empleados?solo_con_incidencias=1
--------------------------------------------------------------------------------
[2026-03-18 11:11:21] [DEPRECATED] session_set_save_handler(): Providing individual callbacks instead of an object implementing SessionHandlerInterface is deprecated en C:\tools\nginx\html\sistema_biometrico\index.php línea 52
URI: /validaciones/obtener-areas
--------------------------------------------------------------------------------
[2026-03-18 11:11:21] [DEPRECATED] session_set_save_handler(): Providing individual callbacks instead of an object implementing SessionHandlerInterface is deprecated en C:\tools\nginx\html\sistema_biometrico\index.php línea 52
URI: /validaciones/estadisticas
--------------------------------------------------------------------------------
[2026-03-18 11:11:24] [DEPRECATED] session_set_save_handler(): Providing individual callbacks instead of an object implementing SessionHandlerInterface is deprecated en C:\tools\nginx\html\sistema_biometrico\index.php línea 52
URI: /validaciones/incidencias-empleados
--------------------------------------------------------------------------------
[2026-03-18 11:11:29] [DEPRECATED] session_set_save_handler(): Providing individual callbacks instead of an object implementing SessionHandlerInterface is deprecated en C:\tools\nginx\html\sistema_biometrico\index.php línea 52
URI: /validaciones/obtener-incidencia/2921?origen=retardos
--------------------------------------------------------------------------------
[2026-03-18 11:11:51] [DEPRECATED] session_set_save_handler(): Providing individual callbacks instead of an object implementing SessionHandlerInterface is deprecated en C:\tools\nginx\html\sistema_biometrico\index.php línea 52
URI: /validaciones/estadisticas
--------------------------------------------------------------------------------
[2026-03-18 11:12:00] [DEPRECATED] session_set_save_handler(): Providing individual callbacks instead of an object implementing SessionHandlerInterface is deprecated en C:\tools\nginx\html\sistema_biometrico\index.php línea 52
URI: /validaciones/obtener-incidencia/2921?origen=retardos
--------------------------------------------------------------------------------
[2026-03-18 11:12:08] [DEPRECATED] session_set_save_handler(): Providing individual callbacks instead of an object implementing SessionHandlerInterface is deprecated en C:\tools\nginx\html\sistema_biometrico\index.php línea 52
URI: /validaciones/obtener-incidencia/2921?origen=retardos
--------------------------------------------------------------------------------
[2026-03-18 11:12:21] [DEPRECATED] session_set_save_handler(): Providing individual callbacks instead of an object implementing SessionHandlerInterface is deprecated en C:\tools\nginx\html\sistema_biometrico\index.php línea 52
URI: /validaciones/estadisticas
--------------------------------------------------------------------------------
[2026-03-18 11:12:51] [DEPRECATED] session_set_save_handler(): Providing individual callbacks instead of an object implementing SessionHandlerInterface is deprecated en C:\tools\nginx\html\sistema_biometrico\index.php línea 52
URI: /validaciones/estadisticas
--------------------------------------------------------------------------------
[2026-03-18 11:12:57] [DEPRECATED] session_set_save_handler(): Providing individual callbacks instead of an object implementing SessionHandlerInterface is deprecated en C:\tools\nginx\html\sistema_biometrico\index.php línea 52
URI: /validaciones/obtener-incidencia/68236?origen=asistencia
--------------------------------------------------------------------------------
[2026-03-18 11:13:21] [DEPRECATED] session_set_save_handler(): Providing individual callbacks instead of an object implementing SessionHandlerInterface is deprecated en C:\tools\nginx\html\sistema_biometrico\index.php línea 52
URI: /validaciones/estadisticas
--------------------------------------------------------------------------------
[2026-03-18 11:13:51] [DEPRECATED] session_set_save_handler(): Providing individual callbacks instead of an object implementing SessionHandlerInterface is deprecated en C:\tools\nginx\html\sistema_biometrico\index.php línea 52
URI: /validaciones/estadisticas
--------------------------------------------------------------------------------
[2026-03-18 11:14:21] [DEPRECATED] session_set_save_handler(): Providing individual callbacks instead of an object implementing SessionHandlerInterface is deprecated en C:\tools\nginx\html\sistema_biometrico\index.php línea 52
URI: /validaciones/estadisticas
--------------------------------------------------------------------------------
[2026-03-18 11:14:51] [DEPRECATED] session_set_save_handler(): Providing individual callbacks instead of an object implementing SessionHandlerInterface is deprecated en C:\tools\nginx\html\sistema_biometrico\index.php línea 52
URI: /validaciones/estadisticas
--------------------------------------------------------------------------------
[2026-03-18 11:15:52] [DEPRECATED] session_set_save_handler(): Providing individual callbacks instead of an object implementing SessionHandlerInterface is deprecated en C:\tools\nginx\html\sistema_biometrico\index.php línea 52
URI: /validaciones/estadisticas
--------------------------------------------------------------------------------
[2026-03-18 11:16:53] [DEPRECATED] session_set_save_handler(): Providing individual callbacks instead of an object implementing SessionHandlerInterface is deprecated en C:\tools\nginx\html\sistema_biometrico\index.php línea 52
URI: /validaciones/estadisticas
--------------------------------------------------------------------------------
[2026-03-18 11:34:11] [FATAL_ERROR] Uncaught PDOException: SQLSTATE[42S22]: Column not found: 1054 Unknown column 'id' in 'ORDER BY' in Command line code:42
Stack trace:
#0 Command line code(42): PDO->query('SELECT * FROM d...')
#1 {main}
  thrown en Command line code línea 42
URI: N/A
--------------------------------------------------------------------------------
[2026-03-18 11:49:02] [DEPRECATED] session_set_save_handler(): Providing individual callbacks instead of an object implementing SessionHandlerInterface is deprecated en C:\tools\nginx\html\sistema_biometrico\index.php línea 52
URI: /validaciones/estadisticas
--------------------------------------------------------------------------------
[2026-03-18 11:49:04] [DEPRECATED] session_set_save_handler(): Providing individual callbacks instead of an object implementing SessionHandlerInterface is deprecated en C:\tools\nginx\html\sistema_biometrico\index.php línea 52
URI: /validaciones
--------------------------------------------------------------------------------
[2026-03-18 11:49:04] [DEPRECATED] session_set_save_handler(): Providing individual callbacks instead of an object implementing SessionHandlerInterface is deprecated en C:\tools\nginx\html\sistema_biometrico\index.php línea 52
URI: /validaciones/buscar-empleados?solo_con_incidencias=1
--------------------------------------------------------------------------------
[2026-03-18 11:49:04] [DEPRECATED] session_set_save_handler(): Providing individual callbacks instead of an object implementing SessionHandlerInterface is deprecated en C:\tools\nginx\html\sistema_biometrico\index.php línea 52
URI: /validaciones/obtener-areas
--------------------------------------------------------------------------------
[2026-03-18 11:49:04] [DEPRECATED] session_set_save_handler(): Providing individual callbacks instead of an object implementing SessionHandlerInterface is deprecated en C:\tools\nginx\html\sistema_biometrico\index.php línea 52
URI: /validaciones/estadisticas
--------------------------------------------------------------------------------
[2026-03-18 11:49:07] [DEPRECATED] session_set_save_handler(): Providing individual callbacks instead of an object implementing SessionHandlerInterface is deprecated en C:\tools\nginx\html\sistema_biometrico\index.php línea 52
URI: /validaciones/incidencias-empleados
--------------------------------------------------------------------------------
[2026-03-18 11:49:23] [DEPRECATED] session_set_save_handler(): Providing individual callbacks instead of an object implementing SessionHandlerInterface is deprecated en C:\tools\nginx\html\sistema_biometrico\index.php línea 52
URI: /validaciones/incidencias-empleados
--------------------------------------------------------------------------------
[2026-03-18 11:49:24] [DEPRECATED] session_set_save_handler(): Providing individual callbacks instead of an object implementing SessionHandlerInterface is deprecated en C:\tools\nginx\html\sistema_biometrico\index.php línea 52
URI: /validaciones/incidencias-empleados
--------------------------------------------------------------------------------
[2026-03-18 11:49:34] [DEPRECATED] session_set_save_handler(): Providing individual callbacks instead of an object implementing SessionHandlerInterface is deprecated en C:\tools\nginx\html\sistema_biometrico\index.php línea 52
URI: /validaciones/estadisticas
--------------------------------------------------------------------------------
[2026-03-18 11:50:04] [DEPRECATED] session_set_save_handler(): Providing individual callbacks instead of an object implementing SessionHandlerInterface is deprecated en C:\tools\nginx\html\sistema_biometrico\index.php línea 52
URI: /validaciones/estadisticas
--------------------------------------------------------------------------------
[2026-03-18 11:50:34] [DEPRECATED] session_set_save_handler(): Providing individual callbacks instead of an object implementing SessionHandlerInterface is deprecated en C:\tools\nginx\html\sistema_biometrico\index.php línea 52
URI: /validaciones/estadisticas
--------------------------------------------------------------------------------
[2026-03-18 11:50:45] [DEPRECATED] session_set_save_handler(): Providing individual callbacks instead of an object implementing SessionHandlerInterface is deprecated en C:\tools\nginx\html\sistema_biometrico\index.php línea 52
URI: /validaciones
--------------------------------------------------------------------------------
[2026-03-18 11:50:45] [DEPRECATED] session_set_save_handler(): Providing individual callbacks instead of an object implementing SessionHandlerInterface is deprecated en C:\tools\nginx\html\sistema_biometrico\index.php línea 52
URI: /validaciones/buscar-empleados?solo_con_incidencias=1
--------------------------------------------------------------------------------
[2026-03-18 11:50:45] [DEPRECATED] session_set_save_handler(): Providing individual callbacks instead of an object implementing SessionHandlerInterface is deprecated en C:\tools\nginx\html\sistema_biometrico\index.php línea 52
URI: /validaciones/obtener-areas
--------------------------------------------------------------------------------
[2026-03-18 11:50:45] [DEPRECATED] session_set_save_handler(): Providing individual callbacks instead of an object implementing SessionHandlerInterface is deprecated en C:\tools\nginx\html\sistema_biometrico\index.php línea 52
URI: /validaciones/estadisticas
--------------------------------------------------------------------------------
[2026-03-18 11:50:56] [DEPRECATED] session_set_save_handler(): Providing individual callbacks instead of an object implementing SessionHandlerInterface is deprecated en C:\tools\nginx\html\sistema_biometrico\index.php línea 52
URI: /logout
--------------------------------------------------------------------------------
[2026-03-18 11:50:56] [DEPRECATED] session_set_save_handler(): Providing individual callbacks instead of an object implementing SessionHandlerInterface is deprecated en C:\tools\nginx\html\sistema_biometrico\index.php línea 52
URI: /login
--------------------------------------------------------------------------------
[2026-03-18 11:51:03] [DEPRECATED] session_set_save_handler(): Providing individual callbacks instead of an object implementing SessionHandlerInterface is deprecated en C:\tools\nginx\html\sistema_biometrico\index.php línea 52
URI: /login
--------------------------------------------------------------------------------
[2026-03-18 11:51:12] [DEPRECATED] session_set_save_handler(): Providing individual callbacks instead of an object implementing SessionHandlerInterface is deprecated en C:\tools\nginx\html\sistema_biometrico\index.php línea 52
URI: /login
--------------------------------------------------------------------------------
[2026-03-18 11:51:12] [DEPRECATED] session_set_save_handler(): Providing individual callbacks instead of an object implementing SessionHandlerInterface is deprecated en C:\tools\nginx\html\sistema_biometrico\index.php línea 52
URI: /dashboard
--------------------------------------------------------------------------------
[2026-03-18 11:51:18] [DEPRECATED] session_set_save_handler(): Providing individual callbacks instead of an object implementing SessionHandlerInterface is deprecated en C:\tools\nginx\html\sistema_biometrico\index.php línea 52
URI: /empleados
--------------------------------------------------------------------------------
[2026-03-18 11:51:23] [DEPRECATED] session_set_save_handler(): Providing individual callbacks instead of an object implementing SessionHandlerInterface is deprecated en C:\tools\nginx\html\sistema_biometrico\index.php línea 52
URI: /empleados/datos-completos/3
--------------------------------------------------------------------------------
[2026-03-18 11:51:33] [DEPRECATED] session_set_save_handler(): Providing individual callbacks instead of an object implementing SessionHandlerInterface is deprecated en C:\tools\nginx\html\sistema_biometrico\index.php línea 52
URI: /empleados/edit
--------------------------------------------------------------------------------
[2026-03-18 12:05:46] [DEPRECATED] session_set_save_handler(): Providing individual callbacks instead of an object implementing SessionHandlerInterface is deprecated en C:\tools\nginx\html\sistema_biometrico\index.php línea 52
URI: /empleados
--------------------------------------------------------------------------------
[2026-03-18 12:09:48] [DEPRECATED] session_set_save_handler(): Providing individual callbacks instead of an object implementing SessionHandlerInterface is deprecated en C:\tools\nginx\html\sistema_biometrico\index.php línea 52
URI: /empleados
--------------------------------------------------------------------------------
[2026-03-18 12:09:49] [DEPRECATED] session_set_save_handler(): Providing individual callbacks instead of an object implementing SessionHandlerInterface is deprecated en C:\tools\nginx\html\sistema_biometrico\index.php línea 52
URI: /empleados
--------------------------------------------------------------------------------
[2026-03-18 12:09:49] [DEPRECATED] session_set_save_handler(): Providing individual callbacks instead of an object implementing SessionHandlerInterface is deprecated en C:\tools\nginx\html\sistema_biometrico\index.php línea 52
URI: /empleados
--------------------------------------------------------------------------------
[2026-03-18 12:09:49] [DEPRECATED] session_set_save_handler(): Providing individual callbacks instead of an object implementing SessionHandlerInterface is deprecated en C:\tools\nginx\html\sistema_biometrico\index.php línea 52
URI: /empleados
--------------------------------------------------------------------------------
[2026-03-18 12:09:49] [DEPRECATED] session_set_save_handler(): Providing individual callbacks instead of an object implementing SessionHandlerInterface is deprecated en C:\tools\nginx\html\sistema_biometrico\index.php línea 52
URI: /empleados
--------------------------------------------------------------------------------
[2026-03-18 12:09:49] [DEPRECATED] session_set_save_handler(): Providing individual callbacks instead of an object implementing SessionHandlerInterface is deprecated en C:\tools\nginx\html\sistema_biometrico\index.php línea 52
URI: /empleados
--------------------------------------------------------------------------------
[2026-03-18 12:11:20] [DEPRECATED] session_set_save_handler(): Providing individual callbacks instead of an object implementing SessionHandlerInterface is deprecated en C:\tools\nginx\html\sistema_biometrico\index.php línea 52
URI: /empleados?search=87
--------------------------------------------------------------------------------
[2026-03-18 12:11:27] [DEPRECATED] session_set_save_handler(): Providing individual callbacks instead of an object implementing SessionHandlerInterface is deprecated en C:\tools\nginx\html\sistema_biometrico\index.php línea 52
URI: /empleados/datos-completos/87
--------------------------------------------------------------------------------
[2026-03-18 12:11:40] [DEPRECATED] session_set_save_handler(): Providing individual callbacks instead of an object implementing SessionHandlerInterface is deprecated en C:\tools\nginx\html\sistema_biometrico\index.php línea 52
URI: /empleados/datos-completos/87
--------------------------------------------------------------------------------
[2026-03-18 12:12:03] [DEPRECATED] session_set_save_handler(): Providing individual callbacks instead of an object implementing SessionHandlerInterface is deprecated en C:\tools\nginx\html\sistema_biometrico\index.php línea 52
URI: /logout
--------------------------------------------------------------------------------
[2026-03-18 12:12:03] [DEPRECATED] session_set_save_handler(): Providing individual callbacks instead of an object implementing SessionHandlerInterface is deprecated en C:\tools\nginx\html\sistema_biometrico\index.php línea 52
URI: /login
--------------------------------------------------------------------------------
[2026-03-18 12:12:20] [DEPRECATED] session_set_save_handler(): Providing individual callbacks instead of an object implementing SessionHandlerInterface is deprecated en C:\tools\nginx\html\sistema_biometrico\index.php línea 52
URI: /login
--------------------------------------------------------------------------------
[2026-03-18 12:12:20] [DEPRECATED] session_set_save_handler(): Providing individual callbacks instead of an object implementing SessionHandlerInterface is deprecated en C:\tools\nginx\html\sistema_biometrico\index.php línea 52
URI: /dashboard
--------------------------------------------------------------------------------
[2026-03-18 12:12:34] [DEPRECATED] session_set_save_handler(): Providing individual callbacks instead of an object implementing SessionHandlerInterface is deprecated en C:\tools\nginx\html\sistema_biometrico\index.php línea 52
URI: /validaciones
--------------------------------------------------------------------------------
[2026-03-18 12:12:34] [DEPRECATED] session_set_save_handler(): Providing individual callbacks instead of an object implementing SessionHandlerInterface is deprecated en C:\tools\nginx\html\sistema_biometrico\index.php línea 52
URI: /validaciones/buscar-empleados?solo_con_incidencias=1
--------------------------------------------------------------------------------
[2026-03-18 12:12:35] [DEPRECATED] session_set_save_handler(): Providing individual callbacks instead of an object implementing SessionHandlerInterface is deprecated en C:\tools\nginx\html\sistema_biometrico\index.php línea 52
URI: /validaciones/obtener-areas
--------------------------------------------------------------------------------
[2026-03-18 12:12:35] [DEPRECATED] session_set_save_handler(): Providing individual callbacks instead of an object implementing SessionHandlerInterface is deprecated en C:\tools\nginx\html\sistema_biometrico\index.php línea 52
URI: /validaciones/estadisticas
--------------------------------------------------------------------------------
[2026-03-18 12:12:38] [DEPRECATED] session_set_save_handler(): Providing individual callbacks instead of an object implementing SessionHandlerInterface is deprecated en C:\tools\nginx\html\sistema_biometrico\index.php línea 52
URI: /validaciones/incidencias-empleados
--------------------------------------------------------------------------------
[2026-03-18 12:13:04] [DEPRECATED] session_set_save_handler(): Providing individual callbacks instead of an object implementing SessionHandlerInterface is deprecated en C:\tools\nginx\html\sistema_biometrico\index.php línea 52
URI: /validaciones/estadisticas
--------------------------------------------------------------------------------
[2026-03-18 12:13:34] [DEPRECATED] session_set_save_handler(): Providing individual callbacks instead of an object implementing SessionHandlerInterface is deprecated en C:\tools\nginx\html\sistema_biometrico\index.php línea 52
URI: /validaciones/estadisticas
--------------------------------------------------------------------------------
[2026-03-18 12:14:05] [DEPRECATED] session_set_save_handler(): Providing individual callbacks instead of an object implementing SessionHandlerInterface is deprecated en C:\tools\nginx\html\sistema_biometrico\index.php línea 52
URI: /validaciones/estadisticas
--------------------------------------------------------------------------------
[2026-03-18 12:14:35] [DEPRECATED] session_set_save_handler(): Providing individual callbacks instead of an object implementing SessionHandlerInterface is deprecated en C:\tools\nginx\html\sistema_biometrico\index.php línea 52
URI: /validaciones/estadisticas
--------------------------------------------------------------------------------
[2026-03-18 12:15:04] [DEPRECATED] session_set_save_handler(): Providing individual callbacks instead of an object implementing SessionHandlerInterface is deprecated en C:\tools\nginx\html\sistema_biometrico\index.php línea 52
URI: /validaciones/estadisticas
--------------------------------------------------------------------------------
[2026-03-18 12:15:34] [DEPRECATED] session_set_save_handler(): Providing individual callbacks instead of an object implementing SessionHandlerInterface is deprecated en C:\tools\nginx\html\sistema_biometrico\index.php línea 52
URI: /validaciones/estadisticas
--------------------------------------------------------------------------------
[2026-03-18 12:16:04] [DEPRECATED] session_set_save_handler(): Providing individual callbacks instead of an object implementing SessionHandlerInterface is deprecated en C:\tools\nginx\html\sistema_biometrico\index.php línea 52
URI: /validaciones/estadisticas
--------------------------------------------------------------------------------
[2026-03-18 12:16:34] [DEPRECATED] session_set_save_handler(): Providing individual callbacks instead of an object implementing SessionHandlerInterface is deprecated en C:\tools\nginx\html\sistema_biometrico\index.php línea 52
URI: /validaciones/estadisticas
--------------------------------------------------------------------------------
[2026-03-18 12:17:04] [DEPRECATED] session_set_save_handler(): Providing individual callbacks instead of an object implementing SessionHandlerInterface is deprecated en C:\tools\nginx\html\sistema_biometrico\index.php línea 52
URI: /validaciones/estadisticas
--------------------------------------------------------------------------------
[2026-03-18 12:17:34] [DEPRECATED] session_set_save_handler(): Providing individual callbacks instead of an object implementing SessionHandlerInterface is deprecated en C:\tools\nginx\html\sistema_biometrico\index.php línea 52
URI: /validaciones/estadisticas
--------------------------------------------------------------------------------
[2026-03-18 12:18:04] [DEPRECATED] session_set_save_handler(): Providing individual callbacks instead of an object implementing SessionHandlerInterface is deprecated en C:\tools\nginx\html\sistema_biometrico\index.php línea 52
URI: /validaciones/estadisticas
--------------------------------------------------------------------------------
[2026-03-18 12:18:34] [DEPRECATED] session_set_save_handler(): Providing individual callbacks instead of an object implementing SessionHandlerInterface is deprecated en C:\tools\nginx\html\sistema_biometrico\index.php línea 52
URI: /validaciones/estadisticas
--------------------------------------------------------------------------------
[2026-03-18 12:19:04] [DEPRECATED] session_set_save_handler(): Providing individual callbacks instead of an object implementing SessionHandlerInterface is deprecated en C:\tools\nginx\html\sistema_biometrico\index.php línea 52
URI: /validaciones/estadisticas
--------------------------------------------------------------------------------
[2026-03-18 12:19:34] [DEPRECATED] session_set_save_handler(): Providing individual callbacks instead of an object implementing SessionHandlerInterface is deprecated en C:\tools\nginx\html\sistema_biometrico\index.php línea 52
URI: /validaciones/estadisticas
--------------------------------------------------------------------------------
[2026-03-18 12:20:04] [DEPRECATED] session_set_save_handler(): Providing individual callbacks instead of an object implementing SessionHandlerInterface is deprecated en C:\tools\nginx\html\sistema_biometrico\index.php línea 52
URI: /validaciones/estadisticas
--------------------------------------------------------------------------------
[2026-03-18 12:20:14] [DEPRECATED] session_set_save_handler(): Providing individual callbacks instead of an object implementing SessionHandlerInterface is deprecated en C:\tools\nginx\html\sistema_biometrico\index.php línea 52
URI: /validaciones
--------------------------------------------------------------------------------
[2026-03-18 12:20:15] [DEPRECATED] session_set_save_handler(): Providing individual callbacks instead of an object implementing SessionHandlerInterface is deprecated en C:\tools\nginx\html\sistema_biometrico\index.php línea 52
URI: /validaciones/buscar-empleados?solo_con_incidencias=1
--------------------------------------------------------------------------------
[2026-03-18 12:20:15] [DEPRECATED] session_set_save_handler(): Providing individual callbacks instead of an object implementing SessionHandlerInterface is deprecated en C:\tools\nginx\html\sistema_biometrico\index.php línea 52
URI: /validaciones/obtener-areas
--------------------------------------------------------------------------------
[2026-03-18 12:20:15] [DEPRECATED] session_set_save_handler(): Providing individual callbacks instead of an object implementing SessionHandlerInterface is deprecated en C:\tools\nginx\html\sistema_biometrico\index.php línea 52
URI: /validaciones/estadisticas
--------------------------------------------------------------------------------
[2026-03-18 12:20:16] [DEPRECATED] session_set_save_handler(): Providing individual callbacks instead of an object implementing SessionHandlerInterface is deprecated en C:\tools\nginx\html\sistema_biometrico\index.php línea 52
URI: /validaciones
--------------------------------------------------------------------------------
[2026-03-18 12:20:16] [DEPRECATED] session_set_save_handler(): Providing individual callbacks instead of an object implementing SessionHandlerInterface is deprecated en C:\tools\nginx\html\sistema_biometrico\index.php línea 52
URI: /validaciones/buscar-empleados?solo_con_incidencias=1
--------------------------------------------------------------------------------
[2026-03-18 12:20:16] [DEPRECATED] session_set_save_handler(): Providing individual callbacks instead of an object implementing SessionHandlerInterface is deprecated en C:\tools\nginx\html\sistema_biometrico\index.php línea 52
URI: /validaciones/obtener-areas
--------------------------------------------------------------------------------
[2026-03-18 12:20:16] [DEPRECATED] session_set_save_handler(): Providing individual callbacks instead of an object implementing SessionHandlerInterface is deprecated en C:\tools\nginx\html\sistema_biometrico\index.php línea 52
URI: /validaciones/estadisticas
--------------------------------------------------------------------------------
[2026-03-18 12:20:34] [DEPRECATED] session_set_save_handler(): Providing individual callbacks instead of an object implementing SessionHandlerInterface is deprecated en C:\tools\nginx\html\sistema_biometrico\index.php línea 52
URI: /validaciones/incidencias-empleados
--------------------------------------------------------------------------------
[2026-03-18 12:20:46] [DEPRECATED] session_set_save_handler(): Providing individual callbacks instead of an object implementing SessionHandlerInterface is deprecated en C:\tools\nginx\html\sistema_biometrico\index.php línea 52
URI: /validaciones/estadisticas
--------------------------------------------------------------------------------
[2026-03-18 12:21:06] [DEPRECATED] session_set_save_handler(): Providing individual callbacks instead of an object implementing SessionHandlerInterface is deprecated en C:\tools\nginx\html\sistema_biometrico\index.php línea 52
URI: /validaciones/incidencias-empleados
--------------------------------------------------------------------------------
[2026-03-18 12:21:16] [DEPRECATED] session_set_save_handler(): Providing individual callbacks instead of an object implementing SessionHandlerInterface is deprecated en C:\tools\nginx\html\sistema_biometrico\index.php línea 52
URI: /validaciones/estadisticas
--------------------------------------------------------------------------------
[2026-03-18 12:21:46] [DEPRECATED] session_set_save_handler(): Providing individual callbacks instead of an object implementing SessionHandlerInterface is deprecated en C:\tools\nginx\html\sistema_biometrico\index.php línea 52
URI: /validaciones/estadisticas
--------------------------------------------------------------------------------
[2026-03-18 12:22:08] [DEPRECATED] session_set_save_handler(): Providing individual callbacks instead of an object implementing SessionHandlerInterface is deprecated en C:\tools\nginx\html\sistema_biometrico\index.php línea 52
URI: /validaciones/incidencias-empleados
--------------------------------------------------------------------------------
[2026-03-18 12:22:16] [DEPRECATED] session_set_save_handler(): Providing individual callbacks instead of an object implementing SessionHandlerInterface is deprecated en C:\tools\nginx\html\sistema_biometrico\index.php línea 52
URI: /validaciones/estadisticas
--------------------------------------------------------------------------------
[2026-03-18 12:22:21] [DEPRECATED] session_set_save_handler(): Providing individual callbacks instead of an object implementing SessionHandlerInterface is deprecated en C:\tools\nginx\html\sistema_biometrico\index.php línea 52
URI: /validaciones/incidencias-empleados
--------------------------------------------------------------------------------
[2026-03-18 12:22:22] [DEPRECATED] session_set_save_handler(): Providing individual callbacks instead of an object implementing SessionHandlerInterface is deprecated en C:\tools\nginx\html\sistema_biometrico\index.php línea 52
URI: /validaciones/incidencias-empleados
--------------------------------------------------------------------------------
[2026-03-18 12:22:46] [DEPRECATED] session_set_save_handler(): Providing individual callbacks instead of an object implementing SessionHandlerInterface is deprecated en C:\tools\nginx\html\sistema_biometrico\index.php línea 52
URI: /validaciones/estadisticas
--------------------------------------------------------------------------------
[2026-03-18 12:22:53] [DEPRECATED] session_set_save_handler(): Providing individual callbacks instead of an object implementing SessionHandlerInterface is deprecated en C:\tools\nginx\html\sistema_biometrico\index.php línea 52
URI: /validaciones/incidencias-empleados
--------------------------------------------------------------------------------
[2026-03-18 12:23:10] [DEPRECATED] session_set_save_handler(): Providing individual callbacks instead of an object implementing SessionHandlerInterface is deprecated en C:\tools\nginx\html\sistema_biometrico\index.php línea 52
URI: /validaciones/incidencias-empleados
--------------------------------------------------------------------------------
[2026-03-18 12:23:16] [DEPRECATED] session_set_save_handler(): Providing individual callbacks instead of an object implementing SessionHandlerInterface is deprecated en C:\tools\nginx\html\sistema_biometrico\index.php línea 52
URI: /validaciones/estadisticas
--------------------------------------------------------------------------------
[2026-03-18 12:23:17] [DEPRECATED] session_set_save_handler(): Providing individual callbacks instead of an object implementing SessionHandlerInterface is deprecated en C:\tools\nginx\html\sistema_biometrico\index.php línea 52
URI: /validaciones/incidencias-empleados
--------------------------------------------------------------------------------
[2026-03-18 12:23:19] [DEPRECATED] session_set_save_handler(): Providing individual callbacks instead of an object implementing SessionHandlerInterface is deprecated en C:\tools\nginx\html\sistema_biometrico\index.php línea 52
URI: /validaciones/incidencias-empleados
--------------------------------------------------------------------------------
[2026-03-18 12:23:40] [DEPRECATED] session_set_save_handler(): Providing individual callbacks instead of an object implementing SessionHandlerInterface is deprecated en C:\tools\nginx\html\sistema_biometrico\index.php línea 52
URI: /validaciones/incidencias-empleados
--------------------------------------------------------------------------------
[2026-03-18 12:23:46] [DEPRECATED] session_set_save_handler(): Providing individual callbacks instead of an object implementing SessionHandlerInterface is deprecated en C:\tools\nginx\html\sistema_biometrico\index.php línea 52
URI: /validaciones/estadisticas
--------------------------------------------------------------------------------
[2026-03-18 12:24:06] [DEPRECATED] session_set_save_handler(): Providing individual callbacks instead of an object implementing SessionHandlerInterface is deprecated en C:\tools\nginx\html\sistema_biometrico\index.php línea 52
URI: /validaciones/incidencias-empleados
--------------------------------------------------------------------------------
[2026-03-18 12:24:08] [DEPRECATED] session_set_save_handler(): Providing individual callbacks instead of an object implementing SessionHandlerInterface is deprecated en C:\tools\nginx\html\sistema_biometrico\index.php línea 52
URI: /validaciones/incidencias-empleados
--------------------------------------------------------------------------------
[2026-03-18 12:24:16] [DEPRECATED] session_set_save_handler(): Providing individual callbacks instead of an object implementing SessionHandlerInterface is deprecated en C:\tools\nginx\html\sistema_biometrico\index.php línea 52
URI: /validaciones/estadisticas
--------------------------------------------------------------------------------
[2026-03-18 12:24:24] [DEPRECATED] session_set_save_handler(): Providing individual callbacks instead of an object implementing SessionHandlerInterface is deprecated en C:\tools\nginx\html\sistema_biometrico\index.php línea 52
URI: /validaciones/incidencias-empleados
--------------------------------------------------------------------------------
[2026-03-18 12:24:46] [DEPRECATED] session_set_save_handler(): Providing individual callbacks instead of an object implementing SessionHandlerInterface is deprecated en C:\tools\nginx\html\sistema_biometrico\index.php línea 52
URI: /validaciones/estadisticas
--------------------------------------------------------------------------------
[2026-03-18 12:25:16] [DEPRECATED] session_set_save_handler(): Providing individual callbacks instead of an object implementing SessionHandlerInterface is deprecated en C:\tools\nginx\html\sistema_biometrico\index.php línea 52
URI: /validaciones/estadisticas
--------------------------------------------------------------------------------
[2026-03-18 12:25:46] [DEPRECATED] session_set_save_handler(): Providing individual callbacks instead of an object implementing SessionHandlerInterface is deprecated en C:\tools\nginx\html\sistema_biometrico\index.php línea 52
URI: /validaciones/estadisticas
--------------------------------------------------------------------------------
[2026-03-18 12:25:48] [DEPRECATED] session_set_save_handler(): Providing individual callbacks instead of an object implementing SessionHandlerInterface is deprecated en C:\tools\nginx\html\sistema_biometrico\index.php línea 52
URI: /validaciones/incidencias-empleados
--------------------------------------------------------------------------------
[2026-03-18 12:26:16] [DEPRECATED] session_set_save_handler(): Providing individual callbacks instead of an object implementing SessionHandlerInterface is deprecated en C:\tools\nginx\html\sistema_biometrico\index.php línea 52
URI: /validaciones/estadisticas
--------------------------------------------------------------------------------
[2026-03-18 12:26:46] [DEPRECATED] session_set_save_handler(): Providing individual callbacks instead of an object implementing SessionHandlerInterface is deprecated en C:\tools\nginx\html\sistema_biometrico\index.php línea 52
URI: /validaciones/estadisticas
--------------------------------------------------------------------------------
[2026-03-18 12:27:16] [DEPRECATED] session_set_save_handler(): Providing individual callbacks instead of an object implementing SessionHandlerInterface is deprecated en C:\tools\nginx\html\sistema_biometrico\index.php línea 52
URI: /validaciones/estadisticas
--------------------------------------------------------------------------------
[2026-03-18 12:27:46] [DEPRECATED] session_set_save_handler(): Providing individual callbacks instead of an object implementing SessionHandlerInterface is deprecated en C:\tools\nginx\html\sistema_biometrico\index.php línea 52
URI: /validaciones/estadisticas
--------------------------------------------------------------------------------
[2026-03-18 12:28:16] [DEPRECATED] session_set_save_handler(): Providing individual callbacks instead of an object implementing SessionHandlerInterface is deprecated en C:\tools\nginx\html\sistema_biometrico\index.php línea 52
URI: /validaciones/estadisticas
--------------------------------------------------------------------------------
[2026-03-18 12:28:46] [DEPRECATED] session_set_save_handler(): Providing individual callbacks instead of an object implementing SessionHandlerInterface is deprecated en C:\tools\nginx\html\sistema_biometrico\index.php línea 52
URI: /validaciones/estadisticas
--------------------------------------------------------------------------------
[2026-03-18 12:29:16] [DEPRECATED] session_set_save_handler(): Providing individual callbacks instead of an object implementing SessionHandlerInterface is deprecated en C:\tools\nginx\html\sistema_biometrico\index.php línea 52
URI: /validaciones/estadisticas
--------------------------------------------------------------------------------
[2026-03-18 12:29:30] [DEPRECATED] session_set_save_handler(): Providing individual callbacks instead of an object implementing SessionHandlerInterface is deprecated en C:\tools\nginx\html\sistema_biometrico\index.php línea 52
URI: /validaciones/incidencias-empleados
--------------------------------------------------------------------------------
[2026-03-18 12:29:46] [DEPRECATED] session_set_save_handler(): Providing individual callbacks instead of an object implementing SessionHandlerInterface is deprecated en C:\tools\nginx\html\sistema_biometrico\index.php línea 52
URI: /validaciones/estadisticas
--------------------------------------------------------------------------------
[2026-03-18 12:29:51] [DEPRECATED] session_set_save_handler(): Providing individual callbacks instead of an object implementing SessionHandlerInterface is deprecated en C:\tools\nginx\html\sistema_biometrico\index.php línea 52
URI: /validaciones/incidencias-empleados
--------------------------------------------------------------------------------
[2026-03-18 12:30:14] [DEPRECATED] session_set_save_handler(): Providing individual callbacks instead of an object implementing SessionHandlerInterface is deprecated en C:\tools\nginx\html\sistema_biometrico\index.php línea 52
URI: /validaciones/incidencias-empleados
--------------------------------------------------------------------------------
[2026-03-18 12:30:16] [DEPRECATED] session_set_save_handler(): Providing individual callbacks instead of an object implementing SessionHandlerInterface is deprecated en C:\tools\nginx\html\sistema_biometrico\index.php línea 52
URI: /validaciones/estadisticas
--------------------------------------------------------------------------------
[2026-03-18 12:30:46] [DEPRECATED] session_set_save_handler(): Providing individual callbacks instead of an object implementing SessionHandlerInterface is deprecated en C:\tools\nginx\html\sistema_biometrico\index.php línea 52
URI: /validaciones/estadisticas
--------------------------------------------------------------------------------
[2026-03-18 12:31:16] [DEPRECATED] session_set_save_handler(): Providing individual callbacks instead of an object implementing SessionHandlerInterface is deprecated en C:\tools\nginx\html\sistema_biometrico\index.php línea 52
URI: /validaciones/estadisticas
--------------------------------------------------------------------------------
[2026-03-18 12:31:17] [DEPRECATED] session_set_save_handler(): Providing individual callbacks instead of an object implementing SessionHandlerInterface is deprecated en C:\tools\nginx\html\sistema_biometrico\index.php línea 52
URI: /validaciones
--------------------------------------------------------------------------------
[2026-03-18 12:31:17] [DEPRECATED] session_set_save_handler(): Providing individual callbacks instead of an object implementing SessionHandlerInterface is deprecated en C:\tools\nginx\html\sistema_biometrico\index.php línea 52
URI: /validaciones/buscar-empleados?solo_con_incidencias=1
--------------------------------------------------------------------------------
[2026-03-18 12:31:17] [DEPRECATED] session_set_save_handler(): Providing individual callbacks instead of an object implementing SessionHandlerInterface is deprecated en C:\tools\nginx\html\sistema_biometrico\index.php línea 52
URI: /validaciones/obtener-areas
--------------------------------------------------------------------------------
[2026-03-18 12:31:17] [DEPRECATED] session_set_save_handler(): Providing individual callbacks instead of an object implementing SessionHandlerInterface is deprecated en C:\tools\nginx\html\sistema_biometrico\index.php línea 52
URI: /validaciones/estadisticas
--------------------------------------------------------------------------------
[2026-03-18 12:31:24] [DEPRECATED] session_set_save_handler(): Providing individual callbacks instead of an object implementing SessionHandlerInterface is deprecated en C:\tools\nginx\html\sistema_biometrico\index.php línea 52
URI: /validaciones/incidencias-empleados
--------------------------------------------------------------------------------
[2026-03-18 12:31:48] [DEPRECATED] session_set_save_handler(): Providing individual callbacks instead of an object implementing SessionHandlerInterface is deprecated en C:\tools\nginx\html\sistema_biometrico\index.php línea 52
URI: /validaciones/estadisticas
--------------------------------------------------------------------------------
[2026-03-18 12:32:18] [DEPRECATED] session_set_save_handler(): Providing individual callbacks instead of an object implementing SessionHandlerInterface is deprecated en C:\tools\nginx\html\sistema_biometrico\index.php línea 52
URI: /validaciones/estadisticas
--------------------------------------------------------------------------------
[2026-03-18 12:32:48] [DEPRECATED] session_set_save_handler(): Providing individual callbacks instead of an object implementing SessionHandlerInterface is deprecated en C:\tools\nginx\html\sistema_biometrico\index.php línea 52
URI: /validaciones/estadisticas
--------------------------------------------------------------------------------
[2026-03-18 12:33:08] [DEPRECATED] session_set_save_handler(): Providing individual callbacks instead of an object implementing SessionHandlerInterface is deprecated en C:\tools\nginx\html\sistema_biometrico\index.php línea 52
URI: /validaciones/incidencias-empleados
--------------------------------------------------------------------------------
[2026-03-18 12:33:18] [DEPRECATED] session_set_save_handler(): Providing individual callbacks instead of an object implementing SessionHandlerInterface is deprecated en C:\tools\nginx\html\sistema_biometrico\index.php línea 52
URI: /validaciones/estadisticas
--------------------------------------------------------------------------------
[2026-03-18 12:33:48] [DEPRECATED] session_set_save_handler(): Providing individual callbacks instead of an object implementing SessionHandlerInterface is deprecated en C:\tools\nginx\html\sistema_biometrico\index.php línea 52
URI: /validaciones/estadisticas
--------------------------------------------------------------------------------
[2026-03-18 12:34:18] [DEPRECATED] session_set_save_handler(): Providing individual callbacks instead of an object implementing SessionHandlerInterface is deprecated en C:\tools\nginx\html\sistema_biometrico\index.php línea 52
URI: /validaciones/estadisticas
--------------------------------------------------------------------------------
[2026-03-18 12:34:29] [DEPRECATED] session_set_save_handler(): Providing individual callbacks instead of an object implementing SessionHandlerInterface is deprecated en C:\tools\nginx\html\sistema_biometrico\index.php línea 52
URI: /validaciones
--------------------------------------------------------------------------------
[2026-03-18 12:34:29] [DEPRECATED] session_set_save_handler(): Providing individual callbacks instead of an object implementing SessionHandlerInterface is deprecated en C:\tools\nginx\html\sistema_biometrico\index.php línea 52
URI: /validaciones/buscar-empleados?solo_con_incidencias=1
--------------------------------------------------------------------------------
[2026-03-18 12:34:29] [DEPRECATED] session_set_save_handler(): Providing individual callbacks instead of an object implementing SessionHandlerInterface is deprecated en C:\tools\nginx\html\sistema_biometrico\index.php línea 52
URI: /validaciones/obtener-areas
--------------------------------------------------------------------------------
[2026-03-18 12:34:29] [DEPRECATED] session_set_save_handler(): Providing individual callbacks instead of an object implementing SessionHandlerInterface is deprecated en C:\tools\nginx\html\sistema_biometrico\index.php línea 52
URI: /validaciones/estadisticas
--------------------------------------------------------------------------------
[2026-03-18 12:34:46] [DEPRECATED] session_set_save_handler(): Providing individual callbacks instead of an object implementing SessionHandlerInterface is deprecated en C:\tools\nginx\html\sistema_biometrico\index.php línea 52
URI: /validaciones/incidencias-empleados
--------------------------------------------------------------------------------
[2026-03-18 12:35:00] [DEPRECATED] session_set_save_handler(): Providing individual callbacks instead of an object implementing SessionHandlerInterface is deprecated en C:\tools\nginx\html\sistema_biometrico\index.php línea 52
URI: /validaciones/estadisticas
--------------------------------------------------------------------------------
[2026-03-18 12:35:30] [DEPRECATED] session_set_save_handler(): Providing individual callbacks instead of an object implementing SessionHandlerInterface is deprecated en C:\tools\nginx\html\sistema_biometrico\index.php línea 52
URI: /validaciones/estadisticas
--------------------------------------------------------------------------------
[2026-03-18 12:35:59] [DEPRECATED] session_set_save_handler(): Providing individual callbacks instead of an object implementing SessionHandlerInterface is deprecated en C:\tools\nginx\html\sistema_biometrico\index.php línea 52
URI: /validaciones/estadisticas
--------------------------------------------------------------------------------
[2026-03-18 12:36:16] [DEPRECATED] session_set_save_handler(): Providing individual callbacks instead of an object implementing SessionHandlerInterface is deprecated en C:\tools\nginx\html\sistema_biometrico\index.php línea 52
URI: /validaciones
--------------------------------------------------------------------------------
[2026-03-18 12:36:16] [DEPRECATED] session_set_save_handler(): Providing individual callbacks instead of an object implementing SessionHandlerInterface is deprecated en C:\tools\nginx\html\sistema_biometrico\index.php línea 52
URI: /validaciones/buscar-empleados?solo_con_incidencias=1
--------------------------------------------------------------------------------
[2026-03-18 12:36:17] [DEPRECATED] session_set_save_handler(): Providing individual callbacks instead of an object implementing SessionHandlerInterface is deprecated en C:\tools\nginx\html\sistema_biometrico\index.php línea 52
URI: /validaciones/obtener-areas
--------------------------------------------------------------------------------
[2026-03-18 12:36:17] [DEPRECATED] session_set_save_handler(): Providing individual callbacks instead of an object implementing SessionHandlerInterface is deprecated en C:\tools\nginx\html\sistema_biometrico\index.php línea 52
URI: /validaciones/estadisticas
--------------------------------------------------------------------------------
[2026-03-18 12:36:30] [DEPRECATED] session_set_save_handler(): Providing individual callbacks instead of an object implementing SessionHandlerInterface is deprecated en C:\tools\nginx\html\sistema_biometrico\index.php línea 52
URI: /validaciones/incidencias-empleados
--------------------------------------------------------------------------------
[2026-03-18 12:36:46] [DEPRECATED] session_set_save_handler(): Providing individual callbacks instead of an object implementing SessionHandlerInterface is deprecated en C:\tools\nginx\html\sistema_biometrico\index.php línea 52
URI: /validaciones/estadisticas
--------------------------------------------------------------------------------
[2026-03-18 12:36:48] [DEPRECATED] session_set_save_handler(): Providing individual callbacks instead of an object implementing SessionHandlerInterface is deprecated en C:\tools\nginx\html\sistema_biometrico\index.php línea 52
URI: /validaciones/incidencias-empleados
--------------------------------------------------------------------------------
[2026-03-18 12:37:08] [DEPRECATED] session_set_save_handler(): Providing individual callbacks instead of an object implementing SessionHandlerInterface is deprecated en C:\tools\nginx\html\sistema_biometrico\index.php línea 52
URI: /validaciones
--------------------------------------------------------------------------------
[2026-03-18 12:37:08] [DEPRECATED] session_set_save_handler(): Providing individual callbacks instead of an object implementing SessionHandlerInterface is deprecated en C:\tools\nginx\html\sistema_biometrico\index.php línea 52
URI: /validaciones/buscar-empleados?solo_con_incidencias=1
--------------------------------------------------------------------------------
[2026-03-18 12:37:08] [DEPRECATED] session_set_save_handler(): Providing individual callbacks instead of an object implementing SessionHandlerInterface is deprecated en C:\tools\nginx\html\sistema_biometrico\index.php línea 52
URI: /validaciones/obtener-areas
--------------------------------------------------------------------------------
[2026-03-18 12:37:08] [DEPRECATED] session_set_save_handler(): Providing individual callbacks instead of an object implementing SessionHandlerInterface is deprecated en C:\tools\nginx\html\sistema_biometrico\index.php línea 52
URI: /validaciones/estadisticas
--------------------------------------------------------------------------------
[2026-03-18 12:37:09] [DEPRECATED] session_set_save_handler(): Providing individual callbacks instead of an object implementing SessionHandlerInterface is deprecated en C:\tools\nginx\html\sistema_biometrico\index.php línea 52
URI: /validaciones
--------------------------------------------------------------------------------
[2026-03-18 12:37:09] [DEPRECATED] session_set_save_handler(): Providing individual callbacks instead of an object implementing SessionHandlerInterface is deprecated en C:\tools\nginx\html\sistema_biometrico\index.php línea 52
URI: /validaciones/buscar-empleados?solo_con_incidencias=1
--------------------------------------------------------------------------------
[2026-03-18 12:37:09] [DEPRECATED] session_set_save_handler(): Providing individual callbacks instead of an object implementing SessionHandlerInterface is deprecated en C:\tools\nginx\html\sistema_biometrico\index.php línea 52
URI: /validaciones/obtener-areas
--------------------------------------------------------------------------------
[2026-03-18 12:37:09] [DEPRECATED] session_set_save_handler(): Providing individual callbacks instead of an object implementing SessionHandlerInterface is deprecated en C:\tools\nginx\html\sistema_biometrico\index.php línea 52
URI: /validaciones/estadisticas
--------------------------------------------------------------------------------
[2026-03-18 12:37:39] [DEPRECATED] session_set_save_handler(): Providing individual callbacks instead of an object implementing SessionHandlerInterface is deprecated en C:\tools\nginx\html\sistema_biometrico\index.php línea 52
URI: /validaciones/estadisticas
--------------------------------------------------------------------------------
[2026-03-18 12:37:53] [DEPRECATED] session_set_save_handler(): Providing individual callbacks instead of an object implementing SessionHandlerInterface is deprecated en C:\tools\nginx\html\sistema_biometrico\index.php línea 52
URI: /validaciones/incidencias-empleados
--------------------------------------------------------------------------------
[2026-03-18 12:38:09] [DEPRECATED] session_set_save_handler(): Providing individual callbacks instead of an object implementing SessionHandlerInterface is deprecated en C:\tools\nginx\html\sistema_biometrico\index.php línea 52
URI: /validaciones/estadisticas
--------------------------------------------------------------------------------
[2026-03-18 12:38:23] [DEPRECATED] session_set_save_handler(): Providing individual callbacks instead of an object implementing SessionHandlerInterface is deprecated en C:\tools\nginx\html\sistema_biometrico\index.php línea 52
URI: /validaciones/incidencias-empleados
--------------------------------------------------------------------------------
[2026-03-18 12:38:39] [DEPRECATED] session_set_save_handler(): Providing individual callbacks instead of an object implementing SessionHandlerInterface is deprecated en C:\tools\nginx\html\sistema_biometrico\index.php línea 52
URI: /validaciones/estadisticas
--------------------------------------------------------------------------------
[2026-03-18 12:39:09] [DEPRECATED] session_set_save_handler(): Providing individual callbacks instead of an object implementing SessionHandlerInterface is deprecated en C:\tools\nginx\html\sistema_biometrico\index.php línea 52
URI: /validaciones/estadisticas
--------------------------------------------------------------------------------
[2026-03-18 12:39:39] [DEPRECATED] session_set_save_handler(): Providing individual callbacks instead of an object implementing SessionHandlerInterface is deprecated en C:\tools\nginx\html\sistema_biometrico\index.php línea 52
URI: /validaciones/estadisticas
--------------------------------------------------------------------------------
[2026-03-18 12:40:09] [DEPRECATED] session_set_save_handler(): Providing individual callbacks instead of an object implementing SessionHandlerInterface is deprecated en C:\tools\nginx\html\sistema_biometrico\index.php línea 52
URI: /validaciones/estadisticas
--------------------------------------------------------------------------------
[2026-03-18 12:40:21] [DEPRECATED] session_set_save_handler(): Providing individual callbacks instead of an object implementing SessionHandlerInterface is deprecated en C:\tools\nginx\html\sistema_biometrico\index.php línea 52
URI: /validaciones/incidencias-empleados
--------------------------------------------------------------------------------
[2026-03-18 12:40:22] [DEPRECATED] session_set_save_handler(): Providing individual callbacks instead of an object implementing SessionHandlerInterface is deprecated en C:\tools\nginx\html\sistema_biometrico\index.php línea 52
URI: /validaciones/incidencias-empleados
--------------------------------------------------------------------------------
[2026-03-18 12:40:23] [DEPRECATED] session_set_save_handler(): Providing individual callbacks instead of an object implementing SessionHandlerInterface is deprecated en C:\tools\nginx\html\sistema_biometrico\index.php línea 52
URI: /validaciones/incidencias-empleados
--------------------------------------------------------------------------------
[2026-03-18 12:40:26] [DEPRECATED] session_set_save_handler(): Providing individual callbacks instead of an object implementing SessionHandlerInterface is deprecated en C:\tools\nginx\html\sistema_biometrico\index.php línea 52
URI: /validaciones
--------------------------------------------------------------------------------
[2026-03-18 12:40:26] [DEPRECATED] session_set_save_handler(): Providing individual callbacks instead of an object implementing SessionHandlerInterface is deprecated en C:\tools\nginx\html\sistema_biometrico\index.php línea 52
URI: /validaciones/buscar-empleados?solo_con_incidencias=1
--------------------------------------------------------------------------------
[2026-03-18 12:40:26] [DEPRECATED] session_set_save_handler(): Providing individual callbacks instead of an object implementing SessionHandlerInterface is deprecated en C:\tools\nginx\html\sistema_biometrico\index.php línea 52
URI: /validaciones/obtener-areas
--------------------------------------------------------------------------------
[2026-03-18 12:40:26] [DEPRECATED] session_set_save_handler(): Providing individual callbacks instead of an object implementing SessionHandlerInterface is deprecated en C:\tools\nginx\html\sistema_biometrico\index.php línea 52
URI: /validaciones/estadisticas
--------------------------------------------------------------------------------
[2026-03-18 12:40:46] [DEPRECATED] session_set_save_handler(): Providing individual callbacks instead of an object implementing SessionHandlerInterface is deprecated en C:\tools\nginx\html\sistema_biometrico\index.php línea 52
URI: /validaciones/buscar-pendientes
--------------------------------------------------------------------------------
[2026-03-18 12:40:46] [DEPRECATED] session_set_save_handler(): Providing individual callbacks instead of an object implementing SessionHandlerInterface is deprecated en C:\tools\nginx\html\sistema_biometrico\index.php línea 52
URI: /validaciones?area=&empleado=137&tipo_incidencia=&fecha_inicio=&fecha_fin=
--------------------------------------------------------------------------------
[2026-03-18 12:40:46] [DEPRECATED] session_set_save_handler(): Providing individual callbacks instead of an object implementing SessionHandlerInterface is deprecated en C:\tools\nginx\html\sistema_biometrico\index.php línea 52
URI: /validaciones/buscar-empleados?solo_con_incidencias=1
--------------------------------------------------------------------------------
[2026-03-18 12:40:46] [DEPRECATED] session_set_save_handler(): Providing individual callbacks instead of an object implementing SessionHandlerInterface is deprecated en C:\tools\nginx\html\sistema_biometrico\index.php línea 52
URI: /validaciones/obtener-areas
--------------------------------------------------------------------------------
[2026-03-18 12:40:46] [DEPRECATED] session_set_save_handler(): Providing individual callbacks instead of an object implementing SessionHandlerInterface is deprecated en C:\tools\nginx\html\sistema_biometrico\index.php línea 52
URI: /validaciones/estadisticas
--------------------------------------------------------------------------------
[2026-03-18 12:40:56] [DEPRECATED] session_set_save_handler(): Providing individual callbacks instead of an object implementing SessionHandlerInterface is deprecated en C:\tools\nginx\html\sistema_biometrico\index.php línea 52
URI: /validaciones/buscar-pendientes
--------------------------------------------------------------------------------
[2026-03-18 12:40:57] [DEPRECATED] session_set_save_handler(): Providing individual callbacks instead of an object implementing SessionHandlerInterface is deprecated en C:\tools\nginx\html\sistema_biometrico\index.php línea 52
URI: /validaciones?area=&empleado=ADRIANA&tipo_incidencia=&fecha_inicio=&fecha_fin=
--------------------------------------------------------------------------------
[2026-03-18 12:40:57] [DEPRECATED] session_set_save_handler(): Providing individual callbacks instead of an object implementing SessionHandlerInterface is deprecated en C:\tools\nginx\html\sistema_biometrico\index.php línea 52
URI: /validaciones/buscar-empleados?solo_con_incidencias=1
--------------------------------------------------------------------------------
[2026-03-18 12:40:57] [DEPRECATED] session_set_save_handler(): Providing individual callbacks instead of an object implementing SessionHandlerInterface is deprecated en C:\tools\nginx\html\sistema_biometrico\index.php línea 52
URI: /validaciones/obtener-areas
--------------------------------------------------------------------------------
[2026-03-18 12:40:57] [DEPRECATED] session_set_save_handler(): Providing individual callbacks instead of an object implementing SessionHandlerInterface is deprecated en C:\tools\nginx\html\sistema_biometrico\index.php línea 52
URI: /validaciones/estadisticas
--------------------------------------------------------------------------------
[2026-03-18 12:41:27] [DEPRECATED] session_set_save_handler(): Providing individual callbacks instead of an object implementing SessionHandlerInterface is deprecated en C:\tools\nginx\html\sistema_biometrico\index.php línea 52
URI: /validaciones/estadisticas
--------------------------------------------------------------------------------
[2026-03-18 12:41:38] [DEPRECATED] session_set_save_handler(): Providing individual callbacks instead of an object implementing SessionHandlerInterface is deprecated en C:\tools\nginx\html\sistema_biometrico\index.php línea 52
URI: /validaciones/incidencias-empleados
--------------------------------------------------------------------------------
[2026-03-18 12:41:41] [DEPRECATED] session_set_save_handler(): Providing individual callbacks instead of an object implementing SessionHandlerInterface is deprecated en C:\tools\nginx\html\sistema_biometrico\index.php línea 52
URI: /validaciones/incidencias-empleados
--------------------------------------------------------------------------------
[2026-03-18 12:41:42] [DEPRECATED] session_set_save_handler(): Providing individual callbacks instead of an object implementing SessionHandlerInterface is deprecated en C:\tools\nginx\html\sistema_biometrico\index.php línea 52
URI: /validaciones/incidencias-empleados
--------------------------------------------------------------------------------
[2026-03-18 12:41:44] [DEPRECATED] session_set_save_handler(): Providing individual callbacks instead of an object implementing SessionHandlerInterface is deprecated en C:\tools\nginx\html\sistema_biometrico\index.php línea 52
URI: /validaciones/incidencias-empleados
--------------------------------------------------------------------------------
[2026-03-18 12:41:49] [DEPRECATED] session_set_save_handler(): Providing individual callbacks instead of an object implementing SessionHandlerInterface is deprecated en C:\tools\nginx\html\sistema_biometrico\index.php línea 52
URI: /validaciones/incidencias-empleados
--------------------------------------------------------------------------------
[2026-03-18 12:41:57] [DEPRECATED] session_set_save_handler(): Providing individual callbacks instead of an object implementing SessionHandlerInterface is deprecated en C:\tools\nginx\html\sistema_biometrico\index.php línea 52
URI: /validaciones/estadisticas
--------------------------------------------------------------------------------
[2026-03-18 12:42:18] [DEPRECATED] session_set_save_handler(): Providing individual callbacks instead of an object implementing SessionHandlerInterface is deprecated en C:\tools\nginx\html\sistema_biometrico\index.php línea 52
URI: /validaciones/incidencias-empleados
--------------------------------------------------------------------------------
[2026-03-18 12:42:27] [DEPRECATED] session_set_save_handler(): Providing individual callbacks instead of an object implementing SessionHandlerInterface is deprecated en C:\tools\nginx\html\sistema_biometrico\index.php línea 52
URI: /validaciones/estadisticas
--------------------------------------------------------------------------------
[2026-03-18 12:42:57] [DEPRECATED] session_set_save_handler(): Providing individual callbacks instead of an object implementing SessionHandlerInterface is deprecated en C:\tools\nginx\html\sistema_biometrico\index.php línea 52
URI: /validaciones/estadisticas
--------------------------------------------------------------------------------
[2026-03-18 12:43:13] [DEPRECATED] session_set_save_handler(): Providing individual callbacks instead of an object implementing SessionHandlerInterface is deprecated en C:\tools\nginx\html\sistema_biometrico\index.php línea 52
URI: /validaciones/incidencias-empleados
--------------------------------------------------------------------------------
[2026-03-18 12:43:27] [DEPRECATED] session_set_save_handler(): Providing individual callbacks instead of an object implementing SessionHandlerInterface is deprecated en C:\tools\nginx\html\sistema_biometrico\index.php línea 52
URI: /validaciones/estadisticas
--------------------------------------------------------------------------------
[2026-03-18 12:43:57] [DEPRECATED] session_set_save_handler(): Providing individual callbacks instead of an object implementing SessionHandlerInterface is deprecated en C:\tools\nginx\html\sistema_biometrico\index.php línea 52
URI: /validaciones/estadisticas
--------------------------------------------------------------------------------
[2026-03-18 12:44:27] [DEPRECATED] session_set_save_handler(): Providing individual callbacks instead of an object implementing SessionHandlerInterface is deprecated en C:\tools\nginx\html\sistema_biometrico\index.php línea 52
URI: /validaciones/estadisticas
--------------------------------------------------------------------------------
[2026-03-18 12:44:57] [DEPRECATED] session_set_save_handler(): Providing individual callbacks instead of an object implementing SessionHandlerInterface is deprecated en C:\tools\nginx\html\sistema_biometrico\index.php línea 52
URI: /validaciones/estadisticas
--------------------------------------------------------------------------------
[2026-03-18 12:45:27] [DEPRECATED] session_set_save_handler(): Providing individual callbacks instead of an object implementing SessionHandlerInterface is deprecated en C:\tools\nginx\html\sistema_biometrico\index.php línea 52
URI: /validaciones/estadisticas
--------------------------------------------------------------------------------
[2026-03-18 12:45:57] [DEPRECATED] session_set_save_handler(): Providing individual callbacks instead of an object implementing SessionHandlerInterface is deprecated en C:\tools\nginx\html\sistema_biometrico\index.php línea 52
URI: /validaciones/estadisticas
--------------------------------------------------------------------------------
[2026-03-18 12:46:27] [DEPRECATED] session_set_save_handler(): Providing individual callbacks instead of an object implementing SessionHandlerInterface is deprecated en C:\tools\nginx\html\sistema_biometrico\index.php línea 52
URI: /validaciones/estadisticas
--------------------------------------------------------------------------------
[2026-03-18 12:46:57] [DEPRECATED] session_set_save_handler(): Providing individual callbacks instead of an object implementing SessionHandlerInterface is deprecated en C:\tools\nginx\html\sistema_biometrico\index.php línea 52
URI: /validaciones/estadisticas
--------------------------------------------------------------------------------
[2026-03-18 12:47:27] [DEPRECATED] session_set_save_handler(): Providing individual callbacks instead of an object implementing SessionHandlerInterface is deprecated en C:\tools\nginx\html\sistema_biometrico\index.php línea 52
URI: /validaciones/estadisticas
--------------------------------------------------------------------------------
[2026-03-18 12:47:57] [DEPRECATED] session_set_save_handler(): Providing individual callbacks instead of an object implementing SessionHandlerInterface is deprecated en C:\tools\nginx\html\sistema_biometrico\index.php línea 52
URI: /validaciones/estadisticas
--------------------------------------------------------------------------------
[2026-03-18 12:48:28] [DEPRECATED] session_set_save_handler(): Providing individual callbacks instead of an object implementing SessionHandlerInterface is deprecated en C:\tools\nginx\html\sistema_biometrico\index.php línea 52
URI: /validaciones/estadisticas
--------------------------------------------------------------------------------
[2026-03-18 12:48:58] [DEPRECATED] session_set_save_handler(): Providing individual callbacks instead of an object implementing SessionHandlerInterface is deprecated en C:\tools\nginx\html\sistema_biometrico\index.php línea 52
URI: /validaciones/estadisticas
--------------------------------------------------------------------------------
[2026-03-18 12:49:59] [DEPRECATED] session_set_save_handler(): Providing individual callbacks instead of an object implementing SessionHandlerInterface is deprecated en C:\tools\nginx\html\sistema_biometrico\index.php línea 52
URI: /validaciones/estadisticas
--------------------------------------------------------------------------------
[2026-03-18 12:50:27] [DEPRECATED] session_set_save_handler(): Providing individual callbacks instead of an object implementing SessionHandlerInterface is deprecated en C:\tools\nginx\html\sistema_biometrico\index.php línea 52
URI: /validaciones/estadisticas
--------------------------------------------------------------------------------
[2026-03-18 12:50:28] [DEPRECATED] session_set_save_handler(): Providing individual callbacks instead of an object implementing SessionHandlerInterface is deprecated en C:\tools\nginx\html\sistema_biometrico\index.php línea 52
URI: /logout
--------------------------------------------------------------------------------
[2026-03-18 12:50:28] [DEPRECATED] session_set_save_handler(): Providing individual callbacks instead of an object implementing SessionHandlerInterface is deprecated en C:\tools\nginx\html\sistema_biometrico\index.php línea 52
URI: /login
--------------------------------------------------------------------------------
[2026-03-18 12:50:53] [DEPRECATED] session_set_save_handler(): Providing individual callbacks instead of an object implementing SessionHandlerInterface is deprecated en C:\tools\nginx\html\sistema_biometrico\index.php línea 52
URI: /login
--------------------------------------------------------------------------------
[2026-03-18 12:51:01] [DEPRECATED] session_set_save_handler(): Providing individual callbacks instead of an object implementing SessionHandlerInterface is deprecated en C:\tools\nginx\html\sistema_biometrico\index.php línea 52
URI: /login
--------------------------------------------------------------------------------
[2026-03-18 12:51:01] [DEPRECATED] session_set_save_handler(): Providing individual callbacks instead of an object implementing SessionHandlerInterface is deprecated en C:\tools\nginx\html\sistema_biometrico\index.php línea 52
URI: /dashboard
--------------------------------------------------------------------------------
[2026-03-18 12:51:08] [DEPRECATED] session_set_save_handler(): Providing individual callbacks instead of an object implementing SessionHandlerInterface is deprecated en C:\tools\nginx\html\sistema_biometrico\index.php línea 52
URI: /validaciones
--------------------------------------------------------------------------------
[2026-03-18 12:51:08] [DEPRECATED] session_set_save_handler(): Providing individual callbacks instead of an object implementing SessionHandlerInterface is deprecated en C:\tools\nginx\html\sistema_biometrico\index.php línea 52
URI: /validaciones/buscar-empleados?solo_con_incidencias=1
--------------------------------------------------------------------------------
[2026-03-18 12:51:08] [DEPRECATED] session_set_save_handler(): Providing individual callbacks instead of an object implementing SessionHandlerInterface is deprecated en C:\tools\nginx\html\sistema_biometrico\index.php línea 52
URI: /validaciones/obtener-areas
--------------------------------------------------------------------------------
[2026-03-18 12:51:08] [DEPRECATED] session_set_save_handler(): Providing individual callbacks instead of an object implementing SessionHandlerInterface is deprecated en C:\tools\nginx\html\sistema_biometrico\index.php línea 52
URI: /validaciones/estadisticas
--------------------------------------------------------------------------------
[2026-03-18 12:52:25] [WARNING] Undefined array key "nombre_depto" en Command line code línea 1
URI: N/A
--------------------------------------------------------------------------------
[2026-03-18 12:52:25] [WARNING] Undefined array key "nombre_depto" en Command line code línea 1
URI: N/A
--------------------------------------------------------------------------------
[2026-03-18 12:52:25] [WARNING] Undefined array key "nombre_depto" en Command line code línea 1
URI: N/A
--------------------------------------------------------------------------------
[2026-03-18 12:52:25] [WARNING] Undefined array key "nombre_depto" en Command line code línea 1
URI: N/A
--------------------------------------------------------------------------------
[2026-03-18 12:52:25] [WARNING] Undefined array key "nombre_depto" en Command line code línea 1
URI: N/A
--------------------------------------------------------------------------------
[2026-03-18 12:52:25] [WARNING] Undefined array key "nombre_depto" en Command line code línea 1
URI: N/A
--------------------------------------------------------------------------------
[2026-03-18 12:52:25] [WARNING] Undefined array key "nombre_depto" en Command line code línea 1
URI: N/A
--------------------------------------------------------------------------------
[2026-03-18 12:52:25] [WARNING] Undefined array key "nombre_depto" en Command line code línea 1
URI: N/A
--------------------------------------------------------------------------------
[2026-03-18 12:52:25] [WARNING] Undefined array key "nombre_depto" en Command line code línea 1
URI: N/A
--------------------------------------------------------------------------------
[2026-03-18 12:52:25] [WARNING] Undefined array key "nombre_depto" en Command line code línea 1
URI: N/A
--------------------------------------------------------------------------------
[2026-03-18 12:52:25] [WARNING] Undefined array key "nombre_depto" en Command line code línea 1
URI: N/A
--------------------------------------------------------------------------------
[2026-03-18 12:52:25] [WARNING] Undefined array key "nombre_depto" en Command line code línea 1
URI: N/A
--------------------------------------------------------------------------------
[2026-03-18 12:52:25] [WARNING] Undefined array key "nombre_depto" en Command line code línea 1
URI: N/A
--------------------------------------------------------------------------------
[2026-03-18 12:52:25] [WARNING] Undefined array key "nombre_depto" en Command line code línea 1
URI: N/A
--------------------------------------------------------------------------------
[2026-03-18 12:52:25] [WARNING] Undefined array key "nombre_depto" en Command line code línea 1
URI: N/A
--------------------------------------------------------------------------------
[2026-03-18 12:52:25] [WARNING] Undefined array key "nombre_depto" en Command line code línea 1
URI: N/A
--------------------------------------------------------------------------------
[2026-03-18 12:52:25] [WARNING] Undefined array key "nombre_depto" en Command line code línea 1
URI: N/A
--------------------------------------------------------------------------------
[2026-03-18 12:52:25] [WARNING] Undefined array key "nombre_depto" en Command line code línea 1
URI: N/A
--------------------------------------------------------------------------------
[2026-03-18 12:52:25] [WARNING] Undefined array key "nombre_depto" en Command line code línea 1
URI: N/A
--------------------------------------------------------------------------------
[2026-03-18 12:52:25] [WARNING] Undefined array key "nombre_depto" en Command line code línea 1
URI: N/A
--------------------------------------------------------------------------------
[2026-03-18 12:52:25] [WARNING] Undefined array key "nombre_depto" en Command line code línea 1
URI: N/A
--------------------------------------------------------------------------------
[2026-03-18 12:52:25] [WARNING] Undefined array key "nombre_depto" en Command line code línea 1
URI: N/A
--------------------------------------------------------------------------------
[2026-03-18 12:52:25] [WARNING] Undefined array key "nombre_depto" en Command line code línea 1
URI: N/A
--------------------------------------------------------------------------------
[2026-03-18 12:52:25] [WARNING] Undefined array key "nombre_depto" en Command line code línea 1
URI: N/A
--------------------------------------------------------------------------------
[2026-03-18 12:52:25] [WARNING] Undefined array key "nombre_depto" en Command line code línea 1
URI: N/A
--------------------------------------------------------------------------------
[2026-03-18 12:52:25] [WARNING] Undefined array key "nombre_depto" en Command line code línea 1
URI: N/A
--------------------------------------------------------------------------------
[2026-03-18 12:52:25] [WARNING] Undefined array key "nombre_depto" en Command line code línea 1
URI: N/A
--------------------------------------------------------------------------------
[2026-03-18 12:52:25] [WARNING] Undefined array key "nombre_depto" en Command line code línea 1
URI: N/A
--------------------------------------------------------------------------------
[2026-03-18 12:52:25] [WARNING] Undefined array key "nombre_depto" en Command line code línea 1
URI: N/A
--------------------------------------------------------------------------------
[2026-03-18 12:52:25] [WARNING] Undefined array key "nombre_depto" en Command line code línea 1
URI: N/A
--------------------------------------------------------------------------------
[2026-03-18 12:52:25] [WARNING] Undefined array key "nombre_depto" en Command line code línea 1
URI: N/A
--------------------------------------------------------------------------------
[2026-03-18 12:52:25] [WARNING] Undefined array key "nombre_depto" en Command line code línea 1
URI: N/A
--------------------------------------------------------------------------------
[2026-03-18 12:52:25] [WARNING] Undefined array key "nombre_depto" en Command line code línea 1
URI: N/A
--------------------------------------------------------------------------------
[2026-03-18 12:52:25] [WARNING] Undefined array key "nombre_depto" en Command line code línea 1
URI: N/A
--------------------------------------------------------------------------------
[2026-03-18 12:52:25] [WARNING] Undefined array key "nombre_depto" en Command line code línea 1
URI: N/A
--------------------------------------------------------------------------------
[2026-03-18 12:52:25] [WARNING] Undefined array key "nombre_depto" en Command line code línea 1
URI: N/A
--------------------------------------------------------------------------------
[2026-03-18 12:52:25] [WARNING] Undefined array key "nombre_depto" en Command line code línea 1
URI: N/A
--------------------------------------------------------------------------------
[2026-03-18 12:52:25] [WARNING] Undefined array key "nombre_depto" en Command line code línea 1
URI: N/A
--------------------------------------------------------------------------------
[2026-03-18 12:52:25] [WARNING] Undefined array key "nombre_depto" en Command line code línea 1
URI: N/A
--------------------------------------------------------------------------------
[2026-03-18 12:52:25] [WARNING] Undefined array key "nombre_depto" en Command line code línea 1
URI: N/A
--------------------------------------------------------------------------------
[2026-03-18 12:52:25] [WARNING] Undefined array key "nombre_depto" en Command line code línea 1
URI: N/A
--------------------------------------------------------------------------------
[2026-03-18 12:52:25] [WARNING] Undefined array key "nombre_depto" en Command line code línea 1
URI: N/A
--------------------------------------------------------------------------------
[2026-03-18 12:52:25] [WARNING] Undefined array key "nombre_depto" en Command line code línea 1
URI: N/A
--------------------------------------------------------------------------------
[2026-03-18 12:52:25] [WARNING] Undefined array key "nombre_depto" en Command line code línea 1
URI: N/A
--------------------------------------------------------------------------------
[2026-03-18 12:52:25] [WARNING] Undefined array key "nombre_depto" en Command line code línea 1
URI: N/A
--------------------------------------------------------------------------------
[2026-03-18 12:52:25] [WARNING] Undefined array key "nombre_depto" en Command line code línea 1
URI: N/A
--------------------------------------------------------------------------------
[2026-03-18 12:52:25] [WARNING] Undefined array key "nombre_depto" en Command line code línea 1
URI: N/A
--------------------------------------------------------------------------------
[2026-03-18 12:52:25] [WARNING] Undefined array key "nombre_depto" en Command line code línea 1
URI: N/A
--------------------------------------------------------------------------------
[2026-03-18 12:52:25] [WARNING] Undefined array key "nombre_depto" en Command line code línea 1
URI: N/A
--------------------------------------------------------------------------------
[2026-03-18 12:52:25] [WARNING] Undefined array key "nombre_depto" en Command line code línea 1
URI: N/A
--------------------------------------------------------------------------------
[2026-03-18 12:52:25] [WARNING] Undefined array key "nombre_depto" en Command line code línea 1
URI: N/A
--------------------------------------------------------------------------------
[2026-03-18 12:54:34] [FATAL_ERROR] Uncaught PDOException: SQLSTATE[42S22]: Column not found: 1054 Unknown column 'nombre_depto' in 'SELECT' in Command line code:10
Stack trace:
#0 Command line code(10): PDO->query('SELECT clave_de...')
#1 {main}
  thrown en Command line code línea 10
URI: N/A
--------------------------------------------------------------------------------
[2026-03-18 13:01:49] [FATAL_ERROR] Uncaught PDOException: SQLSTATE[22007]: Invalid datetime format: 1292 Truncated incorrect DOUBLE value: 'MANDO - ' in Command line code:65
Stack trace:
#0 Command line code(65): PDOStatement->execute(Array)
#1 {main}
  thrown en Command line code línea 65
URI: N/A
--------------------------------------------------------------------------------
[2026-03-18 13:02:13] [FATAL_ERROR] Uncaught PDOException: SQLSTATE[42S22]: Column not found: 1054 Unknown column 'created_at' in 'INSERT INTO' in Command line code:68
Stack trace:
#0 Command line code(68): PDO->prepare('INSERT INTO usu...')
#1 {main}
  thrown en Command line code línea 68
URI: N/A
--------------------------------------------------------------------------------
[2026-03-18 13:02:42] [FATAL_ERROR] Uncaught PDOException: SQLSTATE[42S02]: Base table or view not found: 1146 Table 'sistema_biometrico.usuarios_permisos' doesn't exist in Command line code:62
Stack trace:
#0 Command line code(62): PDO->prepare('INSERT IGNORE I...')
#1 {main}
  thrown en Command line code línea 62
URI: N/A
--------------------------------------------------------------------------------
[2026-03-18 13:04:05] [FATAL_ERROR] Uncaught Error: Class "Database" not found in Command line code:1
Stack trace:
#0 {main}
  thrown en Command line code línea 1
URI: N/A
--------------------------------------------------------------------------------
[2026-03-18 13:04:25] [FATAL_ERROR] Uncaught Error: Call to undefined method Database::connect() in Command line code:1
Stack trace:
#0 {main}
  thrown en Command line code línea 1
URI: N/A
--------------------------------------------------------------------------------
[2026-03-18 13:04:27] [FATAL_ERROR] Uncaught Error: Call to undefined method Database::connect() in Command line code:1
Stack trace:
#0 {main}
  thrown en Command line code línea 1
URI: N/A
--------------------------------------------------------------------------------
[2026-03-18 13:04:44] [FATAL_ERROR] Uncaught PDOException: SQLSTATE[42S22]: Column not found: 1054 Unknown column 'nombre_completo' in 'SELECT' in Command line code:1
Stack trace:
#0 Command line code(1): PDO->query('SELECT nombre_c...')
#1 {main}
  thrown en Command line code línea 1
URI: N/A
--------------------------------------------------------------------------------
[2026-03-18 13:04:47] [FATAL_ERROR] Uncaught PDOException: SQLSTATE[42S22]: Column not found: 1054 Unknown column 'nombre_completo' in 'SELECT' in Command line code:1
Stack trace:
#0 Command line code(1): PDO->query('SELECT id, nomb...')
#1 {main}
  thrown en Command line code línea 1
URI: N/A
--------------------------------------------------------------------------------
[2026-03-18 13:42:40] [DEPRECATED] session_set_save_handler(): Providing individual callbacks instead of an object implementing SessionHandlerInterface is deprecated en C:\tools\nginx\html\sistema_biometrico\index.php línea 52
URI: /
--------------------------------------------------------------------------------
[2026-03-18 13:42:40] [DEPRECATED] session_set_save_handler(): Providing individual callbacks instead of an object implementing SessionHandlerInterface is deprecated en C:\tools\nginx\html\sistema_biometrico\index.php línea 52
URI: /login
--------------------------------------------------------------------------------
[2026-03-18 13:42:56] [DEPRECATED] session_set_save_handler(): Providing individual callbacks instead of an object implementing SessionHandlerInterface is deprecated en C:\tools\nginx\html\sistema_biometrico\index.php línea 52
URI: /login
--------------------------------------------------------------------------------
[2026-03-18 13:42:56] [DEPRECATED] session_set_save_handler(): Providing individual callbacks instead of an object implementing SessionHandlerInterface is deprecated en C:\tools\nginx\html\sistema_biometrico\index.php línea 52
URI: /dashboard
--------------------------------------------------------------------------------
[2026-03-18 13:43:00] [DEPRECATED] session_set_save_handler(): Providing individual callbacks instead of an object implementing SessionHandlerInterface is deprecated en C:\tools\nginx\html\sistema_biometrico\index.php línea 52
URI: /validaciones
--------------------------------------------------------------------------------
[2026-03-18 13:43:00] [DEPRECATED] session_set_save_handler(): Providing individual callbacks instead of an object implementing SessionHandlerInterface is deprecated en C:\tools\nginx\html\sistema_biometrico\index.php línea 52
URI: /validaciones/buscar-empleados?solo_con_incidencias=1
--------------------------------------------------------------------------------
[2026-03-18 13:43:01] [DEPRECATED] session_set_save_handler(): Providing individual callbacks instead of an object implementing SessionHandlerInterface is deprecated en C:\tools\nginx\html\sistema_biometrico\index.php línea 52
URI: /validaciones/obtener-areas
--------------------------------------------------------------------------------
[2026-03-18 13:43:01] [DEPRECATED] session_set_save_handler(): Providing individual callbacks instead of an object implementing SessionHandlerInterface is deprecated en C:\tools\nginx\html\sistema_biometrico\index.php línea 52
URI: /validaciones/estadisticas
--------------------------------------------------------------------------------
[2026-03-18 13:43:30] [DEPRECATED] session_set_save_handler(): Providing individual callbacks instead of an object implementing SessionHandlerInterface is deprecated en C:\tools\nginx\html\sistema_biometrico\index.php línea 52
URI: /validaciones/estadisticas
--------------------------------------------------------------------------------
[2026-03-18 13:44:00] [DEPRECATED] session_set_save_handler(): Providing individual callbacks instead of an object implementing SessionHandlerInterface is deprecated en C:\tools\nginx\html\sistema_biometrico\index.php línea 52
URI: /validaciones/estadisticas
--------------------------------------------------------------------------------
[2026-03-18 13:44:06] [DEPRECATED] session_set_save_handler(): Providing individual callbacks instead of an object implementing SessionHandlerInterface is deprecated en C:\tools\nginx\html\sistema_biometrico\index.php línea 52
URI: /logout
--------------------------------------------------------------------------------
[2026-03-18 13:44:06] [DEPRECATED] session_set_save_handler(): Providing individual callbacks instead of an object implementing SessionHandlerInterface is deprecated en C:\tools\nginx\html\sistema_biometrico\index.php línea 52
URI: /login
--------------------------------------------------------------------------------
[2026-03-18 13:44:19] [DEPRECATED] session_set_save_handler(): Providing individual callbacks instead of an object implementing SessionHandlerInterface is deprecated en C:\tools\nginx\html\sistema_biometrico\index.php línea 52
URI: /login
--------------------------------------------------------------------------------
[2026-03-18 13:44:28] [DEPRECATED] session_set_save_handler(): Providing individual callbacks instead of an object implementing SessionHandlerInterface is deprecated en C:\tools\nginx\html\sistema_biometrico\index.php línea 52
URI: /login
--------------------------------------------------------------------------------
[2026-03-18 13:44:29] [DEPRECATED] session_set_save_handler(): Providing individual callbacks instead of an object implementing SessionHandlerInterface is deprecated en C:\tools\nginx\html\sistema_biometrico\index.php línea 52
URI: /dashboard
--------------------------------------------------------------------------------
[2026-03-18 13:44:34] [DEPRECATED] session_set_save_handler(): Providing individual callbacks instead of an object implementing SessionHandlerInterface is deprecated en C:\tools\nginx\html\sistema_biometrico\index.php línea 52
URI: /validaciones
--------------------------------------------------------------------------------
[2026-03-18 13:44:34] [DEPRECATED] session_set_save_handler(): Providing individual callbacks instead of an object implementing SessionHandlerInterface is deprecated en C:\tools\nginx\html\sistema_biometrico\index.php línea 52
URI: /validaciones/buscar-empleados?solo_con_incidencias=1
--------------------------------------------------------------------------------
[2026-03-18 13:44:34] [DEPRECATED] session_set_save_handler(): Providing individual callbacks instead of an object implementing SessionHandlerInterface is deprecated en C:\tools\nginx\html\sistema_biometrico\index.php línea 52
URI: /validaciones/obtener-areas
--------------------------------------------------------------------------------
[2026-03-18 13:44:34] [DEPRECATED] session_set_save_handler(): Providing individual callbacks instead of an object implementing SessionHandlerInterface is deprecated en C:\tools\nginx\html\sistema_biometrico\index.php línea 52
URI: /validaciones/estadisticas
--------------------------------------------------------------------------------
[2026-03-18 13:44:51] [DEPRECATED] session_set_save_handler(): Providing individual callbacks instead of an object implementing SessionHandlerInterface is deprecated en C:\tools\nginx\html\sistema_biometrico\index.php línea 52
URI: /logout
--------------------------------------------------------------------------------
[2026-03-18 13:44:51] [DEPRECATED] session_set_save_handler(): Providing individual callbacks instead of an object implementing SessionHandlerInterface is deprecated en C:\tools\nginx\html\sistema_biometrico\index.php línea 52
URI: /login
--------------------------------------------------------------------------------
[2026-03-18 13:45:00] [DEPRECATED] session_set_save_handler(): Providing individual callbacks instead of an object implementing SessionHandlerInterface is deprecated en C:\tools\nginx\html\sistema_biometrico\index.php línea 52
URI: /login
--------------------------------------------------------------------------------
[2026-03-18 13:45:00] [DEPRECATED] session_set_save_handler(): Providing individual callbacks instead of an object implementing SessionHandlerInterface is deprecated en C:\tools\nginx\html\sistema_biometrico\index.php línea 52
URI: /dashboard
--------------------------------------------------------------------------------
[2026-03-18 13:45:10] [DEPRECATED] session_set_save_handler(): Providing individual callbacks instead of an object implementing SessionHandlerInterface is deprecated en C:\tools\nginx\html\sistema_biometrico\index.php línea 52
URI: /usuarios
--------------------------------------------------------------------------------
[2026-03-18 13:50:18] [DEPRECATED] session_set_save_handler(): Providing individual callbacks instead of an object implementing SessionHandlerInterface is deprecated en C:\tools\nginx\html\sistema_biometrico\index.php línea 52
URI: /notas-malas
--------------------------------------------------------------------------------
[2026-03-18 13:50:21] [DEPRECATED] session_set_save_handler(): Providing individual callbacks instead of an object implementing SessionHandlerInterface is deprecated en C:\tools\nginx\html\sistema_biometrico\index.php línea 52
URI: /usuarios
--------------------------------------------------------------------------------
[2026-03-18 13:50:24] [DEPRECATED] session_set_save_handler(): Providing individual callbacks instead of an object implementing SessionHandlerInterface is deprecated en C:\tools\nginx\html\sistema_biometrico\index.php línea 52
URI: /empleados
--------------------------------------------------------------------------------
[2026-03-18 13:50:57] [DEPRECATED] session_set_save_handler(): Providing individual callbacks instead of an object implementing SessionHandlerInterface is deprecated en C:\tools\nginx\html\sistema_biometrico\index.php línea 52
URI: /validaciones
--------------------------------------------------------------------------------
[2026-03-18 13:50:57] [DEPRECATED] session_set_save_handler(): Providing individual callbacks instead of an object implementing SessionHandlerInterface is deprecated en C:\tools\nginx\html\sistema_biometrico\index.php línea 52
URI: /validaciones/buscar-empleados?solo_con_incidencias=1
--------------------------------------------------------------------------------
[2026-03-18 13:50:57] [DEPRECATED] session_set_save_handler(): Providing individual callbacks instead of an object implementing SessionHandlerInterface is deprecated en C:\tools\nginx\html\sistema_biometrico\index.php línea 52
URI: /validaciones/obtener-areas
--------------------------------------------------------------------------------
[2026-03-18 13:50:57] [DEPRECATED] session_set_save_handler(): Providing individual callbacks instead of an object implementing SessionHandlerInterface is deprecated en C:\tools\nginx\html\sistema_biometrico\index.php línea 52
URI: /validaciones/estadisticas
--------------------------------------------------------------------------------
[2026-03-18 13:51:04] [DEPRECATED] session_set_save_handler(): Providing individual callbacks instead of an object implementing SessionHandlerInterface is deprecated en C:\tools\nginx\html\sistema_biometrico\index.php línea 52
URI: /logout
--------------------------------------------------------------------------------
[2026-03-18 13:51:04] [DEPRECATED] session_set_save_handler(): Providing individual callbacks instead of an object implementing SessionHandlerInterface is deprecated en C:\tools\nginx\html\sistema_biometrico\index.php línea 52
URI: /login
--------------------------------------------------------------------------------
[2026-03-18 13:51:27] [DEPRECATED] session_set_save_handler(): Providing individual callbacks instead of an object implementing SessionHandlerInterface is deprecated en C:\tools\nginx\html\sistema_biometrico\index.php línea 52
URI: /login
--------------------------------------------------------------------------------
[2026-03-18 13:51:27] [DEPRECATED] session_set_save_handler(): Providing individual callbacks instead of an object implementing SessionHandlerInterface is deprecated en C:\tools\nginx\html\sistema_biometrico\index.php línea 52
URI: /dashboard
--------------------------------------------------------------------------------
[2026-03-18 13:51:37] [DEPRECATED] session_set_save_handler(): Providing individual callbacks instead of an object implementing SessionHandlerInterface is deprecated en C:\tools\nginx\html\sistema_biometrico\index.php línea 52
URI: /validaciones
--------------------------------------------------------------------------------
[2026-03-18 13:51:37] [DEPRECATED] session_set_save_handler(): Providing individual callbacks instead of an object implementing SessionHandlerInterface is deprecated en C:\tools\nginx\html\sistema_biometrico\index.php línea 52
URI: /validaciones/buscar-empleados?solo_con_incidencias=1
--------------------------------------------------------------------------------
[2026-03-18 13:51:37] [DEPRECATED] session_set_save_handler(): Providing individual callbacks instead of an object implementing SessionHandlerInterface is deprecated en C:\tools\nginx\html\sistema_biometrico\index.php línea 52
URI: /validaciones/obtener-areas
--------------------------------------------------------------------------------
[2026-03-18 13:51:37] [DEPRECATED] session_set_save_handler(): Providing individual callbacks instead of an object implementing SessionHandlerInterface is deprecated en C:\tools\nginx\html\sistema_biometrico\index.php línea 52
URI: /validaciones/estadisticas
--------------------------------------------------------------------------------
[2026-03-18 13:52:07] [DEPRECATED] session_set_save_handler(): Providing individual callbacks instead of an object implementing SessionHandlerInterface is deprecated en C:\tools\nginx\html\sistema_biometrico\index.php línea 52
URI: /validaciones/estadisticas
--------------------------------------------------------------------------------
[2026-03-18 13:52:15] [DEPRECATED] session_set_save_handler(): Providing individual callbacks instead of an object implementing SessionHandlerInterface is deprecated en C:\tools\nginx\html\sistema_biometrico\index.php línea 52
URI: /validaciones/incidencias-empleados
--------------------------------------------------------------------------------
[2026-03-18 13:52:28] [DEPRECATED] session_set_save_handler(): Providing individual callbacks instead of an object implementing SessionHandlerInterface is deprecated en C:\tools\nginx\html\sistema_biometrico\index.php línea 52
URI: /empleados
--------------------------------------------------------------------------------
[2026-03-18 13:52:30] [DEPRECATED] session_set_save_handler(): Providing individual callbacks instead of an object implementing SessionHandlerInterface is deprecated en C:\tools\nginx\html\sistema_biometrico\index.php línea 52
URI: /empleados?search=1
--------------------------------------------------------------------------------
[2026-03-18 13:53:14] [DEPRECATED] session_set_save_handler(): Providing individual callbacks instead of an object implementing SessionHandlerInterface is deprecated en C:\tools\nginx\html\sistema_biometrico\index.php línea 52
URI: /empleados?search=bom
--------------------------------------------------------------------------------
[2026-03-18 13:54:31] [DEPRECATED] session_set_save_handler(): Providing individual callbacks instead of an object implementing SessionHandlerInterface is deprecated en C:\tools\nginx\html\sistema_biometrico\index.php línea 52
URI: /empleados?search=b
--------------------------------------------------------------------------------
[2026-03-18 13:54:38] [DEPRECATED] session_set_save_handler(): Providing individual callbacks instead of an object implementing SessionHandlerInterface is deprecated en C:\tools\nginx\html\sistema_biometrico\index.php línea 52
URI: /empleados/datos-completos/52
--------------------------------------------------------------------------------
[2026-03-18 13:55:47] [DEPRECATED] session_set_save_handler(): Providing individual callbacks instead of an object implementing SessionHandlerInterface is deprecated en C:\tools\nginx\html\sistema_biometrico\index.php línea 52
URI: /validaciones
--------------------------------------------------------------------------------
[2026-03-18 13:55:47] [DEPRECATED] session_set_save_handler(): Providing individual callbacks instead of an object implementing SessionHandlerInterface is deprecated en C:\tools\nginx\html\sistema_biometrico\index.php línea 52
URI: /validaciones/buscar-empleados?solo_con_incidencias=1
--------------------------------------------------------------------------------
[2026-03-18 13:55:47] [DEPRECATED] session_set_save_handler(): Providing individual callbacks instead of an object implementing SessionHandlerInterface is deprecated en C:\tools\nginx\html\sistema_biometrico\index.php línea 52
URI: /validaciones/obtener-areas
--------------------------------------------------------------------------------
[2026-03-18 13:55:47] [DEPRECATED] session_set_save_handler(): Providing individual callbacks instead of an object implementing SessionHandlerInterface is deprecated en C:\tools\nginx\html\sistema_biometrico\index.php línea 52
URI: /validaciones/estadisticas
--------------------------------------------------------------------------------
[2026-03-18 13:56:00] [DEPRECATED] session_set_save_handler(): Providing individual callbacks instead of an object implementing SessionHandlerInterface is deprecated en C:\tools\nginx\html\sistema_biometrico\index.php línea 52
URI: /empleados
--------------------------------------------------------------------------------
[2026-03-18 13:56:03] [DEPRECATED] session_set_save_handler(): Providing individual callbacks instead of an object implementing SessionHandlerInterface is deprecated en C:\tools\nginx\html\sistema_biometrico\index.php línea 52
URI: /empleados/datos-completos/52
--------------------------------------------------------------------------------
[2026-03-18 13:56:16] [DEPRECATED] session_set_save_handler(): Providing individual callbacks instead of an object implementing SessionHandlerInterface is deprecated en C:\tools\nginx\html\sistema_biometrico\index.php línea 52
URI: /validaciones
--------------------------------------------------------------------------------
[2026-03-18 13:56:16] [DEPRECATED] session_set_save_handler(): Providing individual callbacks instead of an object implementing SessionHandlerInterface is deprecated en C:\tools\nginx\html\sistema_biometrico\index.php línea 52
URI: /validaciones/buscar-empleados?solo_con_incidencias=1
--------------------------------------------------------------------------------
[2026-03-18 13:56:16] [DEPRECATED] session_set_save_handler(): Providing individual callbacks instead of an object implementing SessionHandlerInterface is deprecated en C:\tools\nginx\html\sistema_biometrico\index.php línea 52
URI: /validaciones/obtener-areas
--------------------------------------------------------------------------------
[2026-03-18 13:56:17] [DEPRECATED] session_set_save_handler(): Providing individual callbacks instead of an object implementing SessionHandlerInterface is deprecated en C:\tools\nginx\html\sistema_biometrico\index.php línea 52
URI: /validaciones/estadisticas
--------------------------------------------------------------------------------
[2026-03-18 13:56:21] [DEPRECATED] session_set_save_handler(): Providing individual callbacks instead of an object implementing SessionHandlerInterface is deprecated en C:\tools\nginx\html\sistema_biometrico\index.php línea 52
URI: /empleados
--------------------------------------------------------------------------------
[2026-03-18 13:56:24] [DEPRECATED] session_set_save_handler(): Providing individual callbacks instead of an object implementing SessionHandlerInterface is deprecated en C:\tools\nginx\html\sistema_biometrico\index.php línea 52
URI: /validaciones
--------------------------------------------------------------------------------
[2026-03-18 13:56:24] [DEPRECATED] session_set_save_handler(): Providing individual callbacks instead of an object implementing SessionHandlerInterface is deprecated en C:\tools\nginx\html\sistema_biometrico\index.php línea 52
URI: /validaciones/buscar-empleados?solo_con_incidencias=1
--------------------------------------------------------------------------------
[2026-03-18 13:56:24] [DEPRECATED] session_set_save_handler(): Providing individual callbacks instead of an object implementing SessionHandlerInterface is deprecated en C:\tools\nginx\html\sistema_biometrico\index.php línea 52
URI: /validaciones/obtener-areas
--------------------------------------------------------------------------------
[2026-03-18 13:56:24] [DEPRECATED] session_set_save_handler(): Providing individual callbacks instead of an object implementing SessionHandlerInterface is deprecated en C:\tools\nginx\html\sistema_biometrico\index.php línea 52
URI: /validaciones/estadisticas
--------------------------------------------------------------------------------
[2026-03-18 13:56:30] [DEPRECATED] session_set_save_handler(): Providing individual callbacks instead of an object implementing SessionHandlerInterface is deprecated en C:\tools\nginx\html\sistema_biometrico\index.php línea 52
URI: /validaciones/incidencias-empleados
--------------------------------------------------------------------------------
[2026-03-18 13:56:45] [DEPRECATED] session_set_save_handler(): Providing individual callbacks instead of an object implementing SessionHandlerInterface is deprecated en C:\tools\nginx\html\sistema_biometrico\index.php línea 52
URI: /empleados
--------------------------------------------------------------------------------
[2026-03-18 13:56:48] [DEPRECATED] session_set_save_handler(): Providing individual callbacks instead of an object implementing SessionHandlerInterface is deprecated en C:\tools\nginx\html\sistema_biometrico\index.php línea 52
URI: /empleados/datos-completos/52
--------------------------------------------------------------------------------
[2026-03-18 14:00:37] [DEPRECATED] session_set_save_handler(): Providing individual callbacks instead of an object implementing SessionHandlerInterface is deprecated en C:\tools\nginx\html\sistema_biometrico\index.php línea 52
URI: /validaciones
--------------------------------------------------------------------------------
[2026-03-18 14:00:37] [DEPRECATED] session_set_save_handler(): Providing individual callbacks instead of an object implementing SessionHandlerInterface is deprecated en C:\tools\nginx\html\sistema_biometrico\index.php línea 52
URI: /validaciones/buscar-empleados?solo_con_incidencias=1
--------------------------------------------------------------------------------
[2026-03-18 14:00:37] [DEPRECATED] session_set_save_handler(): Providing individual callbacks instead of an object implementing SessionHandlerInterface is deprecated en C:\tools\nginx\html\sistema_biometrico\index.php línea 52
URI: /validaciones/obtener-areas
--------------------------------------------------------------------------------
[2026-03-18 14:00:37] [DEPRECATED] session_set_save_handler(): Providing individual callbacks instead of an object implementing SessionHandlerInterface is deprecated en C:\tools\nginx\html\sistema_biometrico\index.php línea 52
URI: /validaciones/estadisticas
--------------------------------------------------------------------------------
[2026-03-18 14:01:07] [DEPRECATED] session_set_save_handler(): Providing individual callbacks instead of an object implementing SessionHandlerInterface is deprecated en C:\tools\nginx\html\sistema_biometrico\index.php línea 52
URI: /validaciones/estadisticas
--------------------------------------------------------------------------------
[2026-03-18 14:01:37] [DEPRECATED] session_set_save_handler(): Providing individual callbacks instead of an object implementing SessionHandlerInterface is deprecated en C:\tools\nginx\html\sistema_biometrico\index.php línea 52
URI: /validaciones/estadisticas
--------------------------------------------------------------------------------
[2026-03-18 14:02:01] [DEPRECATED] session_set_save_handler(): Providing individual callbacks instead of an object implementing SessionHandlerInterface is deprecated en C:\tools\nginx\html\sistema_biometrico\index.php línea 52
URI: /logout
--------------------------------------------------------------------------------
[2026-03-18 14:02:01] [DEPRECATED] session_set_save_handler(): Providing individual callbacks instead of an object implementing SessionHandlerInterface is deprecated en C:\tools\nginx\html\sistema_biometrico\index.php línea 52
URI: /login
--------------------------------------------------------------------------------
[2026-03-18 14:02:10] [DEPRECATED] session_set_save_handler(): Providing individual callbacks instead of an object implementing SessionHandlerInterface is deprecated en C:\tools\nginx\html\sistema_biometrico\index.php línea 52
URI: /login
--------------------------------------------------------------------------------
[2026-03-18 14:02:10] [DEPRECATED] session_set_save_handler(): Providing individual callbacks instead of an object implementing SessionHandlerInterface is deprecated en C:\tools\nginx\html\sistema_biometrico\index.php línea 52
URI: /dashboard
--------------------------------------------------------------------------------
[2026-03-18 14:02:18] [DEPRECATED] session_set_save_handler(): Providing individual callbacks instead of an object implementing SessionHandlerInterface is deprecated en C:\tools\nginx\html\sistema_biometrico\index.php línea 52
URI: /usuarios
--------------------------------------------------------------------------------
[2026-03-18 14:02:41] [DEPRECATED] session_set_save_handler(): Providing individual callbacks instead of an object implementing SessionHandlerInterface is deprecated en C:\tools\nginx\html\sistema_biometrico\index.php línea 52
URI: /logout
--------------------------------------------------------------------------------
[2026-03-18 14:02:42] [DEPRECATED] session_set_save_handler(): Providing individual callbacks instead of an object implementing SessionHandlerInterface is deprecated en C:\tools\nginx\html\sistema_biometrico\index.php línea 52
URI: /login
--------------------------------------------------------------------------------
[2026-03-18 14:02:58] [DEPRECATED] session_set_save_handler(): Providing individual callbacks instead of an object implementing SessionHandlerInterface is deprecated en C:\tools\nginx\html\sistema_biometrico\index.php línea 52
URI: /login
--------------------------------------------------------------------------------
[2026-03-18 14:03:13] [DEPRECATED] session_set_save_handler(): Providing individual callbacks instead of an object implementing SessionHandlerInterface is deprecated en C:\tools\nginx\html\sistema_biometrico\index.php línea 52
URI: /login
--------------------------------------------------------------------------------
[2026-03-18 14:03:14] [DEPRECATED] session_set_save_handler(): Providing individual callbacks instead of an object implementing SessionHandlerInterface is deprecated en C:\tools\nginx\html\sistema_biometrico\index.php línea 52
URI: /dashboard
--------------------------------------------------------------------------------
[2026-03-18 14:03:18] [DEPRECATED] session_set_save_handler(): Providing individual callbacks instead of an object implementing SessionHandlerInterface is deprecated en C:\tools\nginx\html\sistema_biometrico\index.php línea 52
URI: /validaciones
--------------------------------------------------------------------------------
[2026-03-18 14:03:19] [DEPRECATED] session_set_save_handler(): Providing individual callbacks instead of an object implementing SessionHandlerInterface is deprecated en C:\tools\nginx\html\sistema_biometrico\index.php línea 52
URI: /validaciones/buscar-empleados?solo_con_incidencias=1
--------------------------------------------------------------------------------
[2026-03-18 14:03:19] [DEPRECATED] session_set_save_handler(): Providing individual callbacks instead of an object implementing SessionHandlerInterface is deprecated en C:\tools\nginx\html\sistema_biometrico\index.php línea 52
URI: /validaciones/obtener-areas
--------------------------------------------------------------------------------
[2026-03-18 14:03:19] [DEPRECATED] session_set_save_handler(): Providing individual callbacks instead of an object implementing SessionHandlerInterface is deprecated en C:\tools\nginx\html\sistema_biometrico\index.php línea 52
URI: /validaciones/estadisticas
--------------------------------------------------------------------------------
[2026-03-18 14:03:49] [DEPRECATED] session_set_save_handler(): Providing individual callbacks instead of an object implementing SessionHandlerInterface is deprecated en C:\tools\nginx\html\sistema_biometrico\index.php línea 52
URI: /validaciones/estadisticas
--------------------------------------------------------------------------------
[2026-03-18 14:04:19] [DEPRECATED] session_set_save_handler(): Providing individual callbacks instead of an object implementing SessionHandlerInterface is deprecated en C:\tools\nginx\html\sistema_biometrico\index.php línea 52
URI: /validaciones/estadisticas
--------------------------------------------------------------------------------
[2026-03-18 14:04:49] [DEPRECATED] session_set_save_handler(): Providing individual callbacks instead of an object implementing SessionHandlerInterface is deprecated en C:\tools\nginx\html\sistema_biometrico\index.php línea 52
URI: /validaciones/estadisticas
--------------------------------------------------------------------------------
[2026-03-18 14:05:19] [DEPRECATED] session_set_save_handler(): Providing individual callbacks instead of an object implementing SessionHandlerInterface is deprecated en C:\tools\nginx\html\sistema_biometrico\index.php línea 52
URI: /validaciones/estadisticas
--------------------------------------------------------------------------------
[2026-03-18 14:05:49] [DEPRECATED] session_set_save_handler(): Providing individual callbacks instead of an object implementing SessionHandlerInterface is deprecated en C:\tools\nginx\html\sistema_biometrico\index.php línea 52
URI: /validaciones/estadisticas
--------------------------------------------------------------------------------
[2026-03-18 14:06:19] [DEPRECATED] session_set_save_handler(): Providing individual callbacks instead of an object implementing SessionHandlerInterface is deprecated en C:\tools\nginx\html\sistema_biometrico\index.php línea 52
URI: /validaciones/estadisticas
--------------------------------------------------------------------------------
[2026-03-18 14:06:49] [DEPRECATED] session_set_save_handler(): Providing individual callbacks instead of an object implementing SessionHandlerInterface is deprecated en C:\tools\nginx\html\sistema_biometrico\index.php línea 52
URI: /validaciones/estadisticas
--------------------------------------------------------------------------------
[2026-03-18 14:07:19] [DEPRECATED] session_set_save_handler(): Providing individual callbacks instead of an object implementing SessionHandlerInterface is deprecated en C:\tools\nginx\html\sistema_biometrico\index.php línea 52
URI: /validaciones/estadisticas
--------------------------------------------------------------------------------
[2026-03-18 14:07:49] [DEPRECATED] session_set_save_handler(): Providing individual callbacks instead of an object implementing SessionHandlerInterface is deprecated en C:\tools\nginx\html\sistema_biometrico\index.php línea 52
URI: /validaciones/estadisticas
--------------------------------------------------------------------------------
[2026-03-18 14:08:19] [DEPRECATED] session_set_save_handler(): Providing individual callbacks instead of an object implementing SessionHandlerInterface is deprecated en C:\tools\nginx\html\sistema_biometrico\index.php línea 52
URI: /validaciones/estadisticas
--------------------------------------------------------------------------------
[2026-03-18 14:08:49] [DEPRECATED] session_set_save_handler(): Providing individual callbacks instead of an object implementing SessionHandlerInterface is deprecated en C:\tools\nginx\html\sistema_biometrico\index.php línea 52
URI: /validaciones/estadisticas
--------------------------------------------------------------------------------
[2026-03-18 14:09:19] [DEPRECATED] session_set_save_handler(): Providing individual callbacks instead of an object implementing SessionHandlerInterface is deprecated en C:\tools\nginx\html\sistema_biometrico\index.php línea 52
URI: /validaciones/estadisticas
--------------------------------------------------------------------------------
[2026-03-18 14:09:49] [DEPRECATED] session_set_save_handler(): Providing individual callbacks instead of an object implementing SessionHandlerInterface is deprecated en C:\tools\nginx\html\sistema_biometrico\index.php línea 52
URI: /validaciones/estadisticas
--------------------------------------------------------------------------------
[2026-03-18 14:10:19] [DEPRECATED] session_set_save_handler(): Providing individual callbacks instead of an object implementing SessionHandlerInterface is deprecated en C:\tools\nginx\html\sistema_biometrico\index.php línea 52
URI: /validaciones/estadisticas
--------------------------------------------------------------------------------
[2026-03-18 14:10:49] [DEPRECATED] session_set_save_handler(): Providing individual callbacks instead of an object implementing SessionHandlerInterface is deprecated en C:\tools\nginx\html\sistema_biometrico\index.php línea 52
URI: /validaciones/estadisticas
--------------------------------------------------------------------------------
[2026-03-18 14:11:19] [DEPRECATED] session_set_save_handler(): Providing individual callbacks instead of an object implementing SessionHandlerInterface is deprecated en C:\tools\nginx\html\sistema_biometrico\index.php línea 52
URI: /validaciones/estadisticas
--------------------------------------------------------------------------------
[2026-03-18 14:11:22] [DEPRECATED] session_set_save_handler(): Providing individual callbacks instead of an object implementing SessionHandlerInterface is deprecated en C:\tools\nginx\html\sistema_biometrico\index.php línea 52
URI: /logout
--------------------------------------------------------------------------------
[2026-03-18 14:11:22] [DEPRECATED] session_set_save_handler(): Providing individual callbacks instead of an object implementing SessionHandlerInterface is deprecated en C:\tools\nginx\html\sistema_biometrico\index.php línea 52
URI: /login
--------------------------------------------------------------------------------
[2026-03-18 14:11:31] [DEPRECATED] session_set_save_handler(): Providing individual callbacks instead of an object implementing SessionHandlerInterface is deprecated en C:\tools\nginx\html\sistema_biometrico\index.php línea 52
URI: /login
--------------------------------------------------------------------------------
[2026-03-18 14:11:45] [DEPRECATED] session_set_save_handler(): Providing individual callbacks instead of an object implementing SessionHandlerInterface is deprecated en C:\tools\nginx\html\sistema_biometrico\index.php línea 52
URI: /login
--------------------------------------------------------------------------------
[2026-03-18 14:11:46] [DEPRECATED] session_set_save_handler(): Providing individual callbacks instead of an object implementing SessionHandlerInterface is deprecated en C:\tools\nginx\html\sistema_biometrico\index.php línea 52
URI: /dashboard
--------------------------------------------------------------------------------
[2026-03-18 14:11:53] [DEPRECATED] session_set_save_handler(): Providing individual callbacks instead of an object implementing SessionHandlerInterface is deprecated en C:\tools\nginx\html\sistema_biometrico\index.php línea 52
URI: /usuarios
--------------------------------------------------------------------------------
[2026-03-18 14:12:35] [DEPRECATED] session_set_save_handler(): Providing individual callbacks instead of an object implementing SessionHandlerInterface is deprecated en C:\tools\nginx\html\sistema_biometrico\index.php línea 52
URI: /usuarios/130/edit-modal
--------------------------------------------------------------------------------
[2026-03-18 14:12:54] [DEPRECATED] session_set_save_handler(): Providing individual callbacks instead of an object implementing SessionHandlerInterface is deprecated en C:\tools\nginx\html\sistema_biometrico\index.php línea 52
URI: /usuarios/update
--------------------------------------------------------------------------------
[2026-03-18 14:12:56] [DEPRECATED] session_set_save_handler(): Providing individual callbacks instead of an object implementing SessionHandlerInterface is deprecated en C:\tools\nginx\html\sistema_biometrico\index.php línea 52
URI: /usuarios
--------------------------------------------------------------------------------
[2026-03-18 14:13:21] [DEPRECATED] session_set_save_handler(): Providing individual callbacks instead of an object implementing SessionHandlerInterface is deprecated en C:\tools\nginx\html\sistema_biometrico\index.php línea 52
URI: /usuarios/129/edit-modal
--------------------------------------------------------------------------------
[2026-03-18 14:13:31] [DEPRECATED] session_set_save_handler(): Providing individual callbacks instead of an object implementing SessionHandlerInterface is deprecated en C:\tools\nginx\html\sistema_biometrico\index.php línea 52
URI: /usuarios/update
--------------------------------------------------------------------------------
[2026-03-18 14:13:33] [DEPRECATED] session_set_save_handler(): Providing individual callbacks instead of an object implementing SessionHandlerInterface is deprecated en C:\tools\nginx\html\sistema_biometrico\index.php línea 52
URI: /usuarios
--------------------------------------------------------------------------------
[2026-03-18 14:13:38] [DEPRECATED] session_set_save_handler(): Providing individual callbacks instead of an object implementing SessionHandlerInterface is deprecated en C:\tools\nginx\html\sistema_biometrico\index.php línea 52
URI: /usuarios/128/edit-modal
--------------------------------------------------------------------------------
[2026-03-18 14:13:49] [DEPRECATED] session_set_save_handler(): Providing individual callbacks instead of an object implementing SessionHandlerInterface is deprecated en C:\tools\nginx\html\sistema_biometrico\index.php línea 52
URI: /usuarios/update
--------------------------------------------------------------------------------
[2026-03-18 14:13:51] [DEPRECATED] session_set_save_handler(): Providing individual callbacks instead of an object implementing SessionHandlerInterface is deprecated en C:\tools\nginx\html\sistema_biometrico\index.php línea 52
URI: /usuarios
--------------------------------------------------------------------------------
[2026-03-18 14:13:53] [DEPRECATED] session_set_save_handler(): Providing individual callbacks instead of an object implementing SessionHandlerInterface is deprecated en C:\tools\nginx\html\sistema_biometrico\index.php línea 52
URI: /usuarios/127/edit-modal
--------------------------------------------------------------------------------
[2026-03-18 14:14:04] [DEPRECATED] session_set_save_handler(): Providing individual callbacks instead of an object implementing SessionHandlerInterface is deprecated en C:\tools\nginx\html\sistema_biometrico\index.php línea 52
URI: /usuarios/update
--------------------------------------------------------------------------------
[2026-03-18 14:14:06] [DEPRECATED] session_set_save_handler(): Providing individual callbacks instead of an object implementing SessionHandlerInterface is deprecated en C:\tools\nginx\html\sistema_biometrico\index.php línea 52
URI: /usuarios
--------------------------------------------------------------------------------
[2026-03-18 14:14:10] [DEPRECATED] session_set_save_handler(): Providing individual callbacks instead of an object implementing SessionHandlerInterface is deprecated en C:\tools\nginx\html\sistema_biometrico\index.php línea 52
URI: /usuarios/126/edit-modal
--------------------------------------------------------------------------------
[2026-03-18 14:14:21] [DEPRECATED] session_set_save_handler(): Providing individual callbacks instead of an object implementing SessionHandlerInterface is deprecated en C:\tools\nginx\html\sistema_biometrico\index.php línea 52
URI: /usuarios/update
--------------------------------------------------------------------------------
[2026-03-18 14:14:23] [DEPRECATED] session_set_save_handler(): Providing individual callbacks instead of an object implementing SessionHandlerInterface is deprecated en C:\tools\nginx\html\sistema_biometrico\index.php línea 52
URI: /usuarios
--------------------------------------------------------------------------------
[2026-03-18 14:14:26] [DEPRECATED] session_set_save_handler(): Providing individual callbacks instead of an object implementing SessionHandlerInterface is deprecated en C:\tools\nginx\html\sistema_biometrico\index.php línea 52
URI: /logout
--------------------------------------------------------------------------------
[2026-03-18 14:14:26] [DEPRECATED] session_set_save_handler(): Providing individual callbacks instead of an object implementing SessionHandlerInterface is deprecated en C:\tools\nginx\html\sistema_biometrico\index.php línea 52
URI: /login
--------------------------------------------------------------------------------
[2026-03-18 14:14:33] [DEPRECATED] session_set_save_handler(): Providing individual callbacks instead of an object implementing SessionHandlerInterface is deprecated en C:\tools\nginx\html\sistema_biometrico\index.php línea 52
URI: /login
--------------------------------------------------------------------------------
[2026-03-18 14:14:33] [DEPRECATED] session_set_save_handler(): Providing individual callbacks instead of an object implementing SessionHandlerInterface is deprecated en C:\tools\nginx\html\sistema_biometrico\index.php línea 52
URI: /dashboard
--------------------------------------------------------------------------------
[2026-03-18 14:14:42] [DEPRECATED] session_set_save_handler(): Providing individual callbacks instead of an object implementing SessionHandlerInterface is deprecated en C:\tools\nginx\html\sistema_biometrico\index.php línea 52
URI: /validaciones
--------------------------------------------------------------------------------
[2026-03-18 14:14:42] [DEPRECATED] session_set_save_handler(): Providing individual callbacks instead of an object implementing SessionHandlerInterface is deprecated en C:\tools\nginx\html\sistema_biometrico\index.php línea 52
URI: /validaciones/buscar-empleados?solo_con_incidencias=1
--------------------------------------------------------------------------------
[2026-03-18 14:14:42] [DEPRECATED] session_set_save_handler(): Providing individual callbacks instead of an object implementing SessionHandlerInterface is deprecated en C:\tools\nginx\html\sistema_biometrico\index.php línea 52
URI: /validaciones/obtener-areas
--------------------------------------------------------------------------------
[2026-03-18 14:14:42] [DEPRECATED] session_set_save_handler(): Providing individual callbacks instead of an object implementing SessionHandlerInterface is deprecated en C:\tools\nginx\html\sistema_biometrico\index.php línea 52
URI: /validaciones/estadisticas
--------------------------------------------------------------------------------
[2026-03-18 14:14:51] [DEPRECATED] session_set_save_handler(): Providing individual callbacks instead of an object implementing SessionHandlerInterface is deprecated en C:\tools\nginx\html\sistema_biometrico\index.php línea 52
URI: /validaciones/incidencias-empleados
--------------------------------------------------------------------------------
[2026-03-18 14:15:01] [DEPRECATED] session_set_save_handler(): Providing individual callbacks instead of an object implementing SessionHandlerInterface is deprecated en C:\tools\nginx\html\sistema_biometrico\index.php línea 52
URI: /empleados
--------------------------------------------------------------------------------
[2026-03-18 14:15:03] [DEPRECATED] session_set_save_handler(): Providing individual callbacks instead of an object implementing SessionHandlerInterface is deprecated en C:\tools\nginx\html\sistema_biometrico\index.php línea 52
URI: /empleados?search=553
--------------------------------------------------------------------------------
[2026-03-18 14:15:05] [DEPRECATED] session_set_save_handler(): Providing individual callbacks instead of an object implementing SessionHandlerInterface is deprecated en C:\tools\nginx\html\sistema_biometrico\index.php línea 52
URI: /empleados/datos-completos/553
--------------------------------------------------------------------------------
[2026-03-18 14:16:44] [DEPRECATED] session_set_save_handler(): Providing individual callbacks instead of an object implementing SessionHandlerInterface is deprecated en C:\tools\nginx\html\sistema_biometrico\index.php línea 52
URI: /empleados/datos-completos/553
--------------------------------------------------------------------------------
[2026-03-18 14:16:47] [DEPRECATED] session_set_save_handler(): Providing individual callbacks instead of an object implementing SessionHandlerInterface is deprecated en C:\tools\nginx\html\sistema_biometrico\index.php línea 52
URI: /empleados/datos-completos/553
--------------------------------------------------------------------------------
[2026-03-18 14:17:06] [DEPRECATED] session_set_save_handler(): Providing individual callbacks instead of an object implementing SessionHandlerInterface is deprecated en C:\tools\nginx\html\sistema_biometrico\index.php línea 52
URI: /validaciones
--------------------------------------------------------------------------------
[2026-03-18 14:17:06] [DEPRECATED] session_set_save_handler(): Providing individual callbacks instead of an object implementing SessionHandlerInterface is deprecated en C:\tools\nginx\html\sistema_biometrico\index.php línea 52
URI: /validaciones/buscar-empleados?solo_con_incidencias=1
--------------------------------------------------------------------------------
[2026-03-18 14:17:06] [DEPRECATED] session_set_save_handler(): Providing individual callbacks instead of an object implementing SessionHandlerInterface is deprecated en C:\tools\nginx\html\sistema_biometrico\index.php línea 52
URI: /validaciones/obtener-areas
--------------------------------------------------------------------------------
[2026-03-18 14:17:06] [DEPRECATED] session_set_save_handler(): Providing individual callbacks instead of an object implementing SessionHandlerInterface is deprecated en C:\tools\nginx\html\sistema_biometrico\index.php línea 52
URI: /validaciones/estadisticas
--------------------------------------------------------------------------------
[2026-03-18 14:17:12] [DEPRECATED] session_set_save_handler(): Providing individual callbacks instead of an object implementing SessionHandlerInterface is deprecated en C:\tools\nginx\html\sistema_biometrico\index.php línea 52
URI: /empleados
--------------------------------------------------------------------------------
[2026-03-18 14:17:15] [DEPRECATED] session_set_save_handler(): Providing individual callbacks instead of an object implementing SessionHandlerInterface is deprecated en C:\tools\nginx\html\sistema_biometrico\index.php línea 52
URI: /empleados?search=553
--------------------------------------------------------------------------------
[2026-03-18 14:17:17] [DEPRECATED] session_set_save_handler(): Providing individual callbacks instead of an object implementing SessionHandlerInterface is deprecated en C:\tools\nginx\html\sistema_biometrico\index.php línea 52
URI: /empleados/datos-completos/553
--------------------------------------------------------------------------------
[2026-03-18 14:19:10] [DEPRECATED] session_set_save_handler(): Providing individual callbacks instead of an object implementing SessionHandlerInterface is deprecated en C:\tools\nginx\html\sistema_biometrico\index.php línea 52
URI: /empleados/datos-completos/553
--------------------------------------------------------------------------------
[2026-03-18 14:25:01] [DEPRECATED] session_set_save_handler(): Providing individual callbacks instead of an object implementing SessionHandlerInterface is deprecated en C:\tools\nginx\html\sistema_biometrico\index.php línea 52
URI: /validaciones
--------------------------------------------------------------------------------
[2026-03-18 14:25:02] [DEPRECATED] session_set_save_handler(): Providing individual callbacks instead of an object implementing SessionHandlerInterface is deprecated en C:\tools\nginx\html\sistema_biometrico\index.php línea 52
URI: /validaciones/buscar-empleados?solo_con_incidencias=1
--------------------------------------------------------------------------------
[2026-03-18 14:25:02] [DEPRECATED] session_set_save_handler(): Providing individual callbacks instead of an object implementing SessionHandlerInterface is deprecated en C:\tools\nginx\html\sistema_biometrico\index.php línea 52
URI: /validaciones/obtener-areas
--------------------------------------------------------------------------------
[2026-03-18 14:25:02] [DEPRECATED] session_set_save_handler(): Providing individual callbacks instead of an object implementing SessionHandlerInterface is deprecated en C:\tools\nginx\html\sistema_biometrico\index.php línea 52
URI: /validaciones/estadisticas
--------------------------------------------------------------------------------
[2026-03-18 14:25:24] [DEPRECATED] session_set_save_handler(): Providing individual callbacks instead of an object implementing SessionHandlerInterface is deprecated en C:\tools\nginx\html\sistema_biometrico\index.php línea 52
URI: /validaciones/incidencias-empleados
--------------------------------------------------------------------------------
[2026-03-18 14:25:32] [DEPRECATED] session_set_save_handler(): Providing individual callbacks instead of an object implementing SessionHandlerInterface is deprecated en C:\tools\nginx\html\sistema_biometrico\index.php línea 52
URI: /validaciones/estadisticas
--------------------------------------------------------------------------------
[2026-03-18 14:26:02] [DEPRECATED] session_set_save_handler(): Providing individual callbacks instead of an object implementing SessionHandlerInterface is deprecated en C:\tools\nginx\html\sistema_biometrico\index.php línea 52
URI: /validaciones/estadisticas
--------------------------------------------------------------------------------
[2026-03-18 14:26:09] [DEPRECATED] session_set_save_handler(): Providing individual callbacks instead of an object implementing SessionHandlerInterface is deprecated en C:\tools\nginx\html\sistema_biometrico\index.php línea 52
URI: /validaciones/incidencias-empleados
--------------------------------------------------------------------------------
[2026-03-18 14:26:32] [DEPRECATED] session_set_save_handler(): Providing individual callbacks instead of an object implementing SessionHandlerInterface is deprecated en C:\tools\nginx\html\sistema_biometrico\index.php línea 52
URI: /validaciones/estadisticas
--------------------------------------------------------------------------------
[2026-03-18 14:26:37] [DEPRECATED] session_set_save_handler(): Providing individual callbacks instead of an object implementing SessionHandlerInterface is deprecated en C:\tools\nginx\html\sistema_biometrico\index.php línea 52
URI: /validaciones
--------------------------------------------------------------------------------
[2026-03-18 14:26:37] [DEPRECATED] session_set_save_handler(): Providing individual callbacks instead of an object implementing SessionHandlerInterface is deprecated en C:\tools\nginx\html\sistema_biometrico\index.php línea 52
URI: /validaciones/buscar-empleados?solo_con_incidencias=1
--------------------------------------------------------------------------------
[2026-03-18 14:26:37] [DEPRECATED] session_set_save_handler(): Providing individual callbacks instead of an object implementing SessionHandlerInterface is deprecated en C:\tools\nginx\html\sistema_biometrico\index.php línea 52
URI: /validaciones/obtener-areas
--------------------------------------------------------------------------------
[2026-03-18 14:26:37] [DEPRECATED] session_set_save_handler(): Providing individual callbacks instead of an object implementing SessionHandlerInterface is deprecated en C:\tools\nginx\html\sistema_biometrico\index.php línea 52
URI: /validaciones/estadisticas
--------------------------------------------------------------------------------
[2026-03-18 14:26:48] [DEPRECATED] session_set_save_handler(): Providing individual callbacks instead of an object implementing SessionHandlerInterface is deprecated en C:\tools\nginx\html\sistema_biometrico\index.php línea 52
URI: /validaciones/incidencias-empleados
--------------------------------------------------------------------------------
[2026-03-18 14:27:07] [DEPRECATED] session_set_save_handler(): Providing individual callbacks instead of an object implementing SessionHandlerInterface is deprecated en C:\tools\nginx\html\sistema_biometrico\index.php línea 52
URI: /validaciones/estadisticas
--------------------------------------------------------------------------------
[2026-03-18 14:27:37] [DEPRECATED] session_set_save_handler(): Providing individual callbacks instead of an object implementing SessionHandlerInterface is deprecated en C:\tools\nginx\html\sistema_biometrico\index.php línea 52
URI: /validaciones/estadisticas
--------------------------------------------------------------------------------
[2026-03-18 14:28:07] [DEPRECATED] session_set_save_handler(): Providing individual callbacks instead of an object implementing SessionHandlerInterface is deprecated en C:\tools\nginx\html\sistema_biometrico\index.php línea 52
URI: /validaciones/estadisticas
--------------------------------------------------------------------------------
[2026-03-18 14:28:37] [DEPRECATED] session_set_save_handler(): Providing individual callbacks instead of an object implementing SessionHandlerInterface is deprecated en C:\tools\nginx\html\sistema_biometrico\index.php línea 52
URI: /validaciones/estadisticas
--------------------------------------------------------------------------------
[2026-03-18 14:29:02] [DEPRECATED] session_set_save_handler(): Providing individual callbacks instead of an object implementing SessionHandlerInterface is deprecated en C:\tools\nginx\html\sistema_biometrico\index.php línea 52
URI: /validaciones/obtener-incidencia/3030?origen=retardos
--------------------------------------------------------------------------------
[2026-03-18 14:29:07] [DEPRECATED] session_set_save_handler(): Providing individual callbacks instead of an object implementing SessionHandlerInterface is deprecated en C:\tools\nginx\html\sistema_biometrico\index.php línea 52
URI: /validaciones/estadisticas
--------------------------------------------------------------------------------
[2026-03-18 14:29:37] [DEPRECATED] session_set_save_handler(): Providing individual callbacks instead of an object implementing SessionHandlerInterface is deprecated en C:\tools\nginx\html\sistema_biometrico\index.php línea 52
URI: /validaciones/estadisticas
--------------------------------------------------------------------------------
[2026-03-18 14:30:07] [DEPRECATED] session_set_save_handler(): Providing individual callbacks instead of an object implementing SessionHandlerInterface is deprecated en C:\tools\nginx\html\sistema_biometrico\index.php línea 52
URI: /validaciones/estadisticas
--------------------------------------------------------------------------------
[2026-03-18 14:30:37] [DEPRECATED] session_set_save_handler(): Providing individual callbacks instead of an object implementing SessionHandlerInterface is deprecated en C:\tools\nginx\html\sistema_biometrico\index.php línea 52
URI: /validaciones/estadisticas
--------------------------------------------------------------------------------
[2026-03-18 14:31:07] [DEPRECATED] session_set_save_handler(): Providing individual callbacks instead of an object implementing SessionHandlerInterface is deprecated en C:\tools\nginx\html\sistema_biometrico\index.php línea 52
URI: /validaciones/estadisticas
--------------------------------------------------------------------------------
[2026-03-18 14:31:37] [DEPRECATED] session_set_save_handler(): Providing individual callbacks instead of an object implementing SessionHandlerInterface is deprecated en C:\tools\nginx\html\sistema_biometrico\index.php línea 52
URI: /validaciones/estadisticas
--------------------------------------------------------------------------------
[2026-03-18 14:32:00] [DEPRECATED] session_set_save_handler(): Providing individual callbacks instead of an object implementing SessionHandlerInterface is deprecated en C:\tools\nginx\html\sistema_biometrico\index.php línea 52
URI: /validaciones/incidencias-empleados
--------------------------------------------------------------------------------
[2026-03-18 14:32:07] [DEPRECATED] session_set_save_handler(): Providing individual callbacks instead of an object implementing SessionHandlerInterface is deprecated en C:\tools\nginx\html\sistema_biometrico\index.php línea 52
URI: /validaciones/estadisticas
--------------------------------------------------------------------------------
[2026-03-18 14:32:25] [DEPRECATED] session_set_save_handler(): Providing individual callbacks instead of an object implementing SessionHandlerInterface is deprecated en C:\tools\nginx\html\sistema_biometrico\index.php línea 52
URI: /empleados
--------------------------------------------------------------------------------
[2026-03-18 14:32:31] [DEPRECATED] session_set_save_handler(): Providing individual callbacks instead of an object implementing SessionHandlerInterface is deprecated en C:\tools\nginx\html\sistema_biometrico\index.php línea 52
URI: /empleados?search=juan
--------------------------------------------------------------------------------
[2026-03-18 14:32:41] [DEPRECATED] session_set_save_handler(): Providing individual callbacks instead of an object implementing SessionHandlerInterface is deprecated en C:\tools\nginx\html\sistema_biometrico\index.php línea 52
URI: /validaciones
--------------------------------------------------------------------------------
[2026-03-18 14:32:42] [DEPRECATED] session_set_save_handler(): Providing individual callbacks instead of an object implementing SessionHandlerInterface is deprecated en C:\tools\nginx\html\sistema_biometrico\index.php línea 52
URI: /validaciones/buscar-empleados?solo_con_incidencias=1
--------------------------------------------------------------------------------
[2026-03-18 14:32:42] [DEPRECATED] session_set_save_handler(): Providing individual callbacks instead of an object implementing SessionHandlerInterface is deprecated en C:\tools\nginx\html\sistema_biometrico\index.php línea 52
URI: /validaciones/obtener-areas
--------------------------------------------------------------------------------
[2026-03-18 14:32:42] [DEPRECATED] session_set_save_handler(): Providing individual callbacks instead of an object implementing SessionHandlerInterface is deprecated en C:\tools\nginx\html\sistema_biometrico\index.php línea 52
URI: /validaciones/estadisticas
--------------------------------------------------------------------------------
[2026-03-18 14:33:12] [DEPRECATED] session_set_save_handler(): Providing individual callbacks instead of an object implementing SessionHandlerInterface is deprecated en C:\tools\nginx\html\sistema_biometrico\index.php línea 52
URI: /validaciones/estadisticas
--------------------------------------------------------------------------------
[2026-03-18 14:33:42] [DEPRECATED] session_set_save_handler(): Providing individual callbacks instead of an object implementing SessionHandlerInterface is deprecated en C:\tools\nginx\html\sistema_biometrico\index.php línea 52
URI: /validaciones/estadisticas
--------------------------------------------------------------------------------
[2026-03-18 14:34:12] [DEPRECATED] session_set_save_handler(): Providing individual callbacks instead of an object implementing SessionHandlerInterface is deprecated en C:\tools\nginx\html\sistema_biometrico\index.php línea 52
URI: /validaciones/estadisticas
--------------------------------------------------------------------------------
[2026-03-18 14:34:42] [DEPRECATED] session_set_save_handler(): Providing individual callbacks instead of an object implementing SessionHandlerInterface is deprecated en C:\tools\nginx\html\sistema_biometrico\index.php línea 52
URI: /validaciones/estadisticas
--------------------------------------------------------------------------------
[2026-03-18 14:35:12] [DEPRECATED] session_set_save_handler(): Providing individual callbacks instead of an object implementing SessionHandlerInterface is deprecated en C:\tools\nginx\html\sistema_biometrico\index.php línea 52
URI: /validaciones/estadisticas
--------------------------------------------------------------------------------
[2026-03-18 14:35:42] [DEPRECATED] session_set_save_handler(): Providing individual callbacks instead of an object implementing SessionHandlerInterface is deprecated en C:\tools\nginx\html\sistema_biometrico\index.php línea 52
URI: /validaciones/estadisticas
--------------------------------------------------------------------------------
[2026-03-18 14:36:02] [DEPRECATED] session_set_save_handler(): Providing individual callbacks instead of an object implementing SessionHandlerInterface is deprecated en C:\tools\nginx\html\sistema_biometrico\index.php línea 52
URI: /empleados
--------------------------------------------------------------------------------
[2026-03-18 14:36:26] [DEPRECATED] session_set_save_handler(): Providing individual callbacks instead of an object implementing SessionHandlerInterface is deprecated en C:\tools\nginx\html\sistema_biometrico\index.php línea 52
URI: /validaciones
--------------------------------------------------------------------------------
[2026-03-18 14:36:26] [DEPRECATED] session_set_save_handler(): Providing individual callbacks instead of an object implementing SessionHandlerInterface is deprecated en C:\tools\nginx\html\sistema_biometrico\index.php línea 52
URI: /validaciones/buscar-empleados?solo_con_incidencias=1
--------------------------------------------------------------------------------
[2026-03-18 14:36:26] [DEPRECATED] session_set_save_handler(): Providing individual callbacks instead of an object implementing SessionHandlerInterface is deprecated en C:\tools\nginx\html\sistema_biometrico\index.php línea 52
URI: /validaciones/obtener-areas
--------------------------------------------------------------------------------
[2026-03-18 14:36:26] [DEPRECATED] session_set_save_handler(): Providing individual callbacks instead of an object implementing SessionHandlerInterface is deprecated en C:\tools\nginx\html\sistema_biometrico\index.php línea 52
URI: /validaciones/estadisticas
--------------------------------------------------------------------------------
[2026-03-18 14:36:56] [DEPRECATED] session_set_save_handler(): Providing individual callbacks instead of an object implementing SessionHandlerInterface is deprecated en C:\tools\nginx\html\sistema_biometrico\index.php línea 52
URI: /validaciones/estadisticas
--------------------------------------------------------------------------------
[2026-03-18 14:37:01] [DEPRECATED] session_set_save_handler(): Providing individual callbacks instead of an object implementing SessionHandlerInterface is deprecated en C:\tools\nginx\html\sistema_biometrico\index.php línea 52
URI: /reportes
--------------------------------------------------------------------------------
[2026-03-18 14:37:02] [DEPRECATED] session_set_save_handler(): Providing individual callbacks instead of an object implementing SessionHandlerInterface is deprecated en C:\tools\nginx\html\sistema_biometrico\index.php línea 52
URI: /empleados
--------------------------------------------------------------------------------
[2026-03-18 14:37:03] [DEPRECATED] session_set_save_handler(): Providing individual callbacks instead of an object implementing SessionHandlerInterface is deprecated en C:\tools\nginx\html\sistema_biometrico\index.php línea 52
URI: /
--------------------------------------------------------------------------------
[2026-03-18 14:37:06] [DEPRECATED] session_set_save_handler(): Providing individual callbacks instead of an object implementing SessionHandlerInterface is deprecated en C:\tools\nginx\html\sistema_biometrico\index.php línea 52
URI: /dashboard
--------------------------------------------------------------------------------
[2026-03-18 14:37:12] [DEPRECATED] session_set_save_handler(): Providing individual callbacks instead of an object implementing SessionHandlerInterface is deprecated en C:\tools\nginx\html\sistema_biometrico\index.php línea 52
URI: /empleados
--------------------------------------------------------------------------------
[2026-03-18 14:37:30] [DEPRECATED] session_set_save_handler(): Providing individual callbacks instead of an object implementing SessionHandlerInterface is deprecated en C:\tools\nginx\html\sistema_biometrico\index.php línea 52
URI: /empleados/datos-completos/52
--------------------------------------------------------------------------------
[2026-03-18 14:38:35] [DEPRECATED] session_set_save_handler(): Providing individual callbacks instead of an object implementing SessionHandlerInterface is deprecated en C:\tools\nginx\html\sistema_biometrico\index.php línea 52
URI: /validaciones
--------------------------------------------------------------------------------
[2026-03-18 14:38:35] [DEPRECATED] session_set_save_handler(): Providing individual callbacks instead of an object implementing SessionHandlerInterface is deprecated en C:\tools\nginx\html\sistema_biometrico\index.php línea 52
URI: /validaciones/buscar-empleados?solo_con_incidencias=1
--------------------------------------------------------------------------------
[2026-03-18 14:38:35] [DEPRECATED] session_set_save_handler(): Providing individual callbacks instead of an object implementing SessionHandlerInterface is deprecated en C:\tools\nginx\html\sistema_biometrico\index.php línea 52
URI: /validaciones/obtener-areas
--------------------------------------------------------------------------------
[2026-03-18 14:38:35] [DEPRECATED] session_set_save_handler(): Providing individual callbacks instead of an object implementing SessionHandlerInterface is deprecated en C:\tools\nginx\html\sistema_biometrico\index.php línea 52
URI: /validaciones/estadisticas
--------------------------------------------------------------------------------
[2026-03-18 14:38:50] [DEPRECATED] session_set_save_handler(): Providing individual callbacks instead of an object implementing SessionHandlerInterface is deprecated en C:\tools\nginx\html\sistema_biometrico\index.php línea 52
URI: /validaciones/incidencias-empleados
--------------------------------------------------------------------------------
[2026-03-18 14:39:05] [DEPRECATED] session_set_save_handler(): Providing individual callbacks instead of an object implementing SessionHandlerInterface is deprecated en C:\tools\nginx\html\sistema_biometrico\index.php línea 52
URI: /validaciones/estadisticas
--------------------------------------------------------------------------------
[2026-03-18 14:39:35] [DEPRECATED] session_set_save_handler(): Providing individual callbacks instead of an object implementing SessionHandlerInterface is deprecated en C:\tools\nginx\html\sistema_biometrico\index.php línea 52
URI: /validaciones/estadisticas
--------------------------------------------------------------------------------
[2026-03-18 14:39:41] [DEPRECATED] session_set_save_handler(): Providing individual callbacks instead of an object implementing SessionHandlerInterface is deprecated en C:\tools\nginx\html\sistema_biometrico\index.php línea 52
URI: /empleados
--------------------------------------------------------------------------------
[2026-03-18 14:40:23] [DEPRECATED] session_set_save_handler(): Providing individual callbacks instead of an object implementing SessionHandlerInterface is deprecated en C:\tools\nginx\html\sistema_biometrico\index.php línea 52
URI: /validaciones
--------------------------------------------------------------------------------
[2026-03-18 14:40:23] [DEPRECATED] session_set_save_handler(): Providing individual callbacks instead of an object implementing SessionHandlerInterface is deprecated en C:\tools\nginx\html\sistema_biometrico\index.php línea 52
URI: /validaciones/buscar-empleados?solo_con_incidencias=1
--------------------------------------------------------------------------------
[2026-03-18 14:40:23] [DEPRECATED] session_set_save_handler(): Providing individual callbacks instead of an object implementing SessionHandlerInterface is deprecated en C:\tools\nginx\html\sistema_biometrico\index.php línea 52
URI: /validaciones/obtener-areas
--------------------------------------------------------------------------------
[2026-03-18 14:40:23] [DEPRECATED] session_set_save_handler(): Providing individual callbacks instead of an object implementing SessionHandlerInterface is deprecated en C:\tools\nginx\html\sistema_biometrico\index.php línea 52
URI: /validaciones/estadisticas
--------------------------------------------------------------------------------
[2026-03-18 14:40:53] [DEPRECATED] session_set_save_handler(): Providing individual callbacks instead of an object implementing SessionHandlerInterface is deprecated en C:\tools\nginx\html\sistema_biometrico\index.php línea 52
URI: /validaciones/estadisticas
--------------------------------------------------------------------------------
[2026-03-18 14:41:23] [DEPRECATED] session_set_save_handler(): Providing individual callbacks instead of an object implementing SessionHandlerInterface is deprecated en C:\tools\nginx\html\sistema_biometrico\index.php línea 52
URI: /validaciones/estadisticas
--------------------------------------------------------------------------------
[2026-03-18 14:41:53] [DEPRECATED] session_set_save_handler(): Providing individual callbacks instead of an object implementing SessionHandlerInterface is deprecated en C:\tools\nginx\html\sistema_biometrico\index.php línea 52
URI: /validaciones/estadisticas
--------------------------------------------------------------------------------
[2026-03-18 14:42:23] [DEPRECATED] session_set_save_handler(): Providing individual callbacks instead of an object implementing SessionHandlerInterface is deprecated en C:\tools\nginx\html\sistema_biometrico\index.php línea 52
URI: /validaciones/estadisticas
--------------------------------------------------------------------------------
[2026-03-18 14:42:53] [DEPRECATED] session_set_save_handler(): Providing individual callbacks instead of an object implementing SessionHandlerInterface is deprecated en C:\tools\nginx\html\sistema_biometrico\index.php línea 52
URI: /validaciones/estadisticas
--------------------------------------------------------------------------------
[2026-03-18 14:43:23] [DEPRECATED] session_set_save_handler(): Providing individual callbacks instead of an object implementing SessionHandlerInterface is deprecated en C:\tools\nginx\html\sistema_biometrico\index.php línea 52
URI: /validaciones/estadisticas
--------------------------------------------------------------------------------
[2026-03-18 14:43:46] [DEPRECATED] session_set_save_handler(): Providing individual callbacks instead of an object implementing SessionHandlerInterface is deprecated en C:\tools\nginx\html\sistema_biometrico\index.php línea 52
URI: /validaciones
--------------------------------------------------------------------------------
[2026-03-18 14:43:46] [DEPRECATED] session_set_save_handler(): Providing individual callbacks instead of an object implementing SessionHandlerInterface is deprecated en C:\tools\nginx\html\sistema_biometrico\index.php línea 52
URI: /validaciones/buscar-empleados?solo_con_incidencias=1
--------------------------------------------------------------------------------
[2026-03-18 14:43:46] [DEPRECATED] session_set_save_handler(): Providing individual callbacks instead of an object implementing SessionHandlerInterface is deprecated en C:\tools\nginx\html\sistema_biometrico\index.php línea 52
URI: /validaciones/obtener-areas
--------------------------------------------------------------------------------
[2026-03-18 14:43:46] [DEPRECATED] session_set_save_handler(): Providing individual callbacks instead of an object implementing SessionHandlerInterface is deprecated en C:\tools\nginx\html\sistema_biometrico\index.php línea 52
URI: /validaciones/estadisticas
--------------------------------------------------------------------------------
[2026-03-18 14:44:16] [DEPRECATED] session_set_save_handler(): Providing individual callbacks instead of an object implementing SessionHandlerInterface is deprecated en C:\tools\nginx\html\sistema_biometrico\index.php línea 52
URI: /validaciones/estadisticas
--------------------------------------------------------------------------------
[2026-03-18 14:44:46] [DEPRECATED] session_set_save_handler(): Providing individual callbacks instead of an object implementing SessionHandlerInterface is deprecated en C:\tools\nginx\html\sistema_biometrico\index.php línea 52
URI: /validaciones/estadisticas
--------------------------------------------------------------------------------
[2026-03-18 14:45:16] [DEPRECATED] session_set_save_handler(): Providing individual callbacks instead of an object implementing SessionHandlerInterface is deprecated en C:\tools\nginx\html\sistema_biometrico\index.php línea 52
URI: /validaciones/estadisticas
--------------------------------------------------------------------------------
[2026-03-18 14:45:46] [DEPRECATED] session_set_save_handler(): Providing individual callbacks instead of an object implementing SessionHandlerInterface is deprecated en C:\tools\nginx\html\sistema_biometrico\index.php línea 52
URI: /validaciones/estadisticas
--------------------------------------------------------------------------------
[2026-03-18 14:45:59] [DEPRECATED] session_set_save_handler(): Providing individual callbacks instead of an object implementing SessionHandlerInterface is deprecated en C:\tools\nginx\html\sistema_biometrico\index.php línea 52
URI: /validaciones
--------------------------------------------------------------------------------
[2026-03-18 14:45:59] [DEPRECATED] session_set_save_handler(): Providing individual callbacks instead of an object implementing SessionHandlerInterface is deprecated en C:\tools\nginx\html\sistema_biometrico\index.php línea 52
URI: /validaciones/buscar-empleados?solo_con_incidencias=1
--------------------------------------------------------------------------------
[2026-03-18 14:45:59] [DEPRECATED] session_set_save_handler(): Providing individual callbacks instead of an object implementing SessionHandlerInterface is deprecated en C:\tools\nginx\html\sistema_biometrico\index.php línea 52
URI: /validaciones/obtener-areas
--------------------------------------------------------------------------------
[2026-03-18 14:45:59] [DEPRECATED] session_set_save_handler(): Providing individual callbacks instead of an object implementing SessionHandlerInterface is deprecated en C:\tools\nginx\html\sistema_biometrico\index.php línea 52
URI: /validaciones/estadisticas
--------------------------------------------------------------------------------
[2026-03-18 14:46:29] [DEPRECATED] session_set_save_handler(): Providing individual callbacks instead of an object implementing SessionHandlerInterface is deprecated en C:\tools\nginx\html\sistema_biometrico\index.php línea 52
URI: /validaciones/estadisticas
--------------------------------------------------------------------------------
[2026-03-18 14:46:59] [DEPRECATED] session_set_save_handler(): Providing individual callbacks instead of an object implementing SessionHandlerInterface is deprecated en C:\tools\nginx\html\sistema_biometrico\index.php línea 52
URI: /validaciones/estadisticas
--------------------------------------------------------------------------------
[2026-03-18 14:47:29] [DEPRECATED] session_set_save_handler(): Providing individual callbacks instead of an object implementing SessionHandlerInterface is deprecated en C:\tools\nginx\html\sistema_biometrico\index.php línea 52
URI: /validaciones/estadisticas
--------------------------------------------------------------------------------
[2026-03-18 14:47:59] [DEPRECATED] session_set_save_handler(): Providing individual callbacks instead of an object implementing SessionHandlerInterface is deprecated en C:\tools\nginx\html\sistema_biometrico\index.php línea 52
URI: /validaciones/estadisticas
--------------------------------------------------------------------------------
[2026-03-18 14:48:13] [DEPRECATED] session_set_save_handler(): Providing individual callbacks instead of an object implementing SessionHandlerInterface is deprecated en C:\tools\nginx\html\sistema_biometrico\index.php línea 52
URI: /validaciones
--------------------------------------------------------------------------------
[2026-03-18 14:48:13] [DEPRECATED] session_set_save_handler(): Providing individual callbacks instead of an object implementing SessionHandlerInterface is deprecated en C:\tools\nginx\html\sistema_biometrico\index.php línea 52
URI: /validaciones/buscar-empleados?solo_con_incidencias=1
--------------------------------------------------------------------------------
[2026-03-18 14:48:13] [DEPRECATED] session_set_save_handler(): Providing individual callbacks instead of an object implementing SessionHandlerInterface is deprecated en C:\tools\nginx\html\sistema_biometrico\index.php línea 52
URI: /validaciones/obtener-areas
--------------------------------------------------------------------------------
[2026-03-18 14:48:13] [DEPRECATED] session_set_save_handler(): Providing individual callbacks instead of an object implementing SessionHandlerInterface is deprecated en C:\tools\nginx\html\sistema_biometrico\index.php línea 52
URI: /validaciones/estadisticas
--------------------------------------------------------------------------------
[2026-03-18 14:48:43] [DEPRECATED] session_set_save_handler(): Providing individual callbacks instead of an object implementing SessionHandlerInterface is deprecated en C:\tools\nginx\html\sistema_biometrico\index.php línea 52
URI: /validaciones/estadisticas
--------------------------------------------------------------------------------
[2026-03-18 14:49:13] [DEPRECATED] session_set_save_handler(): Providing individual callbacks instead of an object implementing SessionHandlerInterface is deprecated en C:\tools\nginx\html\sistema_biometrico\index.php línea 52
URI: /validaciones/estadisticas
--------------------------------------------------------------------------------
[2026-03-18 14:49:43] [DEPRECATED] session_set_save_handler(): Providing individual callbacks instead of an object implementing SessionHandlerInterface is deprecated en C:\tools\nginx\html\sistema_biometrico\index.php línea 52
URI: /validaciones/estadisticas
--------------------------------------------------------------------------------
[2026-03-18 14:50:03] [DEPRECATED] session_set_save_handler(): Providing individual callbacks instead of an object implementing SessionHandlerInterface is deprecated en C:\tools\nginx\html\sistema_biometrico\index.php línea 52
URI: /validaciones
--------------------------------------------------------------------------------
[2026-03-18 14:50:03] [DEPRECATED] session_set_save_handler(): Providing individual callbacks instead of an object implementing SessionHandlerInterface is deprecated en C:\tools\nginx\html\sistema_biometrico\index.php línea 52
URI: /validaciones/buscar-empleados?solo_con_incidencias=1
--------------------------------------------------------------------------------
[2026-03-18 14:50:03] [DEPRECATED] session_set_save_handler(): Providing individual callbacks instead of an object implementing SessionHandlerInterface is deprecated en C:\tools\nginx\html\sistema_biometrico\index.php línea 52
URI: /validaciones/obtener-areas
--------------------------------------------------------------------------------
[2026-03-18 14:50:03] [DEPRECATED] session_set_save_handler(): Providing individual callbacks instead of an object implementing SessionHandlerInterface is deprecated en C:\tools\nginx\html\sistema_biometrico\index.php línea 52
URI: /validaciones/estadisticas
--------------------------------------------------------------------------------
[2026-03-18 14:50:33] [DEPRECATED] session_set_save_handler(): Providing individual callbacks instead of an object implementing SessionHandlerInterface is deprecated en C:\tools\nginx\html\sistema_biometrico\index.php línea 52
URI: /validaciones/estadisticas
--------------------------------------------------------------------------------
[2026-03-18 14:50:54] [DEPRECATED] session_set_save_handler(): Providing individual callbacks instead of an object implementing SessionHandlerInterface is deprecated en C:\tools\nginx\html\sistema_biometrico\index.php línea 52
URI: /validaciones
--------------------------------------------------------------------------------
[2026-03-18 14:50:54] [DEPRECATED] session_set_save_handler(): Providing individual callbacks instead of an object implementing SessionHandlerInterface is deprecated en C:\tools\nginx\html\sistema_biometrico\index.php línea 52
URI: /validaciones/buscar-empleados?solo_con_incidencias=1
--------------------------------------------------------------------------------
[2026-03-18 14:50:54] [DEPRECATED] session_set_save_handler(): Providing individual callbacks instead of an object implementing SessionHandlerInterface is deprecated en C:\tools\nginx\html\sistema_biometrico\index.php línea 52
URI: /validaciones/obtener-areas
--------------------------------------------------------------------------------
[2026-03-18 14:50:55] [DEPRECATED] session_set_save_handler(): Providing individual callbacks instead of an object implementing SessionHandlerInterface is deprecated en C:\tools\nginx\html\sistema_biometrico\index.php línea 52
URI: /validaciones/estadisticas
--------------------------------------------------------------------------------
[2026-03-18 14:50:55] [DEPRECATED] session_set_save_handler(): Providing individual callbacks instead of an object implementing SessionHandlerInterface is deprecated en C:\tools\nginx\html\sistema_biometrico\index.php línea 52
URI: /validaciones
--------------------------------------------------------------------------------
[2026-03-18 14:50:55] [DEPRECATED] session_set_save_handler(): Providing individual callbacks instead of an object implementing SessionHandlerInterface is deprecated en C:\tools\nginx\html\sistema_biometrico\index.php línea 52
URI: /validaciones/buscar-empleados?solo_con_incidencias=1
--------------------------------------------------------------------------------
[2026-03-18 14:50:55] [DEPRECATED] session_set_save_handler(): Providing individual callbacks instead of an object implementing SessionHandlerInterface is deprecated en C:\tools\nginx\html\sistema_biometrico\index.php línea 52
URI: /validaciones/obtener-areas
--------------------------------------------------------------------------------
[2026-03-18 14:50:55] [DEPRECATED] session_set_save_handler(): Providing individual callbacks instead of an object implementing SessionHandlerInterface is deprecated en C:\tools\nginx\html\sistema_biometrico\index.php línea 52
URI: /validaciones/estadisticas
--------------------------------------------------------------------------------
[2026-03-18 14:50:55] [DEPRECATED] session_set_save_handler(): Providing individual callbacks instead of an object implementing SessionHandlerInterface is deprecated en C:\tools\nginx\html\sistema_biometrico\index.php línea 52
URI: /validaciones
--------------------------------------------------------------------------------
[2026-03-18 14:50:56] [DEPRECATED] session_set_save_handler(): Providing individual callbacks instead of an object implementing SessionHandlerInterface is deprecated en C:\tools\nginx\html\sistema_biometrico\index.php línea 52
URI: /validaciones/buscar-empleados?solo_con_incidencias=1
--------------------------------------------------------------------------------
[2026-03-18 14:50:56] [DEPRECATED] session_set_save_handler(): Providing individual callbacks instead of an object implementing SessionHandlerInterface is deprecated en C:\tools\nginx\html\sistema_biometrico\index.php línea 52
URI: /validaciones
--------------------------------------------------------------------------------
[2026-03-18 14:50:56] [DEPRECATED] session_set_save_handler(): Providing individual callbacks instead of an object implementing SessionHandlerInterface is deprecated en C:\tools\nginx\html\sistema_biometrico\index.php línea 52
URI: /validaciones/obtener-areas
--------------------------------------------------------------------------------
[2026-03-18 14:50:56] [DEPRECATED] session_set_save_handler(): Providing individual callbacks instead of an object implementing SessionHandlerInterface is deprecated en C:\tools\nginx\html\sistema_biometrico\index.php línea 52
URI: /validaciones/estadisticas
--------------------------------------------------------------------------------
[2026-03-18 14:50:56] [DEPRECATED] session_set_save_handler(): Providing individual callbacks instead of an object implementing SessionHandlerInterface is deprecated en C:\tools\nginx\html\sistema_biometrico\index.php línea 52
URI: /api/log-error
--------------------------------------------------------------------------------
[2026-03-18 14:50:56] [DEPRECATED] session_set_save_handler(): Providing individual callbacks instead of an object implementing SessionHandlerInterface is deprecated en C:\tools\nginx\html\sistema_biometrico\index.php línea 52
URI: /api/log-error
--------------------------------------------------------------------------------
[2026-03-18 14:50:56] [DEPRECATED] session_set_save_handler(): Providing individual callbacks instead of an object implementing SessionHandlerInterface is deprecated en C:\tools\nginx\html\sistema_biometrico\index.php línea 52
URI: /api/log-error
--------------------------------------------------------------------------------
[2026-03-18 14:50:56] [DEPRECATED] session_set_save_handler(): Providing individual callbacks instead of an object implementing SessionHandlerInterface is deprecated en C:\tools\nginx\html\sistema_biometrico\index.php línea 52
URI: /api/log-error
--------------------------------------------------------------------------------
[2026-03-18 14:50:56] [DEPRECATED] session_set_save_handler(): Providing individual callbacks instead of an object implementing SessionHandlerInterface is deprecated en C:\tools\nginx\html\sistema_biometrico\index.php línea 52
URI: /api/log-error
--------------------------------------------------------------------------------
[2026-03-18 14:50:57] [DEPRECATED] session_set_save_handler(): Providing individual callbacks instead of an object implementing SessionHandlerInterface is deprecated en C:\tools\nginx\html\sistema_biometrico\index.php línea 52
URI: /api/log-error
--------------------------------------------------------------------------------
[2026-03-18 14:50:57] [DEPRECATED] session_set_save_handler(): Providing individual callbacks instead of an object implementing SessionHandlerInterface is deprecated en C:\tools\nginx\html\sistema_biometrico\index.php línea 52
URI: /validaciones/buscar-empleados?solo_con_incidencias=1
--------------------------------------------------------------------------------
[2026-03-18 14:50:57] [DEPRECATED] session_set_save_handler(): Providing individual callbacks instead of an object implementing SessionHandlerInterface is deprecated en C:\tools\nginx\html\sistema_biometrico\index.php línea 52
URI: /validaciones
--------------------------------------------------------------------------------
[2026-03-18 14:50:57] [DEPRECATED] session_set_save_handler(): Providing individual callbacks instead of an object implementing SessionHandlerInterface is deprecated en C:\tools\nginx\html\sistema_biometrico\index.php línea 52
URI: /validaciones
--------------------------------------------------------------------------------
[2026-03-18 14:50:57] [DEPRECATED] session_set_save_handler(): Providing individual callbacks instead of an object implementing SessionHandlerInterface is deprecated en C:\tools\nginx\html\sistema_biometrico\index.php línea 52
URI: /validaciones/obtener-areas
--------------------------------------------------------------------------------
[2026-03-18 14:50:57] [DEPRECATED] session_set_save_handler(): Providing individual callbacks instead of an object implementing SessionHandlerInterface is deprecated en C:\tools\nginx\html\sistema_biometrico\index.php línea 52
URI: /validaciones/estadisticas
--------------------------------------------------------------------------------
[2026-03-18 14:50:57] [DEPRECATED] session_set_save_handler(): Providing individual callbacks instead of an object implementing SessionHandlerInterface is deprecated en C:\tools\nginx\html\sistema_biometrico\index.php línea 52
URI: /api/log-error
--------------------------------------------------------------------------------
[2026-03-18 14:50:57] [DEPRECATED] session_set_save_handler(): Providing individual callbacks instead of an object implementing SessionHandlerInterface is deprecated en C:\tools\nginx\html\sistema_biometrico\index.php línea 52
URI: /api/log-error
--------------------------------------------------------------------------------
[2026-03-18 14:50:57] [DEPRECATED] session_set_save_handler(): Providing individual callbacks instead of an object implementing SessionHandlerInterface is deprecated en C:\tools\nginx\html\sistema_biometrico\index.php línea 52
URI: /api/log-error
--------------------------------------------------------------------------------
[2026-03-18 14:50:57] [DEPRECATED] session_set_save_handler(): Providing individual callbacks instead of an object implementing SessionHandlerInterface is deprecated en C:\tools\nginx\html\sistema_biometrico\index.php línea 52
URI: /api/log-error
--------------------------------------------------------------------------------
[2026-03-18 14:50:57] [DEPRECATED] session_set_save_handler(): Providing individual callbacks instead of an object implementing SessionHandlerInterface is deprecated en C:\tools\nginx\html\sistema_biometrico\index.php línea 52
URI: /api/log-error
--------------------------------------------------------------------------------
[2026-03-18 14:50:57] [DEPRECATED] session_set_save_handler(): Providing individual callbacks instead of an object implementing SessionHandlerInterface is deprecated en C:\tools\nginx\html\sistema_biometrico\index.php línea 52
URI: /api/log-error
--------------------------------------------------------------------------------
[2026-03-18 14:50:57] [DEPRECATED] session_set_save_handler(): Providing individual callbacks instead of an object implementing SessionHandlerInterface is deprecated en C:\tools\nginx\html\sistema_biometrico\index.php línea 52
URI: /validaciones/buscar-empleados?solo_con_incidencias=1
--------------------------------------------------------------------------------
[2026-03-18 14:50:57] [DEPRECATED] session_set_save_handler(): Providing individual callbacks instead of an object implementing SessionHandlerInterface is deprecated en C:\tools\nginx\html\sistema_biometrico\index.php línea 52
URI: /validaciones
--------------------------------------------------------------------------------
[2026-03-18 14:50:57] [DEPRECATED] session_set_save_handler(): Providing individual callbacks instead of an object implementing SessionHandlerInterface is deprecated en C:\tools\nginx\html\sistema_biometrico\index.php línea 52
URI: /validaciones/obtener-areas
--------------------------------------------------------------------------------
[2026-03-18 14:50:57] [DEPRECATED] session_set_save_handler(): Providing individual callbacks instead of an object implementing SessionHandlerInterface is deprecated en C:\tools\nginx\html\sistema_biometrico\index.php línea 52
URI: /validaciones/estadisticas
--------------------------------------------------------------------------------
[2026-03-18 14:50:57] [DEPRECATED] session_set_save_handler(): Providing individual callbacks instead of an object implementing SessionHandlerInterface is deprecated en C:\tools\nginx\html\sistema_biometrico\index.php línea 52
URI: /validaciones
--------------------------------------------------------------------------------
[2026-03-18 14:50:58] [DEPRECATED] session_set_save_handler(): Providing individual callbacks instead of an object implementing SessionHandlerInterface is deprecated en C:\tools\nginx\html\sistema_biometrico\index.php línea 52
URI: /validaciones
--------------------------------------------------------------------------------
[2026-03-18 14:50:58] [DEPRECATED] session_set_save_handler(): Providing individual callbacks instead of an object implementing SessionHandlerInterface is deprecated en C:\tools\nginx\html\sistema_biometrico\index.php línea 52
URI: /validaciones/buscar-empleados?solo_con_incidencias=1
--------------------------------------------------------------------------------
[2026-03-18 14:50:58] [DEPRECATED] session_set_save_handler(): Providing individual callbacks instead of an object implementing SessionHandlerInterface is deprecated en C:\tools\nginx\html\sistema_biometrico\index.php línea 52
URI: /validaciones
--------------------------------------------------------------------------------
[2026-03-18 14:50:58] [DEPRECATED] session_set_save_handler(): Providing individual callbacks instead of an object implementing SessionHandlerInterface is deprecated en C:\tools\nginx\html\sistema_biometrico\index.php línea 52
URI: /validaciones/obtener-areas
--------------------------------------------------------------------------------
[2026-03-18 14:50:58] [DEPRECATED] session_set_save_handler(): Providing individual callbacks instead of an object implementing SessionHandlerInterface is deprecated en C:\tools\nginx\html\sistema_biometrico\index.php línea 52
URI: /validaciones/estadisticas
--------------------------------------------------------------------------------
[2026-03-18 14:50:58] [DEPRECATED] session_set_save_handler(): Providing individual callbacks instead of an object implementing SessionHandlerInterface is deprecated en C:\tools\nginx\html\sistema_biometrico\index.php línea 52
URI: /api/log-error
--------------------------------------------------------------------------------
[2026-03-18 14:50:58] [DEPRECATED] session_set_save_handler(): Providing individual callbacks instead of an object implementing SessionHandlerInterface is deprecated en C:\tools\nginx\html\sistema_biometrico\index.php línea 52
URI: /api/log-error
--------------------------------------------------------------------------------
[2026-03-18 14:50:58] [DEPRECATED] session_set_save_handler(): Providing individual callbacks instead of an object implementing SessionHandlerInterface is deprecated en C:\tools\nginx\html\sistema_biometrico\index.php línea 52
URI: /api/log-error
--------------------------------------------------------------------------------
[2026-03-18 14:50:58] [DEPRECATED] session_set_save_handler(): Providing individual callbacks instead of an object implementing SessionHandlerInterface is deprecated en C:\tools\nginx\html\sistema_biometrico\index.php línea 52
URI: /api/log-error
--------------------------------------------------------------------------------
[2026-03-18 14:50:58] [DEPRECATED] session_set_save_handler(): Providing individual callbacks instead of an object implementing SessionHandlerInterface is deprecated en C:\tools\nginx\html\sistema_biometrico\index.php línea 52
URI: /api/log-error
--------------------------------------------------------------------------------
[2026-03-18 14:50:58] [DEPRECATED] session_set_save_handler(): Providing individual callbacks instead of an object implementing SessionHandlerInterface is deprecated en C:\tools\nginx\html\sistema_biometrico\index.php línea 52
URI: /api/log-error
--------------------------------------------------------------------------------
[2026-03-18 14:50:58] [DEPRECATED] session_set_save_handler(): Providing individual callbacks instead of an object implementing SessionHandlerInterface is deprecated en C:\tools\nginx\html\sistema_biometrico\index.php línea 52
URI: /validaciones/buscar-empleados?solo_con_incidencias=1
--------------------------------------------------------------------------------
[2026-03-18 14:50:58] [DEPRECATED] session_set_save_handler(): Providing individual callbacks instead of an object implementing SessionHandlerInterface is deprecated en C:\tools\nginx\html\sistema_biometrico\index.php línea 52
URI: /validaciones
--------------------------------------------------------------------------------
[2026-03-18 14:50:59] [DEPRECATED] session_set_save_handler(): Providing individual callbacks instead of an object implementing SessionHandlerInterface is deprecated en C:\tools\nginx\html\sistema_biometrico\index.php línea 52
URI: /validaciones/obtener-areas
--------------------------------------------------------------------------------
[2026-03-18 14:50:59] [DEPRECATED] session_set_save_handler(): Providing individual callbacks instead of an object implementing SessionHandlerInterface is deprecated en C:\tools\nginx\html\sistema_biometrico\index.php línea 52
URI: /validaciones/estadisticas
--------------------------------------------------------------------------------
[2026-03-18 14:50:59] [DEPRECATED] session_set_save_handler(): Providing individual callbacks instead of an object implementing SessionHandlerInterface is deprecated en C:\tools\nginx\html\sistema_biometrico\index.php línea 52
URI: /validaciones
--------------------------------------------------------------------------------
[2026-03-18 14:50:59] [DEPRECATED] session_set_save_handler(): Providing individual callbacks instead of an object implementing SessionHandlerInterface is deprecated en C:\tools\nginx\html\sistema_biometrico\index.php línea 52
URI: /validaciones
--------------------------------------------------------------------------------
[2026-03-18 14:50:59] [DEPRECATED] session_set_save_handler(): Providing individual callbacks instead of an object implementing SessionHandlerInterface is deprecated en C:\tools\nginx\html\sistema_biometrico\index.php línea 52
URI: /validaciones
--------------------------------------------------------------------------------
[2026-03-18 14:50:59] [DEPRECATED] session_set_save_handler(): Providing individual callbacks instead of an object implementing SessionHandlerInterface is deprecated en C:\tools\nginx\html\sistema_biometrico\index.php línea 52
URI: /validaciones/buscar-empleados?solo_con_incidencias=1
--------------------------------------------------------------------------------
[2026-03-18 14:50:59] [DEPRECATED] session_set_save_handler(): Providing individual callbacks instead of an object implementing SessionHandlerInterface is deprecated en C:\tools\nginx\html\sistema_biometrico\index.php línea 52
URI: /api/log-error
--------------------------------------------------------------------------------
[2026-03-18 14:50:59] [DEPRECATED] session_set_save_handler(): Providing individual callbacks instead of an object implementing SessionHandlerInterface is deprecated en C:\tools\nginx\html\sistema_biometrico\index.php línea 52
URI: /api/log-error
--------------------------------------------------------------------------------
[2026-03-18 14:50:59] [DEPRECATED] session_set_save_handler(): Providing individual callbacks instead of an object implementing SessionHandlerInterface is deprecated en C:\tools\nginx\html\sistema_biometrico\index.php línea 52
URI: /api/log-error
--------------------------------------------------------------------------------
[2026-03-18 14:50:59] [DEPRECATED] session_set_save_handler(): Providing individual callbacks instead of an object implementing SessionHandlerInterface is deprecated en C:\tools\nginx\html\sistema_biometrico\index.php línea 52
URI: /validaciones
--------------------------------------------------------------------------------
[2026-03-18 14:50:59] [DEPRECATED] session_set_save_handler(): Providing individual callbacks instead of an object implementing SessionHandlerInterface is deprecated en C:\tools\nginx\html\sistema_biometrico\index.php línea 52
URI: /validaciones/buscar-empleados?solo_con_incidencias=1
--------------------------------------------------------------------------------
[2026-03-18 14:50:59] [DEPRECATED] session_set_save_handler(): Providing individual callbacks instead of an object implementing SessionHandlerInterface is deprecated en C:\tools\nginx\html\sistema_biometrico\index.php línea 52
URI: /validaciones
--------------------------------------------------------------------------------
[2026-03-18 14:50:59] [DEPRECATED] session_set_save_handler(): Providing individual callbacks instead of an object implementing SessionHandlerInterface is deprecated en C:\tools\nginx\html\sistema_biometrico\index.php línea 52
URI: /validaciones/obtener-areas
--------------------------------------------------------------------------------
[2026-03-18 14:51:00] [DEPRECATED] session_set_save_handler(): Providing individual callbacks instead of an object implementing SessionHandlerInterface is deprecated en C:\tools\nginx\html\sistema_biometrico\index.php línea 52
URI: /validaciones/estadisticas
--------------------------------------------------------------------------------
[2026-03-18 14:51:00] [DEPRECATED] session_set_save_handler(): Providing individual callbacks instead of an object implementing SessionHandlerInterface is deprecated en C:\tools\nginx\html\sistema_biometrico\index.php línea 52
URI: /api/log-error
--------------------------------------------------------------------------------
[2026-03-18 14:51:00] [DEPRECATED] session_set_save_handler(): Providing individual callbacks instead of an object implementing SessionHandlerInterface is deprecated en C:\tools\nginx\html\sistema_biometrico\index.php línea 52
URI: /api/log-error
--------------------------------------------------------------------------------
[2026-03-18 14:51:00] [DEPRECATED] session_set_save_handler(): Providing individual callbacks instead of an object implementing SessionHandlerInterface is deprecated en C:\tools\nginx\html\sistema_biometrico\index.php línea 52
URI: /api/log-error
--------------------------------------------------------------------------------
[2026-03-18 14:51:00] [DEPRECATED] session_set_save_handler(): Providing individual callbacks instead of an object implementing SessionHandlerInterface is deprecated en C:\tools\nginx\html\sistema_biometrico\index.php línea 52
URI: /api/log-error
--------------------------------------------------------------------------------
[2026-03-18 14:51:00] [DEPRECATED] session_set_save_handler(): Providing individual callbacks instead of an object implementing SessionHandlerInterface is deprecated en C:\tools\nginx\html\sistema_biometrico\index.php línea 52
URI: /api/log-error
--------------------------------------------------------------------------------
[2026-03-18 14:51:00] [DEPRECATED] session_set_save_handler(): Providing individual callbacks instead of an object implementing SessionHandlerInterface is deprecated en C:\tools\nginx\html\sistema_biometrico\index.php línea 52
URI: /api/log-error
--------------------------------------------------------------------------------
[2026-03-18 14:51:00] [DEPRECATED] session_set_save_handler(): Providing individual callbacks instead of an object implementing SessionHandlerInterface is deprecated en C:\tools\nginx\html\sistema_biometrico\index.php línea 52
URI: /validaciones
--------------------------------------------------------------------------------
[2026-03-18 14:51:00] [DEPRECATED] session_set_save_handler(): Providing individual callbacks instead of an object implementing SessionHandlerInterface is deprecated en C:\tools\nginx\html\sistema_biometrico\index.php línea 52
URI: /validaciones/buscar-empleados?solo_con_incidencias=1
--------------------------------------------------------------------------------
[2026-03-18 14:51:00] [DEPRECATED] session_set_save_handler(): Providing individual callbacks instead of an object implementing SessionHandlerInterface is deprecated en C:\tools\nginx\html\sistema_biometrico\index.php línea 52
URI: /validaciones
--------------------------------------------------------------------------------
[2026-03-18 14:51:00] [DEPRECATED] session_set_save_handler(): Providing individual callbacks instead of an object implementing SessionHandlerInterface is deprecated en C:\tools\nginx\html\sistema_biometrico\index.php línea 52
URI: /validaciones/obtener-areas
--------------------------------------------------------------------------------
[2026-03-18 14:51:00] [DEPRECATED] session_set_save_handler(): Providing individual callbacks instead of an object implementing SessionHandlerInterface is deprecated en C:\tools\nginx\html\sistema_biometrico\index.php línea 52
URI: /validaciones/estadisticas
--------------------------------------------------------------------------------
[2026-03-18 14:51:00] [DEPRECATED] session_set_save_handler(): Providing individual callbacks instead of an object implementing SessionHandlerInterface is deprecated en C:\tools\nginx\html\sistema_biometrico\index.php línea 52
URI: /api/log-error
--------------------------------------------------------------------------------
[2026-03-18 14:51:01] [DEPRECATED] session_set_save_handler(): Providing individual callbacks instead of an object implementing SessionHandlerInterface is deprecated en C:\tools\nginx\html\sistema_biometrico\index.php línea 52
URI: /api/log-error
--------------------------------------------------------------------------------
[2026-03-18 14:51:01] [DEPRECATED] session_set_save_handler(): Providing individual callbacks instead of an object implementing SessionHandlerInterface is deprecated en C:\tools\nginx\html\sistema_biometrico\index.php línea 52
URI: /api/log-error
--------------------------------------------------------------------------------
[2026-03-18 14:51:01] [DEPRECATED] session_set_save_handler(): Providing individual callbacks instead of an object implementing SessionHandlerInterface is deprecated en C:\tools\nginx\html\sistema_biometrico\index.php línea 52
URI: /api/log-error
--------------------------------------------------------------------------------
[2026-03-18 14:51:01] [DEPRECATED] session_set_save_handler(): Providing individual callbacks instead of an object implementing SessionHandlerInterface is deprecated en C:\tools\nginx\html\sistema_biometrico\index.php línea 52
URI: /api/log-error
--------------------------------------------------------------------------------
[2026-03-18 14:51:01] [DEPRECATED] session_set_save_handler(): Providing individual callbacks instead of an object implementing SessionHandlerInterface is deprecated en C:\tools\nginx\html\sistema_biometrico\index.php línea 52
URI: /validaciones/buscar-empleados?solo_con_incidencias=1
--------------------------------------------------------------------------------
[2026-03-18 14:51:01] [DEPRECATED] session_set_save_handler(): Providing individual callbacks instead of an object implementing SessionHandlerInterface is deprecated en C:\tools\nginx\html\sistema_biometrico\index.php línea 52
URI: /validaciones/obtener-areas
--------------------------------------------------------------------------------
[2026-03-18 14:51:01] [DEPRECATED] session_set_save_handler(): Providing individual callbacks instead of an object implementing SessionHandlerInterface is deprecated en C:\tools\nginx\html\sistema_biometrico\index.php línea 52
URI: /validaciones/estadisticas
--------------------------------------------------------------------------------
[2026-03-18 14:51:25] [DEPRECATED] session_set_save_handler(): Providing individual callbacks instead of an object implementing SessionHandlerInterface is deprecated en C:\tools\nginx\html\sistema_biometrico\index.php línea 52
URI: /validaciones
--------------------------------------------------------------------------------
[2026-03-18 14:51:25] [DEPRECATED] session_set_save_handler(): Providing individual callbacks instead of an object implementing SessionHandlerInterface is deprecated en C:\tools\nginx\html\sistema_biometrico\index.php línea 52
URI: /validaciones/buscar-empleados?solo_con_incidencias=1
--------------------------------------------------------------------------------
[2026-03-18 14:51:25] [DEPRECATED] session_set_save_handler(): Providing individual callbacks instead of an object implementing SessionHandlerInterface is deprecated en C:\tools\nginx\html\sistema_biometrico\index.php línea 52
URI: /validaciones/obtener-areas
--------------------------------------------------------------------------------
[2026-03-18 14:51:25] [DEPRECATED] session_set_save_handler(): Providing individual callbacks instead of an object implementing SessionHandlerInterface is deprecated en C:\tools\nginx\html\sistema_biometrico\index.php línea 52
URI: /validaciones/estadisticas
--------------------------------------------------------------------------------
[2026-03-18 14:51:26] [DEPRECATED] session_set_save_handler(): Providing individual callbacks instead of an object implementing SessionHandlerInterface is deprecated en C:\tools\nginx\html\sistema_biometrico\index.php línea 52
URI: /validaciones
--------------------------------------------------------------------------------
[2026-03-18 14:51:26] [DEPRECATED] session_set_save_handler(): Providing individual callbacks instead of an object implementing SessionHandlerInterface is deprecated en C:\tools\nginx\html\sistema_biometrico\index.php línea 52
URI: /validaciones/buscar-empleados?solo_con_incidencias=1
--------------------------------------------------------------------------------
[2026-03-18 14:51:26] [DEPRECATED] session_set_save_handler(): Providing individual callbacks instead of an object implementing SessionHandlerInterface is deprecated en C:\tools\nginx\html\sistema_biometrico\index.php línea 52
URI: /validaciones/obtener-areas
--------------------------------------------------------------------------------
[2026-03-18 14:51:26] [DEPRECATED] session_set_save_handler(): Providing individual callbacks instead of an object implementing SessionHandlerInterface is deprecated en C:\tools\nginx\html\sistema_biometrico\index.php línea 52
URI: /validaciones/estadisticas
--------------------------------------------------------------------------------
[2026-03-18 14:51:26] [DEPRECATED] session_set_save_handler(): Providing individual callbacks instead of an object implementing SessionHandlerInterface is deprecated en C:\tools\nginx\html\sistema_biometrico\index.php línea 52
URI: /validaciones
--------------------------------------------------------------------------------
[2026-03-18 14:51:26] [DEPRECATED] session_set_save_handler(): Providing individual callbacks instead of an object implementing SessionHandlerInterface is deprecated en C:\tools\nginx\html\sistema_biometrico\index.php línea 52
URI: /validaciones/buscar-empleados?solo_con_incidencias=1
--------------------------------------------------------------------------------
[2026-03-18 14:51:26] [DEPRECATED] session_set_save_handler(): Providing individual callbacks instead of an object implementing SessionHandlerInterface is deprecated en C:\tools\nginx\html\sistema_biometrico\index.php línea 52
URI: /validaciones/obtener-areas
--------------------------------------------------------------------------------
[2026-03-18 14:51:26] [DEPRECATED] session_set_save_handler(): Providing individual callbacks instead of an object implementing SessionHandlerInterface is deprecated en C:\tools\nginx\html\sistema_biometrico\index.php línea 52
URI: /validaciones/estadisticas
--------------------------------------------------------------------------------
[2026-03-18 14:51:26] [DEPRECATED] session_set_save_handler(): Providing individual callbacks instead of an object implementing SessionHandlerInterface is deprecated en C:\tools\nginx\html\sistema_biometrico\index.php línea 52
URI: /validaciones
--------------------------------------------------------------------------------
[2026-03-18 14:51:26] [DEPRECATED] session_set_save_handler(): Providing individual callbacks instead of an object implementing SessionHandlerInterface is deprecated en C:\tools\nginx\html\sistema_biometrico\index.php línea 52
URI: /validaciones/buscar-empleados?solo_con_incidencias=1
--------------------------------------------------------------------------------
[2026-03-18 14:51:26] [DEPRECATED] session_set_save_handler(): Providing individual callbacks instead of an object implementing SessionHandlerInterface is deprecated en C:\tools\nginx\html\sistema_biometrico\index.php línea 52
URI: /validaciones
--------------------------------------------------------------------------------
[2026-03-18 14:51:27] [DEPRECATED] session_set_save_handler(): Providing individual callbacks instead of an object implementing SessionHandlerInterface is deprecated en C:\tools\nginx\html\sistema_biometrico\index.php línea 52
URI: /validaciones/obtener-areas
--------------------------------------------------------------------------------
[2026-03-18 14:51:27] [DEPRECATED] session_set_save_handler(): Providing individual callbacks instead of an object implementing SessionHandlerInterface is deprecated en C:\tools\nginx\html\sistema_biometrico\index.php línea 52
URI: /validaciones/estadisticas
--------------------------------------------------------------------------------
[2026-03-18 14:51:27] [DEPRECATED] session_set_save_handler(): Providing individual callbacks instead of an object implementing SessionHandlerInterface is deprecated en C:\tools\nginx\html\sistema_biometrico\index.php línea 52
URI: /api/log-error
--------------------------------------------------------------------------------
[2026-03-18 14:51:27] [DEPRECATED] session_set_save_handler(): Providing individual callbacks instead of an object implementing SessionHandlerInterface is deprecated en C:\tools\nginx\html\sistema_biometrico\index.php línea 52
URI: /api/log-error
--------------------------------------------------------------------------------
[2026-03-18 14:51:27] [DEPRECATED] session_set_save_handler(): Providing individual callbacks instead of an object implementing SessionHandlerInterface is deprecated en C:\tools\nginx\html\sistema_biometrico\index.php línea 52
URI: /api/log-error
--------------------------------------------------------------------------------
[2026-03-18 14:51:27] [DEPRECATED] session_set_save_handler(): Providing individual callbacks instead of an object implementing SessionHandlerInterface is deprecated en C:\tools\nginx\html\sistema_biometrico\index.php línea 52
URI: /api/log-error
--------------------------------------------------------------------------------
[2026-03-18 14:51:27] [DEPRECATED] session_set_save_handler(): Providing individual callbacks instead of an object implementing SessionHandlerInterface is deprecated en C:\tools\nginx\html\sistema_biometrico\index.php línea 52
URI: /api/log-error
--------------------------------------------------------------------------------
[2026-03-18 14:51:27] [DEPRECATED] session_set_save_handler(): Providing individual callbacks instead of an object implementing SessionHandlerInterface is deprecated en C:\tools\nginx\html\sistema_biometrico\index.php línea 52
URI: /api/log-error
--------------------------------------------------------------------------------
[2026-03-18 14:51:27] [DEPRECATED] session_set_save_handler(): Providing individual callbacks instead of an object implementing SessionHandlerInterface is deprecated en C:\tools\nginx\html\sistema_biometrico\index.php línea 52
URI: /validaciones/buscar-empleados?solo_con_incidencias=1
--------------------------------------------------------------------------------
[2026-03-18 14:51:27] [DEPRECATED] session_set_save_handler(): Providing individual callbacks instead of an object implementing SessionHandlerInterface is deprecated en C:\tools\nginx\html\sistema_biometrico\index.php línea 52
URI: /validaciones
--------------------------------------------------------------------------------
[2026-03-18 14:51:27] [DEPRECATED] session_set_save_handler(): Providing individual callbacks instead of an object implementing SessionHandlerInterface is deprecated en C:\tools\nginx\html\sistema_biometrico\index.php línea 52
URI: /validaciones
--------------------------------------------------------------------------------
[2026-03-18 14:51:27] [DEPRECATED] session_set_save_handler(): Providing individual callbacks instead of an object implementing SessionHandlerInterface is deprecated en C:\tools\nginx\html\sistema_biometrico\index.php línea 52
URI: /validaciones/obtener-areas
--------------------------------------------------------------------------------
[2026-03-18 14:51:27] [DEPRECATED] session_set_save_handler(): Providing individual callbacks instead of an object implementing SessionHandlerInterface is deprecated en C:\tools\nginx\html\sistema_biometrico\index.php línea 52
URI: /validaciones/estadisticas
--------------------------------------------------------------------------------
[2026-03-18 14:51:27] [DEPRECATED] session_set_save_handler(): Providing individual callbacks instead of an object implementing SessionHandlerInterface is deprecated en C:\tools\nginx\html\sistema_biometrico\index.php línea 52
URI: /api/log-error
--------------------------------------------------------------------------------
[2026-03-18 14:51:27] [DEPRECATED] session_set_save_handler(): Providing individual callbacks instead of an object implementing SessionHandlerInterface is deprecated en C:\tools\nginx\html\sistema_biometrico\index.php línea 52
URI: /api/log-error
--------------------------------------------------------------------------------
[2026-03-18 14:51:27] [DEPRECATED] session_set_save_handler(): Providing individual callbacks instead of an object implementing SessionHandlerInterface is deprecated en C:\tools\nginx\html\sistema_biometrico\index.php línea 52
URI: /api/log-error
--------------------------------------------------------------------------------
[2026-03-18 14:51:27] [DEPRECATED] session_set_save_handler(): Providing individual callbacks instead of an object implementing SessionHandlerInterface is deprecated en C:\tools\nginx\html\sistema_biometrico\index.php línea 52
URI: /api/log-error
--------------------------------------------------------------------------------
[2026-03-18 14:51:27] [DEPRECATED] session_set_save_handler(): Providing individual callbacks instead of an object implementing SessionHandlerInterface is deprecated en C:\tools\nginx\html\sistema_biometrico\index.php línea 52
URI: /api/log-error
--------------------------------------------------------------------------------
[2026-03-18 14:51:27] [DEPRECATED] session_set_save_handler(): Providing individual callbacks instead of an object implementing SessionHandlerInterface is deprecated en C:\tools\nginx\html\sistema_biometrico\index.php línea 52
URI: /api/log-error
--------------------------------------------------------------------------------
[2026-03-18 14:51:27] [DEPRECATED] session_set_save_handler(): Providing individual callbacks instead of an object implementing SessionHandlerInterface is deprecated en C:\tools\nginx\html\sistema_biometrico\index.php línea 52
URI: /validaciones/buscar-empleados?solo_con_incidencias=1
--------------------------------------------------------------------------------
[2026-03-18 14:51:28] [DEPRECATED] session_set_save_handler(): Providing individual callbacks instead of an object implementing SessionHandlerInterface is deprecated en C:\tools\nginx\html\sistema_biometrico\index.php línea 52
URI: /validaciones
--------------------------------------------------------------------------------
[2026-03-18 14:51:28] [DEPRECATED] session_set_save_handler(): Providing individual callbacks instead of an object implementing SessionHandlerInterface is deprecated en C:\tools\nginx\html\sistema_biometrico\index.php línea 52
URI: /validaciones
--------------------------------------------------------------------------------
[2026-03-18 14:51:28] [DEPRECATED] session_set_save_handler(): Providing individual callbacks instead of an object implementing SessionHandlerInterface is deprecated en C:\tools\nginx\html\sistema_biometrico\index.php línea 52
URI: /validaciones/obtener-areas
--------------------------------------------------------------------------------
[2026-03-18 14:51:28] [DEPRECATED] session_set_save_handler(): Providing individual callbacks instead of an object implementing SessionHandlerInterface is deprecated en C:\tools\nginx\html\sistema_biometrico\index.php línea 52
URI: /validaciones/estadisticas
--------------------------------------------------------------------------------
[2026-03-18 14:51:28] [DEPRECATED] session_set_save_handler(): Providing individual callbacks instead of an object implementing SessionHandlerInterface is deprecated en C:\tools\nginx\html\sistema_biometrico\index.php línea 52
URI: /validaciones
--------------------------------------------------------------------------------
[2026-03-18 14:51:28] [DEPRECATED] session_set_save_handler(): Providing individual callbacks instead of an object implementing SessionHandlerInterface is deprecated en C:\tools\nginx\html\sistema_biometrico\index.php línea 52
URI: /validaciones/buscar-empleados?solo_con_incidencias=1
--------------------------------------------------------------------------------
[2026-03-18 14:51:28] [DEPRECATED] session_set_save_handler(): Providing individual callbacks instead of an object implementing SessionHandlerInterface is deprecated en C:\tools\nginx\html\sistema_biometrico\index.php línea 52
URI: /validaciones
--------------------------------------------------------------------------------
[2026-03-18 14:51:28] [DEPRECATED] session_set_save_handler(): Providing individual callbacks instead of an object implementing SessionHandlerInterface is deprecated en C:\tools\nginx\html\sistema_biometrico\index.php línea 52
URI: /validaciones/obtener-areas
--------------------------------------------------------------------------------
[2026-03-18 14:51:28] [DEPRECATED] session_set_save_handler(): Providing individual callbacks instead of an object implementing SessionHandlerInterface is deprecated en C:\tools\nginx\html\sistema_biometrico\index.php línea 52
URI: /validaciones/estadisticas
--------------------------------------------------------------------------------
[2026-03-18 14:51:28] [DEPRECATED] session_set_save_handler(): Providing individual callbacks instead of an object implementing SessionHandlerInterface is deprecated en C:\tools\nginx\html\sistema_biometrico\index.php línea 52
URI: /api/log-error
--------------------------------------------------------------------------------
[2026-03-18 14:51:28] [DEPRECATED] session_set_save_handler(): Providing individual callbacks instead of an object implementing SessionHandlerInterface is deprecated en C:\tools\nginx\html\sistema_biometrico\index.php línea 52
URI: /api/log-error
--------------------------------------------------------------------------------
[2026-03-18 14:51:28] [DEPRECATED] session_set_save_handler(): Providing individual callbacks instead of an object implementing SessionHandlerInterface is deprecated en C:\tools\nginx\html\sistema_biometrico\index.php línea 52
URI: /api/log-error
--------------------------------------------------------------------------------
[2026-03-18 14:51:28] [DEPRECATED] session_set_save_handler(): Providing individual callbacks instead of an object implementing SessionHandlerInterface is deprecated en C:\tools\nginx\html\sistema_biometrico\index.php línea 52
URI: /api/log-error
--------------------------------------------------------------------------------
[2026-03-18 14:51:28] [DEPRECATED] session_set_save_handler(): Providing individual callbacks instead of an object implementing SessionHandlerInterface is deprecated en C:\tools\nginx\html\sistema_biometrico\index.php línea 52
URI: /api/log-error
--------------------------------------------------------------------------------
[2026-03-18 14:51:28] [DEPRECATED] session_set_save_handler(): Providing individual callbacks instead of an object implementing SessionHandlerInterface is deprecated en C:\tools\nginx\html\sistema_biometrico\index.php línea 52
URI: /validaciones/buscar-empleados?solo_con_incidencias=1
--------------------------------------------------------------------------------
[2026-03-18 14:51:28] [DEPRECATED] session_set_save_handler(): Providing individual callbacks instead of an object implementing SessionHandlerInterface is deprecated en C:\tools\nginx\html\sistema_biometrico\index.php línea 52
URI: /validaciones
--------------------------------------------------------------------------------
[2026-03-18 14:51:29] [DEPRECATED] session_set_save_handler(): Providing individual callbacks instead of an object implementing SessionHandlerInterface is deprecated en C:\tools\nginx\html\sistema_biometrico\index.php línea 52
URI: /validaciones/obtener-areas
--------------------------------------------------------------------------------
[2026-03-18 14:51:29] [DEPRECATED] session_set_save_handler(): Providing individual callbacks instead of an object implementing SessionHandlerInterface is deprecated en C:\tools\nginx\html\sistema_biometrico\index.php línea 52
URI: /validaciones/estadisticas
--------------------------------------------------------------------------------
[2026-03-18 14:51:29] [DEPRECATED] session_set_save_handler(): Providing individual callbacks instead of an object implementing SessionHandlerInterface is deprecated en C:\tools\nginx\html\sistema_biometrico\index.php línea 52
URI: /api/log-error
--------------------------------------------------------------------------------
[2026-03-18 14:51:29] [DEPRECATED] session_set_save_handler(): Providing individual callbacks instead of an object implementing SessionHandlerInterface is deprecated en C:\tools\nginx\html\sistema_biometrico\index.php línea 52
URI: /api/log-error
--------------------------------------------------------------------------------
[2026-03-18 14:51:29] [DEPRECATED] session_set_save_handler(): Providing individual callbacks instead of an object implementing SessionHandlerInterface is deprecated en C:\tools\nginx\html\sistema_biometrico\index.php línea 52
URI: /api/log-error
--------------------------------------------------------------------------------
[2026-03-18 14:51:29] [DEPRECATED] session_set_save_handler(): Providing individual callbacks instead of an object implementing SessionHandlerInterface is deprecated en C:\tools\nginx\html\sistema_biometrico\index.php línea 52
URI: /api/log-error
--------------------------------------------------------------------------------
[2026-03-18 14:51:29] [DEPRECATED] session_set_save_handler(): Providing individual callbacks instead of an object implementing SessionHandlerInterface is deprecated en C:\tools\nginx\html\sistema_biometrico\index.php línea 52
URI: /api/log-error
--------------------------------------------------------------------------------
[2026-03-18 14:51:29] [DEPRECATED] session_set_save_handler(): Providing individual callbacks instead of an object implementing SessionHandlerInterface is deprecated en C:\tools\nginx\html\sistema_biometrico\index.php línea 52
URI: /api/log-error
--------------------------------------------------------------------------------
[2026-03-18 14:51:29] [DEPRECATED] session_set_save_handler(): Providing individual callbacks instead of an object implementing SessionHandlerInterface is deprecated en C:\tools\nginx\html\sistema_biometrico\index.php línea 52
URI: /validaciones
--------------------------------------------------------------------------------
[2026-03-18 14:51:29] [DEPRECATED] session_set_save_handler(): Providing individual callbacks instead of an object implementing SessionHandlerInterface is deprecated en C:\tools\nginx\html\sistema_biometrico\index.php línea 52
URI: /validaciones/buscar-empleados?solo_con_incidencias=1
--------------------------------------------------------------------------------
[2026-03-18 14:51:29] [DEPRECATED] session_set_save_handler(): Providing individual callbacks instead of an object implementing SessionHandlerInterface is deprecated en C:\tools\nginx\html\sistema_biometrico\index.php línea 52
URI: /validaciones
--------------------------------------------------------------------------------
[2026-03-18 14:51:29] [DEPRECATED] session_set_save_handler(): Providing individual callbacks instead of an object implementing SessionHandlerInterface is deprecated en C:\tools\nginx\html\sistema_biometrico\index.php línea 52
URI: /validaciones
--------------------------------------------------------------------------------
[2026-03-18 14:51:29] [DEPRECATED] session_set_save_handler(): Providing individual callbacks instead of an object implementing SessionHandlerInterface is deprecated en C:\tools\nginx\html\sistema_biometrico\index.php línea 52
URI: /validaciones
--------------------------------------------------------------------------------
[2026-03-18 14:51:29] [DEPRECATED] session_set_save_handler(): Providing individual callbacks instead of an object implementing SessionHandlerInterface is deprecated en C:\tools\nginx\html\sistema_biometrico\index.php línea 52
URI: /validaciones/obtener-areas
--------------------------------------------------------------------------------
[2026-03-18 14:51:30] [DEPRECATED] session_set_save_handler(): Providing individual callbacks instead of an object implementing SessionHandlerInterface is deprecated en C:\tools\nginx\html\sistema_biometrico\index.php línea 52
URI: /validaciones/estadisticas
--------------------------------------------------------------------------------
[2026-03-18 14:51:30] [DEPRECATED] session_set_save_handler(): Providing individual callbacks instead of an object implementing SessionHandlerInterface is deprecated en C:\tools\nginx\html\sistema_biometrico\index.php línea 52
URI: /api/log-error
--------------------------------------------------------------------------------
[2026-03-18 14:51:30] [DEPRECATED] session_set_save_handler(): Providing individual callbacks instead of an object implementing SessionHandlerInterface is deprecated en C:\tools\nginx\html\sistema_biometrico\index.php línea 52
URI: /api/log-error
--------------------------------------------------------------------------------
[2026-03-18 14:51:30] [DEPRECATED] session_set_save_handler(): Providing individual callbacks instead of an object implementing SessionHandlerInterface is deprecated en C:\tools\nginx\html\sistema_biometrico\index.php línea 52
URI: /validaciones/buscar-empleados?solo_con_incidencias=1
--------------------------------------------------------------------------------
[2026-03-18 14:51:30] [DEPRECATED] session_set_save_handler(): Providing individual callbacks instead of an object implementing SessionHandlerInterface is deprecated en C:\tools\nginx\html\sistema_biometrico\index.php línea 52
URI: /validaciones
--------------------------------------------------------------------------------
[2026-03-18 14:51:30] [DEPRECATED] session_set_save_handler(): Providing individual callbacks instead of an object implementing SessionHandlerInterface is deprecated en C:\tools\nginx\html\sistema_biometrico\index.php línea 52
URI: /validaciones/obtener-areas
--------------------------------------------------------------------------------
[2026-03-18 14:51:30] [DEPRECATED] session_set_save_handler(): Providing individual callbacks instead of an object implementing SessionHandlerInterface is deprecated en C:\tools\nginx\html\sistema_biometrico\index.php línea 52
URI: /validaciones/estadisticas
--------------------------------------------------------------------------------
[2026-03-18 14:51:30] [DEPRECATED] session_set_save_handler(): Providing individual callbacks instead of an object implementing SessionHandlerInterface is deprecated en C:\tools\nginx\html\sistema_biometrico\index.php línea 52
URI: /api/log-error
--------------------------------------------------------------------------------
[2026-03-18 14:51:30] [DEPRECATED] session_set_save_handler(): Providing individual callbacks instead of an object implementing SessionHandlerInterface is deprecated en C:\tools\nginx\html\sistema_biometrico\index.php línea 52
URI: /api/log-error
--------------------------------------------------------------------------------
[2026-03-18 14:51:30] [DEPRECATED] session_set_save_handler(): Providing individual callbacks instead of an object implementing SessionHandlerInterface is deprecated en C:\tools\nginx\html\sistema_biometrico\index.php línea 52
URI: /api/log-error
--------------------------------------------------------------------------------
[2026-03-18 14:51:30] [DEPRECATED] session_set_save_handler(): Providing individual callbacks instead of an object implementing SessionHandlerInterface is deprecated en C:\tools\nginx\html\sistema_biometrico\index.php línea 52
URI: /api/log-error
--------------------------------------------------------------------------------
[2026-03-18 14:51:30] [DEPRECATED] session_set_save_handler(): Providing individual callbacks instead of an object implementing SessionHandlerInterface is deprecated en C:\tools\nginx\html\sistema_biometrico\index.php línea 52
URI: /api/log-error
--------------------------------------------------------------------------------
[2026-03-18 14:51:31] [DEPRECATED] session_set_save_handler(): Providing individual callbacks instead of an object implementing SessionHandlerInterface is deprecated en C:\tools\nginx\html\sistema_biometrico\index.php línea 52
URI: /api/log-error
--------------------------------------------------------------------------------
[2026-03-18 14:51:31] [DEPRECATED] session_set_save_handler(): Providing individual callbacks instead of an object implementing SessionHandlerInterface is deprecated en C:\tools\nginx\html\sistema_biometrico\index.php línea 52
URI: /validaciones
--------------------------------------------------------------------------------
[2026-03-18 14:51:31] [DEPRECATED] session_set_save_handler(): Providing individual callbacks instead of an object implementing SessionHandlerInterface is deprecated en C:\tools\nginx\html\sistema_biometrico\index.php línea 52
URI: /validaciones/buscar-empleados?solo_con_incidencias=1
--------------------------------------------------------------------------------
[2026-03-18 14:51:31] [DEPRECATED] session_set_save_handler(): Providing individual callbacks instead of an object implementing SessionHandlerInterface is deprecated en C:\tools\nginx\html\sistema_biometrico\index.php línea 52
URI: /validaciones
--------------------------------------------------------------------------------
[2026-03-18 14:51:31] [DEPRECATED] session_set_save_handler(): Providing individual callbacks instead of an object implementing SessionHandlerInterface is deprecated en C:\tools\nginx\html\sistema_biometrico\index.php línea 52
URI: /validaciones
--------------------------------------------------------------------------------
[2026-03-18 14:51:31] [DEPRECATED] session_set_save_handler(): Providing individual callbacks instead of an object implementing SessionHandlerInterface is deprecated en C:\tools\nginx\html\sistema_biometrico\index.php línea 52
URI: /validaciones
--------------------------------------------------------------------------------
[2026-03-18 14:51:31] [DEPRECATED] session_set_save_handler(): Providing individual callbacks instead of an object implementing SessionHandlerInterface is deprecated en C:\tools\nginx\html\sistema_biometrico\index.php línea 52
URI: /validaciones/obtener-areas
--------------------------------------------------------------------------------
[2026-03-18 14:51:31] [DEPRECATED] session_set_save_handler(): Providing individual callbacks instead of an object implementing SessionHandlerInterface is deprecated en C:\tools\nginx\html\sistema_biometrico\index.php línea 52
URI: /validaciones/estadisticas
--------------------------------------------------------------------------------
[2026-03-18 14:51:31] [DEPRECATED] session_set_save_handler(): Providing individual callbacks instead of an object implementing SessionHandlerInterface is deprecated en C:\tools\nginx\html\sistema_biometrico\index.php línea 52
URI: /api/log-error
--------------------------------------------------------------------------------
[2026-03-18 14:51:31] [DEPRECATED] session_set_save_handler(): Providing individual callbacks instead of an object implementing SessionHandlerInterface is deprecated en C:\tools\nginx\html\sistema_biometrico\index.php línea 52
URI: /api/log-error
--------------------------------------------------------------------------------
[2026-03-18 14:51:31] [DEPRECATED] session_set_save_handler(): Providing individual callbacks instead of an object implementing SessionHandlerInterface is deprecated en C:\tools\nginx\html\sistema_biometrico\index.php línea 52
URI: /api/log-error
--------------------------------------------------------------------------------
[2026-03-18 14:51:31] [DEPRECATED] session_set_save_handler(): Providing individual callbacks instead of an object implementing SessionHandlerInterface is deprecated en C:\tools\nginx\html\sistema_biometrico\index.php línea 52
URI: /api/log-error
--------------------------------------------------------------------------------
[2026-03-18 14:51:31] [DEPRECATED] session_set_save_handler(): Providing individual callbacks instead of an object implementing SessionHandlerInterface is deprecated en C:\tools\nginx\html\sistema_biometrico\index.php línea 52
URI: /api/log-error
--------------------------------------------------------------------------------
[2026-03-18 14:51:31] [DEPRECATED] session_set_save_handler(): Providing individual callbacks instead of an object implementing SessionHandlerInterface is deprecated en C:\tools\nginx\html\sistema_biometrico\index.php línea 52
URI: /api/log-error
--------------------------------------------------------------------------------
[2026-03-18 14:51:31] [DEPRECATED] session_set_save_handler(): Providing individual callbacks instead of an object implementing SessionHandlerInterface is deprecated en C:\tools\nginx\html\sistema_biometrico\index.php línea 52
URI: /validaciones/buscar-empleados?solo_con_incidencias=1
--------------------------------------------------------------------------------
[2026-03-18 14:51:31] [DEPRECATED] session_set_save_handler(): Providing individual callbacks instead of an object implementing SessionHandlerInterface is deprecated en C:\tools\nginx\html\sistema_biometrico\index.php línea 52
URI: /validaciones
--------------------------------------------------------------------------------
[2026-03-18 14:51:31] [DEPRECATED] session_set_save_handler(): Providing individual callbacks instead of an object implementing SessionHandlerInterface is deprecated en C:\tools\nginx\html\sistema_biometrico\index.php línea 52
URI: /validaciones
--------------------------------------------------------------------------------
[2026-03-18 14:51:31] [DEPRECATED] session_set_save_handler(): Providing individual callbacks instead of an object implementing SessionHandlerInterface is deprecated en C:\tools\nginx\html\sistema_biometrico\index.php línea 52
URI: /validaciones/obtener-areas
--------------------------------------------------------------------------------
[2026-03-18 14:51:31] [DEPRECATED] session_set_save_handler(): Providing individual callbacks instead of an object implementing SessionHandlerInterface is deprecated en C:\tools\nginx\html\sistema_biometrico\index.php línea 52
URI: /validaciones/estadisticas
--------------------------------------------------------------------------------
[2026-03-18 14:51:32] [DEPRECATED] session_set_save_handler(): Providing individual callbacks instead of an object implementing SessionHandlerInterface is deprecated en C:\tools\nginx\html\sistema_biometrico\index.php línea 52
URI: /api/log-error
--------------------------------------------------------------------------------
[2026-03-18 14:51:32] [DEPRECATED] session_set_save_handler(): Providing individual callbacks instead of an object implementing SessionHandlerInterface is deprecated en C:\tools\nginx\html\sistema_biometrico\index.php línea 52
URI: /api/log-error
--------------------------------------------------------------------------------
[2026-03-18 14:51:32] [DEPRECATED] session_set_save_handler(): Providing individual callbacks instead of an object implementing SessionHandlerInterface is deprecated en C:\tools\nginx\html\sistema_biometrico\index.php línea 52
URI: /api/log-error
--------------------------------------------------------------------------------
[2026-03-18 14:51:32] [DEPRECATED] session_set_save_handler(): Providing individual callbacks instead of an object implementing SessionHandlerInterface is deprecated en C:\tools\nginx\html\sistema_biometrico\index.php línea 52
URI: /api/log-error
--------------------------------------------------------------------------------
[2026-03-18 14:51:32] [DEPRECATED] session_set_save_handler(): Providing individual callbacks instead of an object implementing SessionHandlerInterface is deprecated en C:\tools\nginx\html\sistema_biometrico\index.php línea 52
URI: /api/log-error
--------------------------------------------------------------------------------
[2026-03-18 14:51:32] [DEPRECATED] session_set_save_handler(): Providing individual callbacks instead of an object implementing SessionHandlerInterface is deprecated en C:\tools\nginx\html\sistema_biometrico\index.php línea 52
URI: /api/log-error
--------------------------------------------------------------------------------
[2026-03-18 14:51:32] [DEPRECATED] session_set_save_handler(): Providing individual callbacks instead of an object implementing SessionHandlerInterface is deprecated en C:\tools\nginx\html\sistema_biometrico\index.php línea 52
URI: /validaciones/buscar-empleados?solo_con_incidencias=1
--------------------------------------------------------------------------------
[2026-03-18 14:51:32] [DEPRECATED] session_set_save_handler(): Providing individual callbacks instead of an object implementing SessionHandlerInterface is deprecated en C:\tools\nginx\html\sistema_biometrico\index.php línea 52
URI: /validaciones
--------------------------------------------------------------------------------
[2026-03-18 14:51:32] [DEPRECATED] session_set_save_handler(): Providing individual callbacks instead of an object implementing SessionHandlerInterface is deprecated en C:\tools\nginx\html\sistema_biometrico\index.php línea 52
URI: /validaciones
--------------------------------------------------------------------------------
[2026-03-18 14:51:32] [DEPRECATED] session_set_save_handler(): Providing individual callbacks instead of an object implementing SessionHandlerInterface is deprecated en C:\tools\nginx\html\sistema_biometrico\index.php línea 52
URI: /validaciones/obtener-areas
--------------------------------------------------------------------------------
[2026-03-18 14:51:32] [DEPRECATED] session_set_save_handler(): Providing individual callbacks instead of an object implementing SessionHandlerInterface is deprecated en C:\tools\nginx\html\sistema_biometrico\index.php línea 52
URI: /validaciones/estadisticas
--------------------------------------------------------------------------------
[2026-03-18 14:51:32] [DEPRECATED] session_set_save_handler(): Providing individual callbacks instead of an object implementing SessionHandlerInterface is deprecated en C:\tools\nginx\html\sistema_biometrico\index.php línea 52
URI: /api/log-error
--------------------------------------------------------------------------------
[2026-03-18 14:51:32] [DEPRECATED] session_set_save_handler(): Providing individual callbacks instead of an object implementing SessionHandlerInterface is deprecated en C:\tools\nginx\html\sistema_biometrico\index.php línea 52
URI: /api/log-error
--------------------------------------------------------------------------------
[2026-03-18 14:51:32] [DEPRECATED] session_set_save_handler(): Providing individual callbacks instead of an object implementing SessionHandlerInterface is deprecated en C:\tools\nginx\html\sistema_biometrico\index.php línea 52
URI: /api/log-error
--------------------------------------------------------------------------------
[2026-03-18 14:51:32] [DEPRECATED] session_set_save_handler(): Providing individual callbacks instead of an object implementing SessionHandlerInterface is deprecated en C:\tools\nginx\html\sistema_biometrico\index.php línea 52
URI: /api/log-error
--------------------------------------------------------------------------------
[2026-03-18 14:51:32] [DEPRECATED] session_set_save_handler(): Providing individual callbacks instead of an object implementing SessionHandlerInterface is deprecated en C:\tools\nginx\html\sistema_biometrico\index.php línea 52
URI: /api/log-error
--------------------------------------------------------------------------------
[2026-03-18 14:51:32] [DEPRECATED] session_set_save_handler(): Providing individual callbacks instead of an object implementing SessionHandlerInterface is deprecated en C:\tools\nginx\html\sistema_biometrico\index.php línea 52
URI: /api/log-error
--------------------------------------------------------------------------------
[2026-03-18 14:51:32] [DEPRECATED] session_set_save_handler(): Providing individual callbacks instead of an object implementing SessionHandlerInterface is deprecated en C:\tools\nginx\html\sistema_biometrico\index.php línea 52
URI: /validaciones/buscar-empleados?solo_con_incidencias=1
--------------------------------------------------------------------------------
[2026-03-18 14:51:32] [DEPRECATED] session_set_save_handler(): Providing individual callbacks instead of an object implementing SessionHandlerInterface is deprecated en C:\tools\nginx\html\sistema_biometrico\index.php línea 52
URI: /validaciones
--------------------------------------------------------------------------------
[2026-03-18 14:51:33] [DEPRECATED] session_set_save_handler(): Providing individual callbacks instead of an object implementing SessionHandlerInterface is deprecated en C:\tools\nginx\html\sistema_biometrico\index.php línea 52
URI: /validaciones
--------------------------------------------------------------------------------
[2026-03-18 14:51:33] [DEPRECATED] session_set_save_handler(): Providing individual callbacks instead of an object implementing SessionHandlerInterface is deprecated en C:\tools\nginx\html\sistema_biometrico\index.php línea 52
URI: /validaciones/obtener-areas
--------------------------------------------------------------------------------
[2026-03-18 14:51:33] [DEPRECATED] session_set_save_handler(): Providing individual callbacks instead of an object implementing SessionHandlerInterface is deprecated en C:\tools\nginx\html\sistema_biometrico\index.php línea 52
URI: /validaciones/estadisticas
--------------------------------------------------------------------------------
[2026-03-18 14:51:33] [DEPRECATED] session_set_save_handler(): Providing individual callbacks instead of an object implementing SessionHandlerInterface is deprecated en C:\tools\nginx\html\sistema_biometrico\index.php línea 52
URI: /api/log-error
--------------------------------------------------------------------------------
[2026-03-18 14:51:33] [DEPRECATED] session_set_save_handler(): Providing individual callbacks instead of an object implementing SessionHandlerInterface is deprecated en C:\tools\nginx\html\sistema_biometrico\index.php línea 52
URI: /api/log-error
--------------------------------------------------------------------------------
[2026-03-18 14:51:33] [DEPRECATED] session_set_save_handler(): Providing individual callbacks instead of an object implementing SessionHandlerInterface is deprecated en C:\tools\nginx\html\sistema_biometrico\index.php línea 52
URI: /api/log-error
--------------------------------------------------------------------------------
[2026-03-18 14:51:33] [DEPRECATED] session_set_save_handler(): Providing individual callbacks instead of an object implementing SessionHandlerInterface is deprecated en C:\tools\nginx\html\sistema_biometrico\index.php línea 52
URI: /api/log-error
--------------------------------------------------------------------------------
[2026-03-18 14:51:33] [DEPRECATED] session_set_save_handler(): Providing individual callbacks instead of an object implementing SessionHandlerInterface is deprecated en C:\tools\nginx\html\sistema_biometrico\index.php línea 52
URI: /api/log-error
--------------------------------------------------------------------------------
[2026-03-18 14:51:33] [DEPRECATED] session_set_save_handler(): Providing individual callbacks instead of an object implementing SessionHandlerInterface is deprecated en C:\tools\nginx\html\sistema_biometrico\index.php línea 52
URI: /api/log-error
--------------------------------------------------------------------------------
[2026-03-18 14:51:33] [DEPRECATED] session_set_save_handler(): Providing individual callbacks instead of an object implementing SessionHandlerInterface is deprecated en C:\tools\nginx\html\sistema_biometrico\index.php línea 52
URI: /validaciones/buscar-empleados?solo_con_incidencias=1
--------------------------------------------------------------------------------
[2026-03-18 14:51:33] [DEPRECATED] session_set_save_handler(): Providing individual callbacks instead of an object implementing SessionHandlerInterface is deprecated en C:\tools\nginx\html\sistema_biometrico\index.php línea 52
URI: /validaciones
--------------------------------------------------------------------------------
[2026-03-18 14:51:33] [DEPRECATED] session_set_save_handler(): Providing individual callbacks instead of an object implementing SessionHandlerInterface is deprecated en C:\tools\nginx\html\sistema_biometrico\index.php línea 52
URI: /validaciones
--------------------------------------------------------------------------------
[2026-03-18 14:51:33] [DEPRECATED] session_set_save_handler(): Providing individual callbacks instead of an object implementing SessionHandlerInterface is deprecated en C:\tools\nginx\html\sistema_biometrico\index.php línea 52
URI: /validaciones/obtener-areas
--------------------------------------------------------------------------------
[2026-03-18 14:51:33] [DEPRECATED] session_set_save_handler(): Providing individual callbacks instead of an object implementing SessionHandlerInterface is deprecated en C:\tools\nginx\html\sistema_biometrico\index.php línea 52
URI: /validaciones/estadisticas
--------------------------------------------------------------------------------
[2026-03-18 14:51:33] [DEPRECATED] session_set_save_handler(): Providing individual callbacks instead of an object implementing SessionHandlerInterface is deprecated en C:\tools\nginx\html\sistema_biometrico\index.php línea 52
URI: /api/log-error
--------------------------------------------------------------------------------
[2026-03-18 14:51:33] [DEPRECATED] session_set_save_handler(): Providing individual callbacks instead of an object implementing SessionHandlerInterface is deprecated en C:\tools\nginx\html\sistema_biometrico\index.php línea 52
URI: /api/log-error
--------------------------------------------------------------------------------
[2026-03-18 14:51:33] [DEPRECATED] session_set_save_handler(): Providing individual callbacks instead of an object implementing SessionHandlerInterface is deprecated en C:\tools\nginx\html\sistema_biometrico\index.php línea 52
URI: /api/log-error
--------------------------------------------------------------------------------
[2026-03-18 14:51:33] [DEPRECATED] session_set_save_handler(): Providing individual callbacks instead of an object implementing SessionHandlerInterface is deprecated en C:\tools\nginx\html\sistema_biometrico\index.php línea 52
URI: /api/log-error
--------------------------------------------------------------------------------
[2026-03-18 14:51:33] [DEPRECATED] session_set_save_handler(): Providing individual callbacks instead of an object implementing SessionHandlerInterface is deprecated en C:\tools\nginx\html\sistema_biometrico\index.php línea 52
URI: /api/log-error
--------------------------------------------------------------------------------
[2026-03-18 14:51:33] [DEPRECATED] session_set_save_handler(): Providing individual callbacks instead of an object implementing SessionHandlerInterface is deprecated en C:\tools\nginx\html\sistema_biometrico\index.php línea 52
URI: /api/log-error
--------------------------------------------------------------------------------
[2026-03-18 14:51:33] [DEPRECATED] session_set_save_handler(): Providing individual callbacks instead of an object implementing SessionHandlerInterface is deprecated en C:\tools\nginx\html\sistema_biometrico\index.php línea 52
URI: /validaciones/buscar-empleados?solo_con_incidencias=1
--------------------------------------------------------------------------------
[2026-03-18 14:51:34] [DEPRECATED] session_set_save_handler(): Providing individual callbacks instead of an object implementing SessionHandlerInterface is deprecated en C:\tools\nginx\html\sistema_biometrico\index.php línea 52
URI: /validaciones
--------------------------------------------------------------------------------
[2026-03-18 14:51:34] [DEPRECATED] session_set_save_handler(): Providing individual callbacks instead of an object implementing SessionHandlerInterface is deprecated en C:\tools\nginx\html\sistema_biometrico\index.php línea 52
URI: /validaciones
--------------------------------------------------------------------------------
[2026-03-18 14:51:34] [DEPRECATED] session_set_save_handler(): Providing individual callbacks instead of an object implementing SessionHandlerInterface is deprecated en C:\tools\nginx\html\sistema_biometrico\index.php línea 52
URI: /validaciones/obtener-areas
--------------------------------------------------------------------------------
[2026-03-18 14:51:34] [DEPRECATED] session_set_save_handler(): Providing individual callbacks instead of an object implementing SessionHandlerInterface is deprecated en C:\tools\nginx\html\sistema_biometrico\index.php línea 52
URI: /validaciones/estadisticas
--------------------------------------------------------------------------------
[2026-03-18 14:51:34] [DEPRECATED] session_set_save_handler(): Providing individual callbacks instead of an object implementing SessionHandlerInterface is deprecated en C:\tools\nginx\html\sistema_biometrico\index.php línea 52
URI: /api/log-error
--------------------------------------------------------------------------------
[2026-03-18 14:51:34] [DEPRECATED] session_set_save_handler(): Providing individual callbacks instead of an object implementing SessionHandlerInterface is deprecated en C:\tools\nginx\html\sistema_biometrico\index.php línea 52
URI: /api/log-error
--------------------------------------------------------------------------------
[2026-03-18 14:51:34] [DEPRECATED] session_set_save_handler(): Providing individual callbacks instead of an object implementing SessionHandlerInterface is deprecated en C:\tools\nginx\html\sistema_biometrico\index.php línea 52
URI: /api/log-error
--------------------------------------------------------------------------------
[2026-03-18 14:51:34] [DEPRECATED] session_set_save_handler(): Providing individual callbacks instead of an object implementing SessionHandlerInterface is deprecated en C:\tools\nginx\html\sistema_biometrico\index.php línea 52
URI: /api/log-error
--------------------------------------------------------------------------------
[2026-03-18 14:51:34] [DEPRECATED] session_set_save_handler(): Providing individual callbacks instead of an object implementing SessionHandlerInterface is deprecated en C:\tools\nginx\html\sistema_biometrico\index.php línea 52
URI: /api/log-error
--------------------------------------------------------------------------------
[2026-03-18 14:51:34] [DEPRECATED] session_set_save_handler(): Providing individual callbacks instead of an object implementing SessionHandlerInterface is deprecated en C:\tools\nginx\html\sistema_biometrico\index.php línea 52
URI: /api/log-error
--------------------------------------------------------------------------------
[2026-03-18 14:51:34] [DEPRECATED] session_set_save_handler(): Providing individual callbacks instead of an object implementing SessionHandlerInterface is deprecated en C:\tools\nginx\html\sistema_biometrico\index.php línea 52
URI: /validaciones/buscar-empleados?solo_con_incidencias=1
--------------------------------------------------------------------------------
[2026-03-18 14:51:34] [DEPRECATED] session_set_save_handler(): Providing individual callbacks instead of an object implementing SessionHandlerInterface is deprecated en C:\tools\nginx\html\sistema_biometrico\index.php línea 52
URI: /validaciones/obtener-areas
--------------------------------------------------------------------------------
[2026-03-18 14:51:34] [DEPRECATED] session_set_save_handler(): Providing individual callbacks instead of an object implementing SessionHandlerInterface is deprecated en C:\tools\nginx\html\sistema_biometrico\index.php línea 52
URI: /validaciones/estadisticas
--------------------------------------------------------------------------------
[2026-03-18 14:51:36] [DEPRECATED] session_set_save_handler(): Providing individual callbacks instead of an object implementing SessionHandlerInterface is deprecated en C:\tools\nginx\html\sistema_biometrico\index.php línea 52
URI: /validaciones
--------------------------------------------------------------------------------
[2026-03-18 14:51:36] [DEPRECATED] session_set_save_handler(): Providing individual callbacks instead of an object implementing SessionHandlerInterface is deprecated en C:\tools\nginx\html\sistema_biometrico\index.php línea 52
URI: /validaciones/buscar-empleados?solo_con_incidencias=1
--------------------------------------------------------------------------------
[2026-03-18 14:51:36] [DEPRECATED] session_set_save_handler(): Providing individual callbacks instead of an object implementing SessionHandlerInterface is deprecated en C:\tools\nginx\html\sistema_biometrico\index.php línea 52
URI: /validaciones/obtener-areas
--------------------------------------------------------------------------------
[2026-03-18 14:51:36] [DEPRECATED] session_set_save_handler(): Providing individual callbacks instead of an object implementing SessionHandlerInterface is deprecated en C:\tools\nginx\html\sistema_biometrico\index.php línea 52
URI: /validaciones/estadisticas
--------------------------------------------------------------------------------
[2026-03-18 14:51:37] [DEPRECATED] session_set_save_handler(): Providing individual callbacks instead of an object implementing SessionHandlerInterface is deprecated en C:\tools\nginx\html\sistema_biometrico\index.php línea 52
URI: /validaciones
--------------------------------------------------------------------------------
[2026-03-18 14:51:37] [DEPRECATED] session_set_save_handler(): Providing individual callbacks instead of an object implementing SessionHandlerInterface is deprecated en C:\tools\nginx\html\sistema_biometrico\index.php línea 52
URI: /validaciones/buscar-empleados?solo_con_incidencias=1
--------------------------------------------------------------------------------
[2026-03-18 14:51:37] [DEPRECATED] session_set_save_handler(): Providing individual callbacks instead of an object implementing SessionHandlerInterface is deprecated en C:\tools\nginx\html\sistema_biometrico\index.php línea 52
URI: /validaciones/obtener-areas
--------------------------------------------------------------------------------
[2026-03-18 14:51:37] [DEPRECATED] session_set_save_handler(): Providing individual callbacks instead of an object implementing SessionHandlerInterface is deprecated en C:\tools\nginx\html\sistema_biometrico\index.php línea 52
URI: /validaciones/estadisticas
--------------------------------------------------------------------------------
[2026-03-18 14:51:51] [DEPRECATED] session_set_save_handler(): Providing individual callbacks instead of an object implementing SessionHandlerInterface is deprecated en C:\tools\nginx\html\sistema_biometrico\index.php línea 52
URI: /validaciones
--------------------------------------------------------------------------------
[2026-03-18 14:51:51] [DEPRECATED] session_set_save_handler(): Providing individual callbacks instead of an object implementing SessionHandlerInterface is deprecated en C:\tools\nginx\html\sistema_biometrico\index.php línea 52
URI: /validaciones/buscar-empleados?solo_con_incidencias=1
--------------------------------------------------------------------------------
[2026-03-18 14:51:51] [DEPRECATED] session_set_save_handler(): Providing individual callbacks instead of an object implementing SessionHandlerInterface is deprecated en C:\tools\nginx\html\sistema_biometrico\index.php línea 52
URI: /validaciones/obtener-areas
--------------------------------------------------------------------------------
[2026-03-18 14:51:51] [DEPRECATED] session_set_save_handler(): Providing individual callbacks instead of an object implementing SessionHandlerInterface is deprecated en C:\tools\nginx\html\sistema_biometrico\index.php línea 52
URI: /validaciones/estadisticas
--------------------------------------------------------------------------------
[2026-03-18 14:51:52] [DEPRECATED] session_set_save_handler(): Providing individual callbacks instead of an object implementing SessionHandlerInterface is deprecated en C:\tools\nginx\html\sistema_biometrico\index.php línea 52
URI: /validaciones
--------------------------------------------------------------------------------
[2026-03-18 14:51:52] [DEPRECATED] session_set_save_handler(): Providing individual callbacks instead of an object implementing SessionHandlerInterface is deprecated en C:\tools\nginx\html\sistema_biometrico\index.php línea 52
URI: /validaciones
--------------------------------------------------------------------------------
[2026-03-18 14:51:52] [DEPRECATED] session_set_save_handler(): Providing individual callbacks instead of an object implementing SessionHandlerInterface is deprecated en C:\tools\nginx\html\sistema_biometrico\index.php línea 52
URI: /validaciones/buscar-empleados?solo_con_incidencias=1
--------------------------------------------------------------------------------
[2026-03-18 14:51:52] [DEPRECATED] session_set_save_handler(): Providing individual callbacks instead of an object implementing SessionHandlerInterface is deprecated en C:\tools\nginx\html\sistema_biometrico\index.php línea 52
URI: /api/log-error
--------------------------------------------------------------------------------
[2026-03-18 14:51:52] [DEPRECATED] session_set_save_handler(): Providing individual callbacks instead of an object implementing SessionHandlerInterface is deprecated en C:\tools\nginx\html\sistema_biometrico\index.php línea 52
URI: /api/log-error
--------------------------------------------------------------------------------
[2026-03-18 14:51:52] [DEPRECATED] session_set_save_handler(): Providing individual callbacks instead of an object implementing SessionHandlerInterface is deprecated en C:\tools\nginx\html\sistema_biometrico\index.php línea 52
URI: /api/log-error
--------------------------------------------------------------------------------
[2026-03-18 14:51:52] [DEPRECATED] session_set_save_handler(): Providing individual callbacks instead of an object implementing SessionHandlerInterface is deprecated en C:\tools\nginx\html\sistema_biometrico\index.php línea 52
URI: /validaciones/obtener-areas
--------------------------------------------------------------------------------
[2026-03-18 14:51:52] [DEPRECATED] session_set_save_handler(): Providing individual callbacks instead of an object implementing SessionHandlerInterface is deprecated en C:\tools\nginx\html\sistema_biometrico\index.php línea 52
URI: /validaciones/estadisticas
--------------------------------------------------------------------------------
[2026-03-18 14:51:52] [DEPRECATED] session_set_save_handler(): Providing individual callbacks instead of an object implementing SessionHandlerInterface is deprecated en C:\tools\nginx\html\sistema_biometrico\index.php línea 52
URI: /validaciones
--------------------------------------------------------------------------------
[2026-03-18 14:51:52] [DEPRECATED] session_set_save_handler(): Providing individual callbacks instead of an object implementing SessionHandlerInterface is deprecated en C:\tools\nginx\html\sistema_biometrico\index.php línea 52
URI: /validaciones/buscar-empleados?solo_con_incidencias=1
--------------------------------------------------------------------------------
[2026-03-18 14:51:53] [DEPRECATED] session_set_save_handler(): Providing individual callbacks instead of an object implementing SessionHandlerInterface is deprecated en C:\tools\nginx\html\sistema_biometrico\index.php línea 52
URI: /validaciones
--------------------------------------------------------------------------------
[2026-03-18 14:51:53] [DEPRECATED] session_set_save_handler(): Providing individual callbacks instead of an object implementing SessionHandlerInterface is deprecated en C:\tools\nginx\html\sistema_biometrico\index.php línea 52
URI: /validaciones/obtener-areas
--------------------------------------------------------------------------------
[2026-03-18 14:51:53] [DEPRECATED] session_set_save_handler(): Providing individual callbacks instead of an object implementing SessionHandlerInterface is deprecated en C:\tools\nginx\html\sistema_biometrico\index.php línea 52
URI: /validaciones/estadisticas
--------------------------------------------------------------------------------
[2026-03-18 14:51:53] [DEPRECATED] session_set_save_handler(): Providing individual callbacks instead of an object implementing SessionHandlerInterface is deprecated en C:\tools\nginx\html\sistema_biometrico\index.php línea 52
URI: /validaciones
--------------------------------------------------------------------------------
[2026-03-18 14:51:53] [DEPRECATED] session_set_save_handler(): Providing individual callbacks instead of an object implementing SessionHandlerInterface is deprecated en C:\tools\nginx\html\sistema_biometrico\index.php línea 52
URI: /validaciones
--------------------------------------------------------------------------------
[2026-03-18 14:51:53] [DEPRECATED] session_set_save_handler(): Providing individual callbacks instead of an object implementing SessionHandlerInterface is deprecated en C:\tools\nginx\html\sistema_biometrico\index.php línea 52
URI: /validaciones
--------------------------------------------------------------------------------
[2026-03-18 14:51:53] [DEPRECATED] session_set_save_handler(): Providing individual callbacks instead of an object implementing SessionHandlerInterface is deprecated en C:\tools\nginx\html\sistema_biometrico\index.php línea 52
URI: /validaciones/buscar-empleados?solo_con_incidencias=1
--------------------------------------------------------------------------------
[2026-03-18 14:51:53] [DEPRECATED] session_set_save_handler(): Providing individual callbacks instead of an object implementing SessionHandlerInterface is deprecated en C:\tools\nginx\html\sistema_biometrico\index.php línea 52
URI: /api/log-error
--------------------------------------------------------------------------------
[2026-03-18 14:53:51] [DEPRECATED] session_set_save_handler(): Providing individual callbacks instead of an object implementing SessionHandlerInterface is deprecated en C:\tools\nginx\html\sistema_biometrico\index.php línea 52
URI: /
--------------------------------------------------------------------------------
[2026-03-18 14:54:05] [DEPRECATED] session_set_save_handler(): Providing individual callbacks instead of an object implementing SessionHandlerInterface is deprecated en C:\tools\nginx\html\sistema_biometrico\index.php línea 52
URI: /empleados
--------------------------------------------------------------------------------
[2026-03-18 14:54:09] [DEPRECATED] session_set_save_handler(): Providing individual callbacks instead of an object implementing SessionHandlerInterface is deprecated en C:\tools\nginx\html\sistema_biometrico\index.php línea 52
URI: /validaciones
--------------------------------------------------------------------------------
[2026-03-18 14:54:09] [DEPRECATED] session_set_save_handler(): Providing individual callbacks instead of an object implementing SessionHandlerInterface is deprecated en C:\tools\nginx\html\sistema_biometrico\index.php línea 52
URI: /validaciones/buscar-empleados?solo_con_incidencias=1
--------------------------------------------------------------------------------
[2026-03-18 14:54:09] [DEPRECATED] session_set_save_handler(): Providing individual callbacks instead of an object implementing SessionHandlerInterface is deprecated en C:\tools\nginx\html\sistema_biometrico\index.php línea 52
URI: /validaciones/obtener-areas
--------------------------------------------------------------------------------
[2026-03-18 14:54:09] [DEPRECATED] session_set_save_handler(): Providing individual callbacks instead of an object implementing SessionHandlerInterface is deprecated en C:\tools\nginx\html\sistema_biometrico\index.php línea 52
URI: /validaciones/estadisticas
--------------------------------------------------------------------------------
[2026-03-18 14:54:39] [DEPRECATED] session_set_save_handler(): Providing individual callbacks instead of an object implementing SessionHandlerInterface is deprecated en C:\tools\nginx\html\sistema_biometrico\index.php línea 52
URI: /validaciones/estadisticas
--------------------------------------------------------------------------------
[2026-03-18 14:55:09] [DEPRECATED] session_set_save_handler(): Providing individual callbacks instead of an object implementing SessionHandlerInterface is deprecated en C:\tools\nginx\html\sistema_biometrico\index.php línea 52
URI: /validaciones/estadisticas
--------------------------------------------------------------------------------
[2026-03-18 14:55:38] [DEPRECATED] session_set_save_handler(): Providing individual callbacks instead of an object implementing SessionHandlerInterface is deprecated en C:\tools\nginx\html\sistema_biometrico\index.php línea 52
URI: /validaciones
--------------------------------------------------------------------------------
[2026-03-18 14:55:38] [DEPRECATED] session_set_save_handler(): Providing individual callbacks instead of an object implementing SessionHandlerInterface is deprecated en C:\tools\nginx\html\sistema_biometrico\index.php línea 52
URI: /validaciones/buscar-empleados?solo_con_incidencias=1
--------------------------------------------------------------------------------
[2026-03-18 14:55:38] [DEPRECATED] session_set_save_handler(): Providing individual callbacks instead of an object implementing SessionHandlerInterface is deprecated en C:\tools\nginx\html\sistema_biometrico\index.php línea 52
URI: /validaciones/obtener-areas
--------------------------------------------------------------------------------
[2026-03-18 14:55:38] [DEPRECATED] session_set_save_handler(): Providing individual callbacks instead of an object implementing SessionHandlerInterface is deprecated en C:\tools\nginx\html\sistema_biometrico\index.php línea 52
URI: /validaciones/estadisticas
--------------------------------------------------------------------------------
[2026-03-18 14:55:40] [DEPRECATED] session_set_save_handler(): Providing individual callbacks instead of an object implementing SessionHandlerInterface is deprecated en C:\tools\nginx\html\sistema_biometrico\index.php línea 52
URI: /validaciones
--------------------------------------------------------------------------------
[2026-03-18 14:55:40] [DEPRECATED] session_set_save_handler(): Providing individual callbacks instead of an object implementing SessionHandlerInterface is deprecated en C:\tools\nginx\html\sistema_biometrico\index.php línea 52
URI: /validaciones/buscar-empleados?solo_con_incidencias=1
--------------------------------------------------------------------------------
[2026-03-18 14:55:40] [DEPRECATED] session_set_save_handler(): Providing individual callbacks instead of an object implementing SessionHandlerInterface is deprecated en C:\tools\nginx\html\sistema_biometrico\index.php línea 52
URI: /validaciones/obtener-areas
--------------------------------------------------------------------------------
[2026-03-18 14:55:40] [DEPRECATED] session_set_save_handler(): Providing individual callbacks instead of an object implementing SessionHandlerInterface is deprecated en C:\tools\nginx\html\sistema_biometrico\index.php línea 52
URI: /validaciones/estadisticas
--------------------------------------------------------------------------------
[2026-03-18 14:55:41] [DEPRECATED] session_set_save_handler(): Providing individual callbacks instead of an object implementing SessionHandlerInterface is deprecated en C:\tools\nginx\html\sistema_biometrico\index.php línea 52
URI: /validaciones
--------------------------------------------------------------------------------
[2026-03-18 14:55:41] [DEPRECATED] session_set_save_handler(): Providing individual callbacks instead of an object implementing SessionHandlerInterface is deprecated en C:\tools\nginx\html\sistema_biometrico\index.php línea 52
URI: /validaciones/buscar-empleados?solo_con_incidencias=1
--------------------------------------------------------------------------------
[2026-03-18 14:55:41] [DEPRECATED] session_set_save_handler(): Providing individual callbacks instead of an object implementing SessionHandlerInterface is deprecated en C:\tools\nginx\html\sistema_biometrico\index.php línea 52
URI: /validaciones/obtener-areas
--------------------------------------------------------------------------------
[2026-03-18 14:55:41] [DEPRECATED] session_set_save_handler(): Providing individual callbacks instead of an object implementing SessionHandlerInterface is deprecated en C:\tools\nginx\html\sistema_biometrico\index.php línea 52
URI: /validaciones/estadisticas
--------------------------------------------------------------------------------
[2026-03-18 14:55:41] [DEPRECATED] session_set_save_handler(): Providing individual callbacks instead of an object implementing SessionHandlerInterface is deprecated en C:\tools\nginx\html\sistema_biometrico\index.php línea 52
URI: /validaciones
--------------------------------------------------------------------------------
[2026-03-18 14:55:41] [DEPRECATED] session_set_save_handler(): Providing individual callbacks instead of an object implementing SessionHandlerInterface is deprecated en C:\tools\nginx\html\sistema_biometrico\index.php línea 52
URI: /validaciones/buscar-empleados?solo_con_incidencias=1
--------------------------------------------------------------------------------
[2026-03-18 14:55:41] [DEPRECATED] session_set_save_handler(): Providing individual callbacks instead of an object implementing SessionHandlerInterface is deprecated en C:\tools\nginx\html\sistema_biometrico\index.php línea 52
URI: /validaciones/obtener-areas
--------------------------------------------------------------------------------
[2026-03-18 14:55:41] [DEPRECATED] session_set_save_handler(): Providing individual callbacks instead of an object implementing SessionHandlerInterface is deprecated en C:\tools\nginx\html\sistema_biometrico\index.php línea 52
URI: /validaciones/estadisticas
--------------------------------------------------------------------------------
[2026-03-18 14:55:42] [DEPRECATED] session_set_save_handler(): Providing individual callbacks instead of an object implementing SessionHandlerInterface is deprecated en C:\tools\nginx\html\sistema_biometrico\index.php línea 52
URI: /validaciones
--------------------------------------------------------------------------------
[2026-03-18 14:55:42] [DEPRECATED] session_set_save_handler(): Providing individual callbacks instead of an object implementing SessionHandlerInterface is deprecated en C:\tools\nginx\html\sistema_biometrico\index.php línea 52
URI: /validaciones/buscar-empleados?solo_con_incidencias=1
--------------------------------------------------------------------------------
[2026-03-18 14:55:42] [DEPRECATED] session_set_save_handler(): Providing individual callbacks instead of an object implementing SessionHandlerInterface is deprecated en C:\tools\nginx\html\sistema_biometrico\index.php línea 52
URI: /validaciones/obtener-areas
--------------------------------------------------------------------------------
[2026-03-18 14:55:42] [DEPRECATED] session_set_save_handler(): Providing individual callbacks instead of an object implementing SessionHandlerInterface is deprecated en C:\tools\nginx\html\sistema_biometrico\index.php línea 52
URI: /validaciones/estadisticas
--------------------------------------------------------------------------------
[2026-03-18 14:55:42] [DEPRECATED] session_set_save_handler(): Providing individual callbacks instead of an object implementing SessionHandlerInterface is deprecated en C:\tools\nginx\html\sistema_biometrico\index.php línea 52
URI: /validaciones
--------------------------------------------------------------------------------
[2026-03-18 14:55:42] [DEPRECATED] session_set_save_handler(): Providing individual callbacks instead of an object implementing SessionHandlerInterface is deprecated en C:\tools\nginx\html\sistema_biometrico\index.php línea 52
URI: /validaciones/buscar-empleados?solo_con_incidencias=1
--------------------------------------------------------------------------------
[2026-03-18 14:55:42] [DEPRECATED] session_set_save_handler(): Providing individual callbacks instead of an object implementing SessionHandlerInterface is deprecated en C:\tools\nginx\html\sistema_biometrico\index.php línea 52
URI: /validaciones/obtener-areas
--------------------------------------------------------------------------------
[2026-03-18 14:55:42] [DEPRECATED] session_set_save_handler(): Providing individual callbacks instead of an object implementing SessionHandlerInterface is deprecated en C:\tools\nginx\html\sistema_biometrico\index.php línea 52
URI: /validaciones/estadisticas
--------------------------------------------------------------------------------
[2026-03-18 14:55:42] [DEPRECATED] session_set_save_handler(): Providing individual callbacks instead of an object implementing SessionHandlerInterface is deprecated en C:\tools\nginx\html\sistema_biometrico\index.php línea 52
URI: /validaciones
--------------------------------------------------------------------------------
[2026-03-18 14:55:42] [DEPRECATED] session_set_save_handler(): Providing individual callbacks instead of an object implementing SessionHandlerInterface is deprecated en C:\tools\nginx\html\sistema_biometrico\index.php línea 52
URI: /validaciones/buscar-empleados?solo_con_incidencias=1
--------------------------------------------------------------------------------
[2026-03-18 14:55:42] [DEPRECATED] session_set_save_handler(): Providing individual callbacks instead of an object implementing SessionHandlerInterface is deprecated en C:\tools\nginx\html\sistema_biometrico\index.php línea 52
URI: /validaciones/obtener-areas
--------------------------------------------------------------------------------
[2026-03-18 14:55:42] [DEPRECATED] session_set_save_handler(): Providing individual callbacks instead of an object implementing SessionHandlerInterface is deprecated en C:\tools\nginx\html\sistema_biometrico\index.php línea 52
URI: /validaciones/estadisticas
--------------------------------------------------------------------------------
[2026-03-18 14:55:42] [DEPRECATED] session_set_save_handler(): Providing individual callbacks instead of an object implementing SessionHandlerInterface is deprecated en C:\tools\nginx\html\sistema_biometrico\index.php línea 52
URI: /validaciones
--------------------------------------------------------------------------------
[2026-03-18 14:55:43] [DEPRECATED] session_set_save_handler(): Providing individual callbacks instead of an object implementing SessionHandlerInterface is deprecated en C:\tools\nginx\html\sistema_biometrico\index.php línea 52
URI: /validaciones/buscar-empleados?solo_con_incidencias=1
--------------------------------------------------------------------------------
[2026-03-18 14:55:43] [DEPRECATED] session_set_save_handler(): Providing individual callbacks instead of an object implementing SessionHandlerInterface is deprecated en C:\tools\nginx\html\sistema_biometrico\index.php línea 52
URI: /validaciones/obtener-areas
--------------------------------------------------------------------------------
[2026-03-18 14:55:43] [DEPRECATED] session_set_save_handler(): Providing individual callbacks instead of an object implementing SessionHandlerInterface is deprecated en C:\tools\nginx\html\sistema_biometrico\index.php línea 52
URI: /validaciones/estadisticas
--------------------------------------------------------------------------------
[2026-03-18 14:56:13] [DEPRECATED] session_set_save_handler(): Providing individual callbacks instead of an object implementing SessionHandlerInterface is deprecated en C:\tools\nginx\html\sistema_biometrico\index.php línea 52
URI: /validaciones/estadisticas
--------------------------------------------------------------------------------
[2026-03-18 14:56:41] [DEPRECATED] session_set_save_handler(): Providing individual callbacks instead of an object implementing SessionHandlerInterface is deprecated en C:\tools\nginx\html\sistema_biometrico\index.php línea 52
URI: /validaciones
--------------------------------------------------------------------------------
[2026-03-18 14:56:42] [DEPRECATED] session_set_save_handler(): Providing individual callbacks instead of an object implementing SessionHandlerInterface is deprecated en C:\tools\nginx\html\sistema_biometrico\index.php línea 52
URI: /validaciones/buscar-empleados?solo_con_incidencias=1
--------------------------------------------------------------------------------
[2026-03-18 14:56:42] [DEPRECATED] session_set_save_handler(): Providing individual callbacks instead of an object implementing SessionHandlerInterface is deprecated en C:\tools\nginx\html\sistema_biometrico\index.php línea 52
URI: /validaciones/obtener-areas
--------------------------------------------------------------------------------
[2026-03-18 14:56:42] [DEPRECATED] session_set_save_handler(): Providing individual callbacks instead of an object implementing SessionHandlerInterface is deprecated en C:\tools\nginx\html\sistema_biometrico\index.php línea 52
URI: /validaciones/estadisticas
--------------------------------------------------------------------------------
[2026-03-18 14:56:42] [DEPRECATED] session_set_save_handler(): Providing individual callbacks instead of an object implementing SessionHandlerInterface is deprecated en C:\tools\nginx\html\sistema_biometrico\index.php línea 52
URI: /validaciones
--------------------------------------------------------------------------------
[2026-03-18 14:56:42] [DEPRECATED] session_set_save_handler(): Providing individual callbacks instead of an object implementing SessionHandlerInterface is deprecated en C:\tools\nginx\html\sistema_biometrico\index.php línea 52
URI: /validaciones/buscar-empleados?solo_con_incidencias=1
--------------------------------------------------------------------------------
[2026-03-18 14:56:43] [DEPRECATED] session_set_save_handler(): Providing individual callbacks instead of an object implementing SessionHandlerInterface is deprecated en C:\tools\nginx\html\sistema_biometrico\index.php línea 52
URI: /validaciones/obtener-areas
--------------------------------------------------------------------------------
[2026-03-18 14:56:43] [DEPRECATED] session_set_save_handler(): Providing individual callbacks instead of an object implementing SessionHandlerInterface is deprecated en C:\tools\nginx\html\sistema_biometrico\index.php línea 52
URI: /validaciones/estadisticas
--------------------------------------------------------------------------------
[2026-03-18 14:56:43] [DEPRECATED] session_set_save_handler(): Providing individual callbacks instead of an object implementing SessionHandlerInterface is deprecated en C:\tools\nginx\html\sistema_biometrico\index.php línea 52
URI: /validaciones
--------------------------------------------------------------------------------
[2026-03-18 14:56:43] [DEPRECATED] session_set_save_handler(): Providing individual callbacks instead of an object implementing SessionHandlerInterface is deprecated en C:\tools\nginx\html\sistema_biometrico\index.php línea 52
URI: /validaciones/buscar-empleados?solo_con_incidencias=1
--------------------------------------------------------------------------------
[2026-03-18 14:56:43] [DEPRECATED] session_set_save_handler(): Providing individual callbacks instead of an object implementing SessionHandlerInterface is deprecated en C:\tools\nginx\html\sistema_biometrico\index.php línea 52
URI: /validaciones/obtener-areas
--------------------------------------------------------------------------------
[2026-03-18 14:56:43] [DEPRECATED] session_set_save_handler(): Providing individual callbacks instead of an object implementing SessionHandlerInterface is deprecated en C:\tools\nginx\html\sistema_biometrico\index.php línea 52
URI: /validaciones/estadisticas
--------------------------------------------------------------------------------
[2026-03-18 14:56:43] [DEPRECATED] session_set_save_handler(): Providing individual callbacks instead of an object implementing SessionHandlerInterface is deprecated en C:\tools\nginx\html\sistema_biometrico\index.php línea 52
URI: /validaciones
--------------------------------------------------------------------------------
[2026-03-18 14:56:43] [DEPRECATED] session_set_save_handler(): Providing individual callbacks instead of an object implementing SessionHandlerInterface is deprecated en C:\tools\nginx\html\sistema_biometrico\index.php línea 52
URI: /validaciones/buscar-empleados?solo_con_incidencias=1
--------------------------------------------------------------------------------
[2026-03-18 14:56:43] [DEPRECATED] session_set_save_handler(): Providing individual callbacks instead of an object implementing SessionHandlerInterface is deprecated en C:\tools\nginx\html\sistema_biometrico\index.php línea 52
URI: /validaciones
--------------------------------------------------------------------------------
[2026-03-18 14:56:43] [DEPRECATED] session_set_save_handler(): Providing individual callbacks instead of an object implementing SessionHandlerInterface is deprecated en C:\tools\nginx\html\sistema_biometrico\index.php línea 52
URI: /validaciones/obtener-areas
--------------------------------------------------------------------------------
[2026-03-18 14:56:43] [DEPRECATED] session_set_save_handler(): Providing individual callbacks instead of an object implementing SessionHandlerInterface is deprecated en C:\tools\nginx\html\sistema_biometrico\index.php línea 52
URI: /validaciones/estadisticas
--------------------------------------------------------------------------------
[2026-03-18 14:56:44] [DEPRECATED] session_set_save_handler(): Providing individual callbacks instead of an object implementing SessionHandlerInterface is deprecated en C:\tools\nginx\html\sistema_biometrico\index.php línea 52
URI: /api/log-error
--------------------------------------------------------------------------------
[2026-03-18 14:56:44] [DEPRECATED] session_set_save_handler(): Providing individual callbacks instead of an object implementing SessionHandlerInterface is deprecated en C:\tools\nginx\html\sistema_biometrico\index.php línea 52
URI: /api/log-error
--------------------------------------------------------------------------------
[2026-03-18 14:56:44] [DEPRECATED] session_set_save_handler(): Providing individual callbacks instead of an object implementing SessionHandlerInterface is deprecated en C:\tools\nginx\html\sistema_biometrico\index.php línea 52
URI: /api/log-error
--------------------------------------------------------------------------------
[2026-03-18 14:56:44] [DEPRECATED] session_set_save_handler(): Providing individual callbacks instead of an object implementing SessionHandlerInterface is deprecated en C:\tools\nginx\html\sistema_biometrico\index.php línea 52
URI: /api/log-error
--------------------------------------------------------------------------------
[2026-03-18 14:56:44] [DEPRECATED] session_set_save_handler(): Providing individual callbacks instead of an object implementing SessionHandlerInterface is deprecated en C:\tools\nginx\html\sistema_biometrico\index.php línea 52
URI: /api/log-error
--------------------------------------------------------------------------------
[2026-03-18 14:56:44] [DEPRECATED] session_set_save_handler(): Providing individual callbacks instead of an object implementing SessionHandlerInterface is deprecated en C:\tools\nginx\html\sistema_biometrico\index.php línea 52
URI: /api/log-error
--------------------------------------------------------------------------------
[2026-03-18 14:56:44] [DEPRECATED] session_set_save_handler(): Providing individual callbacks instead of an object implementing SessionHandlerInterface is deprecated en C:\tools\nginx\html\sistema_biometrico\index.php línea 52
URI: /validaciones/buscar-empleados?solo_con_incidencias=1
--------------------------------------------------------------------------------
[2026-03-18 14:56:44] [DEPRECATED] session_set_save_handler(): Providing individual callbacks instead of an object implementing SessionHandlerInterface is deprecated en C:\tools\nginx\html\sistema_biometrico\index.php línea 52
URI: /validaciones
--------------------------------------------------------------------------------
[2026-03-18 14:56:44] [DEPRECATED] session_set_save_handler(): Providing individual callbacks instead of an object implementing SessionHandlerInterface is deprecated en C:\tools\nginx\html\sistema_biometrico\index.php línea 52
URI: /validaciones/obtener-areas
--------------------------------------------------------------------------------
[2026-03-18 14:56:44] [DEPRECATED] session_set_save_handler(): Providing individual callbacks instead of an object implementing SessionHandlerInterface is deprecated en C:\tools\nginx\html\sistema_biometrico\index.php línea 52
URI: /validaciones/estadisticas
--------------------------------------------------------------------------------
[2026-03-18 14:56:44] [DEPRECATED] session_set_save_handler(): Providing individual callbacks instead of an object implementing SessionHandlerInterface is deprecated en C:\tools\nginx\html\sistema_biometrico\index.php línea 52
URI: /api/log-error
--------------------------------------------------------------------------------
[2026-03-18 14:56:44] [DEPRECATED] session_set_save_handler(): Providing individual callbacks instead of an object implementing SessionHandlerInterface is deprecated en C:\tools\nginx\html\sistema_biometrico\index.php línea 52
URI: /api/log-error
--------------------------------------------------------------------------------
[2026-03-18 14:56:44] [DEPRECATED] session_set_save_handler(): Providing individual callbacks instead of an object implementing SessionHandlerInterface is deprecated en C:\tools\nginx\html\sistema_biometrico\index.php línea 52
URI: /api/log-error
--------------------------------------------------------------------------------
[2026-03-18 14:56:44] [DEPRECATED] session_set_save_handler(): Providing individual callbacks instead of an object implementing SessionHandlerInterface is deprecated en C:\tools\nginx\html\sistema_biometrico\index.php línea 52
URI: /api/log-error
--------------------------------------------------------------------------------
[2026-03-18 14:56:44] [DEPRECATED] session_set_save_handler(): Providing individual callbacks instead of an object implementing SessionHandlerInterface is deprecated en C:\tools\nginx\html\sistema_biometrico\index.php línea 52
URI: /api/log-error
--------------------------------------------------------------------------------
[2026-03-18 14:56:44] [DEPRECATED] session_set_save_handler(): Providing individual callbacks instead of an object implementing SessionHandlerInterface is deprecated en C:\tools\nginx\html\sistema_biometrico\index.php línea 52
URI: /api/log-error
--------------------------------------------------------------------------------
[2026-03-18 14:56:44] [DEPRECATED] session_set_save_handler(): Providing individual callbacks instead of an object implementing SessionHandlerInterface is deprecated en C:\tools\nginx\html\sistema_biometrico\index.php línea 52
URI: /validaciones
--------------------------------------------------------------------------------
[2026-03-18 14:56:44] [DEPRECATED] session_set_save_handler(): Providing individual callbacks instead of an object implementing SessionHandlerInterface is deprecated en C:\tools\nginx\html\sistema_biometrico\index.php línea 52
URI: /validaciones/buscar-empleados?solo_con_incidencias=1
--------------------------------------------------------------------------------
[2026-03-18 14:56:44] [DEPRECATED] session_set_save_handler(): Providing individual callbacks instead of an object implementing SessionHandlerInterface is deprecated en C:\tools\nginx\html\sistema_biometrico\index.php línea 52
URI: /validaciones
--------------------------------------------------------------------------------
[2026-03-18 14:56:44] [DEPRECATED] session_set_save_handler(): Providing individual callbacks instead of an object implementing SessionHandlerInterface is deprecated en C:\tools\nginx\html\sistema_biometrico\index.php línea 52
URI: /validaciones
--------------------------------------------------------------------------------
[2026-03-18 14:56:45] [DEPRECATED] session_set_save_handler(): Providing individual callbacks instead of an object implementing SessionHandlerInterface is deprecated en C:\tools\nginx\html\sistema_biometrico\index.php línea 52
URI: /validaciones/obtener-areas
--------------------------------------------------------------------------------
[2026-03-18 14:56:45] [DEPRECATED] session_set_save_handler(): Providing individual callbacks instead of an object implementing SessionHandlerInterface is deprecated en C:\tools\nginx\html\sistema_biometrico\index.php línea 52
URI: /validaciones/estadisticas
--------------------------------------------------------------------------------
[2026-03-18 14:56:45] [DEPRECATED] session_set_save_handler(): Providing individual callbacks instead of an object implementing SessionHandlerInterface is deprecated en C:\tools\nginx\html\sistema_biometrico\index.php línea 52
URI: /api/log-error
--------------------------------------------------------------------------------
[2026-03-18 14:56:45] [DEPRECATED] session_set_save_handler(): Providing individual callbacks instead of an object implementing SessionHandlerInterface is deprecated en C:\tools\nginx\html\sistema_biometrico\index.php línea 52
URI: /api/log-error
--------------------------------------------------------------------------------
[2026-03-18 14:56:45] [DEPRECATED] session_set_save_handler(): Providing individual callbacks instead of an object implementing SessionHandlerInterface is deprecated en C:\tools\nginx\html\sistema_biometrico\index.php línea 52
URI: /api/log-error
--------------------------------------------------------------------------------
[2026-03-18 14:56:45] [DEPRECATED] session_set_save_handler(): Providing individual callbacks instead of an object implementing SessionHandlerInterface is deprecated en C:\tools\nginx\html\sistema_biometrico\index.php línea 52
URI: /api/log-error
--------------------------------------------------------------------------------
[2026-03-18 14:56:45] [DEPRECATED] session_set_save_handler(): Providing individual callbacks instead of an object implementing SessionHandlerInterface is deprecated en C:\tools\nginx\html\sistema_biometrico\index.php línea 52
URI: /api/log-error
--------------------------------------------------------------------------------
[2026-03-18 14:56:45] [DEPRECATED] session_set_save_handler(): Providing individual callbacks instead of an object implementing SessionHandlerInterface is deprecated en C:\tools\nginx\html\sistema_biometrico\index.php línea 52
URI: /api/log-error
--------------------------------------------------------------------------------
[2026-03-18 14:56:45] [DEPRECATED] session_set_save_handler(): Providing individual callbacks instead of an object implementing SessionHandlerInterface is deprecated en C:\tools\nginx\html\sistema_biometrico\index.php línea 52
URI: /validaciones
--------------------------------------------------------------------------------
[2026-03-18 14:56:45] [DEPRECATED] session_set_save_handler(): Providing individual callbacks instead of an object implementing SessionHandlerInterface is deprecated en C:\tools\nginx\html\sistema_biometrico\index.php línea 52
URI: /validaciones/buscar-empleados?solo_con_incidencias=1
--------------------------------------------------------------------------------
[2026-03-18 14:56:45] [DEPRECATED] session_set_save_handler(): Providing individual callbacks instead of an object implementing SessionHandlerInterface is deprecated en C:\tools\nginx\html\sistema_biometrico\index.php línea 52
URI: /validaciones
--------------------------------------------------------------------------------
[2026-03-18 14:56:45] [DEPRECATED] session_set_save_handler(): Providing individual callbacks instead of an object implementing SessionHandlerInterface is deprecated en C:\tools\nginx\html\sistema_biometrico\index.php línea 52
URI: /validaciones
--------------------------------------------------------------------------------
[2026-03-18 14:56:45] [DEPRECATED] session_set_save_handler(): Providing individual callbacks instead of an object implementing SessionHandlerInterface is deprecated en C:\tools\nginx\html\sistema_biometrico\index.php línea 52
URI: /validaciones/obtener-areas
--------------------------------------------------------------------------------
[2026-03-18 14:56:45] [DEPRECATED] session_set_save_handler(): Providing individual callbacks instead of an object implementing SessionHandlerInterface is deprecated en C:\tools\nginx\html\sistema_biometrico\index.php línea 52
URI: /validaciones/estadisticas
--------------------------------------------------------------------------------
[2026-03-18 14:56:45] [DEPRECATED] session_set_save_handler(): Providing individual callbacks instead of an object implementing SessionHandlerInterface is deprecated en C:\tools\nginx\html\sistema_biometrico\index.php línea 52
URI: /validaciones
--------------------------------------------------------------------------------
[2026-03-18 14:56:46] [DEPRECATED] session_set_save_handler(): Providing individual callbacks instead of an object implementing SessionHandlerInterface is deprecated en C:\tools\nginx\html\sistema_biometrico\index.php línea 52
URI: /validaciones/buscar-empleados?solo_con_incidencias=1
--------------------------------------------------------------------------------
[2026-03-18 14:56:46] [DEPRECATED] session_set_save_handler(): Providing individual callbacks instead of an object implementing SessionHandlerInterface is deprecated en C:\tools\nginx\html\sistema_biometrico\index.php línea 52
URI: /validaciones/obtener-areas
--------------------------------------------------------------------------------
[2026-03-18 14:56:46] [DEPRECATED] session_set_save_handler(): Providing individual callbacks instead of an object implementing SessionHandlerInterface is deprecated en C:\tools\nginx\html\sistema_biometrico\index.php línea 52
URI: /validaciones/estadisticas
--------------------------------------------------------------------------------
[2026-03-18 14:56:47] [DEPRECATED] session_set_save_handler(): Providing individual callbacks instead of an object implementing SessionHandlerInterface is deprecated en C:\tools\nginx\html\sistema_biometrico\index.php línea 52
URI: /validaciones
--------------------------------------------------------------------------------
[2026-03-18 14:56:47] [DEPRECATED] session_set_save_handler(): Providing individual callbacks instead of an object implementing SessionHandlerInterface is deprecated en C:\tools\nginx\html\sistema_biometrico\index.php línea 52
URI: /validaciones/buscar-empleados?solo_con_incidencias=1
--------------------------------------------------------------------------------
[2026-03-18 14:56:48] [DEPRECATED] session_set_save_handler(): Providing individual callbacks instead of an object implementing SessionHandlerInterface is deprecated en C:\tools\nginx\html\sistema_biometrico\index.php línea 52
URI: /validaciones/obtener-areas
--------------------------------------------------------------------------------
[2026-03-18 14:56:48] [DEPRECATED] session_set_save_handler(): Providing individual callbacks instead of an object implementing SessionHandlerInterface is deprecated en C:\tools\nginx\html\sistema_biometrico\index.php línea 52
URI: /validaciones/estadisticas
--------------------------------------------------------------------------------
[2026-03-18 14:56:48] [DEPRECATED] session_set_save_handler(): Providing individual callbacks instead of an object implementing SessionHandlerInterface is deprecated en C:\tools\nginx\html\sistema_biometrico\index.php línea 52
URI: /validaciones
--------------------------------------------------------------------------------
[2026-03-18 14:56:48] [DEPRECATED] session_set_save_handler(): Providing individual callbacks instead of an object implementing SessionHandlerInterface is deprecated en C:\tools\nginx\html\sistema_biometrico\index.php línea 52
URI: /validaciones/buscar-empleados?solo_con_incidencias=1
--------------------------------------------------------------------------------
[2026-03-18 14:56:48] [DEPRECATED] session_set_save_handler(): Providing individual callbacks instead of an object implementing SessionHandlerInterface is deprecated en C:\tools\nginx\html\sistema_biometrico\index.php línea 52
URI: /validaciones/obtener-areas
--------------------------------------------------------------------------------
[2026-03-18 14:56:48] [DEPRECATED] session_set_save_handler(): Providing individual callbacks instead of an object implementing SessionHandlerInterface is deprecated en C:\tools\nginx\html\sistema_biometrico\index.php línea 52
URI: /validaciones/estadisticas
--------------------------------------------------------------------------------
[2026-03-18 14:56:49] [DEPRECATED] session_set_save_handler(): Providing individual callbacks instead of an object implementing SessionHandlerInterface is deprecated en C:\tools\nginx\html\sistema_biometrico\index.php línea 52
URI: /validaciones
--------------------------------------------------------------------------------
[2026-03-18 14:56:49] [DEPRECATED] session_set_save_handler(): Providing individual callbacks instead of an object implementing SessionHandlerInterface is deprecated en C:\tools\nginx\html\sistema_biometrico\index.php línea 52
URI: /validaciones/buscar-empleados?solo_con_incidencias=1
--------------------------------------------------------------------------------
[2026-03-18 14:56:49] [DEPRECATED] session_set_save_handler(): Providing individual callbacks instead of an object implementing SessionHandlerInterface is deprecated en C:\tools\nginx\html\sistema_biometrico\index.php línea 52
URI: /validaciones/obtener-areas
--------------------------------------------------------------------------------
[2026-03-18 14:56:49] [DEPRECATED] session_set_save_handler(): Providing individual callbacks instead of an object implementing SessionHandlerInterface is deprecated en C:\tools\nginx\html\sistema_biometrico\index.php línea 52
URI: /validaciones/estadisticas
--------------------------------------------------------------------------------
[2026-03-18 14:56:49] [DEPRECATED] session_set_save_handler(): Providing individual callbacks instead of an object implementing SessionHandlerInterface is deprecated en C:\tools\nginx\html\sistema_biometrico\index.php línea 52
URI: /validaciones
--------------------------------------------------------------------------------
[2026-03-18 14:56:49] [DEPRECATED] session_set_save_handler(): Providing individual callbacks instead of an object implementing SessionHandlerInterface is deprecated en C:\tools\nginx\html\sistema_biometrico\index.php línea 52
URI: /validaciones/buscar-empleados?solo_con_incidencias=1
--------------------------------------------------------------------------------
[2026-03-18 14:56:49] [DEPRECATED] session_set_save_handler(): Providing individual callbacks instead of an object implementing SessionHandlerInterface is deprecated en C:\tools\nginx\html\sistema_biometrico\index.php línea 52
URI: /validaciones
--------------------------------------------------------------------------------
[2026-03-18 14:56:49] [DEPRECATED] session_set_save_handler(): Providing individual callbacks instead of an object implementing SessionHandlerInterface is deprecated en C:\tools\nginx\html\sistema_biometrico\index.php línea 52
URI: /validaciones/obtener-areas
--------------------------------------------------------------------------------
[2026-03-18 14:56:49] [DEPRECATED] session_set_save_handler(): Providing individual callbacks instead of an object implementing SessionHandlerInterface is deprecated en C:\tools\nginx\html\sistema_biometrico\index.php línea 52
URI: /validaciones/estadisticas
--------------------------------------------------------------------------------
[2026-03-18 14:56:49] [DEPRECATED] session_set_save_handler(): Providing individual callbacks instead of an object implementing SessionHandlerInterface is deprecated en C:\tools\nginx\html\sistema_biometrico\index.php línea 52
URI: /api/log-error
--------------------------------------------------------------------------------
[2026-03-18 14:56:49] [DEPRECATED] session_set_save_handler(): Providing individual callbacks instead of an object implementing SessionHandlerInterface is deprecated en C:\tools\nginx\html\sistema_biometrico\index.php línea 52
URI: /api/log-error
--------------------------------------------------------------------------------
[2026-03-18 14:56:49] [DEPRECATED] session_set_save_handler(): Providing individual callbacks instead of an object implementing SessionHandlerInterface is deprecated en C:\tools\nginx\html\sistema_biometrico\index.php línea 52
URI: /api/log-error
--------------------------------------------------------------------------------
[2026-03-18 14:56:49] [DEPRECATED] session_set_save_handler(): Providing individual callbacks instead of an object implementing SessionHandlerInterface is deprecated en C:\tools\nginx\html\sistema_biometrico\index.php línea 52
URI: /api/log-error
--------------------------------------------------------------------------------
[2026-03-18 14:56:49] [DEPRECATED] session_set_save_handler(): Providing individual callbacks instead of an object implementing SessionHandlerInterface is deprecated en C:\tools\nginx\html\sistema_biometrico\index.php línea 52
URI: /api/log-error
--------------------------------------------------------------------------------
[2026-03-18 14:56:50] [DEPRECATED] session_set_save_handler(): Providing individual callbacks instead of an object implementing SessionHandlerInterface is deprecated en C:\tools\nginx\html\sistema_biometrico\index.php línea 52
URI: /validaciones/buscar-empleados?solo_con_incidencias=1
--------------------------------------------------------------------------------
[2026-03-18 14:56:50] [DEPRECATED] session_set_save_handler(): Providing individual callbacks instead of an object implementing SessionHandlerInterface is deprecated en C:\tools\nginx\html\sistema_biometrico\index.php línea 52
URI: /validaciones
--------------------------------------------------------------------------------
[2026-03-18 14:56:50] [DEPRECATED] session_set_save_handler(): Providing individual callbacks instead of an object implementing SessionHandlerInterface is deprecated en C:\tools\nginx\html\sistema_biometrico\index.php línea 52
URI: /validaciones/obtener-areas
--------------------------------------------------------------------------------
[2026-03-18 14:56:50] [DEPRECATED] session_set_save_handler(): Providing individual callbacks instead of an object implementing SessionHandlerInterface is deprecated en C:\tools\nginx\html\sistema_biometrico\index.php línea 52
URI: /validaciones/estadisticas
--------------------------------------------------------------------------------
[2026-03-18 14:56:50] [DEPRECATED] session_set_save_handler(): Providing individual callbacks instead of an object implementing SessionHandlerInterface is deprecated en C:\tools\nginx\html\sistema_biometrico\index.php línea 52
URI: /validaciones
--------------------------------------------------------------------------------
[2026-03-18 14:56:50] [DEPRECATED] session_set_save_handler(): Providing individual callbacks instead of an object implementing SessionHandlerInterface is deprecated en C:\tools\nginx\html\sistema_biometrico\index.php línea 52
URI: /validaciones
--------------------------------------------------------------------------------
[2026-03-18 14:56:50] [DEPRECATED] session_set_save_handler(): Providing individual callbacks instead of an object implementing SessionHandlerInterface is deprecated en C:\tools\nginx\html\sistema_biometrico\index.php línea 52
URI: /validaciones/buscar-empleados?solo_con_incidencias=1
--------------------------------------------------------------------------------
[2026-03-18 14:56:50] [DEPRECATED] session_set_save_handler(): Providing individual callbacks instead of an object implementing SessionHandlerInterface is deprecated en C:\tools\nginx\html\sistema_biometrico\index.php línea 52
URI: /validaciones/obtener-areas
--------------------------------------------------------------------------------
[2026-03-18 14:56:50] [DEPRECATED] session_set_save_handler(): Providing individual callbacks instead of an object implementing SessionHandlerInterface is deprecated en C:\tools\nginx\html\sistema_biometrico\index.php línea 52
URI: /validaciones/estadisticas
--------------------------------------------------------------------------------
[2026-03-18 14:57:20] [DEPRECATED] session_set_save_handler(): Providing individual callbacks instead of an object implementing SessionHandlerInterface is deprecated en C:\tools\nginx\html\sistema_biometrico\index.php línea 52
URI: /validaciones/estadisticas
--------------------------------------------------------------------------------
[2026-03-18 14:57:24] [DEPRECATED] session_set_save_handler(): Providing individual callbacks instead of an object implementing SessionHandlerInterface is deprecated en C:\tools\nginx\html\sistema_biometrico\index.php línea 52
URI: /validaciones
--------------------------------------------------------------------------------
[2026-03-18 14:57:24] [DEPRECATED] session_set_save_handler(): Providing individual callbacks instead of an object implementing SessionHandlerInterface is deprecated en C:\tools\nginx\html\sistema_biometrico\index.php línea 52
URI: /validaciones/buscar-empleados?solo_con_incidencias=1
--------------------------------------------------------------------------------
[2026-03-18 14:57:24] [DEPRECATED] session_set_save_handler(): Providing individual callbacks instead of an object implementing SessionHandlerInterface is deprecated en C:\tools\nginx\html\sistema_biometrico\index.php línea 52
URI: /validaciones/obtener-areas
--------------------------------------------------------------------------------
[2026-03-18 14:57:24] [DEPRECATED] session_set_save_handler(): Providing individual callbacks instead of an object implementing SessionHandlerInterface is deprecated en C:\tools\nginx\html\sistema_biometrico\index.php línea 52
URI: /validaciones/estadisticas
--------------------------------------------------------------------------------
[2026-03-18 14:57:25] [DEPRECATED] session_set_save_handler(): Providing individual callbacks instead of an object implementing SessionHandlerInterface is deprecated en C:\tools\nginx\html\sistema_biometrico\index.php línea 52
URI: /validaciones
--------------------------------------------------------------------------------
[2026-03-18 14:57:25] [DEPRECATED] session_set_save_handler(): Providing individual callbacks instead of an object implementing SessionHandlerInterface is deprecated en C:\tools\nginx\html\sistema_biometrico\index.php línea 52
URI: /validaciones/buscar-empleados?solo_con_incidencias=1
--------------------------------------------------------------------------------
[2026-03-18 14:57:25] [DEPRECATED] session_set_save_handler(): Providing individual callbacks instead of an object implementing SessionHandlerInterface is deprecated en C:\tools\nginx\html\sistema_biometrico\index.php línea 52
URI: /validaciones/obtener-areas
--------------------------------------------------------------------------------
[2026-03-18 14:57:26] [DEPRECATED] session_set_save_handler(): Providing individual callbacks instead of an object implementing SessionHandlerInterface is deprecated en C:\tools\nginx\html\sistema_biometrico\index.php línea 52
URI: /validaciones/estadisticas
--------------------------------------------------------------------------------
[2026-03-18 14:57:27] [DEPRECATED] session_set_save_handler(): Providing individual callbacks instead of an object implementing SessionHandlerInterface is deprecated en C:\tools\nginx\html\sistema_biometrico\index.php línea 52
URI: /validaciones
--------------------------------------------------------------------------------
[2026-03-18 14:57:27] [DEPRECATED] session_set_save_handler(): Providing individual callbacks instead of an object implementing SessionHandlerInterface is deprecated en C:\tools\nginx\html\sistema_biometrico\index.php línea 52
URI: /validaciones/buscar-empleados?solo_con_incidencias=1
--------------------------------------------------------------------------------
[2026-03-18 14:57:27] [DEPRECATED] session_set_save_handler(): Providing individual callbacks instead of an object implementing SessionHandlerInterface is deprecated en C:\tools\nginx\html\sistema_biometrico\index.php línea 52
URI: /validaciones/obtener-areas
--------------------------------------------------------------------------------
[2026-03-18 14:57:27] [DEPRECATED] session_set_save_handler(): Providing individual callbacks instead of an object implementing SessionHandlerInterface is deprecated en C:\tools\nginx\html\sistema_biometrico\index.php línea 52
URI: /validaciones/estadisticas
--------------------------------------------------------------------------------
[2026-03-18 14:57:27] [DEPRECATED] session_set_save_handler(): Providing individual callbacks instead of an object implementing SessionHandlerInterface is deprecated en C:\tools\nginx\html\sistema_biometrico\index.php línea 52
URI: /validaciones
--------------------------------------------------------------------------------
[2026-03-18 14:57:27] [DEPRECATED] session_set_save_handler(): Providing individual callbacks instead of an object implementing SessionHandlerInterface is deprecated en C:\tools\nginx\html\sistema_biometrico\index.php línea 52
URI: /validaciones/buscar-empleados?solo_con_incidencias=1
--------------------------------------------------------------------------------
[2026-03-18 14:57:27] [DEPRECATED] session_set_save_handler(): Providing individual callbacks instead of an object implementing SessionHandlerInterface is deprecated en C:\tools\nginx\html\sistema_biometrico\index.php línea 52
URI: /validaciones/obtener-areas
--------------------------------------------------------------------------------
[2026-03-18 14:57:27] [DEPRECATED] session_set_save_handler(): Providing individual callbacks instead of an object implementing SessionHandlerInterface is deprecated en C:\tools\nginx\html\sistema_biometrico\index.php línea 52
URI: /validaciones/estadisticas
--------------------------------------------------------------------------------
[2026-03-18 14:57:28] [DEPRECATED] session_set_save_handler(): Providing individual callbacks instead of an object implementing SessionHandlerInterface is deprecated en C:\tools\nginx\html\sistema_biometrico\index.php línea 52
URI: /validaciones
--------------------------------------------------------------------------------
[2026-03-18 14:57:28] [DEPRECATED] session_set_save_handler(): Providing individual callbacks instead of an object implementing SessionHandlerInterface is deprecated en C:\tools\nginx\html\sistema_biometrico\index.php línea 52
URI: /validaciones/buscar-empleados?solo_con_incidencias=1
--------------------------------------------------------------------------------
[2026-03-18 14:57:28] [DEPRECATED] session_set_save_handler(): Providing individual callbacks instead of an object implementing SessionHandlerInterface is deprecated en C:\tools\nginx\html\sistema_biometrico\index.php línea 52
URI: /validaciones/obtener-areas
--------------------------------------------------------------------------------
[2026-03-18 14:57:28] [DEPRECATED] session_set_save_handler(): Providing individual callbacks instead of an object implementing SessionHandlerInterface is deprecated en C:\tools\nginx\html\sistema_biometrico\index.php línea 52
URI: /validaciones/estadisticas
--------------------------------------------------------------------------------
[2026-03-18 14:57:28] [DEPRECATED] session_set_save_handler(): Providing individual callbacks instead of an object implementing SessionHandlerInterface is deprecated en C:\tools\nginx\html\sistema_biometrico\index.php línea 52
URI: /validaciones
--------------------------------------------------------------------------------
[2026-03-18 14:57:28] [DEPRECATED] session_set_save_handler(): Providing individual callbacks instead of an object implementing SessionHandlerInterface is deprecated en C:\tools\nginx\html\sistema_biometrico\index.php línea 52
URI: /validaciones/buscar-empleados?solo_con_incidencias=1
--------------------------------------------------------------------------------
[2026-03-18 14:57:28] [DEPRECATED] session_set_save_handler(): Providing individual callbacks instead of an object implementing SessionHandlerInterface is deprecated en C:\tools\nginx\html\sistema_biometrico\index.php línea 52
URI: /validaciones/obtener-areas
--------------------------------------------------------------------------------
[2026-03-18 14:57:28] [DEPRECATED] session_set_save_handler(): Providing individual callbacks instead of an object implementing SessionHandlerInterface is deprecated en C:\tools\nginx\html\sistema_biometrico\index.php línea 52
URI: /validaciones/estadisticas
--------------------------------------------------------------------------------
[2026-03-18 14:57:29] [DEPRECATED] session_set_save_handler(): Providing individual callbacks instead of an object implementing SessionHandlerInterface is deprecated en C:\tools\nginx\html\sistema_biometrico\index.php línea 52
URI: /validaciones
--------------------------------------------------------------------------------
[2026-03-18 14:57:29] [DEPRECATED] session_set_save_handler(): Providing individual callbacks instead of an object implementing SessionHandlerInterface is deprecated en C:\tools\nginx\html\sistema_biometrico\index.php línea 52
URI: /validaciones/buscar-empleados?solo_con_incidencias=1
--------------------------------------------------------------------------------
[2026-03-18 14:57:29] [DEPRECATED] session_set_save_handler(): Providing individual callbacks instead of an object implementing SessionHandlerInterface is deprecated en C:\tools\nginx\html\sistema_biometrico\index.php línea 52
URI: /validaciones/obtener-areas
--------------------------------------------------------------------------------
[2026-03-18 14:57:29] [DEPRECATED] session_set_save_handler(): Providing individual callbacks instead of an object implementing SessionHandlerInterface is deprecated en C:\tools\nginx\html\sistema_biometrico\index.php línea 52
URI: /validaciones/estadisticas
--------------------------------------------------------------------------------
[2026-03-18 14:57:29] [DEPRECATED] session_set_save_handler(): Providing individual callbacks instead of an object implementing SessionHandlerInterface is deprecated en C:\tools\nginx\html\sistema_biometrico\index.php línea 52
URI: /validaciones
--------------------------------------------------------------------------------
[2026-03-18 14:57:29] [DEPRECATED] session_set_save_handler(): Providing individual callbacks instead of an object implementing SessionHandlerInterface is deprecated en C:\tools\nginx\html\sistema_biometrico\index.php línea 52
URI: /validaciones/buscar-empleados?solo_con_incidencias=1
--------------------------------------------------------------------------------
[2026-03-18 14:57:29] [DEPRECATED] session_set_save_handler(): Providing individual callbacks instead of an object implementing SessionHandlerInterface is deprecated en C:\tools\nginx\html\sistema_biometrico\index.php línea 52
URI: /validaciones/obtener-areas
--------------------------------------------------------------------------------
[2026-03-18 14:57:29] [DEPRECATED] session_set_save_handler(): Providing individual callbacks instead of an object implementing SessionHandlerInterface is deprecated en C:\tools\nginx\html\sistema_biometrico\index.php línea 52
URI: /validaciones/estadisticas
--------------------------------------------------------------------------------
[2026-03-18 14:57:30] [DEPRECATED] session_set_save_handler(): Providing individual callbacks instead of an object implementing SessionHandlerInterface is deprecated en C:\tools\nginx\html\sistema_biometrico\index.php línea 52
URI: /validaciones
--------------------------------------------------------------------------------
[2026-03-18 14:57:30] [DEPRECATED] session_set_save_handler(): Providing individual callbacks instead of an object implementing SessionHandlerInterface is deprecated en C:\tools\nginx\html\sistema_biometrico\index.php línea 52
URI: /validaciones/buscar-empleados?solo_con_incidencias=1
--------------------------------------------------------------------------------
[2026-03-18 14:57:30] [DEPRECATED] session_set_save_handler(): Providing individual callbacks instead of an object implementing SessionHandlerInterface is deprecated en C:\tools\nginx\html\sistema_biometrico\index.php línea 52
URI: /validaciones/obtener-areas
--------------------------------------------------------------------------------
[2026-03-18 14:57:30] [DEPRECATED] session_set_save_handler(): Providing individual callbacks instead of an object implementing SessionHandlerInterface is deprecated en C:\tools\nginx\html\sistema_biometrico\index.php línea 52
URI: /validaciones/estadisticas
--------------------------------------------------------------------------------
[2026-03-18 14:57:30] [DEPRECATED] session_set_save_handler(): Providing individual callbacks instead of an object implementing SessionHandlerInterface is deprecated en C:\tools\nginx\html\sistema_biometrico\index.php línea 52
URI: /validaciones
--------------------------------------------------------------------------------
[2026-03-18 14:57:30] [DEPRECATED] session_set_save_handler(): Providing individual callbacks instead of an object implementing SessionHandlerInterface is deprecated en C:\tools\nginx\html\sistema_biometrico\index.php línea 52
URI: /validaciones/buscar-empleados?solo_con_incidencias=1
--------------------------------------------------------------------------------
[2026-03-18 14:57:30] [DEPRECATED] session_set_save_handler(): Providing individual callbacks instead of an object implementing SessionHandlerInterface is deprecated en C:\tools\nginx\html\sistema_biometrico\index.php línea 52
URI: /validaciones/obtener-areas
--------------------------------------------------------------------------------
[2026-03-18 14:57:30] [DEPRECATED] session_set_save_handler(): Providing individual callbacks instead of an object implementing SessionHandlerInterface is deprecated en C:\tools\nginx\html\sistema_biometrico\index.php línea 52
URI: /validaciones/estadisticas
--------------------------------------------------------------------------------
[2026-03-18 14:57:30] [DEPRECATED] session_set_save_handler(): Providing individual callbacks instead of an object implementing SessionHandlerInterface is deprecated en C:\tools\nginx\html\sistema_biometrico\index.php línea 52
URI: /validaciones
--------------------------------------------------------------------------------
[2026-03-18 14:57:30] [DEPRECATED] session_set_save_handler(): Providing individual callbacks instead of an object implementing SessionHandlerInterface is deprecated en C:\tools\nginx\html\sistema_biometrico\index.php línea 52
URI: /validaciones/buscar-empleados?solo_con_incidencias=1
--------------------------------------------------------------------------------
[2026-03-18 14:57:30] [DEPRECATED] session_set_save_handler(): Providing individual callbacks instead of an object implementing SessionHandlerInterface is deprecated en C:\tools\nginx\html\sistema_biometrico\index.php línea 52
URI: /validaciones/obtener-areas
--------------------------------------------------------------------------------
[2026-03-18 14:57:30] [DEPRECATED] session_set_save_handler(): Providing individual callbacks instead of an object implementing SessionHandlerInterface is deprecated en C:\tools\nginx\html\sistema_biometrico\index.php línea 52
URI: /validaciones/estadisticas
--------------------------------------------------------------------------------
[2026-03-18 14:57:30] [DEPRECATED] session_set_save_handler(): Providing individual callbacks instead of an object implementing SessionHandlerInterface is deprecated en C:\tools\nginx\html\sistema_biometrico\index.php línea 52
URI: /validaciones
--------------------------------------------------------------------------------
[2026-03-18 14:57:30] [DEPRECATED] session_set_save_handler(): Providing individual callbacks instead of an object implementing SessionHandlerInterface is deprecated en C:\tools\nginx\html\sistema_biometrico\index.php línea 52
URI: /validaciones/buscar-empleados?solo_con_incidencias=1
--------------------------------------------------------------------------------
[2026-03-18 14:57:30] [DEPRECATED] session_set_save_handler(): Providing individual callbacks instead of an object implementing SessionHandlerInterface is deprecated en C:\tools\nginx\html\sistema_biometrico\index.php línea 52
URI: /validaciones/obtener-areas
--------------------------------------------------------------------------------
[2026-03-18 14:57:30] [DEPRECATED] session_set_save_handler(): Providing individual callbacks instead of an object implementing SessionHandlerInterface is deprecated en C:\tools\nginx\html\sistema_biometrico\index.php línea 52
URI: /validaciones/estadisticas
--------------------------------------------------------------------------------
[2026-03-18 14:57:31] [DEPRECATED] session_set_save_handler(): Providing individual callbacks instead of an object implementing SessionHandlerInterface is deprecated en C:\tools\nginx\html\sistema_biometrico\index.php línea 52
URI: /validaciones
--------------------------------------------------------------------------------
[2026-03-18 14:57:31] [DEPRECATED] session_set_save_handler(): Providing individual callbacks instead of an object implementing SessionHandlerInterface is deprecated en C:\tools\nginx\html\sistema_biometrico\index.php línea 52
URI: /validaciones/buscar-empleados?solo_con_incidencias=1
--------------------------------------------------------------------------------
[2026-03-18 14:57:31] [DEPRECATED] session_set_save_handler(): Providing individual callbacks instead of an object implementing SessionHandlerInterface is deprecated en C:\tools\nginx\html\sistema_biometrico\index.php línea 52
URI: /validaciones
--------------------------------------------------------------------------------
[2026-03-18 14:57:31] [DEPRECATED] session_set_save_handler(): Providing individual callbacks instead of an object implementing SessionHandlerInterface is deprecated en C:\tools\nginx\html\sistema_biometrico\index.php línea 52
URI: /validaciones/obtener-areas
--------------------------------------------------------------------------------
[2026-03-18 14:57:31] [DEPRECATED] session_set_save_handler(): Providing individual callbacks instead of an object implementing SessionHandlerInterface is deprecated en C:\tools\nginx\html\sistema_biometrico\index.php línea 52
URI: /validaciones/estadisticas
--------------------------------------------------------------------------------
[2026-03-18 14:57:31] [DEPRECATED] session_set_save_handler(): Providing individual callbacks instead of an object implementing SessionHandlerInterface is deprecated en C:\tools\nginx\html\sistema_biometrico\index.php línea 52
URI: /api/log-error
--------------------------------------------------------------------------------
[2026-03-18 14:57:31] [DEPRECATED] session_set_save_handler(): Providing individual callbacks instead of an object implementing SessionHandlerInterface is deprecated en C:\tools\nginx\html\sistema_biometrico\index.php línea 52
URI: /api/log-error
--------------------------------------------------------------------------------
[2026-03-18 14:57:31] [DEPRECATED] session_set_save_handler(): Providing individual callbacks instead of an object implementing SessionHandlerInterface is deprecated en C:\tools\nginx\html\sistema_biometrico\index.php línea 52
URI: /validaciones/buscar-empleados?solo_con_incidencias=1
--------------------------------------------------------------------------------
[2026-03-18 14:57:31] [DEPRECATED] session_set_save_handler(): Providing individual callbacks instead of an object implementing SessionHandlerInterface is deprecated en C:\tools\nginx\html\sistema_biometrico\index.php línea 52
URI: /validaciones/obtener-areas
--------------------------------------------------------------------------------
[2026-03-18 14:57:31] [DEPRECATED] session_set_save_handler(): Providing individual callbacks instead of an object implementing SessionHandlerInterface is deprecated en C:\tools\nginx\html\sistema_biometrico\index.php línea 52
URI: /validaciones/estadisticas
--------------------------------------------------------------------------------
[2026-03-18 14:58:01] [DEPRECATED] session_set_save_handler(): Providing individual callbacks instead of an object implementing SessionHandlerInterface is deprecated en C:\tools\nginx\html\sistema_biometrico\index.php línea 52
URI: /validaciones/estadisticas
--------------------------------------------------------------------------------
[2026-03-18 14:58:13] [DEPRECATED] session_set_save_handler(): Providing individual callbacks instead of an object implementing SessionHandlerInterface is deprecated en C:\tools\nginx\html\sistema_biometrico\index.php línea 52
URI: /validaciones
--------------------------------------------------------------------------------
[2026-03-18 14:58:13] [DEPRECATED] session_set_save_handler(): Providing individual callbacks instead of an object implementing SessionHandlerInterface is deprecated en C:\tools\nginx\html\sistema_biometrico\index.php línea 52
URI: /validaciones/buscar-empleados?solo_con_incidencias=1
--------------------------------------------------------------------------------
[2026-03-18 14:58:13] [DEPRECATED] session_set_save_handler(): Providing individual callbacks instead of an object implementing SessionHandlerInterface is deprecated en C:\tools\nginx\html\sistema_biometrico\index.php línea 52
URI: /validaciones/obtener-areas
--------------------------------------------------------------------------------
[2026-03-18 14:58:13] [DEPRECATED] session_set_save_handler(): Providing individual callbacks instead of an object implementing SessionHandlerInterface is deprecated en C:\tools\nginx\html\sistema_biometrico\index.php línea 52
URI: /validaciones/estadisticas
--------------------------------------------------------------------------------
[2026-03-18 14:58:14] [DEPRECATED] session_set_save_handler(): Providing individual callbacks instead of an object implementing SessionHandlerInterface is deprecated en C:\tools\nginx\html\sistema_biometrico\index.php línea 52
URI: /validaciones
--------------------------------------------------------------------------------
[2026-03-18 14:58:14] [DEPRECATED] session_set_save_handler(): Providing individual callbacks instead of an object implementing SessionHandlerInterface is deprecated en C:\tools\nginx\html\sistema_biometrico\index.php línea 52
URI: /validaciones/buscar-empleados?solo_con_incidencias=1
--------------------------------------------------------------------------------
[2026-03-18 14:58:14] [DEPRECATED] session_set_save_handler(): Providing individual callbacks instead of an object implementing SessionHandlerInterface is deprecated en C:\tools\nginx\html\sistema_biometrico\index.php línea 52
URI: /validaciones/obtener-areas
--------------------------------------------------------------------------------
[2026-03-18 14:58:14] [DEPRECATED] session_set_save_handler(): Providing individual callbacks instead of an object implementing SessionHandlerInterface is deprecated en C:\tools\nginx\html\sistema_biometrico\index.php línea 52
URI: /validaciones/estadisticas
--------------------------------------------------------------------------------
[2026-03-18 14:58:14] [DEPRECATED] session_set_save_handler(): Providing individual callbacks instead of an object implementing SessionHandlerInterface is deprecated en C:\tools\nginx\html\sistema_biometrico\index.php línea 52
URI: /validaciones
--------------------------------------------------------------------------------
[2026-03-18 14:58:14] [DEPRECATED] session_set_save_handler(): Providing individual callbacks instead of an object implementing SessionHandlerInterface is deprecated en C:\tools\nginx\html\sistema_biometrico\index.php línea 52
URI: /validaciones/buscar-empleados?solo_con_incidencias=1
--------------------------------------------------------------------------------
[2026-03-18 14:58:14] [DEPRECATED] session_set_save_handler(): Providing individual callbacks instead of an object implementing SessionHandlerInterface is deprecated en C:\tools\nginx\html\sistema_biometrico\index.php línea 52
URI: /validaciones/obtener-areas
--------------------------------------------------------------------------------
[2026-03-18 14:58:14] [DEPRECATED] session_set_save_handler(): Providing individual callbacks instead of an object implementing SessionHandlerInterface is deprecated en C:\tools\nginx\html\sistema_biometrico\index.php línea 52
URI: /validaciones/estadisticas
--------------------------------------------------------------------------------
[2026-03-18 14:58:16] [DEPRECATED] session_set_save_handler(): Providing individual callbacks instead of an object implementing SessionHandlerInterface is deprecated en C:\tools\nginx\html\sistema_biometrico\index.php línea 52
URI: /validaciones
--------------------------------------------------------------------------------
[2026-03-18 14:58:17] [DEPRECATED] session_set_save_handler(): Providing individual callbacks instead of an object implementing SessionHandlerInterface is deprecated en C:\tools\nginx\html\sistema_biometrico\index.php línea 52
URI: /validaciones
--------------------------------------------------------------------------------
[2026-03-18 14:58:17] [DEPRECATED] session_set_save_handler(): Providing individual callbacks instead of an object implementing SessionHandlerInterface is deprecated en C:\tools\nginx\html\sistema_biometrico\index.php línea 52
URI: /validaciones
--------------------------------------------------------------------------------
[2026-03-18 14:58:17] [DEPRECATED] session_set_save_handler(): Providing individual callbacks instead of an object implementing SessionHandlerInterface is deprecated en C:\tools\nginx\html\sistema_biometrico\index.php línea 52
URI: /validaciones/buscar-empleados?solo_con_incidencias=1
--------------------------------------------------------------------------------
[2026-03-18 14:58:17] [DEPRECATED] session_set_save_handler(): Providing individual callbacks instead of an object implementing SessionHandlerInterface is deprecated en C:\tools\nginx\html\sistema_biometrico\index.php línea 52
URI: /validaciones/obtener-areas
--------------------------------------------------------------------------------
[2026-03-18 14:58:17] [DEPRECATED] session_set_save_handler(): Providing individual callbacks instead of an object implementing SessionHandlerInterface is deprecated en C:\tools\nginx\html\sistema_biometrico\index.php línea 52
URI: /validaciones/estadisticas
--------------------------------------------------------------------------------
[2026-03-18 14:58:18] [DEPRECATED] session_set_save_handler(): Providing individual callbacks instead of an object implementing SessionHandlerInterface is deprecated en C:\tools\nginx\html\sistema_biometrico\index.php línea 52
URI: /validaciones
--------------------------------------------------------------------------------
[2026-03-18 14:58:18] [DEPRECATED] session_set_save_handler(): Providing individual callbacks instead of an object implementing SessionHandlerInterface is deprecated en C:\tools\nginx\html\sistema_biometrico\index.php línea 52
URI: /validaciones
--------------------------------------------------------------------------------
[2026-03-18 14:58:18] [DEPRECATED] session_set_save_handler(): Providing individual callbacks instead of an object implementing SessionHandlerInterface is deprecated en C:\tools\nginx\html\sistema_biometrico\index.php línea 52
URI: /validaciones
--------------------------------------------------------------------------------
[2026-03-18 14:58:19] [DEPRECATED] session_set_save_handler(): Providing individual callbacks instead of an object implementing SessionHandlerInterface is deprecated en C:\tools\nginx\html\sistema_biometrico\index.php línea 52
URI: /validaciones/buscar-empleados?solo_con_incidencias=1
--------------------------------------------------------------------------------
[2026-03-18 14:58:19] [DEPRECATED] session_set_save_handler(): Providing individual callbacks instead of an object implementing SessionHandlerInterface is deprecated en C:\tools\nginx\html\sistema_biometrico\index.php línea 52
URI: /validaciones/obtener-areas
--------------------------------------------------------------------------------
[2026-03-18 14:58:19] [DEPRECATED] session_set_save_handler(): Providing individual callbacks instead of an object implementing SessionHandlerInterface is deprecated en C:\tools\nginx\html\sistema_biometrico\index.php línea 52
URI: /validaciones/estadisticas
--------------------------------------------------------------------------------
[2026-03-18 14:58:32] [DEPRECATED] session_set_save_handler(): Providing individual callbacks instead of an object implementing SessionHandlerInterface is deprecated en C:\tools\nginx\html\sistema_biometrico\index.php línea 52
URI: /validaciones
--------------------------------------------------------------------------------
[2026-03-18 14:58:32] [DEPRECATED] session_set_save_handler(): Providing individual callbacks instead of an object implementing SessionHandlerInterface is deprecated en C:\tools\nginx\html\sistema_biometrico\index.php línea 52
URI: /login
--------------------------------------------------------------------------------
[2026-03-18 14:58:46] [DEPRECATED] session_set_save_handler(): Providing individual callbacks instead of an object implementing SessionHandlerInterface is deprecated en C:\tools\nginx\html\sistema_biometrico\index.php línea 52
URI: /login
--------------------------------------------------------------------------------
[2026-03-18 14:58:46] [DEPRECATED] session_set_save_handler(): Providing individual callbacks instead of an object implementing SessionHandlerInterface is deprecated en C:\tools\nginx\html\sistema_biometrico\index.php línea 52
URI: /dashboard
--------------------------------------------------------------------------------
[2026-03-18 14:59:06] [DEPRECATED] session_set_save_handler(): Providing individual callbacks instead of an object implementing SessionHandlerInterface is deprecated en C:\tools\nginx\html\sistema_biometrico\index.php línea 52
URI: /dashboard
--------------------------------------------------------------------------------
[2026-03-18 14:59:09] [DEPRECATED] session_set_save_handler(): Providing individual callbacks instead of an object implementing SessionHandlerInterface is deprecated en C:\tools\nginx\html\sistema_biometrico\index.php línea 52
URI: /dashboard
--------------------------------------------------------------------------------
[2026-03-18 14:59:12] [DEPRECATED] session_set_save_handler(): Providing individual callbacks instead of an object implementing SessionHandlerInterface is deprecated en C:\tools\nginx\html\sistema_biometrico\index.php línea 52
URI: /dashboard
--------------------------------------------------------------------------------
[2026-03-18 14:59:16] [DEPRECATED] session_set_save_handler(): Providing individual callbacks instead of an object implementing SessionHandlerInterface is deprecated en C:\tools\nginx\html\sistema_biometrico\index.php línea 52
URI: /dashboard
--------------------------------------------------------------------------------
[2026-03-18 14:59:19] [DEPRECATED] session_set_save_handler(): Providing individual callbacks instead of an object implementing SessionHandlerInterface is deprecated en C:\tools\nginx\html\sistema_biometrico\index.php línea 52
URI: /dashboard
--------------------------------------------------------------------------------
[2026-03-18 14:59:22] [DEPRECATED] session_set_save_handler(): Providing individual callbacks instead of an object implementing SessionHandlerInterface is deprecated en C:\tools\nginx\html\sistema_biometrico\index.php línea 52
URI: /dashboard
--------------------------------------------------------------------------------
[2026-03-18 14:59:25] [DEPRECATED] session_set_save_handler(): Providing individual callbacks instead of an object implementing SessionHandlerInterface is deprecated en C:\tools\nginx\html\sistema_biometrico\index.php línea 52
URI: /dashboard
--------------------------------------------------------------------------------
[2026-03-18 15:08:38] [DEPRECATED] session_set_save_handler(): Providing individual callbacks instead of an object implementing SessionHandlerInterface is deprecated en C:\tools\nginx\html\sistema_biometrico\index.php línea 52
URI: /validaciones
--------------------------------------------------------------------------------
[2026-03-18 15:08:38] [DEPRECATED] session_set_save_handler(): Providing individual callbacks instead of an object implementing SessionHandlerInterface is deprecated en C:\tools\nginx\html\sistema_biometrico\index.php línea 52
URI: /validaciones/buscar-empleados?solo_con_incidencias=1
--------------------------------------------------------------------------------
[2026-03-18 15:08:38] [DEPRECATED] session_set_save_handler(): Providing individual callbacks instead of an object implementing SessionHandlerInterface is deprecated en C:\tools\nginx\html\sistema_biometrico\index.php línea 52
URI: /validaciones/obtener-areas
--------------------------------------------------------------------------------
[2026-03-18 15:08:38] [DEPRECATED] session_set_save_handler(): Providing individual callbacks instead of an object implementing SessionHandlerInterface is deprecated en C:\tools\nginx\html\sistema_biometrico\index.php línea 52
URI: /validaciones/estadisticas
--------------------------------------------------------------------------------
[2026-03-18 15:08:49] [DEPRECATED] session_set_save_handler(): Providing individual callbacks instead of an object implementing SessionHandlerInterface is deprecated en C:\tools\nginx\html\sistema_biometrico\index.php línea 52
URI: /validaciones/incidencias-empleados
--------------------------------------------------------------------------------
[2026-03-18 15:09:08] [DEPRECATED] session_set_save_handler(): Providing individual callbacks instead of an object implementing SessionHandlerInterface is deprecated en C:\tools\nginx\html\sistema_biometrico\index.php línea 52
URI: /validaciones/estadisticas
--------------------------------------------------------------------------------
[2026-03-18 15:09:23] [DEPRECATED] session_set_save_handler(): Providing individual callbacks instead of an object implementing SessionHandlerInterface is deprecated en C:\tools\nginx\html\sistema_biometrico\index.php línea 52
URI: /validaciones
--------------------------------------------------------------------------------
[2026-03-18 15:09:23] [DEPRECATED] session_set_save_handler(): Providing individual callbacks instead of an object implementing SessionHandlerInterface is deprecated en C:\tools\nginx\html\sistema_biometrico\index.php línea 52
URI: /validaciones/buscar-empleados?solo_con_incidencias=1
--------------------------------------------------------------------------------
[2026-03-18 15:09:23] [DEPRECATED] session_set_save_handler(): Providing individual callbacks instead of an object implementing SessionHandlerInterface is deprecated en C:\tools\nginx\html\sistema_biometrico\index.php línea 52
URI: /validaciones/obtener-areas
--------------------------------------------------------------------------------
[2026-03-18 15:09:23] [DEPRECATED] session_set_save_handler(): Providing individual callbacks instead of an object implementing SessionHandlerInterface is deprecated en C:\tools\nginx\html\sistema_biometrico\index.php línea 52
URI: /validaciones/estadisticas
--------------------------------------------------------------------------------
[2026-03-18 15:09:24] [DEPRECATED] session_set_save_handler(): Providing individual callbacks instead of an object implementing SessionHandlerInterface is deprecated en C:\tools\nginx\html\sistema_biometrico\index.php línea 52
URI: /validaciones
--------------------------------------------------------------------------------
[2026-03-18 15:09:25] [DEPRECATED] session_set_save_handler(): Providing individual callbacks instead of an object implementing SessionHandlerInterface is deprecated en C:\tools\nginx\html\sistema_biometrico\index.php línea 52
URI: /validaciones/buscar-empleados?solo_con_incidencias=1
--------------------------------------------------------------------------------
[2026-03-18 15:09:25] [DEPRECATED] session_set_save_handler(): Providing individual callbacks instead of an object implementing SessionHandlerInterface is deprecated en C:\tools\nginx\html\sistema_biometrico\index.php línea 52
URI: /validaciones/obtener-areas
--------------------------------------------------------------------------------
[2026-03-18 15:09:25] [DEPRECATED] session_set_save_handler(): Providing individual callbacks instead of an object implementing SessionHandlerInterface is deprecated en C:\tools\nginx\html\sistema_biometrico\index.php línea 52
URI: /validaciones/estadisticas
--------------------------------------------------------------------------------
[2026-03-18 15:09:25] [DEPRECATED] session_set_save_handler(): Providing individual callbacks instead of an object implementing SessionHandlerInterface is deprecated en C:\tools\nginx\html\sistema_biometrico\index.php línea 52
URI: /validaciones
--------------------------------------------------------------------------------
[2026-03-18 15:09:25] [DEPRECATED] session_set_save_handler(): Providing individual callbacks instead of an object implementing SessionHandlerInterface is deprecated en C:\tools\nginx\html\sistema_biometrico\index.php línea 52
URI: /validaciones/buscar-empleados?solo_con_incidencias=1
--------------------------------------------------------------------------------
[2026-03-18 15:09:25] [DEPRECATED] session_set_save_handler(): Providing individual callbacks instead of an object implementing SessionHandlerInterface is deprecated en C:\tools\nginx\html\sistema_biometrico\index.php línea 52
URI: /validaciones/obtener-areas
--------------------------------------------------------------------------------
[2026-03-18 15:09:25] [DEPRECATED] session_set_save_handler(): Providing individual callbacks instead of an object implementing SessionHandlerInterface is deprecated en C:\tools\nginx\html\sistema_biometrico\index.php línea 52
URI: /validaciones/estadisticas
--------------------------------------------------------------------------------
[2026-03-18 15:09:25] [DEPRECATED] session_set_save_handler(): Providing individual callbacks instead of an object implementing SessionHandlerInterface is deprecated en C:\tools\nginx\html\sistema_biometrico\index.php línea 52
URI: /validaciones
--------------------------------------------------------------------------------
[2026-03-18 15:09:26] [DEPRECATED] session_set_save_handler(): Providing individual callbacks instead of an object implementing SessionHandlerInterface is deprecated en C:\tools\nginx\html\sistema_biometrico\index.php línea 52
URI: /validaciones
--------------------------------------------------------------------------------
[2026-03-18 15:09:26] [DEPRECATED] session_set_save_handler(): Providing individual callbacks instead of an object implementing SessionHandlerInterface is deprecated en C:\tools\nginx\html\sistema_biometrico\index.php línea 52
URI: /validaciones/buscar-empleados?solo_con_incidencias=1
--------------------------------------------------------------------------------
[2026-03-18 15:09:26] [DEPRECATED] session_set_save_handler(): Providing individual callbacks instead of an object implementing SessionHandlerInterface is deprecated en C:\tools\nginx\html\sistema_biometrico\index.php línea 52
URI: /api/log-error
--------------------------------------------------------------------------------
[2026-03-18 15:09:26] [DEPRECATED] session_set_save_handler(): Providing individual callbacks instead of an object implementing SessionHandlerInterface is deprecated en C:\tools\nginx\html\sistema_biometrico\index.php línea 52
URI: /api/log-error
--------------------------------------------------------------------------------
[2026-03-18 15:09:26] [DEPRECATED] session_set_save_handler(): Providing individual callbacks instead of an object implementing SessionHandlerInterface is deprecated en C:\tools\nginx\html\sistema_biometrico\index.php línea 52
URI: /api/log-error
--------------------------------------------------------------------------------
[2026-03-18 15:09:26] [DEPRECATED] session_set_save_handler(): Providing individual callbacks instead of an object implementing SessionHandlerInterface is deprecated en C:\tools\nginx\html\sistema_biometrico\index.php línea 52
URI: /validaciones/estadisticas
--------------------------------------------------------------------------------
[2026-03-18 15:09:26] [DEPRECATED] session_set_save_handler(): Providing individual callbacks instead of an object implementing SessionHandlerInterface is deprecated en C:\tools\nginx\html\sistema_biometrico\index.php línea 52
URI: /validaciones
--------------------------------------------------------------------------------
[2026-03-18 15:09:26] [DEPRECATED] session_set_save_handler(): Providing individual callbacks instead of an object implementing SessionHandlerInterface is deprecated en C:\tools\nginx\html\sistema_biometrico\index.php línea 52
URI: /validaciones/buscar-empleados?solo_con_incidencias=1
--------------------------------------------------------------------------------
[2026-03-18 15:09:26] [DEPRECATED] session_set_save_handler(): Providing individual callbacks instead of an object implementing SessionHandlerInterface is deprecated en C:\tools\nginx\html\sistema_biometrico\index.php línea 52
URI: /validaciones
--------------------------------------------------------------------------------
[2026-03-18 15:09:26] [DEPRECATED] session_set_save_handler(): Providing individual callbacks instead of an object implementing SessionHandlerInterface is deprecated en C:\tools\nginx\html\sistema_biometrico\index.php línea 52
URI: /validaciones/obtener-areas
--------------------------------------------------------------------------------
[2026-03-18 15:09:26] [DEPRECATED] session_set_save_handler(): Providing individual callbacks instead of an object implementing SessionHandlerInterface is deprecated en C:\tools\nginx\html\sistema_biometrico\index.php línea 52
URI: /validaciones/estadisticas
--------------------------------------------------------------------------------
[2026-03-18 15:09:26] [DEPRECATED] session_set_save_handler(): Providing individual callbacks instead of an object implementing SessionHandlerInterface is deprecated en C:\tools\nginx\html\sistema_biometrico\index.php línea 52
URI: /api/log-error
--------------------------------------------------------------------------------
[2026-03-18 15:09:26] [DEPRECATED] session_set_save_handler(): Providing individual callbacks instead of an object implementing SessionHandlerInterface is deprecated en C:\tools\nginx\html\sistema_biometrico\index.php línea 52
URI: /api/log-error
--------------------------------------------------------------------------------
[2026-03-18 15:09:26] [DEPRECATED] session_set_save_handler(): Providing individual callbacks instead of an object implementing SessionHandlerInterface is deprecated en C:\tools\nginx\html\sistema_biometrico\index.php línea 52
URI: /api/log-error
--------------------------------------------------------------------------------
[2026-03-18 15:09:26] [DEPRECATED] session_set_save_handler(): Providing individual callbacks instead of an object implementing SessionHandlerInterface is deprecated en C:\tools\nginx\html\sistema_biometrico\index.php línea 52
URI: /validaciones
--------------------------------------------------------------------------------
[2026-03-18 15:09:26] [DEPRECATED] session_set_save_handler(): Providing individual callbacks instead of an object implementing SessionHandlerInterface is deprecated en C:\tools\nginx\html\sistema_biometrico\index.php línea 52
URI: /validaciones/buscar-empleados?solo_con_incidencias=1
--------------------------------------------------------------------------------
[2026-03-18 15:09:26] [DEPRECATED] session_set_save_handler(): Providing individual callbacks instead of an object implementing SessionHandlerInterface is deprecated en C:\tools\nginx\html\sistema_biometrico\index.php línea 52
URI: /validaciones
--------------------------------------------------------------------------------
[2026-03-18 15:09:27] [DEPRECATED] session_set_save_handler(): Providing individual callbacks instead of an object implementing SessionHandlerInterface is deprecated en C:\tools\nginx\html\sistema_biometrico\index.php línea 52
URI: /validaciones/obtener-areas
--------------------------------------------------------------------------------
[2026-03-18 15:09:27] [DEPRECATED] session_set_save_handler(): Providing individual callbacks instead of an object implementing SessionHandlerInterface is deprecated en C:\tools\nginx\html\sistema_biometrico\index.php línea 52
URI: /validaciones/estadisticas
--------------------------------------------------------------------------------
[2026-03-18 15:09:27] [DEPRECATED] session_set_save_handler(): Providing individual callbacks instead of an object implementing SessionHandlerInterface is deprecated en C:\tools\nginx\html\sistema_biometrico\index.php línea 52
URI: /validaciones
--------------------------------------------------------------------------------
[2026-03-18 15:09:27] [DEPRECATED] session_set_save_handler(): Providing individual callbacks instead of an object implementing SessionHandlerInterface is deprecated en C:\tools\nginx\html\sistema_biometrico\index.php línea 52
URI: /validaciones
--------------------------------------------------------------------------------
[2026-03-18 15:09:27] [DEPRECATED] session_set_save_handler(): Providing individual callbacks instead of an object implementing SessionHandlerInterface is deprecated en C:\tools\nginx\html\sistema_biometrico\index.php línea 52
URI: /validaciones/buscar-empleados?solo_con_incidencias=1
--------------------------------------------------------------------------------
[2026-03-18 15:09:27] [DEPRECATED] session_set_save_handler(): Providing individual callbacks instead of an object implementing SessionHandlerInterface is deprecated en C:\tools\nginx\html\sistema_biometrico\index.php línea 52
URI: /validaciones/obtener-areas
--------------------------------------------------------------------------------
[2026-03-18 15:09:27] [DEPRECATED] session_set_save_handler(): Providing individual callbacks instead of an object implementing SessionHandlerInterface is deprecated en C:\tools\nginx\html\sistema_biometrico\index.php línea 52
URI: /validaciones/estadisticas
--------------------------------------------------------------------------------
[2026-03-18 15:09:39] [DEPRECATED] session_set_save_handler(): Providing individual callbacks instead of an object implementing SessionHandlerInterface is deprecated en C:\tools\nginx\html\sistema_biometrico\index.php línea 52
URI: /validaciones
--------------------------------------------------------------------------------
[2026-03-18 15:09:39] [DEPRECATED] session_set_save_handler(): Providing individual callbacks instead of an object implementing SessionHandlerInterface is deprecated en C:\tools\nginx\html\sistema_biometrico\index.php línea 52
URI: /login
--------------------------------------------------------------------------------
[2026-03-18 15:09:52] [DEPRECATED] session_set_save_handler(): Providing individual callbacks instead of an object implementing SessionHandlerInterface is deprecated en C:\tools\nginx\html\sistema_biometrico\index.php línea 52
URI: /login
--------------------------------------------------------------------------------
[2026-03-18 15:09:52] [DEPRECATED] session_set_save_handler(): Providing individual callbacks instead of an object implementing SessionHandlerInterface is deprecated en C:\tools\nginx\html\sistema_biometrico\index.php línea 52
URI: /dashboard
--------------------------------------------------------------------------------
[2026-03-18 15:09:57] [DEPRECATED] session_set_save_handler(): Providing individual callbacks instead of an object implementing SessionHandlerInterface is deprecated en C:\tools\nginx\html\sistema_biometrico\index.php línea 52
URI: /validaciones
--------------------------------------------------------------------------------
[2026-03-18 15:09:57] [DEPRECATED] session_set_save_handler(): Providing individual callbacks instead of an object implementing SessionHandlerInterface is deprecated en C:\tools\nginx\html\sistema_biometrico\index.php línea 52
URI: /validaciones/buscar-empleados?solo_con_incidencias=1
--------------------------------------------------------------------------------
[2026-03-18 15:09:57] [DEPRECATED] session_set_save_handler(): Providing individual callbacks instead of an object implementing SessionHandlerInterface is deprecated en C:\tools\nginx\html\sistema_biometrico\index.php línea 52
URI: /validaciones/obtener-areas
--------------------------------------------------------------------------------
[2026-03-18 15:09:57] [DEPRECATED] session_set_save_handler(): Providing individual callbacks instead of an object implementing SessionHandlerInterface is deprecated en C:\tools\nginx\html\sistema_biometrico\index.php línea 52
URI: /validaciones/estadisticas
--------------------------------------------------------------------------------
[2026-03-18 15:10:20] [DEPRECATED] session_set_save_handler(): Providing individual callbacks instead of an object implementing SessionHandlerInterface is deprecated en C:\tools\nginx\html\sistema_biometrico\index.php línea 52
URI: /validaciones/incidencias-empleados
--------------------------------------------------------------------------------
[2026-03-18 15:10:27] [DEPRECATED] session_set_save_handler(): Providing individual callbacks instead of an object implementing SessionHandlerInterface is deprecated en C:\tools\nginx\html\sistema_biometrico\index.php línea 52
URI: /validaciones/estadisticas
--------------------------------------------------------------------------------
[2026-03-18 15:10:57] [DEPRECATED] session_set_save_handler(): Providing individual callbacks instead of an object implementing SessionHandlerInterface is deprecated en C:\tools\nginx\html\sistema_biometrico\index.php línea 52
URI: /validaciones/estadisticas
--------------------------------------------------------------------------------
[2026-03-18 15:11:27] [DEPRECATED] session_set_save_handler(): Providing individual callbacks instead of an object implementing SessionHandlerInterface is deprecated en C:\tools\nginx\html\sistema_biometrico\index.php línea 52
URI: /validaciones/estadisticas
--------------------------------------------------------------------------------
[2026-03-18 15:11:40] [DEPRECATED] session_set_save_handler(): Providing individual callbacks instead of an object implementing SessionHandlerInterface is deprecated en C:\tools\nginx\html\sistema_biometrico\index.php línea 52
URI: /validaciones/incidencias-empleados
--------------------------------------------------------------------------------
[2026-03-18 15:11:57] [DEPRECATED] session_set_save_handler(): Providing individual callbacks instead of an object implementing SessionHandlerInterface is deprecated en C:\tools\nginx\html\sistema_biometrico\index.php línea 52
URI: /validaciones/estadisticas
--------------------------------------------------------------------------------
[2026-03-18 15:12:27] [DEPRECATED] session_set_save_handler(): Providing individual callbacks instead of an object implementing SessionHandlerInterface is deprecated en C:\tools\nginx\html\sistema_biometrico\index.php línea 52
URI: /validaciones/estadisticas
--------------------------------------------------------------------------------
[2026-03-18 15:12:57] [DEPRECATED] session_set_save_handler(): Providing individual callbacks instead of an object implementing SessionHandlerInterface is deprecated en C:\tools\nginx\html\sistema_biometrico\index.php línea 52
URI: /validaciones/estadisticas
--------------------------------------------------------------------------------
[2026-03-18 15:13:09] [DEPRECATED] session_set_save_handler(): Providing individual callbacks instead of an object implementing SessionHandlerInterface is deprecated en C:\tools\nginx\html\sistema_biometrico\index.php línea 52
URI: /validaciones
--------------------------------------------------------------------------------
[2026-03-18 15:13:09] [DEPRECATED] session_set_save_handler(): Providing individual callbacks instead of an object implementing SessionHandlerInterface is deprecated en C:\tools\nginx\html\sistema_biometrico\index.php línea 52
URI: /validaciones/buscar-empleados?solo_con_incidencias=1
--------------------------------------------------------------------------------
[2026-03-18 15:13:09] [DEPRECATED] session_set_save_handler(): Providing individual callbacks instead of an object implementing SessionHandlerInterface is deprecated en C:\tools\nginx\html\sistema_biometrico\index.php línea 52
URI: /validaciones/obtener-areas
--------------------------------------------------------------------------------
[2026-03-18 15:13:09] [DEPRECATED] session_set_save_handler(): Providing individual callbacks instead of an object implementing SessionHandlerInterface is deprecated en C:\tools\nginx\html\sistema_biometrico\index.php línea 52
URI: /validaciones/estadisticas
--------------------------------------------------------------------------------
[2026-03-18 15:13:15] [DEPRECATED] session_set_save_handler(): Providing individual callbacks instead of an object implementing SessionHandlerInterface is deprecated en C:\tools\nginx\html\sistema_biometrico\index.php línea 52
URI: /validaciones/incidencias-empleados
--------------------------------------------------------------------------------
[2026-03-18 15:13:39] [DEPRECATED] session_set_save_handler(): Providing individual callbacks instead of an object implementing SessionHandlerInterface is deprecated en C:\tools\nginx\html\sistema_biometrico\index.php línea 52
URI: /validaciones/estadisticas
--------------------------------------------------------------------------------
[2026-03-18 15:14:09] [DEPRECATED] session_set_save_handler(): Providing individual callbacks instead of an object implementing SessionHandlerInterface is deprecated en C:\tools\nginx\html\sistema_biometrico\index.php línea 52
URI: /validaciones/estadisticas
--------------------------------------------------------------------------------
[2026-03-18 15:14:12] [DEPRECATED] session_set_save_handler(): Providing individual callbacks instead of an object implementing SessionHandlerInterface is deprecated en C:\tools\nginx\html\sistema_biometrico\index.php línea 52
URI: /validaciones/incidencias-empleados
--------------------------------------------------------------------------------
[2026-03-18 15:14:39] [DEPRECATED] session_set_save_handler(): Providing individual callbacks instead of an object implementing SessionHandlerInterface is deprecated en C:\tools\nginx\html\sistema_biometrico\index.php línea 52
URI: /validaciones/estadisticas
--------------------------------------------------------------------------------
[2026-03-18 15:14:52] [DEPRECATED] session_set_save_handler(): Providing individual callbacks instead of an object implementing SessionHandlerInterface is deprecated en C:\tools\nginx\html\sistema_biometrico\index.php línea 52
URI: /validaciones/incidencias-empleados
--------------------------------------------------------------------------------
[2026-03-18 15:15:09] [DEPRECATED] session_set_save_handler(): Providing individual callbacks instead of an object implementing SessionHandlerInterface is deprecated en C:\tools\nginx\html\sistema_biometrico\index.php línea 52
URI: /validaciones/estadisticas
--------------------------------------------------------------------------------
[2026-03-18 15:15:39] [DEPRECATED] session_set_save_handler(): Providing individual callbacks instead of an object implementing SessionHandlerInterface is deprecated en C:\tools\nginx\html\sistema_biometrico\index.php línea 52
URI: /validaciones/estadisticas
--------------------------------------------------------------------------------
[2026-03-18 15:15:47] [DEPRECATED] session_set_save_handler(): Providing individual callbacks instead of an object implementing SessionHandlerInterface is deprecated en C:\tools\nginx\html\sistema_biometrico\index.php línea 52
URI: /validaciones/incidencias-empleados
--------------------------------------------------------------------------------
[2026-03-18 15:16:09] [DEPRECATED] session_set_save_handler(): Providing individual callbacks instead of an object implementing SessionHandlerInterface is deprecated en C:\tools\nginx\html\sistema_biometrico\index.php línea 52
URI: /validaciones/estadisticas
--------------------------------------------------------------------------------
[2026-03-18 15:16:39] [DEPRECATED] session_set_save_handler(): Providing individual callbacks instead of an object implementing SessionHandlerInterface is deprecated en C:\tools\nginx\html\sistema_biometrico\index.php línea 52
URI: /validaciones/estadisticas
--------------------------------------------------------------------------------
[2026-03-18 15:16:53] [DEPRECATED] session_set_save_handler(): Providing individual callbacks instead of an object implementing SessionHandlerInterface is deprecated en C:\tools\nginx\html\sistema_biometrico\index.php línea 52
URI: /validaciones
--------------------------------------------------------------------------------
[2026-03-18 15:16:53] [DEPRECATED] session_set_save_handler(): Providing individual callbacks instead of an object implementing SessionHandlerInterface is deprecated en C:\tools\nginx\html\sistema_biometrico\index.php línea 52
URI: /validaciones/buscar-empleados?solo_con_incidencias=1
--------------------------------------------------------------------------------
[2026-03-18 15:16:53] [DEPRECATED] session_set_save_handler(): Providing individual callbacks instead of an object implementing SessionHandlerInterface is deprecated en C:\tools\nginx\html\sistema_biometrico\index.php línea 52
URI: /validaciones/obtener-areas
--------------------------------------------------------------------------------
[2026-03-18 15:16:53] [DEPRECATED] session_set_save_handler(): Providing individual callbacks instead of an object implementing SessionHandlerInterface is deprecated en C:\tools\nginx\html\sistema_biometrico\index.php línea 52
URI: /validaciones/estadisticas
--------------------------------------------------------------------------------
[2026-03-18 15:16:59] [DEPRECATED] session_set_save_handler(): Providing individual callbacks instead of an object implementing SessionHandlerInterface is deprecated en C:\tools\nginx\html\sistema_biometrico\index.php línea 52
URI: /validaciones/incidencias-empleados
--------------------------------------------------------------------------------
[2026-03-18 15:17:01] [DEPRECATED] session_set_save_handler(): Providing individual callbacks instead of an object implementing SessionHandlerInterface is deprecated en C:\tools\nginx\html\sistema_biometrico\index.php línea 52
URI: /validaciones/incidencias-empleados
--------------------------------------------------------------------------------
[2026-03-18 15:17:03] [DEPRECATED] session_set_save_handler(): Providing individual callbacks instead of an object implementing SessionHandlerInterface is deprecated en C:\tools\nginx\html\sistema_biometrico\index.php línea 52
URI: /validaciones/incidencias-empleados
--------------------------------------------------------------------------------
[2026-03-18 15:17:23] [DEPRECATED] session_set_save_handler(): Providing individual callbacks instead of an object implementing SessionHandlerInterface is deprecated en C:\tools\nginx\html\sistema_biometrico\index.php línea 52
URI: /validaciones/estadisticas
--------------------------------------------------------------------------------
[2026-03-18 15:17:30] [DEPRECATED] session_set_save_handler(): Providing individual callbacks instead of an object implementing SessionHandlerInterface is deprecated en C:\tools\nginx\html\sistema_biometrico\index.php línea 52
URI: /validaciones/incidencias-empleados
--------------------------------------------------------------------------------
[2026-03-18 15:17:32] [DEPRECATED] session_set_save_handler(): Providing individual callbacks instead of an object implementing SessionHandlerInterface is deprecated en C:\tools\nginx\html\sistema_biometrico\index.php línea 52
URI: /validaciones/incidencias-empleados
--------------------------------------------------------------------------------
[2026-03-18 15:17:34] [DEPRECATED] session_set_save_handler(): Providing individual callbacks instead of an object implementing SessionHandlerInterface is deprecated en C:\tools\nginx\html\sistema_biometrico\index.php línea 52
URI: /validaciones/incidencias-empleados
--------------------------------------------------------------------------------
[2026-03-18 15:17:36] [DEPRECATED] session_set_save_handler(): Providing individual callbacks instead of an object implementing SessionHandlerInterface is deprecated en C:\tools\nginx\html\sistema_biometrico\index.php línea 52
URI: /validaciones/incidencias-empleados
--------------------------------------------------------------------------------
[2026-03-18 15:17:53] [DEPRECATED] session_set_save_handler(): Providing individual callbacks instead of an object implementing SessionHandlerInterface is deprecated en C:\tools\nginx\html\sistema_biometrico\index.php línea 52
URI: /validaciones/estadisticas
--------------------------------------------------------------------------------
[2026-03-18 15:18:23] [DEPRECATED] session_set_save_handler(): Providing individual callbacks instead of an object implementing SessionHandlerInterface is deprecated en C:\tools\nginx\html\sistema_biometrico\index.php línea 52
URI: /validaciones/estadisticas
--------------------------------------------------------------------------------
[2026-03-18 15:18:32] [DEPRECATED] session_set_save_handler(): Providing individual callbacks instead of an object implementing SessionHandlerInterface is deprecated en C:\tools\nginx\html\sistema_biometrico\index.php línea 52
URI: /logout
--------------------------------------------------------------------------------
[2026-03-18 15:18:32] [DEPRECATED] session_set_save_handler(): Providing individual callbacks instead of an object implementing SessionHandlerInterface is deprecated en C:\tools\nginx\html\sistema_biometrico\index.php línea 52
URI: /login
--------------------------------------------------------------------------------
[2026-03-18 15:18:41] [DEPRECATED] session_set_save_handler(): Providing individual callbacks instead of an object implementing SessionHandlerInterface is deprecated en C:\tools\nginx\html\sistema_biometrico\index.php línea 52
URI: /login
--------------------------------------------------------------------------------
[2026-03-18 15:18:41] [DEPRECATED] session_set_save_handler(): Providing individual callbacks instead of an object implementing SessionHandlerInterface is deprecated en C:\tools\nginx\html\sistema_biometrico\index.php línea 52
URI: /dashboard
--------------------------------------------------------------------------------
[2026-03-18 15:18:46] [DEPRECATED] session_set_save_handler(): Providing individual callbacks instead of an object implementing SessionHandlerInterface is deprecated en C:\tools\nginx\html\sistema_biometrico\index.php línea 52
URI: /database
--------------------------------------------------------------------------------
[2026-03-18 15:18:47] [DEPRECATED] session_set_save_handler(): Providing individual callbacks instead of an object implementing SessionHandlerInterface is deprecated en C:\tools\nginx\html\sistema_biometrico\index.php línea 52
URI: /database/foreignKeys
--------------------------------------------------------------------------------
[2026-03-18 15:18:47] [DEPRECATED] session_set_save_handler(): Providing individual callbacks instead of an object implementing SessionHandlerInterface is deprecated en C:\tools\nginx\html\sistema_biometrico\index.php línea 52
URI: /database/listBackups
--------------------------------------------------------------------------------
[2026-03-18 15:18:53] [DEPRECATED] session_set_save_handler(): Providing individual callbacks instead of an object implementing SessionHandlerInterface is deprecated en C:\tools\nginx\html\sistema_biometrico\index.php línea 52
URI: /database/backup
--------------------------------------------------------------------------------
[2026-03-18 15:18:56] [DEPRECATED] session_set_save_handler(): Providing individual callbacks instead of an object implementing SessionHandlerInterface is deprecated en C:\tools\nginx\html\sistema_biometrico\index.php línea 52
URI: /database
--------------------------------------------------------------------------------
[2026-03-18 15:18:56] [DEPRECATED] session_set_save_handler(): Providing individual callbacks instead of an object implementing SessionHandlerInterface is deprecated en C:\tools\nginx\html\sistema_biometrico\index.php línea 52
URI: /database/foreignKeys
--------------------------------------------------------------------------------
[2026-03-18 15:18:56] [DEPRECATED] session_set_save_handler(): Providing individual callbacks instead of an object implementing SessionHandlerInterface is deprecated en C:\tools\nginx\html\sistema_biometrico\index.php línea 52
URI: /database/listBackups
--------------------------------------------------------------------------------
[2026-03-18 15:18:59] [DEPRECATED] session_set_save_handler(): Providing individual callbacks instead of an object implementing SessionHandlerInterface is deprecated en C:\tools\nginx\html\sistema_biometrico\index.php línea 52
URI: /database/backup
--------------------------------------------------------------------------------
[2026-03-18 15:19:01] [DEPRECATED] session_set_save_handler(): Providing individual callbacks instead of an object implementing SessionHandlerInterface is deprecated en C:\tools\nginx\html\sistema_biometrico\index.php línea 52
URI: /database
--------------------------------------------------------------------------------
[2026-03-18 15:19:01] [DEPRECATED] session_set_save_handler(): Providing individual callbacks instead of an object implementing SessionHandlerInterface is deprecated en C:\tools\nginx\html\sistema_biometrico\index.php línea 52
URI: /database/foreignKeys
--------------------------------------------------------------------------------
[2026-03-18 15:19:01] [DEPRECATED] session_set_save_handler(): Providing individual callbacks instead of an object implementing SessionHandlerInterface is deprecated en C:\tools\nginx\html\sistema_biometrico\index.php línea 52
URI: /database/listBackups
--------------------------------------------------------------------------------
[2026-03-18 15:19:19] [DEPRECATED] session_set_save_handler(): Providing individual callbacks instead of an object implementing SessionHandlerInterface is deprecated en C:\tools\nginx\html\sistema_biometrico\index.php línea 52
URI: /database/deleteBackup
--------------------------------------------------------------------------------
[2026-03-18 15:19:19] [DEPRECATED] session_set_save_handler(): Providing individual callbacks instead of an object implementing SessionHandlerInterface is deprecated en C:\tools\nginx\html\sistema_biometrico\index.php línea 52
URI: /database/listBackups
--------------------------------------------------------------------------------
[2026-03-18 15:19:19] [DEPRECATED] session_set_save_handler(): Providing individual callbacks instead of an object implementing SessionHandlerInterface is deprecated en C:\tools\nginx\html\sistema_biometrico\index.php línea 52
URI: /database/listBackups
--------------------------------------------------------------------------------
[2026-03-18 15:19:24] [DEPRECATED] session_set_save_handler(): Providing individual callbacks instead of an object implementing SessionHandlerInterface is deprecated en C:\tools\nginx\html\sistema_biometrico\index.php línea 52
URI: /database/deleteBackup
--------------------------------------------------------------------------------
[2026-03-18 15:19:24] [DEPRECATED] session_set_save_handler(): Providing individual callbacks instead of an object implementing SessionHandlerInterface is deprecated en C:\tools\nginx\html\sistema_biometrico\index.php línea 52
URI: /database/listBackups
--------------------------------------------------------------------------------
[2026-03-18 15:19:24] [DEPRECATED] session_set_save_handler(): Providing individual callbacks instead of an object implementing SessionHandlerInterface is deprecated en C:\tools\nginx\html\sistema_biometrico\index.php línea 52
URI: /database/listBackups
--------------------------------------------------------------------------------
[2026-03-18 15:19:30] [DEPRECATED] session_set_save_handler(): Providing individual callbacks instead of an object implementing SessionHandlerInterface is deprecated en C:\tools\nginx\html\sistema_biometrico\index.php línea 52
URI: /database/deleteBackup
--------------------------------------------------------------------------------
[2026-03-18 15:19:30] [DEPRECATED] session_set_save_handler(): Providing individual callbacks instead of an object implementing SessionHandlerInterface is deprecated en C:\tools\nginx\html\sistema_biometrico\index.php línea 52
URI: /database/listBackups
--------------------------------------------------------------------------------
[2026-03-18 15:19:30] [DEPRECATED] session_set_save_handler(): Providing individual callbacks instead of an object implementing SessionHandlerInterface is deprecated en C:\tools\nginx\html\sistema_biometrico\index.php línea 52
URI: /database/listBackups
--------------------------------------------------------------------------------
[2026-03-18 15:19:43] [DEPRECATED] session_set_save_handler(): Providing individual callbacks instead of an object implementing SessionHandlerInterface is deprecated en C:\tools\nginx\html\sistema_biometrico\index.php línea 52
URI: /database
--------------------------------------------------------------------------------
[2026-03-18 15:19:43] [DEPRECATED] session_set_save_handler(): Providing individual callbacks instead of an object implementing SessionHandlerInterface is deprecated en C:\tools\nginx\html\sistema_biometrico\index.php línea 52
URI: /database/listBackups
--------------------------------------------------------------------------------
[2026-03-18 15:19:43] [DEPRECATED] session_set_save_handler(): Providing individual callbacks instead of an object implementing SessionHandlerInterface is deprecated en C:\tools\nginx\html\sistema_biometrico\index.php línea 52
URI: /database/foreignKeys
--------------------------------------------------------------------------------
[2026-03-18 15:20:27] [DEPRECATED] session_set_save_handler(): Providing individual callbacks instead of an object implementing SessionHandlerInterface is deprecated en C:\tools\nginx\html\sistema_biometrico\index.php línea 52
URI: /reportes
--------------------------------------------------------------------------------
[2026-03-18 15:20:29] [DEPRECATED] session_set_save_handler(): Providing individual callbacks instead of an object implementing SessionHandlerInterface is deprecated en C:\tools\nginx\html\sistema_biometrico\index.php línea 52
URI: /asistencia
--------------------------------------------------------------------------------
[2026-03-18 15:20:29] [DEPRECATED] session_set_save_handler(): Providing individual callbacks instead of an object implementing SessionHandlerInterface is deprecated en C:\tools\nginx\html\sistema_biometrico\index.php línea 52
URI: /asistencia/estado-dispositivos
--------------------------------------------------------------------------------
[2026-03-18 15:20:32] [DEPRECATED] session_set_save_handler(): Providing individual callbacks instead of an object implementing SessionHandlerInterface is deprecated en C:\tools\nginx\html\sistema_biometrico\index.php línea 52
URI: /asistencia/filtrar-asistencia
--------------------------------------------------------------------------------
[2026-03-18 15:20:33] [DEPRECATED] session_set_save_handler(): Providing individual callbacks instead of an object implementing SessionHandlerInterface is deprecated en C:\tools\nginx\html\sistema_biometrico\index.php línea 52
URI: /empleados
--------------------------------------------------------------------------------
[2026-03-18 15:20:34] [DEPRECATED] session_set_save_handler(): Providing individual callbacks instead of an object implementing SessionHandlerInterface is deprecated en C:\tools\nginx\html\sistema_biometrico\index.php línea 52
URI: /empleados
--------------------------------------------------------------------------------
[2026-03-18 15:20:38] [DEPRECATED] session_set_save_handler(): Providing individual callbacks instead of an object implementing SessionHandlerInterface is deprecated en C:\tools\nginx\html\sistema_biometrico\index.php línea 52
URI: /dashboard
--------------------------------------------------------------------------------
[2026-03-18 15:21:09] [DEPRECATED] session_set_save_handler(): Providing individual callbacks instead of an object implementing SessionHandlerInterface is deprecated en C:\tools\nginx\html\sistema_biometrico\index.php línea 52
URI: /logout
--------------------------------------------------------------------------------
[2026-03-18 15:21:09] [DEPRECATED] session_set_save_handler(): Providing individual callbacks instead of an object implementing SessionHandlerInterface is deprecated en C:\tools\nginx\html\sistema_biometrico\index.php línea 52
URI: /login
--------------------------------------------------------------------------------
[2026-03-18 15:48:40] [DEPRECATED] session_set_save_handler(): Providing individual callbacks instead of an object implementing SessionHandlerInterface is deprecated en C:\tools\nginx\html\sistema_biometrico\index.php línea 52
URI: /
--------------------------------------------------------------------------------
[2026-03-18 15:48:40] [DEPRECATED] session_set_save_handler(): Providing individual callbacks instead of an object implementing SessionHandlerInterface is deprecated en C:\tools\nginx\html\sistema_biometrico\index.php línea 52
URI: /login
--------------------------------------------------------------------------------
[2026-03-18 15:48:40] [DEPRECATED] session_set_save_handler(): Providing individual callbacks instead of an object implementing SessionHandlerInterface is deprecated en C:\tools\nginx\html\sistema_biometrico\index.php línea 52
URI: /api/log-error
--------------------------------------------------------------------------------
[2026-03-18 15:48:44] [DEPRECATED] session_set_save_handler(): Providing individual callbacks instead of an object implementing SessionHandlerInterface is deprecated en C:\tools\nginx\html\sistema_biometrico\index.php línea 52
URI: /login
--------------------------------------------------------------------------------
[2026-03-18 15:50:05] [DEPRECATED] session_set_save_handler(): Providing individual callbacks instead of an object implementing SessionHandlerInterface is deprecated en C:\tools\nginx\html\sistema_biometrico\index.php línea 52
URI: /login
--------------------------------------------------------------------------------
[2026-03-18 15:50:06] [DEPRECATED] session_set_save_handler(): Providing individual callbacks instead of an object implementing SessionHandlerInterface is deprecated en C:\tools\nginx\html\sistema_biometrico\index.php línea 52
URI: /dashboard
--------------------------------------------------------------------------------
[2026-03-18 15:50:11] [DEPRECATED] session_set_save_handler(): Providing individual callbacks instead of an object implementing SessionHandlerInterface is deprecated en C:\tools\nginx\html\sistema_biometrico\index.php línea 52
URI: /empleados
--------------------------------------------------------------------------------
[2026-03-18 15:50:15] [DEPRECATED] session_set_save_handler(): Providing individual callbacks instead of an object implementing SessionHandlerInterface is deprecated en C:\tools\nginx\html\sistema_biometrico\index.php línea 52
URI: /empleados?search=morgan
--------------------------------------------------------------------------------
[2026-03-18 15:50:21] [DEPRECATED] session_set_save_handler(): Providing individual callbacks instead of an object implementing SessionHandlerInterface is deprecated en C:\tools\nginx\html\sistema_biometrico\index.php línea 52
URI: /empleados?search=m
--------------------------------------------------------------------------------
[2026-03-18 15:50:31] [DEPRECATED] session_set_save_handler(): Providing individual callbacks instead of an object implementing SessionHandlerInterface is deprecated en C:\tools\nginx\html\sistema_biometrico\index.php línea 52
URI: /empleados?search=mor
--------------------------------------------------------------------------------
[2026-03-18 15:50:40] [DEPRECATED] session_set_save_handler(): Providing individual callbacks instead of an object implementing SessionHandlerInterface is deprecated en C:\tools\nginx\html\sistema_biometrico\index.php línea 52
URI: /empleados?search=morg
--------------------------------------------------------------------------------
[2026-03-18 16:05:33] [DEPRECATED] session_set_save_handler(): Providing individual callbacks instead of an object implementing SessionHandlerInterface is deprecated en C:\tools\nginx\html\sistema_biometrico\index.php línea 52
URI: /logout
--------------------------------------------------------------------------------
[2026-03-18 16:05:33] [DEPRECATED] session_set_save_handler(): Providing individual callbacks instead of an object implementing SessionHandlerInterface is deprecated en C:\tools\nginx\html\sistema_biometrico\index.php línea 52
URI: /login
--------------------------------------------------------------------------------
