[2026-03-11 09:58:12] [DEPRECATED] session_set_save_handler(): Providing individual callbacks instead of an object implementing SessionHandlerInterface is deprecated en C:\tools\nginx\html\sistema_biometrico\index.php línea 50
URI: /
--------------------------------------------------------------------------------
[2026-03-11 09:58:12] [DEPRECATED] session_set_save_handler(): Providing individual callbacks instead of an object implementing SessionHandlerInterface is deprecated en C:\tools\nginx\html\sistema_biometrico\index.php línea 50
URI: /login
--------------------------------------------------------------------------------
[2026-03-11 09:58:19] [DEPRECATED] session_set_save_handler(): Providing individual callbacks instead of an object implementing SessionHandlerInterface is deprecated en C:\tools\nginx\html\sistema_biometrico\index.php línea 50
URI: /login
--------------------------------------------------------------------------------
[2026-03-11 09:58:20] [DEPRECATED] session_set_save_handler(): Providing individual callbacks instead of an object implementing SessionHandlerInterface is deprecated en C:\tools\nginx\html\sistema_biometrico\index.php línea 50
URI: /dashboard
--------------------------------------------------------------------------------
[2026-03-11 09:58:23] [EXCEPTION] PDOException
Contexto: {"action":"index","section":"comisiones"}
Mensaje: SQLSTATE[42S22]: Column not found: 1054 Unknown column 'monto' in 'SELECT'
URI: /dashboard
Archivo: C:\tools\nginx\html\sistema_biometrico\models\Comision.php Línea: 136
#0 C:\tools\nginx\html\sistema_biometrico\models\Comision.php(136): PDO->prepare('SELECT SUM(mont...')
#1 C:\tools\nginx\html\sistema_biometrico\controllers\DashboardController.php(81): Comision->getTotalComisiones(NULL, '03', '2026')
#2 C:\tools\nginx\html\sistema_biometrico\index.php(180): DashboardController->index()
#3 {main}
--------------------------------------------------------------------------------
[2026-03-11 09:58:28] [DEPRECATED] session_set_save_handler(): Providing individual callbacks instead of an object implementing SessionHandlerInterface is deprecated en C:\tools\nginx\html\sistema_biometrico\index.php línea 50
URI: /empleados
--------------------------------------------------------------------------------
[2026-03-11 09:58:29] [DEPRECATED] session_set_save_handler(): Providing individual callbacks instead of an object implementing SessionHandlerInterface is deprecated en C:\tools\nginx\html\sistema_biometrico\index.php línea 50
URI: /empleados/datos-completos/1
--------------------------------------------------------------------------------
[2026-03-11 09:58:29] [DEPRECATED] session_set_save_handler(): Providing individual callbacks instead of an object implementing SessionHandlerInterface is deprecated en C:\tools\nginx\html\sistema_biometrico\index.php línea 50
URI: /api/log-error
--------------------------------------------------------------------------------
[2026-03-11 09:58:33] [DEPRECATED] session_set_save_handler(): Providing individual callbacks instead of an object implementing SessionHandlerInterface is deprecated en C:\tools\nginx\html\sistema_biometrico\index.php línea 50
URI: /api/tipos-justificacion
--------------------------------------------------------------------------------
[2026-03-11 10:12:10] [DEPRECATED] session_set_save_handler(): Providing individual callbacks instead of an object implementing SessionHandlerInterface is deprecated en C:\tools\nginx\html\sistema_biometrico\index.php línea 50
URI: /empleados
--------------------------------------------------------------------------------
[2026-03-11 10:12:23] [DEPRECATED] session_set_save_handler(): Providing individual callbacks instead of an object implementing SessionHandlerInterface is deprecated en C:\tools\nginx\html\sistema_biometrico\index.php línea 50
URI: /empleados
--------------------------------------------------------------------------------
[2026-03-11 10:12:24] [DEPRECATED] session_set_save_handler(): Providing individual callbacks instead of an object implementing SessionHandlerInterface is deprecated en C:\tools\nginx\html\sistema_biometrico\index.php línea 50
URI: /empleados
--------------------------------------------------------------------------------
[2026-03-11 10:12:24] [DEPRECATED] session_set_save_handler(): Providing individual callbacks instead of an object implementing SessionHandlerInterface is deprecated en C:\tools\nginx\html\sistema_biometrico\index.php línea 50
URI: /empleados
--------------------------------------------------------------------------------
[2026-03-11 10:12:24] [DEPRECATED] session_set_save_handler(): Providing individual callbacks instead of an object implementing SessionHandlerInterface is deprecated en C:\tools\nginx\html\sistema_biometrico\index.php línea 50
URI: /empleados
--------------------------------------------------------------------------------
[2026-03-11 10:12:25] [DEPRECATED] session_set_save_handler(): Providing individual callbacks instead of an object implementing SessionHandlerInterface is deprecated en C:\tools\nginx\html\sistema_biometrico\index.php línea 50
URI: /empleados
--------------------------------------------------------------------------------
[2026-03-11 10:12:31] [DEPRECATED] session_set_save_handler(): Providing individual callbacks instead of an object implementing SessionHandlerInterface is deprecated en C:\tools\nginx\html\sistema_biometrico\index.php línea 50
URI: /empleados
--------------------------------------------------------------------------------
[2026-03-11 10:12:32] [DEPRECATED] session_set_save_handler(): Providing individual callbacks instead of an object implementing SessionHandlerInterface is deprecated en C:\tools\nginx\html\sistema_biometrico\index.php línea 50
URI: /empleados
--------------------------------------------------------------------------------
[2026-03-11 10:12:32] [DEPRECATED] session_set_save_handler(): Providing individual callbacks instead of an object implementing SessionHandlerInterface is deprecated en C:\tools\nginx\html\sistema_biometrico\index.php línea 50
URI: /empleados
--------------------------------------------------------------------------------
[2026-03-11 10:12:35] [DEPRECATED] session_set_save_handler(): Providing individual callbacks instead of an object implementing SessionHandlerInterface is deprecated en C:\tools\nginx\html\sistema_biometrico\index.php línea 50
URI: /empleados/datos-completos/1
--------------------------------------------------------------------------------
[2026-03-11 10:12:35] [DEPRECATED] session_set_save_handler(): Providing individual callbacks instead of an object implementing SessionHandlerInterface is deprecated en C:\tools\nginx\html\sistema_biometrico\index.php línea 50
URI: /api/log-error
--------------------------------------------------------------------------------
[2026-03-11 10:12:39] [DEPRECATED] session_set_save_handler(): Providing individual callbacks instead of an object implementing SessionHandlerInterface is deprecated en C:\tools\nginx\html\sistema_biometrico\index.php línea 50
URI: /api/tipos-justificacion
--------------------------------------------------------------------------------
[2026-03-11 10:23:54] [DEPRECATED] session_set_save_handler(): Providing individual callbacks instead of an object implementing SessionHandlerInterface is deprecated en C:\tools\nginx\html\sistema_biometrico\index.php línea 50
URI: /empleados
--------------------------------------------------------------------------------
[2026-03-11 10:24:04] [DEPRECATED] session_set_save_handler(): Providing individual callbacks instead of an object implementing SessionHandlerInterface is deprecated en C:\tools\nginx\html\sistema_biometrico\index.php línea 50
URI: /empleados/datos-completos/1
--------------------------------------------------------------------------------
[2026-03-11 10:24:04] [DEPRECATED] session_set_save_handler(): Providing individual callbacks instead of an object implementing SessionHandlerInterface is deprecated en C:\tools\nginx\html\sistema_biometrico\index.php línea 50
URI: /api/log-error
--------------------------------------------------------------------------------
[2026-03-11 10:24:07] [DEPRECATED] session_set_save_handler(): Providing individual callbacks instead of an object implementing SessionHandlerInterface is deprecated en C:\tools\nginx\html\sistema_biometrico\index.php línea 50
URI: /api/tipos-justificacion
--------------------------------------------------------------------------------
[2026-03-11 10:27:40] [DEPRECATED] session_set_save_handler(): Providing individual callbacks instead of an object implementing SessionHandlerInterface is deprecated en C:\tools\nginx\html\sistema_biometrico\index.php línea 50
URI: /empleados
--------------------------------------------------------------------------------
[2026-03-11 10:27:42] [DEPRECATED] session_set_save_handler(): Providing individual callbacks instead of an object implementing SessionHandlerInterface is deprecated en C:\tools\nginx\html\sistema_biometrico\index.php línea 50
URI: /empleados
--------------------------------------------------------------------------------
[2026-03-11 10:27:42] [DEPRECATED] session_set_save_handler(): Providing individual callbacks instead of an object implementing SessionHandlerInterface is deprecated en C:\tools\nginx\html\sistema_biometrico\index.php línea 50
URI: /empleados
--------------------------------------------------------------------------------
[2026-03-11 10:27:43] [DEPRECATED] session_set_save_handler(): Providing individual callbacks instead of an object implementing SessionHandlerInterface is deprecated en C:\tools\nginx\html\sistema_biometrico\index.php línea 50
URI: /empleados
--------------------------------------------------------------------------------
[2026-03-11 10:27:43] [DEPRECATED] session_set_save_handler(): Providing individual callbacks instead of an object implementing SessionHandlerInterface is deprecated en C:\tools\nginx\html\sistema_biometrico\index.php línea 50
URI: /empleados
--------------------------------------------------------------------------------
[2026-03-11 10:27:43] [DEPRECATED] session_set_save_handler(): Providing individual callbacks instead of an object implementing SessionHandlerInterface is deprecated en C:\tools\nginx\html\sistema_biometrico\index.php línea 50
URI: /empleados
--------------------------------------------------------------------------------
[2026-03-11 10:27:43] [DEPRECATED] session_set_save_handler(): Providing individual callbacks instead of an object implementing SessionHandlerInterface is deprecated en C:\tools\nginx\html\sistema_biometrico\index.php línea 50
URI: /empleados
--------------------------------------------------------------------------------
[2026-03-11 10:27:44] [DEPRECATED] session_set_save_handler(): Providing individual callbacks instead of an object implementing SessionHandlerInterface is deprecated en C:\tools\nginx\html\sistema_biometrico\index.php línea 50
URI: /empleados
--------------------------------------------------------------------------------
[2026-03-11 10:27:44] [DEPRECATED] session_set_save_handler(): Providing individual callbacks instead of an object implementing SessionHandlerInterface is deprecated en C:\tools\nginx\html\sistema_biometrico\index.php línea 50
URI: /empleados
--------------------------------------------------------------------------------
[2026-03-11 10:27:44] [DEPRECATED] session_set_save_handler(): Providing individual callbacks instead of an object implementing SessionHandlerInterface is deprecated en C:\tools\nginx\html\sistema_biometrico\index.php línea 50
URI: /empleados
--------------------------------------------------------------------------------
[2026-03-11 10:27:44] [DEPRECATED] session_set_save_handler(): Providing individual callbacks instead of an object implementing SessionHandlerInterface is deprecated en C:\tools\nginx\html\sistema_biometrico\index.php línea 50
URI: /empleados
--------------------------------------------------------------------------------
[2026-03-11 10:27:47] [DEPRECATED] session_set_save_handler(): Providing individual callbacks instead of an object implementing SessionHandlerInterface is deprecated en C:\tools\nginx\html\sistema_biometrico\index.php línea 50
URI: /empleados/datos-completos/1
--------------------------------------------------------------------------------
[2026-03-11 10:27:47] [DEPRECATED] session_set_save_handler(): Providing individual callbacks instead of an object implementing SessionHandlerInterface is deprecated en C:\tools\nginx\html\sistema_biometrico\index.php línea 50
URI: /api/log-error
--------------------------------------------------------------------------------
[2026-03-11 10:27:50] [DEPRECATED] session_set_save_handler(): Providing individual callbacks instead of an object implementing SessionHandlerInterface is deprecated en C:\tools\nginx\html\sistema_biometrico\index.php línea 50
URI: /api/tipos-justificacion
--------------------------------------------------------------------------------
[2026-03-11 10:31:51] [DEPRECATED] session_set_save_handler(): Providing individual callbacks instead of an object implementing SessionHandlerInterface is deprecated en C:\tools\nginx\html\sistema_biometrico\index.php línea 50
URI: /empleados
--------------------------------------------------------------------------------
[2026-03-11 10:31:51] [DEPRECATED] session_set_save_handler(): Providing individual callbacks instead of an object implementing SessionHandlerInterface is deprecated en C:\tools\nginx\html\sistema_biometrico\index.php línea 50
URI: /login
--------------------------------------------------------------------------------
[2026-03-11 10:32:17] [DEPRECATED] session_set_save_handler(): Providing individual callbacks instead of an object implementing SessionHandlerInterface is deprecated en C:\tools\nginx\html\sistema_biometrico\index.php línea 50
URI: /login
--------------------------------------------------------------------------------
[2026-03-11 10:32:17] [DEPRECATED] session_set_save_handler(): Providing individual callbacks instead of an object implementing SessionHandlerInterface is deprecated en C:\tools\nginx\html\sistema_biometrico\index.php línea 50
URI: /dashboard
--------------------------------------------------------------------------------
[2026-03-11 10:32:21] [EXCEPTION] PDOException
Contexto: {"action":"index","section":"comisiones"}
Mensaje: SQLSTATE[42S22]: Column not found: 1054 Unknown column 'monto' in 'SELECT'
URI: /dashboard
Archivo: C:\tools\nginx\html\sistema_biometrico\models\Comision.php Línea: 136
#0 C:\tools\nginx\html\sistema_biometrico\models\Comision.php(136): PDO->prepare('SELECT SUM(mont...')
#1 C:\tools\nginx\html\sistema_biometrico\controllers\DashboardController.php(81): Comision->getTotalComisiones(NULL, '03', '2026')
#2 C:\tools\nginx\html\sistema_biometrico\index.php(180): DashboardController->index()
#3 {main}
--------------------------------------------------------------------------------
[2026-03-11 10:32:24] [DEPRECATED] session_set_save_handler(): Providing individual callbacks instead of an object implementing SessionHandlerInterface is deprecated en C:\tools\nginx\html\sistema_biometrico\index.php línea 50
URI: /empleados
--------------------------------------------------------------------------------
[2026-03-11 10:32:28] [DEPRECATED] session_set_save_handler(): Providing individual callbacks instead of an object implementing SessionHandlerInterface is deprecated en C:\tools\nginx\html\sistema_biometrico\index.php línea 50
URI: /empleados/datos-completos/1
--------------------------------------------------------------------------------
[2026-03-11 10:32:28] [DEPRECATED] session_set_save_handler(): Providing individual callbacks instead of an object implementing SessionHandlerInterface is deprecated en C:\tools\nginx\html\sistema_biometrico\index.php línea 50
URI: /api/log-error
--------------------------------------------------------------------------------
[2026-03-11 10:32:40] [DEPRECATED] session_set_save_handler(): Providing individual callbacks instead of an object implementing SessionHandlerInterface is deprecated en C:\tools\nginx\html\sistema_biometrico\index.php línea 50
URI: /api/tipos-justificacion
--------------------------------------------------------------------------------
[2026-03-11 10:37:52] [DEPRECATED] session_set_save_handler(): Providing individual callbacks instead of an object implementing SessionHandlerInterface is deprecated en C:\tools\nginx\html\sistema_biometrico\index.php línea 50
URI: /empleados
--------------------------------------------------------------------------------
[2026-03-11 10:37:52] [DEPRECATED] session_set_save_handler(): Providing individual callbacks instead of an object implementing SessionHandlerInterface is deprecated en C:\tools\nginx\html\sistema_biometrico\index.php línea 50
URI: /login
--------------------------------------------------------------------------------
[2026-03-11 10:38:00] [DEPRECATED] session_set_save_handler(): Providing individual callbacks instead of an object implementing SessionHandlerInterface is deprecated en C:\tools\nginx\html\sistema_biometrico\index.php línea 50
URI: /login
--------------------------------------------------------------------------------
[2026-03-11 10:38:00] [DEPRECATED] session_set_save_handler(): Providing individual callbacks instead of an object implementing SessionHandlerInterface is deprecated en C:\tools\nginx\html\sistema_biometrico\index.php línea 50
URI: /dashboard
--------------------------------------------------------------------------------
[2026-03-11 10:38:04] [EXCEPTION] PDOException
Contexto: {"action":"index","section":"comisiones"}
Mensaje: SQLSTATE[42S22]: Column not found: 1054 Unknown column 'monto' in 'SELECT'
URI: /dashboard
Archivo: C:\tools\nginx\html\sistema_biometrico\models\Comision.php Línea: 136
#0 C:\tools\nginx\html\sistema_biometrico\models\Comision.php(136): PDO->prepare('SELECT SUM(mont...')
#1 C:\tools\nginx\html\sistema_biometrico\controllers\DashboardController.php(81): Comision->getTotalComisiones(NULL, '03', '2026')
#2 C:\tools\nginx\html\sistema_biometrico\index.php(180): DashboardController->index()
#3 {main}
--------------------------------------------------------------------------------
[2026-03-11 10:38:11] [DEPRECATED] session_set_save_handler(): Providing individual callbacks instead of an object implementing SessionHandlerInterface is deprecated en C:\tools\nginx\html\sistema_biometrico\index.php línea 50
URI: /empleados
--------------------------------------------------------------------------------
[2026-03-11 10:38:14] [DEPRECATED] session_set_save_handler(): Providing individual callbacks instead of an object implementing SessionHandlerInterface is deprecated en C:\tools\nginx\html\sistema_biometrico\index.php línea 50
URI: /empleados/datos-completos/1
--------------------------------------------------------------------------------
[2026-03-11 10:38:14] [DEPRECATED] session_set_save_handler(): Providing individual callbacks instead of an object implementing SessionHandlerInterface is deprecated en C:\tools\nginx\html\sistema_biometrico\index.php línea 50
URI: /api/log-error
--------------------------------------------------------------------------------
[2026-03-11 10:38:17] [DEPRECATED] session_set_save_handler(): Providing individual callbacks instead of an object implementing SessionHandlerInterface is deprecated en C:\tools\nginx\html\sistema_biometrico\index.php línea 50
URI: /api/tipos-justificacion
--------------------------------------------------------------------------------
[2026-03-11 10:40:45] [DEPRECATED] session_set_save_handler(): Providing individual callbacks instead of an object implementing SessionHandlerInterface is deprecated en C:\tools\nginx\html\sistema_biometrico\index.php línea 50
URI: /empleados
--------------------------------------------------------------------------------
[2026-03-11 10:40:45] [DEPRECATED] session_set_save_handler(): Providing individual callbacks instead of an object implementing SessionHandlerInterface is deprecated en C:\tools\nginx\html\sistema_biometrico\index.php línea 50
URI: /empleados
--------------------------------------------------------------------------------
[2026-03-11 10:40:46] [DEPRECATED] session_set_save_handler(): Providing individual callbacks instead of an object implementing SessionHandlerInterface is deprecated en C:\tools\nginx\html\sistema_biometrico\index.php línea 50
URI: /empleados
--------------------------------------------------------------------------------
[2026-03-11 10:40:46] [DEPRECATED] session_set_save_handler(): Providing individual callbacks instead of an object implementing SessionHandlerInterface is deprecated en C:\tools\nginx\html\sistema_biometrico\index.php línea 50
URI: /empleados
--------------------------------------------------------------------------------
[2026-03-11 10:41:31] [DEPRECATED] session_set_save_handler(): Providing individual callbacks instead of an object implementing SessionHandlerInterface is deprecated en C:\tools\nginx\html\sistema_biometrico\index.php línea 50
URI: /empleados/datos-completos/1
--------------------------------------------------------------------------------
[2026-03-11 10:41:31] [DEPRECATED] session_set_save_handler(): Providing individual callbacks instead of an object implementing SessionHandlerInterface is deprecated en C:\tools\nginx\html\sistema_biometrico\index.php línea 50
URI: /api/log-error
--------------------------------------------------------------------------------
[2026-03-11 10:41:38] [DEPRECATED] session_set_save_handler(): Providing individual callbacks instead of an object implementing SessionHandlerInterface is deprecated en C:\tools\nginx\html\sistema_biometrico\index.php línea 50
URI: /api/tipos-justificacion
--------------------------------------------------------------------------------
[2026-03-11 10:59:50] [DEPRECATED] session_set_save_handler(): Providing individual callbacks instead of an object implementing SessionHandlerInterface is deprecated en C:\tools\nginx\html\sistema_biometrico\index.php línea 50
URI: /empleados
--------------------------------------------------------------------------------
[2026-03-11 10:59:50] [DEPRECATED] session_set_save_handler(): Providing individual callbacks instead of an object implementing SessionHandlerInterface is deprecated en C:\tools\nginx\html\sistema_biometrico\index.php línea 50
URI: /empleados
--------------------------------------------------------------------------------
[2026-03-11 10:59:50] [DEPRECATED] session_set_save_handler(): Providing individual callbacks instead of an object implementing SessionHandlerInterface is deprecated en C:\tools\nginx\html\sistema_biometrico\index.php línea 50
URI: /empleados
--------------------------------------------------------------------------------
[2026-03-11 10:59:50] [DEPRECATED] session_set_save_handler(): Providing individual callbacks instead of an object implementing SessionHandlerInterface is deprecated en C:\tools\nginx\html\sistema_biometrico\index.php línea 50
URI: /empleados
--------------------------------------------------------------------------------
[2026-03-11 10:59:50] [DEPRECATED] session_set_save_handler(): Providing individual callbacks instead of an object implementing SessionHandlerInterface is deprecated en C:\tools\nginx\html\sistema_biometrico\index.php línea 50
URI: /empleados
--------------------------------------------------------------------------------
[2026-03-11 10:59:51] [DEPRECATED] session_set_save_handler(): Providing individual callbacks instead of an object implementing SessionHandlerInterface is deprecated en C:\tools\nginx\html\sistema_biometrico\index.php línea 50
URI: /empleados
--------------------------------------------------------------------------------
[2026-03-11 10:59:51] [DEPRECATED] session_set_save_handler(): Providing individual callbacks instead of an object implementing SessionHandlerInterface is deprecated en C:\tools\nginx\html\sistema_biometrico\index.php línea 50
URI: /empleados
--------------------------------------------------------------------------------
[2026-03-11 10:59:51] [DEPRECATED] session_set_save_handler(): Providing individual callbacks instead of an object implementing SessionHandlerInterface is deprecated en C:\tools\nginx\html\sistema_biometrico\index.php línea 50
URI: /empleados
--------------------------------------------------------------------------------
[2026-03-11 10:59:53] [DEPRECATED] session_set_save_handler(): Providing individual callbacks instead of an object implementing SessionHandlerInterface is deprecated en C:\tools\nginx\html\sistema_biometrico\index.php línea 50
URI: /empleados/datos-completos/1
--------------------------------------------------------------------------------
[2026-03-11 10:59:53] [DEPRECATED] session_set_save_handler(): Providing individual callbacks instead of an object implementing SessionHandlerInterface is deprecated en C:\tools\nginx\html\sistema_biometrico\index.php línea 50
URI: /api/log-error
--------------------------------------------------------------------------------
[2026-03-11 11:09:02] [DEPRECATED] session_set_save_handler(): Providing individual callbacks instead of an object implementing SessionHandlerInterface is deprecated en C:\tools\nginx\html\sistema_biometrico\index.php línea 50
URI: /api/tipos-justificacion
--------------------------------------------------------------------------------
[2026-03-11 11:17:12] [DEPRECATED] session_set_save_handler(): Providing individual callbacks instead of an object implementing SessionHandlerInterface is deprecated en C:\tools\nginx\html\sistema_biometrico\index.php línea 50
URI: /empleados
--------------------------------------------------------------------------------
[2026-03-11 11:17:19] [DEPRECATED] session_set_save_handler(): Providing individual callbacks instead of an object implementing SessionHandlerInterface is deprecated en C:\tools\nginx\html\sistema_biometrico\index.php línea 50
URI: /empleados?search=87
--------------------------------------------------------------------------------
[2026-03-11 11:17:28] [DEPRECATED] session_set_save_handler(): Providing individual callbacks instead of an object implementing SessionHandlerInterface is deprecated en C:\tools\nginx\html\sistema_biometrico\index.php línea 50
URI: /empleados/datos-completos/87
--------------------------------------------------------------------------------
[2026-03-11 11:17:28] [DEPRECATED] session_set_save_handler(): Providing individual callbacks instead of an object implementing SessionHandlerInterface is deprecated en C:\tools\nginx\html\sistema_biometrico\index.php línea 50
URI: /api/log-error
--------------------------------------------------------------------------------
[2026-03-11 11:17:33] [DEPRECATED] session_set_save_handler(): Providing individual callbacks instead of an object implementing SessionHandlerInterface is deprecated en C:\tools\nginx\html\sistema_biometrico\index.php línea 50
URI: /api/tipos-justificacion
--------------------------------------------------------------------------------
[2026-03-11 11:27:09] [DEPRECATED] session_set_save_handler(): Providing individual callbacks instead of an object implementing SessionHandlerInterface is deprecated en C:\tools\nginx\html\sistema_biometrico\index.php línea 50
URI: /empleados?search=87
--------------------------------------------------------------------------------
[2026-03-11 11:27:44] [DEPRECATED] session_set_save_handler(): Providing individual callbacks instead of an object implementing SessionHandlerInterface is deprecated en C:\tools\nginx\html\sistema_biometrico\index.php línea 50
URI: /empleados?search=87
--------------------------------------------------------------------------------
[2026-03-11 11:27:44] [DEPRECATED] session_set_save_handler(): Providing individual callbacks instead of an object implementing SessionHandlerInterface is deprecated en C:\tools\nginx\html\sistema_biometrico\index.php línea 50
URI: /empleados?search=87
--------------------------------------------------------------------------------
[2026-03-11 11:27:45] [DEPRECATED] session_set_save_handler(): Providing individual callbacks instead of an object implementing SessionHandlerInterface is deprecated en C:\tools\nginx\html\sistema_biometrico\index.php línea 50
URI: /empleados?search=87
--------------------------------------------------------------------------------
[2026-03-11 11:27:45] [DEPRECATED] session_set_save_handler(): Providing individual callbacks instead of an object implementing SessionHandlerInterface is deprecated en C:\tools\nginx\html\sistema_biometrico\index.php línea 50
URI: /empleados?search=87
--------------------------------------------------------------------------------
[2026-03-11 11:27:45] [DEPRECATED] session_set_save_handler(): Providing individual callbacks instead of an object implementing SessionHandlerInterface is deprecated en C:\tools\nginx\html\sistema_biometrico\index.php línea 50
URI: /empleados?search=87
--------------------------------------------------------------------------------
[2026-03-11 11:27:45] [DEPRECATED] session_set_save_handler(): Providing individual callbacks instead of an object implementing SessionHandlerInterface is deprecated en C:\tools\nginx\html\sistema_biometrico\index.php línea 50
URI: /empleados?search=87
--------------------------------------------------------------------------------
[2026-03-11 11:27:46] [DEPRECATED] session_set_save_handler(): Providing individual callbacks instead of an object implementing SessionHandlerInterface is deprecated en C:\tools\nginx\html\sistema_biometrico\index.php línea 50
URI: /empleados?search=87
--------------------------------------------------------------------------------
[2026-03-11 11:27:46] [DEPRECATED] session_set_save_handler(): Providing individual callbacks instead of an object implementing SessionHandlerInterface is deprecated en C:\tools\nginx\html\sistema_biometrico\index.php línea 50
URI: /empleados?search=87
--------------------------------------------------------------------------------
[2026-03-11 11:27:46] [DEPRECATED] session_set_save_handler(): Providing individual callbacks instead of an object implementing SessionHandlerInterface is deprecated en C:\tools\nginx\html\sistema_biometrico\index.php línea 50
URI: /empleados?search=87
--------------------------------------------------------------------------------
[2026-03-11 11:29:15] [DEPRECATED] session_set_save_handler(): Providing individual callbacks instead of an object implementing SessionHandlerInterface is deprecated en C:\tools\nginx\html\sistema_biometrico\index.php línea 50
URI: /empleados?search=87
--------------------------------------------------------------------------------
[2026-03-11 11:29:16] [DEPRECATED] session_set_save_handler(): Providing individual callbacks instead of an object implementing SessionHandlerInterface is deprecated en C:\tools\nginx\html\sistema_biometrico\index.php línea 50
URI: /empleados?search=87
--------------------------------------------------------------------------------
[2026-03-11 11:29:16] [DEPRECATED] session_set_save_handler(): Providing individual callbacks instead of an object implementing SessionHandlerInterface is deprecated en C:\tools\nginx\html\sistema_biometrico\index.php línea 50
URI: /empleados?search=87
--------------------------------------------------------------------------------
[2026-03-11 11:29:17] [DEPRECATED] session_set_save_handler(): Providing individual callbacks instead of an object implementing SessionHandlerInterface is deprecated en C:\tools\nginx\html\sistema_biometrico\index.php línea 50
URI: /empleados?search=87
--------------------------------------------------------------------------------
[2026-03-11 11:29:17] [DEPRECATED] session_set_save_handler(): Providing individual callbacks instead of an object implementing SessionHandlerInterface is deprecated en C:\tools\nginx\html\sistema_biometrico\index.php línea 50
URI: /empleados?search=87
--------------------------------------------------------------------------------
[2026-03-11 11:29:17] [DEPRECATED] session_set_save_handler(): Providing individual callbacks instead of an object implementing SessionHandlerInterface is deprecated en C:\tools\nginx\html\sistema_biometrico\index.php línea 50
URI: /empleados?search=87
--------------------------------------------------------------------------------
[2026-03-11 11:29:17] [DEPRECATED] session_set_save_handler(): Providing individual callbacks instead of an object implementing SessionHandlerInterface is deprecated en C:\tools\nginx\html\sistema_biometrico\index.php línea 50
URI: /empleados?search=87
--------------------------------------------------------------------------------
[2026-03-11 11:29:17] [DEPRECATED] session_set_save_handler(): Providing individual callbacks instead of an object implementing SessionHandlerInterface is deprecated en C:\tools\nginx\html\sistema_biometrico\index.php línea 50
URI: /empleados?search=87
--------------------------------------------------------------------------------
[2026-03-11 11:29:17] [DEPRECATED] session_set_save_handler(): Providing individual callbacks instead of an object implementing SessionHandlerInterface is deprecated en C:\tools\nginx\html\sistema_biometrico\index.php línea 50
URI: /empleados?search=87
--------------------------------------------------------------------------------
[2026-03-11 11:29:18] [DEPRECATED] session_set_save_handler(): Providing individual callbacks instead of an object implementing SessionHandlerInterface is deprecated en C:\tools\nginx\html\sistema_biometrico\index.php línea 50
URI: /empleados?search=87
--------------------------------------------------------------------------------
[2026-03-11 11:29:18] [DEPRECATED] session_set_save_handler(): Providing individual callbacks instead of an object implementing SessionHandlerInterface is deprecated en C:\tools\nginx\html\sistema_biometrico\index.php línea 50
URI: /empleados?search=87
--------------------------------------------------------------------------------
[2026-03-11 11:29:18] [DEPRECATED] session_set_save_handler(): Providing individual callbacks instead of an object implementing SessionHandlerInterface is deprecated en C:\tools\nginx\html\sistema_biometrico\index.php línea 50
URI: /empleados?search=87
--------------------------------------------------------------------------------
[2026-03-11 11:29:18] [DEPRECATED] session_set_save_handler(): Providing individual callbacks instead of an object implementing SessionHandlerInterface is deprecated en C:\tools\nginx\html\sistema_biometrico\index.php línea 50
URI: /empleados?search=87
--------------------------------------------------------------------------------
[2026-03-11 11:29:20] [DEPRECATED] session_set_save_handler(): Providing individual callbacks instead of an object implementing SessionHandlerInterface is deprecated en C:\tools\nginx\html\sistema_biometrico\index.php línea 50
URI: /empleados/datos-completos/87
--------------------------------------------------------------------------------
[2026-03-11 11:29:20] [DEPRECATED] session_set_save_handler(): Providing individual callbacks instead of an object implementing SessionHandlerInterface is deprecated en C:\tools\nginx\html\sistema_biometrico\index.php línea 50
URI: /api/log-error
--------------------------------------------------------------------------------
[2026-03-11 11:29:30] [DEPRECATED] session_set_save_handler(): Providing individual callbacks instead of an object implementing SessionHandlerInterface is deprecated en C:\tools\nginx\html\sistema_biometrico\index.php línea 50
URI: /api/tipos-justificacion
--------------------------------------------------------------------------------
[2026-03-11 11:33:26] [DEPRECATED] session_set_save_handler(): Providing individual callbacks instead of an object implementing SessionHandlerInterface is deprecated en C:\tools\nginx\html\sistema_biometrico\index.php línea 50
URI: /justificaciones/actualizar-incidencia
--------------------------------------------------------------------------------
[2026-03-11 11:33:26] [DEPRECATED] session_set_save_handler(): Providing individual callbacks instead of an object implementing SessionHandlerInterface is deprecated en C:\tools\nginx\html\sistema_biometrico\index.php línea 50
URI: /api/log-error
--------------------------------------------------------------------------------
[2026-03-11 11:33:26] [DEPRECATED] session_set_save_handler(): Providing individual callbacks instead of an object implementing SessionHandlerInterface is deprecated en C:\tools\nginx\html\sistema_biometrico\index.php línea 50
URI: /api/log-error
--------------------------------------------------------------------------------
[2026-03-11 11:33:36] [DEPRECATED] session_set_save_handler(): Providing individual callbacks instead of an object implementing SessionHandlerInterface is deprecated en C:\tools\nginx\html\sistema_biometrico\index.php línea 50
URI: /justificaciones/actualizar-incidencia
--------------------------------------------------------------------------------
[2026-03-11 11:33:36] [DEPRECATED] session_set_save_handler(): Providing individual callbacks instead of an object implementing SessionHandlerInterface is deprecated en C:\tools\nginx\html\sistema_biometrico\index.php línea 50
URI: /api/log-error
--------------------------------------------------------------------------------
[2026-03-11 11:33:36] [DEPRECATED] session_set_save_handler(): Providing individual callbacks instead of an object implementing SessionHandlerInterface is deprecated en C:\tools\nginx\html\sistema_biometrico\index.php línea 50
URI: /api/log-error
--------------------------------------------------------------------------------
[2026-03-11 11:37:48] [DEPRECATED] session_set_save_handler(): Providing individual callbacks instead of an object implementing SessionHandlerInterface is deprecated en C:\tools\nginx\html\sistema_biometrico\index.php línea 50
URI: /empleados?search=87
--------------------------------------------------------------------------------
[2026-03-11 11:37:53] [DEPRECATED] session_set_save_handler(): Providing individual callbacks instead of an object implementing SessionHandlerInterface is deprecated en C:\tools\nginx\html\sistema_biometrico\index.php línea 50
URI: /empleados/datos-completos/87
--------------------------------------------------------------------------------
[2026-03-11 11:37:53] [DEPRECATED] session_set_save_handler(): Providing individual callbacks instead of an object implementing SessionHandlerInterface is deprecated en C:\tools\nginx\html\sistema_biometrico\index.php línea 50
URI: /api/log-error
--------------------------------------------------------------------------------
[2026-03-11 11:37:56] [DEPRECATED] session_set_save_handler(): Providing individual callbacks instead of an object implementing SessionHandlerInterface is deprecated en C:\tools\nginx\html\sistema_biometrico\index.php línea 50
URI: /api/tipos-justificacion
--------------------------------------------------------------------------------
[2026-03-11 11:39:41] [DEPRECATED] session_set_save_handler(): Providing individual callbacks instead of an object implementing SessionHandlerInterface is deprecated en C:\tools\nginx\html\sistema_biometrico\index.php línea 50
URI: /justificaciones/actualizar-incidencia
--------------------------------------------------------------------------------
[2026-03-11 11:39:41] [DEPRECATED] session_set_save_handler(): Providing individual callbacks instead of an object implementing SessionHandlerInterface is deprecated en C:\tools\nginx\html\sistema_biometrico\index.php línea 50
URI: /api/log-error
--------------------------------------------------------------------------------
[2026-03-11 11:39:41] [DEPRECATED] session_set_save_handler(): Providing individual callbacks instead of an object implementing SessionHandlerInterface is deprecated en C:\tools\nginx\html\sistema_biometrico\index.php línea 50
URI: /api/log-error
--------------------------------------------------------------------------------
[2026-03-11 11:39:51] [DEPRECATED] session_set_save_handler(): Providing individual callbacks instead of an object implementing SessionHandlerInterface is deprecated en C:\tools\nginx\html\sistema_biometrico\index.php línea 50
URI: /justificaciones/actualizar-incidencia
--------------------------------------------------------------------------------
[2026-03-11 11:39:51] [DEPRECATED] session_set_save_handler(): Providing individual callbacks instead of an object implementing SessionHandlerInterface is deprecated en C:\tools\nginx\html\sistema_biometrico\index.php línea 50
URI: /api/log-error
--------------------------------------------------------------------------------
[2026-03-11 11:39:51] [DEPRECATED] session_set_save_handler(): Providing individual callbacks instead of an object implementing SessionHandlerInterface is deprecated en C:\tools\nginx\html\sistema_biometrico\index.php línea 50
URI: /api/log-error
--------------------------------------------------------------------------------
[2026-03-11 11:40:31] [DEPRECATED] session_set_save_handler(): Providing individual callbacks instead of an object implementing SessionHandlerInterface is deprecated en C:\tools\nginx\html\sistema_biometrico\index.php línea 50
URI: /.well-known/appspecific/com.chrome.devtools.json
--------------------------------------------------------------------------------
[2026-03-11 11:41:42] [DEPRECATED] session_set_save_handler(): Providing individual callbacks instead of an object implementing SessionHandlerInterface is deprecated en C:\tools\nginx\html\sistema_biometrico\index.php línea 50
URI: /empleados?search=87
--------------------------------------------------------------------------------
[2026-03-11 11:41:42] [DEPRECATED] session_set_save_handler(): Providing individual callbacks instead of an object implementing SessionHandlerInterface is deprecated en C:\tools\nginx\html\sistema_biometrico\index.php línea 50
URI: /.well-known/appspecific/com.chrome.devtools.json
--------------------------------------------------------------------------------
[2026-03-11 11:41:47] [DEPRECATED] session_set_save_handler(): Providing individual callbacks instead of an object implementing SessionHandlerInterface is deprecated en C:\tools\nginx\html\sistema_biometrico\index.php línea 50
URI: /empleados/datos-completos/87
--------------------------------------------------------------------------------
[2026-03-11 11:41:47] [DEPRECATED] session_set_save_handler(): Providing individual callbacks instead of an object implementing SessionHandlerInterface is deprecated en C:\tools\nginx\html\sistema_biometrico\index.php línea 50
URI: /api/log-error
--------------------------------------------------------------------------------
[2026-03-11 11:41:50] [DEPRECATED] session_set_save_handler(): Providing individual callbacks instead of an object implementing SessionHandlerInterface is deprecated en C:\tools\nginx\html\sistema_biometrico\index.php línea 50
URI: /api/tipos-justificacion
--------------------------------------------------------------------------------
[2026-03-11 11:42:21] [DEPRECATED] session_set_save_handler(): Providing individual callbacks instead of an object implementing SessionHandlerInterface is deprecated en C:\tools\nginx\html\sistema_biometrico\index.php línea 50
URI: /justificaciones/actualizar-incidencia
--------------------------------------------------------------------------------
[2026-03-11 11:42:21] [DEPRECATED] session_set_save_handler(): Providing individual callbacks instead of an object implementing SessionHandlerInterface is deprecated en C:\tools\nginx\html\sistema_biometrico\index.php línea 50
URI: /api/log-error
--------------------------------------------------------------------------------
[2026-03-11 11:42:21] [DEPRECATED] session_set_save_handler(): Providing individual callbacks instead of an object implementing SessionHandlerInterface is deprecated en C:\tools\nginx\html\sistema_biometrico\index.php línea 50
URI: /api/log-error
--------------------------------------------------------------------------------
[2026-03-11 11:44:54] [DEPRECATED] session_set_save_handler(): Providing individual callbacks instead of an object implementing SessionHandlerInterface is deprecated en C:\tools\nginx\html\sistema_biometrico\index.php línea 50
URI: /empleados?search=87
--------------------------------------------------------------------------------
[2026-03-11 11:44:54] [DEPRECATED] session_set_save_handler(): Providing individual callbacks instead of an object implementing SessionHandlerInterface is deprecated en C:\tools\nginx\html\sistema_biometrico\index.php línea 50
URI: /.well-known/appspecific/com.chrome.devtools.json
--------------------------------------------------------------------------------
[2026-03-11 11:44:55] [DEPRECATED] session_set_save_handler(): Providing individual callbacks instead of an object implementing SessionHandlerInterface is deprecated en C:\tools\nginx\html\sistema_biometrico\index.php línea 50
URI: /empleados?search=87
--------------------------------------------------------------------------------
[2026-03-11 11:44:55] [DEPRECATED] session_set_save_handler(): Providing individual callbacks instead of an object implementing SessionHandlerInterface is deprecated en C:\tools\nginx\html\sistema_biometrico\index.php línea 50
URI: /.well-known/appspecific/com.chrome.devtools.json
--------------------------------------------------------------------------------
[2026-03-11 11:44:55] [DEPRECATED] session_set_save_handler(): Providing individual callbacks instead of an object implementing SessionHandlerInterface is deprecated en C:\tools\nginx\html\sistema_biometrico\index.php línea 50
URI: /empleados?search=87
--------------------------------------------------------------------------------
[2026-03-11 11:44:55] [DEPRECATED] session_set_save_handler(): Providing individual callbacks instead of an object implementing SessionHandlerInterface is deprecated en C:\tools\nginx\html\sistema_biometrico\index.php línea 50
URI: /.well-known/appspecific/com.chrome.devtools.json
--------------------------------------------------------------------------------
[2026-03-11 11:44:55] [DEPRECATED] session_set_save_handler(): Providing individual callbacks instead of an object implementing SessionHandlerInterface is deprecated en C:\tools\nginx\html\sistema_biometrico\index.php línea 50
URI: /empleados?search=87
--------------------------------------------------------------------------------
[2026-03-11 11:44:55] [DEPRECATED] session_set_save_handler(): Providing individual callbacks instead of an object implementing SessionHandlerInterface is deprecated en C:\tools\nginx\html\sistema_biometrico\index.php línea 50
URI: /.well-known/appspecific/com.chrome.devtools.json
--------------------------------------------------------------------------------
[2026-03-11 11:44:56] [DEPRECATED] session_set_save_handler(): Providing individual callbacks instead of an object implementing SessionHandlerInterface is deprecated en C:\tools\nginx\html\sistema_biometrico\index.php línea 50
URI: /empleados?search=87
--------------------------------------------------------------------------------
[2026-03-11 11:44:56] [DEPRECATED] session_set_save_handler(): Providing individual callbacks instead of an object implementing SessionHandlerInterface is deprecated en C:\tools\nginx\html\sistema_biometrico\index.php línea 50
URI: /.well-known/appspecific/com.chrome.devtools.json
--------------------------------------------------------------------------------
[2026-03-11 11:44:56] [DEPRECATED] session_set_save_handler(): Providing individual callbacks instead of an object implementing SessionHandlerInterface is deprecated en C:\tools\nginx\html\sistema_biometrico\index.php línea 50
URI: /empleados?search=87
--------------------------------------------------------------------------------
[2026-03-11 11:44:56] [DEPRECATED] session_set_save_handler(): Providing individual callbacks instead of an object implementing SessionHandlerInterface is deprecated en C:\tools\nginx\html\sistema_biometrico\index.php línea 50
URI: /.well-known/appspecific/com.chrome.devtools.json
--------------------------------------------------------------------------------
[2026-03-11 11:44:56] [DEPRECATED] session_set_save_handler(): Providing individual callbacks instead of an object implementing SessionHandlerInterface is deprecated en C:\tools\nginx\html\sistema_biometrico\index.php línea 50
URI: /empleados?search=87
--------------------------------------------------------------------------------
[2026-03-11 11:44:56] [DEPRECATED] session_set_save_handler(): Providing individual callbacks instead of an object implementing SessionHandlerInterface is deprecated en C:\tools\nginx\html\sistema_biometrico\index.php línea 50
URI: /.well-known/appspecific/com.chrome.devtools.json
--------------------------------------------------------------------------------
[2026-03-11 11:44:56] [DEPRECATED] session_set_save_handler(): Providing individual callbacks instead of an object implementing SessionHandlerInterface is deprecated en C:\tools\nginx\html\sistema_biometrico\index.php línea 50
URI: /empleados?search=87
--------------------------------------------------------------------------------
[2026-03-11 11:44:56] [DEPRECATED] session_set_save_handler(): Providing individual callbacks instead of an object implementing SessionHandlerInterface is deprecated en C:\tools\nginx\html\sistema_biometrico\index.php línea 50
URI: /.well-known/appspecific/com.chrome.devtools.json
--------------------------------------------------------------------------------
[2026-03-11 11:44:56] [DEPRECATED] session_set_save_handler(): Providing individual callbacks instead of an object implementing SessionHandlerInterface is deprecated en C:\tools\nginx\html\sistema_biometrico\index.php línea 50
URI: /empleados?search=87
--------------------------------------------------------------------------------
[2026-03-11 11:44:56] [DEPRECATED] session_set_save_handler(): Providing individual callbacks instead of an object implementing SessionHandlerInterface is deprecated en C:\tools\nginx\html\sistema_biometrico\index.php línea 50
URI: /.well-known/appspecific/com.chrome.devtools.json
--------------------------------------------------------------------------------
[2026-03-11 11:44:56] [DEPRECATED] session_set_save_handler(): Providing individual callbacks instead of an object implementing SessionHandlerInterface is deprecated en C:\tools\nginx\html\sistema_biometrico\index.php línea 50
URI: /empleados?search=87
--------------------------------------------------------------------------------
[2026-03-11 11:44:56] [DEPRECATED] session_set_save_handler(): Providing individual callbacks instead of an object implementing SessionHandlerInterface is deprecated en C:\tools\nginx\html\sistema_biometrico\index.php línea 50
URI: /.well-known/appspecific/com.chrome.devtools.json
--------------------------------------------------------------------------------
[2026-03-11 11:44:56] [DEPRECATED] session_set_save_handler(): Providing individual callbacks instead of an object implementing SessionHandlerInterface is deprecated en C:\tools\nginx\html\sistema_biometrico\index.php línea 50
URI: /empleados?search=87
--------------------------------------------------------------------------------
[2026-03-11 11:44:57] [DEPRECATED] session_set_save_handler(): Providing individual callbacks instead of an object implementing SessionHandlerInterface is deprecated en C:\tools\nginx\html\sistema_biometrico\index.php línea 50
URI: /.well-known/appspecific/com.chrome.devtools.json
--------------------------------------------------------------------------------
[2026-03-11 11:44:58] [DEPRECATED] session_set_save_handler(): Providing individual callbacks instead of an object implementing SessionHandlerInterface is deprecated en C:\tools\nginx\html\sistema_biometrico\index.php línea 50
URI: /empleados/datos-completos/87
--------------------------------------------------------------------------------
[2026-03-11 11:44:59] [DEPRECATED] session_set_save_handler(): Providing individual callbacks instead of an object implementing SessionHandlerInterface is deprecated en C:\tools\nginx\html\sistema_biometrico\index.php línea 50
URI: /api/log-error
--------------------------------------------------------------------------------
[2026-03-11 11:45:03] [DEPRECATED] session_set_save_handler(): Providing individual callbacks instead of an object implementing SessionHandlerInterface is deprecated en C:\tools\nginx\html\sistema_biometrico\index.php línea 50
URI: /api/tipos-justificacion
--------------------------------------------------------------------------------
[2026-03-11 11:45:22] [DEPRECATED] session_set_save_handler(): Providing individual callbacks instead of an object implementing SessionHandlerInterface is deprecated en C:\tools\nginx\html\sistema_biometrico\index.php línea 50
URI: /justificaciones/actualizar-incidencia
--------------------------------------------------------------------------------
[2026-03-11 11:45:22] [DEPRECATED] session_set_save_handler(): Providing individual callbacks instead of an object implementing SessionHandlerInterface is deprecated en C:\tools\nginx\html\sistema_biometrico\index.php línea 50
URI: /api/log-error
--------------------------------------------------------------------------------
[2026-03-11 11:45:22] [DEPRECATED] session_set_save_handler(): Providing individual callbacks instead of an object implementing SessionHandlerInterface is deprecated en C:\tools\nginx\html\sistema_biometrico\index.php línea 50
URI: /api/log-error
--------------------------------------------------------------------------------
[2026-03-11 11:46:29] [DEPRECATED] session_set_save_handler(): Providing individual callbacks instead of an object implementing SessionHandlerInterface is deprecated en C:\tools\nginx\html\sistema_biometrico\index.php línea 50
URI: /empleados?search=87
--------------------------------------------------------------------------------
[2026-03-11 11:46:29] [DEPRECATED] session_set_save_handler(): Providing individual callbacks instead of an object implementing SessionHandlerInterface is deprecated en C:\tools\nginx\html\sistema_biometrico\index.php línea 50
URI: /.well-known/appspecific/com.chrome.devtools.json
--------------------------------------------------------------------------------
[2026-03-11 11:46:29] [DEPRECATED] session_set_save_handler(): Providing individual callbacks instead of an object implementing SessionHandlerInterface is deprecated en C:\tools\nginx\html\sistema_biometrico\index.php línea 50
URI: /empleados?search=87
--------------------------------------------------------------------------------
[2026-03-11 11:46:29] [DEPRECATED] session_set_save_handler(): Providing individual callbacks instead of an object implementing SessionHandlerInterface is deprecated en C:\tools\nginx\html\sistema_biometrico\index.php línea 50
URI: /.well-known/appspecific/com.chrome.devtools.json
--------------------------------------------------------------------------------
[2026-03-11 11:46:29] [DEPRECATED] session_set_save_handler(): Providing individual callbacks instead of an object implementing SessionHandlerInterface is deprecated en C:\tools\nginx\html\sistema_biometrico\index.php línea 50
URI: /empleados?search=87
--------------------------------------------------------------------------------
[2026-03-11 11:46:29] [DEPRECATED] session_set_save_handler(): Providing individual callbacks instead of an object implementing SessionHandlerInterface is deprecated en C:\tools\nginx\html\sistema_biometrico\index.php línea 50
URI: /.well-known/appspecific/com.chrome.devtools.json
--------------------------------------------------------------------------------
[2026-03-11 11:46:29] [DEPRECATED] session_set_save_handler(): Providing individual callbacks instead of an object implementing SessionHandlerInterface is deprecated en C:\tools\nginx\html\sistema_biometrico\index.php línea 50
URI: /empleados?search=87
--------------------------------------------------------------------------------
[2026-03-11 11:46:29] [DEPRECATED] session_set_save_handler(): Providing individual callbacks instead of an object implementing SessionHandlerInterface is deprecated en C:\tools\nginx\html\sistema_biometrico\index.php línea 50
URI: /.well-known/appspecific/com.chrome.devtools.json
--------------------------------------------------------------------------------
[2026-03-11 11:46:29] [DEPRECATED] session_set_save_handler(): Providing individual callbacks instead of an object implementing SessionHandlerInterface is deprecated en C:\tools\nginx\html\sistema_biometrico\index.php línea 50
URI: /empleados?search=87
--------------------------------------------------------------------------------
[2026-03-11 11:46:30] [DEPRECATED] session_set_save_handler(): Providing individual callbacks instead of an object implementing SessionHandlerInterface is deprecated en C:\tools\nginx\html\sistema_biometrico\index.php línea 50
URI: /.well-known/appspecific/com.chrome.devtools.json
--------------------------------------------------------------------------------
[2026-03-11 11:46:30] [DEPRECATED] session_set_save_handler(): Providing individual callbacks instead of an object implementing SessionHandlerInterface is deprecated en C:\tools\nginx\html\sistema_biometrico\index.php línea 50
URI: /empleados?search=87
--------------------------------------------------------------------------------
[2026-03-11 11:46:30] [DEPRECATED] session_set_save_handler(): Providing individual callbacks instead of an object implementing SessionHandlerInterface is deprecated en C:\tools\nginx\html\sistema_biometrico\index.php línea 50
URI: /.well-known/appspecific/com.chrome.devtools.json
--------------------------------------------------------------------------------
[2026-03-11 11:46:30] [DEPRECATED] session_set_save_handler(): Providing individual callbacks instead of an object implementing SessionHandlerInterface is deprecated en C:\tools\nginx\html\sistema_biometrico\index.php línea 50
URI: /empleados?search=87
--------------------------------------------------------------------------------
[2026-03-11 11:46:30] [DEPRECATED] session_set_save_handler(): Providing individual callbacks instead of an object implementing SessionHandlerInterface is deprecated en C:\tools\nginx\html\sistema_biometrico\index.php línea 50
URI: /.well-known/appspecific/com.chrome.devtools.json
--------------------------------------------------------------------------------
[2026-03-11 11:46:30] [DEPRECATED] session_set_save_handler(): Providing individual callbacks instead of an object implementing SessionHandlerInterface is deprecated en C:\tools\nginx\html\sistema_biometrico\index.php línea 50
URI: /empleados?search=87
--------------------------------------------------------------------------------
[2026-03-11 11:46:30] [DEPRECATED] session_set_save_handler(): Providing individual callbacks instead of an object implementing SessionHandlerInterface is deprecated en C:\tools\nginx\html\sistema_biometrico\index.php línea 50
URI: /.well-known/appspecific/com.chrome.devtools.json
--------------------------------------------------------------------------------
[2026-03-11 11:46:30] [DEPRECATED] session_set_save_handler(): Providing individual callbacks instead of an object implementing SessionHandlerInterface is deprecated en C:\tools\nginx\html\sistema_biometrico\index.php línea 50
URI: /empleados?search=87
--------------------------------------------------------------------------------
[2026-03-11 11:46:30] [DEPRECATED] session_set_save_handler(): Providing individual callbacks instead of an object implementing SessionHandlerInterface is deprecated en C:\tools\nginx\html\sistema_biometrico\index.php línea 50
URI: /.well-known/appspecific/com.chrome.devtools.json
--------------------------------------------------------------------------------
[2026-03-11 11:46:30] [DEPRECATED] session_set_save_handler(): Providing individual callbacks instead of an object implementing SessionHandlerInterface is deprecated en C:\tools\nginx\html\sistema_biometrico\index.php línea 50
URI: /empleados?search=87
--------------------------------------------------------------------------------
[2026-03-11 11:46:31] [DEPRECATED] session_set_save_handler(): Providing individual callbacks instead of an object implementing SessionHandlerInterface is deprecated en C:\tools\nginx\html\sistema_biometrico\index.php línea 50
URI: /.well-known/appspecific/com.chrome.devtools.json
--------------------------------------------------------------------------------
[2026-03-11 11:46:31] [DEPRECATED] session_set_save_handler(): Providing individual callbacks instead of an object implementing SessionHandlerInterface is deprecated en C:\tools\nginx\html\sistema_biometrico\index.php línea 50
URI: /empleados?search=87
--------------------------------------------------------------------------------
[2026-03-11 11:46:31] [DEPRECATED] session_set_save_handler(): Providing individual callbacks instead of an object implementing SessionHandlerInterface is deprecated en C:\tools\nginx\html\sistema_biometrico\index.php línea 50
URI: /.well-known/appspecific/com.chrome.devtools.json
--------------------------------------------------------------------------------
[2026-03-11 11:46:31] [DEPRECATED] session_set_save_handler(): Providing individual callbacks instead of an object implementing SessionHandlerInterface is deprecated en C:\tools\nginx\html\sistema_biometrico\index.php línea 50
URI: /empleados?search=87
--------------------------------------------------------------------------------
[2026-03-11 11:46:31] [DEPRECATED] session_set_save_handler(): Providing individual callbacks instead of an object implementing SessionHandlerInterface is deprecated en C:\tools\nginx\html\sistema_biometrico\index.php línea 50
URI: /.well-known/appspecific/com.chrome.devtools.json
--------------------------------------------------------------------------------
[2026-03-11 11:46:31] [DEPRECATED] session_set_save_handler(): Providing individual callbacks instead of an object implementing SessionHandlerInterface is deprecated en C:\tools\nginx\html\sistema_biometrico\index.php línea 50
URI: /empleados?search=87
--------------------------------------------------------------------------------
[2026-03-11 11:46:31] [DEPRECATED] session_set_save_handler(): Providing individual callbacks instead of an object implementing SessionHandlerInterface is deprecated en C:\tools\nginx\html\sistema_biometrico\index.php línea 50
URI: /.well-known/appspecific/com.chrome.devtools.json
--------------------------------------------------------------------------------
[2026-03-11 11:46:31] [DEPRECATED] session_set_save_handler(): Providing individual callbacks instead of an object implementing SessionHandlerInterface is deprecated en C:\tools\nginx\html\sistema_biometrico\index.php línea 50
URI: /empleados?search=87
--------------------------------------------------------------------------------
[2026-03-11 11:46:31] [DEPRECATED] session_set_save_handler(): Providing individual callbacks instead of an object implementing SessionHandlerInterface is deprecated en C:\tools\nginx\html\sistema_biometrico\index.php línea 50
URI: /.well-known/appspecific/com.chrome.devtools.json
--------------------------------------------------------------------------------
[2026-03-11 11:46:31] [DEPRECATED] session_set_save_handler(): Providing individual callbacks instead of an object implementing SessionHandlerInterface is deprecated en C:\tools\nginx\html\sistema_biometrico\index.php línea 50
URI: /empleados?search=87
--------------------------------------------------------------------------------
[2026-03-11 11:46:31] [DEPRECATED] session_set_save_handler(): Providing individual callbacks instead of an object implementing SessionHandlerInterface is deprecated en C:\tools\nginx\html\sistema_biometrico\index.php línea 50
URI: /.well-known/appspecific/com.chrome.devtools.json
--------------------------------------------------------------------------------
[2026-03-11 11:46:31] [DEPRECATED] session_set_save_handler(): Providing individual callbacks instead of an object implementing SessionHandlerInterface is deprecated en C:\tools\nginx\html\sistema_biometrico\index.php línea 50
URI: /empleados?search=87
--------------------------------------------------------------------------------
[2026-03-11 11:46:32] [DEPRECATED] session_set_save_handler(): Providing individual callbacks instead of an object implementing SessionHandlerInterface is deprecated en C:\tools\nginx\html\sistema_biometrico\index.php línea 50
URI: /.well-known/appspecific/com.chrome.devtools.json
--------------------------------------------------------------------------------
[2026-03-11 11:46:32] [DEPRECATED] session_set_save_handler(): Providing individual callbacks instead of an object implementing SessionHandlerInterface is deprecated en C:\tools\nginx\html\sistema_biometrico\index.php línea 50
URI: /empleados?search=87
--------------------------------------------------------------------------------
[2026-03-11 11:46:32] [DEPRECATED] session_set_save_handler(): Providing individual callbacks instead of an object implementing SessionHandlerInterface is deprecated en C:\tools\nginx\html\sistema_biometrico\index.php línea 50
URI: /.well-known/appspecific/com.chrome.devtools.json
--------------------------------------------------------------------------------
[2026-03-11 11:46:32] [DEPRECATED] session_set_save_handler(): Providing individual callbacks instead of an object implementing SessionHandlerInterface is deprecated en C:\tools\nginx\html\sistema_biometrico\index.php línea 50
URI: /empleados?search=87
--------------------------------------------------------------------------------
[2026-03-11 11:46:32] [DEPRECATED] session_set_save_handler(): Providing individual callbacks instead of an object implementing SessionHandlerInterface is deprecated en C:\tools\nginx\html\sistema_biometrico\index.php línea 50
URI: /.well-known/appspecific/com.chrome.devtools.json
--------------------------------------------------------------------------------
[2026-03-11 11:46:32] [DEPRECATED] session_set_save_handler(): Providing individual callbacks instead of an object implementing SessionHandlerInterface is deprecated en C:\tools\nginx\html\sistema_biometrico\index.php línea 50
URI: /empleados?search=87
--------------------------------------------------------------------------------
[2026-03-11 11:46:32] [DEPRECATED] session_set_save_handler(): Providing individual callbacks instead of an object implementing SessionHandlerInterface is deprecated en C:\tools\nginx\html\sistema_biometrico\index.php línea 50
URI: /.well-known/appspecific/com.chrome.devtools.json
--------------------------------------------------------------------------------
[2026-03-11 11:46:32] [DEPRECATED] session_set_save_handler(): Providing individual callbacks instead of an object implementing SessionHandlerInterface is deprecated en C:\tools\nginx\html\sistema_biometrico\index.php línea 50
URI: /empleados?search=87
--------------------------------------------------------------------------------
[2026-03-11 11:46:32] [DEPRECATED] session_set_save_handler(): Providing individual callbacks instead of an object implementing SessionHandlerInterface is deprecated en C:\tools\nginx\html\sistema_biometrico\index.php línea 50
URI: /.well-known/appspecific/com.chrome.devtools.json
--------------------------------------------------------------------------------
[2026-03-11 11:46:32] [DEPRECATED] session_set_save_handler(): Providing individual callbacks instead of an object implementing SessionHandlerInterface is deprecated en C:\tools\nginx\html\sistema_biometrico\index.php línea 50
URI: /empleados?search=87
--------------------------------------------------------------------------------
[2026-03-11 11:46:32] [DEPRECATED] session_set_save_handler(): Providing individual callbacks instead of an object implementing SessionHandlerInterface is deprecated en C:\tools\nginx\html\sistema_biometrico\index.php línea 50
URI: /.well-known/appspecific/com.chrome.devtools.json
--------------------------------------------------------------------------------
[2026-03-11 11:46:33] [DEPRECATED] session_set_save_handler(): Providing individual callbacks instead of an object implementing SessionHandlerInterface is deprecated en C:\tools\nginx\html\sistema_biometrico\index.php línea 50
URI: /empleados?search=87
--------------------------------------------------------------------------------
[2026-03-11 11:46:33] [DEPRECATED] session_set_save_handler(): Providing individual callbacks instead of an object implementing SessionHandlerInterface is deprecated en C:\tools\nginx\html\sistema_biometrico\index.php línea 50
URI: /.well-known/appspecific/com.chrome.devtools.json
--------------------------------------------------------------------------------
[2026-03-11 11:46:33] [DEPRECATED] session_set_save_handler(): Providing individual callbacks instead of an object implementing SessionHandlerInterface is deprecated en C:\tools\nginx\html\sistema_biometrico\index.php línea 50
URI: /empleados?search=87
--------------------------------------------------------------------------------
[2026-03-11 11:46:33] [DEPRECATED] session_set_save_handler(): Providing individual callbacks instead of an object implementing SessionHandlerInterface is deprecated en C:\tools\nginx\html\sistema_biometrico\index.php línea 50
URI: /.well-known/appspecific/com.chrome.devtools.json
--------------------------------------------------------------------------------
[2026-03-11 11:46:33] [DEPRECATED] session_set_save_handler(): Providing individual callbacks instead of an object implementing SessionHandlerInterface is deprecated en C:\tools\nginx\html\sistema_biometrico\index.php línea 50
URI: /empleados?search=87
--------------------------------------------------------------------------------
[2026-03-11 11:46:33] [DEPRECATED] session_set_save_handler(): Providing individual callbacks instead of an object implementing SessionHandlerInterface is deprecated en C:\tools\nginx\html\sistema_biometrico\index.php línea 50
URI: /.well-known/appspecific/com.chrome.devtools.json
--------------------------------------------------------------------------------
[2026-03-11 11:46:41] [DEPRECATED] session_set_save_handler(): Providing individual callbacks instead of an object implementing SessionHandlerInterface is deprecated en C:\tools\nginx\html\sistema_biometrico\index.php línea 50
URI: /empleados/datos-completos/87
--------------------------------------------------------------------------------
[2026-03-11 11:46:41] [DEPRECATED] session_set_save_handler(): Providing individual callbacks instead of an object implementing SessionHandlerInterface is deprecated en C:\tools\nginx\html\sistema_biometrico\index.php línea 50
URI: /api/log-error
--------------------------------------------------------------------------------
[2026-03-11 11:46:44] [DEPRECATED] session_set_save_handler(): Providing individual callbacks instead of an object implementing SessionHandlerInterface is deprecated en C:\tools\nginx\html\sistema_biometrico\index.php línea 50
URI: /api/tipos-justificacion
--------------------------------------------------------------------------------
[2026-03-11 11:47:02] [DEPRECATED] session_set_save_handler(): Providing individual callbacks instead of an object implementing SessionHandlerInterface is deprecated en C:\tools\nginx\html\sistema_biometrico\index.php línea 50
URI: /justificaciones/actualizar-incidencia
--------------------------------------------------------------------------------
[2026-03-11 11:47:07] [DEPRECATED] session_set_save_handler(): Providing individual callbacks instead of an object implementing SessionHandlerInterface is deprecated en C:\tools\nginx\html\sistema_biometrico\index.php línea 50
URI: /empleados/datos-completos/87
--------------------------------------------------------------------------------
[2026-03-11 11:47:07] [DEPRECATED] session_set_save_handler(): Providing individual callbacks instead of an object implementing SessionHandlerInterface is deprecated en C:\tools\nginx\html\sistema_biometrico\index.php línea 50
URI: /api/log-error
--------------------------------------------------------------------------------
[2026-03-11 11:50:47] [DEPRECATED] session_set_save_handler(): Providing individual callbacks instead of an object implementing SessionHandlerInterface is deprecated en C:\tools\nginx\html\sistema_biometrico\index.php línea 50
URI: /empleados/datos-completos/87
--------------------------------------------------------------------------------
[2026-03-11 11:51:06] [DEPRECATED] session_set_save_handler(): Providing individual callbacks instead of an object implementing SessionHandlerInterface is deprecated en C:\tools\nginx\html\sistema_biometrico\index.php línea 50
URI: /empleados/datos-completos/87
--------------------------------------------------------------------------------
[2026-03-11 11:54:04] [DEPRECATED] session_set_save_handler(): Providing individual callbacks instead of an object implementing SessionHandlerInterface is deprecated en C:\tools\nginx\html\sistema_biometrico\index.php línea 50
URI: /empleados?search=87
--------------------------------------------------------------------------------
[2026-03-11 11:54:04] [DEPRECATED] session_set_save_handler(): Providing individual callbacks instead of an object implementing SessionHandlerInterface is deprecated en C:\tools\nginx\html\sistema_biometrico\index.php línea 50
URI: /.well-known/appspecific/com.chrome.devtools.json
--------------------------------------------------------------------------------
[2026-03-11 11:54:22] [DEPRECATED] session_set_save_handler(): Providing individual callbacks instead of an object implementing SessionHandlerInterface is deprecated en C:\tools\nginx\html\sistema_biometrico\index.php línea 50
URI: /empleados/datos-completos/87
--------------------------------------------------------------------------------
[2026-03-11 11:54:22] [DEPRECATED] session_set_save_handler(): Providing individual callbacks instead of an object implementing SessionHandlerInterface is deprecated en C:\tools\nginx\html\sistema_biometrico\index.php línea 50
URI: /api/log-error
--------------------------------------------------------------------------------
[2026-03-11 11:54:31] [DEPRECATED] session_set_save_handler(): Providing individual callbacks instead of an object implementing SessionHandlerInterface is deprecated en C:\tools\nginx\html\sistema_biometrico\index.php línea 50
URI: /empleados?search=87
--------------------------------------------------------------------------------
[2026-03-11 11:54:31] [DEPRECATED] session_set_save_handler(): Providing individual callbacks instead of an object implementing SessionHandlerInterface is deprecated en C:\tools\nginx\html\sistema_biometrico\index.php línea 50
URI: /.well-known/appspecific/com.chrome.devtools.json
--------------------------------------------------------------------------------
[2026-03-11 11:54:33] [DEPRECATED] session_set_save_handler(): Providing individual callbacks instead of an object implementing SessionHandlerInterface is deprecated en C:\tools\nginx\html\sistema_biometrico\index.php línea 50
URI: /empleados/datos-completos/87
--------------------------------------------------------------------------------
[2026-03-11 11:54:33] [DEPRECATED] session_set_save_handler(): Providing individual callbacks instead of an object implementing SessionHandlerInterface is deprecated en C:\tools\nginx\html\sistema_biometrico\index.php línea 50
URI: /api/log-error
--------------------------------------------------------------------------------
[2026-03-11 11:54:40] [DEPRECATED] session_set_save_handler(): Providing individual callbacks instead of an object implementing SessionHandlerInterface is deprecated en C:\tools\nginx\html\sistema_biometrico\index.php línea 50
URI: /empleados/87?tab=asistencia
--------------------------------------------------------------------------------
[2026-03-11 11:54:41] [DEPRECATED] session_set_save_handler(): Providing individual callbacks instead of an object implementing SessionHandlerInterface is deprecated en C:\tools\nginx\html\sistema_biometrico\index.php línea 50
URI: /.well-known/appspecific/com.chrome.devtools.json
--------------------------------------------------------------------------------
[2026-03-11 11:54:41] [DEPRECATED] session_set_save_handler(): Providing individual callbacks instead of an object implementing SessionHandlerInterface is deprecated en C:\tools\nginx\html\sistema_biometrico\index.php línea 50
URI: /favicon.ico
--------------------------------------------------------------------------------
[2026-03-11 11:54:54] [DEPRECATED] session_set_save_handler(): Providing individual callbacks instead of an object implementing SessionHandlerInterface is deprecated en C:\tools\nginx\html\sistema_biometrico\index.php línea 50
URI: /empleados?search=87
--------------------------------------------------------------------------------
[2026-03-11 11:54:54] [DEPRECATED] session_set_save_handler(): Providing individual callbacks instead of an object implementing SessionHandlerInterface is deprecated en C:\tools\nginx\html\sistema_biometrico\index.php línea 50
URI: /.well-known/appspecific/com.chrome.devtools.json
--------------------------------------------------------------------------------
[2026-03-11 11:54:56] [DEPRECATED] session_set_save_handler(): Providing individual callbacks instead of an object implementing SessionHandlerInterface is deprecated en C:\tools\nginx\html\sistema_biometrico\index.php línea 50
URI: /empleados/datos-completos/87
--------------------------------------------------------------------------------
[2026-03-11 11:54:56] [DEPRECATED] session_set_save_handler(): Providing individual callbacks instead of an object implementing SessionHandlerInterface is deprecated en C:\tools\nginx\html\sistema_biometrico\index.php línea 50
URI: /api/log-error
--------------------------------------------------------------------------------
[2026-03-11 11:55:03] [DEPRECATED] session_set_save_handler(): Providing individual callbacks instead of an object implementing SessionHandlerInterface is deprecated en C:\tools\nginx\html\sistema_biometrico\index.php línea 50
URI: /empleados/datos-completos/87
--------------------------------------------------------------------------------
[2026-03-11 11:55:07] [DEPRECATED] session_set_save_handler(): Providing individual callbacks instead of an object implementing SessionHandlerInterface is deprecated en C:\tools\nginx\html\sistema_biometrico\index.php línea 50
URI: /empleados/datos-completos/87
--------------------------------------------------------------------------------
[2026-03-11 11:57:33] [DEPRECATED] session_set_save_handler(): Providing individual callbacks instead of an object implementing SessionHandlerInterface is deprecated en C:\tools\nginx\html\sistema_biometrico\index.php línea 50
URI: /empleados?search=87
--------------------------------------------------------------------------------
[2026-03-11 11:57:33] [DEPRECATED] session_set_save_handler(): Providing individual callbacks instead of an object implementing SessionHandlerInterface is deprecated en C:\tools\nginx\html\sistema_biometrico\index.php línea 50
URI: /.well-known/appspecific/com.chrome.devtools.json
--------------------------------------------------------------------------------
[2026-03-11 11:57:34] [DEPRECATED] session_set_save_handler(): Providing individual callbacks instead of an object implementing SessionHandlerInterface is deprecated en C:\tools\nginx\html\sistema_biometrico\index.php línea 50
URI: /empleados/datos-completos/87
--------------------------------------------------------------------------------
[2026-03-11 11:57:34] [DEPRECATED] session_set_save_handler(): Providing individual callbacks instead of an object implementing SessionHandlerInterface is deprecated en C:\tools\nginx\html\sistema_biometrico\index.php línea 50
URI: /api/log-error
--------------------------------------------------------------------------------
[2026-03-11 11:57:40] [DEPRECATED] session_set_save_handler(): Providing individual callbacks instead of an object implementing SessionHandlerInterface is deprecated en C:\tools\nginx\html\sistema_biometrico\index.php línea 50
URI: /api/tipos-justificacion
--------------------------------------------------------------------------------
[2026-03-11 12:00:12] [DEPRECATED] session_set_save_handler(): Providing individual callbacks instead of an object implementing SessionHandlerInterface is deprecated en C:\tools\nginx\html\sistema_biometrico\index.php línea 50
URI: /justificaciones/actualizar-incidencia
--------------------------------------------------------------------------------
[2026-03-11 12:00:15] [DEPRECATED] session_set_save_handler(): Providing individual callbacks instead of an object implementing SessionHandlerInterface is deprecated en C:\tools\nginx\html\sistema_biometrico\index.php línea 50
URI: /empleados/datos-completos/87
--------------------------------------------------------------------------------
[2026-03-11 12:00:16] [DEPRECATED] session_set_save_handler(): Providing individual callbacks instead of an object implementing SessionHandlerInterface is deprecated en C:\tools\nginx\html\sistema_biometrico\index.php línea 50
URI: /api/log-error
--------------------------------------------------------------------------------
[2026-03-11 12:06:15] [DEPRECATED] session_set_save_handler(): Providing individual callbacks instead of an object implementing SessionHandlerInterface is deprecated en C:\tools\nginx\html\sistema_biometrico\index.php línea 50
URI: /empleados?search=87
--------------------------------------------------------------------------------
[2026-03-11 12:06:15] [DEPRECATED] session_set_save_handler(): Providing individual callbacks instead of an object implementing SessionHandlerInterface is deprecated en C:\tools\nginx\html\sistema_biometrico\index.php línea 50
URI: /.well-known/appspecific/com.chrome.devtools.json
--------------------------------------------------------------------------------
[2026-03-11 12:06:24] [DEPRECATED] session_set_save_handler(): Providing individual callbacks instead of an object implementing SessionHandlerInterface is deprecated en C:\tools\nginx\html\sistema_biometrico\index.php línea 50
URI: /logout
--------------------------------------------------------------------------------
[2026-03-11 12:06:24] [DEPRECATED] session_set_save_handler(): Providing individual callbacks instead of an object implementing SessionHandlerInterface is deprecated en C:\tools\nginx\html\sistema_biometrico\index.php línea 50
URI: /login
--------------------------------------------------------------------------------
[2026-03-11 12:06:24] [DEPRECATED] session_set_save_handler(): Providing individual callbacks instead of an object implementing SessionHandlerInterface is deprecated en C:\tools\nginx\html\sistema_biometrico\index.php línea 50
URI: /.well-known/appspecific/com.chrome.devtools.json
--------------------------------------------------------------------------------
[2026-03-11 12:06:24] [DEPRECATED] session_set_save_handler(): Providing individual callbacks instead of an object implementing SessionHandlerInterface is deprecated en C:\tools\nginx\html\sistema_biometrico\index.php línea 50
URI: /login
--------------------------------------------------------------------------------
[2026-03-11 12:06:46] [DEPRECATED] session_set_save_handler(): Providing individual callbacks instead of an object implementing SessionHandlerInterface is deprecated en C:\tools\nginx\html\sistema_biometrico\index.php línea 50
URI: /login
--------------------------------------------------------------------------------
[2026-03-11 12:06:46] [DEPRECATED] session_set_save_handler(): Providing individual callbacks instead of an object implementing SessionHandlerInterface is deprecated en C:\tools\nginx\html\sistema_biometrico\index.php línea 50
URI: /dashboard
--------------------------------------------------------------------------------
[2026-03-11 12:06:50] [EXCEPTION] PDOException
Contexto: {"action":"index","section":"comisiones"}
Mensaje: SQLSTATE[42S22]: Column not found: 1054 Unknown column 'monto' in 'SELECT'
URI: /dashboard
Archivo: C:\tools\nginx\html\sistema_biometrico\models\Comision.php Línea: 136
#0 C:\tools\nginx\html\sistema_biometrico\models\Comision.php(136): PDO->prepare('SELECT SUM(mont...')
#1 C:\tools\nginx\html\sistema_biometrico\controllers\DashboardController.php(81): Comision->getTotalComisiones(NULL, '03', '2026')
#2 C:\tools\nginx\html\sistema_biometrico\index.php(180): DashboardController->index()
#3 {main}
--------------------------------------------------------------------------------
[2026-03-11 12:06:50] [DEPRECATED] session_set_save_handler(): Providing individual callbacks instead of an object implementing SessionHandlerInterface is deprecated en C:\tools\nginx\html\sistema_biometrico\index.php línea 50
URI: /.well-known/appspecific/com.chrome.devtools.json
--------------------------------------------------------------------------------
[2026-03-11 12:07:04] [DEPRECATED] session_set_save_handler(): Providing individual callbacks instead of an object implementing SessionHandlerInterface is deprecated en C:\tools\nginx\html\sistema_biometrico\index.php línea 50
URI: /notas-malas
--------------------------------------------------------------------------------
[2026-03-11 12:07:39] [DEPRECATED] session_set_save_handler(): Providing individual callbacks instead of an object implementing SessionHandlerInterface is deprecated en C:\tools\nginx\html\sistema_biometrico\index.php línea 50
URI: /horarios
--------------------------------------------------------------------------------
[2026-03-11 12:07:42] [DEPRECATED] session_set_save_handler(): Providing individual callbacks instead of an object implementing SessionHandlerInterface is deprecated en C:\tools\nginx\html\sistema_biometrico\index.php línea 50
URI: /validaciones
--------------------------------------------------------------------------------
[2026-03-11 12:07:42] [DEPRECATED] session_set_save_handler(): Providing individual callbacks instead of an object implementing SessionHandlerInterface is deprecated en C:\tools\nginx\html\sistema_biometrico\index.php línea 50
URI: /dashboard
--------------------------------------------------------------------------------
[2026-03-11 12:07:45] [EXCEPTION] PDOException
Contexto: {"action":"index","section":"comisiones"}
Mensaje: SQLSTATE[42S22]: Column not found: 1054 Unknown column 'monto' in 'SELECT'
URI: /dashboard
Archivo: C:\tools\nginx\html\sistema_biometrico\models\Comision.php Línea: 136
#0 C:\tools\nginx\html\sistema_biometrico\models\Comision.php(136): PDO->prepare('SELECT SUM(mont...')
#1 C:\tools\nginx\html\sistema_biometrico\controllers\DashboardController.php(81): Comision->getTotalComisiones(NULL, '03', '2026')
#2 C:\tools\nginx\html\sistema_biometrico\index.php(180): DashboardController->index()
#3 {main}
--------------------------------------------------------------------------------
[2026-03-11 12:07:45] [DEPRECATED] session_set_save_handler(): Providing individual callbacks instead of an object implementing SessionHandlerInterface is deprecated en C:\tools\nginx\html\sistema_biometrico\index.php línea 50
URI: /reportes
--------------------------------------------------------------------------------
[2026-03-11 12:08:43] [DEPRECATED] session_set_save_handler(): Providing individual callbacks instead of an object implementing SessionHandlerInterface is deprecated en C:\tools\nginx\html\sistema_biometrico\index.php línea 50
URI: /reportes
--------------------------------------------------------------------------------
[2026-03-11 12:08:44] [DEPRECATED] session_set_save_handler(): Providing individual callbacks instead of an object implementing SessionHandlerInterface is deprecated en C:\tools\nginx\html\sistema_biometrico\index.php línea 50
URI: /reportes
--------------------------------------------------------------------------------
[2026-03-11 12:08:45] [DEPRECATED] session_set_save_handler(): Providing individual callbacks instead of an object implementing SessionHandlerInterface is deprecated en C:\tools\nginx\html\sistema_biometrico\index.php línea 50
URI: /reportes
--------------------------------------------------------------------------------
[2026-03-11 12:08:46] [DEPRECATED] session_set_save_handler(): Providing individual callbacks instead of an object implementing SessionHandlerInterface is deprecated en C:\tools\nginx\html\sistema_biometrico\index.php línea 50
URI: /reportes
--------------------------------------------------------------------------------
[2026-03-11 12:08:46] [DEPRECATED] session_set_save_handler(): Providing individual callbacks instead of an object implementing SessionHandlerInterface is deprecated en C:\tools\nginx\html\sistema_biometrico\index.php línea 50
URI: /reportes
--------------------------------------------------------------------------------
[2026-03-11 12:08:46] [DEPRECATED] session_set_save_handler(): Providing individual callbacks instead of an object implementing SessionHandlerInterface is deprecated en C:\tools\nginx\html\sistema_biometrico\index.php línea 50
URI: /reportes
--------------------------------------------------------------------------------
[2026-03-11 12:08:51] [DEPRECATED] session_set_save_handler(): Providing individual callbacks instead of an object implementing SessionHandlerInterface is deprecated en C:\tools\nginx\html\sistema_biometrico\index.php línea 50
URI: /empleados
--------------------------------------------------------------------------------
[2026-03-11 12:08:56] [DEPRECATED] session_set_save_handler(): Providing individual callbacks instead of an object implementing SessionHandlerInterface is deprecated en C:\tools\nginx\html\sistema_biometrico\index.php línea 50
URI: /empleados?search=87
--------------------------------------------------------------------------------
[2026-03-11 12:08:59] [DEPRECATED] session_set_save_handler(): Providing individual callbacks instead of an object implementing SessionHandlerInterface is deprecated en C:\tools\nginx\html\sistema_biometrico\index.php línea 50
URI: /empleados/datos-completos/87
--------------------------------------------------------------------------------
[2026-03-11 12:08:59] [DEPRECATED] session_set_save_handler(): Providing individual callbacks instead of an object implementing SessionHandlerInterface is deprecated en C:\tools\nginx\html\sistema_biometrico\index.php línea 50
URI: /api/log-error
--------------------------------------------------------------------------------
[2026-03-11 12:10:00] [DEPRECATED] session_set_save_handler(): Providing individual callbacks instead of an object implementing SessionHandlerInterface is deprecated en C:\tools\nginx\html\sistema_biometrico\index.php línea 50
URI: /api/tipos-justificacion
--------------------------------------------------------------------------------
[2026-03-11 12:22:51] [DEPRECATED] session_set_save_handler(): Providing individual callbacks instead of an object implementing SessionHandlerInterface is deprecated en C:\tools\nginx\html\sistema_biometrico\index.php línea 50
URI: /logout
--------------------------------------------------------------------------------
[2026-03-11 12:22:52] [DEPRECATED] session_set_save_handler(): Providing individual callbacks instead of an object implementing SessionHandlerInterface is deprecated en C:\tools\nginx\html\sistema_biometrico\index.php línea 50
URI: /login
--------------------------------------------------------------------------------
[2026-03-11 12:23:19] [DEPRECATED] session_set_save_handler(): Providing individual callbacks instead of an object implementing SessionHandlerInterface is deprecated en C:\tools\nginx\html\sistema_biometrico\index.php línea 50
URI: /login
--------------------------------------------------------------------------------
[2026-03-11 12:23:19] [DEPRECATED] session_set_save_handler(): Providing individual callbacks instead of an object implementing SessionHandlerInterface is deprecated en C:\tools\nginx\html\sistema_biometrico\index.php línea 50
URI: /dashboard
--------------------------------------------------------------------------------
[2026-03-11 12:23:23] [EXCEPTION] PDOException
Contexto: {"action":"index","section":"comisiones"}
Mensaje: SQLSTATE[42S22]: Column not found: 1054 Unknown column 'monto' in 'SELECT'
URI: /dashboard
Archivo: C:\tools\nginx\html\sistema_biometrico\models\Comision.php Línea: 136
#0 C:\tools\nginx\html\sistema_biometrico\models\Comision.php(136): PDO->prepare('SELECT SUM(mont...')
#1 C:\tools\nginx\html\sistema_biometrico\controllers\DashboardController.php(81): Comision->getTotalComisiones(NULL, '03', '2026')
#2 C:\tools\nginx\html\sistema_biometrico\index.php(180): DashboardController->index()
#3 {main}
--------------------------------------------------------------------------------
[2026-03-11 12:23:33] [DEPRECATED] session_set_save_handler(): Providing individual callbacks instead of an object implementing SessionHandlerInterface is deprecated en C:\tools\nginx\html\sistema_biometrico\index.php línea 50
URI: /notas-malas
--------------------------------------------------------------------------------
[2026-03-11 12:23:38] [DEPRECATED] session_set_save_handler(): Providing individual callbacks instead of an object implementing SessionHandlerInterface is deprecated en C:\tools\nginx\html\sistema_biometrico\index.php línea 50
URI: /notas-malas?mes=2026-02
--------------------------------------------------------------------------------
[2026-03-11 12:23:39] [DEPRECATED] session_set_save_handler(): Providing individual callbacks instead of an object implementing SessionHandlerInterface is deprecated en C:\tools\nginx\html\sistema_biometrico\index.php línea 50
URI: /notas-malas?mes=
--------------------------------------------------------------------------------
[2026-03-11 12:25:25] [DEPRECATED] session_set_save_handler(): Providing individual callbacks instead of an object implementing SessionHandlerInterface is deprecated en C:\tools\nginx\html\sistema_biometrico\index.php línea 50
URI: /catalogos
--------------------------------------------------------------------------------
[2026-03-11 12:25:30] [DEPRECATED] session_set_save_handler(): Providing individual callbacks instead of an object implementing SessionHandlerInterface is deprecated en C:\tools\nginx\html\sistema_biometrico\index.php línea 50
URI: /empleados
--------------------------------------------------------------------------------
[2026-03-11 12:25:37] [DEPRECATED] session_set_save_handler(): Providing individual callbacks instead of an object implementing SessionHandlerInterface is deprecated en C:\tools\nginx\html\sistema_biometrico\index.php línea 50
URI: /empleados?search=87
--------------------------------------------------------------------------------
[2026-03-11 12:27:20] [DEPRECATED] session_set_save_handler(): Providing individual callbacks instead of an object implementing SessionHandlerInterface is deprecated en C:\tools\nginx\html\sistema_biometrico\index.php línea 50
URI: /empleados/datos-completos/87
--------------------------------------------------------------------------------
[2026-03-11 12:27:20] [DEPRECATED] session_set_save_handler(): Providing individual callbacks instead of an object implementing SessionHandlerInterface is deprecated en C:\tools\nginx\html\sistema_biometrico\index.php línea 50
URI: /api/log-error
--------------------------------------------------------------------------------
[2026-03-11 12:27:30] [DEPRECATED] session_set_save_handler(): Providing individual callbacks instead of an object implementing SessionHandlerInterface is deprecated en C:\tools\nginx\html\sistema_biometrico\index.php línea 50
URI: /logout
--------------------------------------------------------------------------------
[2026-03-11 12:27:30] [DEPRECATED] session_set_save_handler(): Providing individual callbacks instead of an object implementing SessionHandlerInterface is deprecated en C:\tools\nginx\html\sistema_biometrico\index.php línea 50
URI: /login
--------------------------------------------------------------------------------
[2026-03-11 12:27:49] [DEPRECATED] session_set_save_handler(): Providing individual callbacks instead of an object implementing SessionHandlerInterface is deprecated en C:\tools\nginx\html\sistema_biometrico\index.php línea 50
URI: /
--------------------------------------------------------------------------------
[2026-03-11 12:27:49] [DEPRECATED] session_set_save_handler(): Providing individual callbacks instead of an object implementing SessionHandlerInterface is deprecated en C:\tools\nginx\html\sistema_biometrico\index.php línea 50
URI: /login
--------------------------------------------------------------------------------
[2026-03-11 12:27:49] [DEPRECATED] session_set_save_handler(): Providing individual callbacks instead of an object implementing SessionHandlerInterface is deprecated en C:\tools\nginx\html\sistema_biometrico\index.php línea 50
URI: /api/log-error
--------------------------------------------------------------------------------
[2026-03-11 12:27:52] [DEPRECATED] session_set_save_handler(): Providing individual callbacks instead of an object implementing SessionHandlerInterface is deprecated en C:\tools\nginx\html\sistema_biometrico\index.php línea 50
URI: /login
--------------------------------------------------------------------------------
[2026-03-11 12:27:58] [DEPRECATED] session_set_save_handler(): Providing individual callbacks instead of an object implementing SessionHandlerInterface is deprecated en C:\tools\nginx\html\sistema_biometrico\index.php línea 50
URI: /login
--------------------------------------------------------------------------------
[2026-03-11 12:27:59] [DEPRECATED] session_set_save_handler(): Providing individual callbacks instead of an object implementing SessionHandlerInterface is deprecated en C:\tools\nginx\html\sistema_biometrico\index.php línea 50
URI: /dashboard
--------------------------------------------------------------------------------
[2026-03-11 12:28:02] [EXCEPTION] PDOException
Contexto: {"action":"index","section":"comisiones"}
Mensaje: SQLSTATE[42S22]: Column not found: 1054 Unknown column 'monto' in 'SELECT'
URI: /dashboard
Archivo: C:\tools\nginx\html\sistema_biometrico\models\Comision.php Línea: 136
#0 C:\tools\nginx\html\sistema_biometrico\models\Comision.php(136): PDO->prepare('SELECT SUM(mont...')
#1 C:\tools\nginx\html\sistema_biometrico\controllers\DashboardController.php(81): Comision->getTotalComisiones(NULL, '03', '2026')
#2 C:\tools\nginx\html\sistema_biometrico\index.php(180): DashboardController->index()
#3 {main}
--------------------------------------------------------------------------------
[2026-03-11 12:28:22] [DEPRECATED] session_set_save_handler(): Providing individual callbacks instead of an object implementing SessionHandlerInterface is deprecated en C:\tools\nginx\html\sistema_biometrico\index.php línea 50
URI: /empleados
--------------------------------------------------------------------------------
[2026-03-11 12:28:26] [DEPRECATED] session_set_save_handler(): Providing individual callbacks instead of an object implementing SessionHandlerInterface is deprecated en C:\tools\nginx\html\sistema_biometrico\index.php línea 50
URI: /empleados?search=87
--------------------------------------------------------------------------------
[2026-03-11 12:28:28] [DEPRECATED] session_set_save_handler(): Providing individual callbacks instead of an object implementing SessionHandlerInterface is deprecated en C:\tools\nginx\html\sistema_biometrico\index.php línea 50
URI: /empleados/datos-completos/87
--------------------------------------------------------------------------------
[2026-03-11 12:28:28] [DEPRECATED] session_set_save_handler(): Providing individual callbacks instead of an object implementing SessionHandlerInterface is deprecated en C:\tools\nginx\html\sistema_biometrico\index.php línea 50
URI: /api/log-error
--------------------------------------------------------------------------------
[2026-03-11 12:31:52] [DEPRECATED] session_set_save_handler(): Providing individual callbacks instead of an object implementing SessionHandlerInterface is deprecated en C:\tools\nginx\html\sistema_biometrico\index.php línea 50
URI: /empleados?search=87
--------------------------------------------------------------------------------
[2026-03-11 12:31:52] [DEPRECATED] session_set_save_handler(): Providing individual callbacks instead of an object implementing SessionHandlerInterface is deprecated en C:\tools\nginx\html\sistema_biometrico\index.php línea 50
URI: /login
--------------------------------------------------------------------------------
[2026-03-11 12:32:05] [DEPRECATED] session_set_save_handler(): Providing individual callbacks instead of an object implementing SessionHandlerInterface is deprecated en C:\tools\nginx\html\sistema_biometrico\index.php línea 50
URI: /login
--------------------------------------------------------------------------------
[2026-03-11 12:32:05] [DEPRECATED] session_set_save_handler(): Providing individual callbacks instead of an object implementing SessionHandlerInterface is deprecated en C:\tools\nginx\html\sistema_biometrico\index.php línea 50
URI: /dashboard
--------------------------------------------------------------------------------
[2026-03-11 12:32:08] [EXCEPTION] PDOException
Contexto: {"action":"index","section":"comisiones"}
Mensaje: SQLSTATE[42S22]: Column not found: 1054 Unknown column 'monto' in 'SELECT'
URI: /dashboard
Archivo: C:\tools\nginx\html\sistema_biometrico\models\Comision.php Línea: 136
#0 C:\tools\nginx\html\sistema_biometrico\models\Comision.php(136): PDO->prepare('SELECT SUM(mont...')
#1 C:\tools\nginx\html\sistema_biometrico\controllers\DashboardController.php(81): Comision->getTotalComisiones(NULL, '03', '2026')
#2 C:\tools\nginx\html\sistema_biometrico\index.php(180): DashboardController->index()
#3 {main}
--------------------------------------------------------------------------------
[2026-03-11 12:32:13] [DEPRECATED] session_set_save_handler(): Providing individual callbacks instead of an object implementing SessionHandlerInterface is deprecated en C:\tools\nginx\html\sistema_biometrico\index.php línea 50
URI: /empleados
--------------------------------------------------------------------------------
[2026-03-11 12:32:16] [DEPRECATED] session_set_save_handler(): Providing individual callbacks instead of an object implementing SessionHandlerInterface is deprecated en C:\tools\nginx\html\sistema_biometrico\index.php línea 50
URI: /empleados?search=87
--------------------------------------------------------------------------------
[2026-03-11 12:32:18] [DEPRECATED] session_set_save_handler(): Providing individual callbacks instead of an object implementing SessionHandlerInterface is deprecated en C:\tools\nginx\html\sistema_biometrico\index.php línea 50
URI: /empleados/datos-completos/87
--------------------------------------------------------------------------------
[2026-03-11 12:32:18] [DEPRECATED] session_set_save_handler(): Providing individual callbacks instead of an object implementing SessionHandlerInterface is deprecated en C:\tools\nginx\html\sistema_biometrico\index.php línea 50
URI: /api/log-error
--------------------------------------------------------------------------------
[2026-03-11 12:34:01] [DEPRECATED] session_set_save_handler(): Providing individual callbacks instead of an object implementing SessionHandlerInterface is deprecated en C:\tools\nginx\html\sistema_biometrico\index.php línea 50
URI: /empleados?search=87
--------------------------------------------------------------------------------
[2026-03-11 12:34:02] [DEPRECATED] session_set_save_handler(): Providing individual callbacks instead of an object implementing SessionHandlerInterface is deprecated en C:\tools\nginx\html\sistema_biometrico\index.php línea 50
URI: /empleados?search=87
--------------------------------------------------------------------------------
[2026-03-11 12:34:02] [DEPRECATED] session_set_save_handler(): Providing individual callbacks instead of an object implementing SessionHandlerInterface is deprecated en C:\tools\nginx\html\sistema_biometrico\index.php línea 50
URI: /empleados?search=87
--------------------------------------------------------------------------------
[2026-03-11 12:34:02] [DEPRECATED] session_set_save_handler(): Providing individual callbacks instead of an object implementing SessionHandlerInterface is deprecated en C:\tools\nginx\html\sistema_biometrico\index.php línea 50
URI: /empleados?search=87
--------------------------------------------------------------------------------
[2026-03-11 12:34:03] [DEPRECATED] session_set_save_handler(): Providing individual callbacks instead of an object implementing SessionHandlerInterface is deprecated en C:\tools\nginx\html\sistema_biometrico\index.php línea 50
URI: /empleados?search=87
--------------------------------------------------------------------------------
[2026-03-11 12:34:03] [DEPRECATED] session_set_save_handler(): Providing individual callbacks instead of an object implementing SessionHandlerInterface is deprecated en C:\tools\nginx\html\sistema_biometrico\index.php línea 50
URI: /empleados?search=87
--------------------------------------------------------------------------------
[2026-03-11 12:34:07] [DEPRECATED] session_set_save_handler(): Providing individual callbacks instead of an object implementing SessionHandlerInterface is deprecated en C:\tools\nginx\html\sistema_biometrico\index.php línea 50
URI: /empleados?search=87
--------------------------------------------------------------------------------
[2026-03-11 12:34:07] [DEPRECATED] session_set_save_handler(): Providing individual callbacks instead of an object implementing SessionHandlerInterface is deprecated en C:\tools\nginx\html\sistema_biometrico\index.php línea 50
URI: /empleados?search=87
--------------------------------------------------------------------------------
[2026-03-11 12:34:07] [DEPRECATED] session_set_save_handler(): Providing individual callbacks instead of an object implementing SessionHandlerInterface is deprecated en C:\tools\nginx\html\sistema_biometrico\index.php línea 50
URI: /empleados?search=87
--------------------------------------------------------------------------------
[2026-03-11 12:34:08] [DEPRECATED] session_set_save_handler(): Providing individual callbacks instead of an object implementing SessionHandlerInterface is deprecated en C:\tools\nginx\html\sistema_biometrico\index.php línea 50
URI: /empleados?search=87
--------------------------------------------------------------------------------
[2026-03-11 12:34:08] [DEPRECATED] session_set_save_handler(): Providing individual callbacks instead of an object implementing SessionHandlerInterface is deprecated en C:\tools\nginx\html\sistema_biometrico\index.php línea 50
URI: /empleados?search=87
--------------------------------------------------------------------------------
[2026-03-11 12:34:08] [DEPRECATED] session_set_save_handler(): Providing individual callbacks instead of an object implementing SessionHandlerInterface is deprecated en C:\tools\nginx\html\sistema_biometrico\index.php línea 50
URI: /empleados?search=87
--------------------------------------------------------------------------------
[2026-03-11 12:34:08] [DEPRECATED] session_set_save_handler(): Providing individual callbacks instead of an object implementing SessionHandlerInterface is deprecated en C:\tools\nginx\html\sistema_biometrico\index.php línea 50
URI: /empleados?search=87
--------------------------------------------------------------------------------
[2026-03-11 12:34:08] [DEPRECATED] session_set_save_handler(): Providing individual callbacks instead of an object implementing SessionHandlerInterface is deprecated en C:\tools\nginx\html\sistema_biometrico\index.php línea 50
URI: /empleados?search=87
--------------------------------------------------------------------------------
[2026-03-11 12:34:09] [DEPRECATED] session_set_save_handler(): Providing individual callbacks instead of an object implementing SessionHandlerInterface is deprecated en C:\tools\nginx\html\sistema_biometrico\index.php línea 50
URI: /empleados?search=87
--------------------------------------------------------------------------------
[2026-03-11 12:34:09] [DEPRECATED] session_set_save_handler(): Providing individual callbacks instead of an object implementing SessionHandlerInterface is deprecated en C:\tools\nginx\html\sistema_biometrico\index.php línea 50
URI: /empleados?search=87
--------------------------------------------------------------------------------
[2026-03-11 12:34:09] [DEPRECATED] session_set_save_handler(): Providing individual callbacks instead of an object implementing SessionHandlerInterface is deprecated en C:\tools\nginx\html\sistema_biometrico\index.php línea 50
URI: /empleados?search=87
--------------------------------------------------------------------------------
[2026-03-11 12:34:09] [DEPRECATED] session_set_save_handler(): Providing individual callbacks instead of an object implementing SessionHandlerInterface is deprecated en C:\tools\nginx\html\sistema_biometrico\index.php línea 50
URI: /empleados?search=87
--------------------------------------------------------------------------------
[2026-03-11 12:34:09] [DEPRECATED] session_set_save_handler(): Providing individual callbacks instead of an object implementing SessionHandlerInterface is deprecated en C:\tools\nginx\html\sistema_biometrico\index.php línea 50
URI: /empleados?search=87
--------------------------------------------------------------------------------
[2026-03-11 12:34:10] [DEPRECATED] session_set_save_handler(): Providing individual callbacks instead of an object implementing SessionHandlerInterface is deprecated en C:\tools\nginx\html\sistema_biometrico\index.php línea 50
URI: /empleados?search=87
--------------------------------------------------------------------------------
[2026-03-11 12:34:10] [DEPRECATED] session_set_save_handler(): Providing individual callbacks instead of an object implementing SessionHandlerInterface is deprecated en C:\tools\nginx\html\sistema_biometrico\index.php línea 50
URI: /empleados?search=87
--------------------------------------------------------------------------------
[2026-03-11 12:34:10] [DEPRECATED] session_set_save_handler(): Providing individual callbacks instead of an object implementing SessionHandlerInterface is deprecated en C:\tools\nginx\html\sistema_biometrico\index.php línea 50
URI: /empleados?search=87
--------------------------------------------------------------------------------
[2026-03-11 12:34:10] [DEPRECATED] session_set_save_handler(): Providing individual callbacks instead of an object implementing SessionHandlerInterface is deprecated en C:\tools\nginx\html\sistema_biometrico\index.php línea 50
URI: /empleados?search=87
--------------------------------------------------------------------------------
[2026-03-11 12:34:10] [DEPRECATED] session_set_save_handler(): Providing individual callbacks instead of an object implementing SessionHandlerInterface is deprecated en C:\tools\nginx\html\sistema_biometrico\index.php línea 50
URI: /empleados?search=87
--------------------------------------------------------------------------------
[2026-03-11 12:34:11] [DEPRECATED] session_set_save_handler(): Providing individual callbacks instead of an object implementing SessionHandlerInterface is deprecated en C:\tools\nginx\html\sistema_biometrico\index.php línea 50
URI: /empleados?search=87
--------------------------------------------------------------------------------
[2026-03-11 12:34:11] [DEPRECATED] session_set_save_handler(): Providing individual callbacks instead of an object implementing SessionHandlerInterface is deprecated en C:\tools\nginx\html\sistema_biometrico\index.php línea 50
URI: /empleados?search=87
--------------------------------------------------------------------------------
[2026-03-11 12:34:11] [DEPRECATED] session_set_save_handler(): Providing individual callbacks instead of an object implementing SessionHandlerInterface is deprecated en C:\tools\nginx\html\sistema_biometrico\index.php línea 50
URI: /empleados?search=87
--------------------------------------------------------------------------------
[2026-03-11 12:34:13] [DEPRECATED] session_set_save_handler(): Providing individual callbacks instead of an object implementing SessionHandlerInterface is deprecated en C:\tools\nginx\html\sistema_biometrico\index.php línea 50
URI: /empleados/datos-completos/87
--------------------------------------------------------------------------------
[2026-03-11 12:34:13] [DEPRECATED] session_set_save_handler(): Providing individual callbacks instead of an object implementing SessionHandlerInterface is deprecated en C:\tools\nginx\html\sistema_biometrico\index.php línea 50
URI: /api/log-error
--------------------------------------------------------------------------------
[2026-03-11 12:36:33] [DEPRECATED] session_set_save_handler(): Providing individual callbacks instead of an object implementing SessionHandlerInterface is deprecated en C:\tools\nginx\html\sistema_biometrico\index.php línea 50
URI: /empleados?search=87
--------------------------------------------------------------------------------
[2026-03-11 12:36:36] [DEPRECATED] session_set_save_handler(): Providing individual callbacks instead of an object implementing SessionHandlerInterface is deprecated en C:\tools\nginx\html\sistema_biometrico\index.php línea 50
URI: /empleados/datos-completos/87
--------------------------------------------------------------------------------
[2026-03-11 12:36:36] [DEPRECATED] session_set_save_handler(): Providing individual callbacks instead of an object implementing SessionHandlerInterface is deprecated en C:\tools\nginx\html\sistema_biometrico\index.php línea 50
URI: /api/log-error
--------------------------------------------------------------------------------
[2026-03-11 12:36:42] [DEPRECATED] session_set_save_handler(): Providing individual callbacks instead of an object implementing SessionHandlerInterface is deprecated en C:\tools\nginx\html\sistema_biometrico\index.php línea 50
URI: /logout
--------------------------------------------------------------------------------
[2026-03-11 12:36:42] [DEPRECATED] session_set_save_handler(): Providing individual callbacks instead of an object implementing SessionHandlerInterface is deprecated en C:\tools\nginx\html\sistema_biometrico\index.php línea 50
URI: /login
--------------------------------------------------------------------------------
[2026-03-11 12:37:02] [DEPRECATED] session_set_save_handler(): Providing individual callbacks instead of an object implementing SessionHandlerInterface is deprecated en C:\tools\nginx\html\sistema_biometrico\index.php línea 50
URI: /login
--------------------------------------------------------------------------------
[2026-03-11 12:37:02] [DEPRECATED] session_set_save_handler(): Providing individual callbacks instead of an object implementing SessionHandlerInterface is deprecated en C:\tools\nginx\html\sistema_biometrico\index.php línea 50
URI: /dashboard
--------------------------------------------------------------------------------
[2026-03-11 12:37:06] [EXCEPTION] PDOException
Contexto: {"action":"index","section":"comisiones"}
Mensaje: SQLSTATE[42S22]: Column not found: 1054 Unknown column 'monto' in 'SELECT'
URI: /dashboard
Archivo: C:\tools\nginx\html\sistema_biometrico\models\Comision.php Línea: 136
#0 C:\tools\nginx\html\sistema_biometrico\models\Comision.php(136): PDO->prepare('SELECT SUM(mont...')
#1 C:\tools\nginx\html\sistema_biometrico\controllers\DashboardController.php(81): Comision->getTotalComisiones(NULL, '03', '2026')
#2 C:\tools\nginx\html\sistema_biometrico\index.php(180): DashboardController->index()
#3 {main}
--------------------------------------------------------------------------------
[2026-03-11 12:37:09] [DEPRECATED] session_set_save_handler(): Providing individual callbacks instead of an object implementing SessionHandlerInterface is deprecated en C:\tools\nginx\html\sistema_biometrico\index.php línea 50
URI: /empleados
--------------------------------------------------------------------------------
[2026-03-11 12:37:16] [DEPRECATED] session_set_save_handler(): Providing individual callbacks instead of an object implementing SessionHandlerInterface is deprecated en C:\tools\nginx\html\sistema_biometrico\index.php línea 50
URI: /empleados?search=87
--------------------------------------------------------------------------------
[2026-03-11 12:49:43] [DEPRECATED] session_set_save_handler(): Providing individual callbacks instead of an object implementing SessionHandlerInterface is deprecated en C:\tools\nginx\html\sistema_biometrico\index.php línea 50
URI: /empleados/datos-completos/87
--------------------------------------------------------------------------------
[2026-03-11 12:49:43] [DEPRECATED] session_set_save_handler(): Providing individual callbacks instead of an object implementing SessionHandlerInterface is deprecated en C:\tools\nginx\html\sistema_biometrico\index.php línea 50
URI: /api/log-error
--------------------------------------------------------------------------------
[2026-03-11 12:51:07] [DEPRECATED] session_set_save_handler(): Providing individual callbacks instead of an object implementing SessionHandlerInterface is deprecated en C:\tools\nginx\html\sistema_biometrico\index.php línea 50
URI: /empleados?search=87
--------------------------------------------------------------------------------
[2026-03-11 12:51:21] [DEPRECATED] session_set_save_handler(): Providing individual callbacks instead of an object implementing SessionHandlerInterface is deprecated en C:\tools\nginx\html\sistema_biometrico\index.php línea 50
URI: /empleados/datos-completos/87
--------------------------------------------------------------------------------
[2026-03-11 12:51:21] [DEPRECATED] session_set_save_handler(): Providing individual callbacks instead of an object implementing SessionHandlerInterface is deprecated en C:\tools\nginx\html\sistema_biometrico\index.php línea 50
URI: /api/log-error
--------------------------------------------------------------------------------
[2026-03-11 12:53:36] [DEPRECATED] session_set_save_handler(): Providing individual callbacks instead of an object implementing SessionHandlerInterface is deprecated en C:\tools\nginx\html\sistema_biometrico\index.php línea 50
URI: /api/tipos-justificacion
--------------------------------------------------------------------------------
[2026-03-11 13:23:05] [DEPRECATED] session_set_save_handler(): Providing individual callbacks instead of an object implementing SessionHandlerInterface is deprecated en C:\tools\nginx\html\sistema_biometrico\index.php línea 50
URI: /empleados?search=87
--------------------------------------------------------------------------------
[2026-03-11 13:23:08] [DEPRECATED] session_set_save_handler(): Providing individual callbacks instead of an object implementing SessionHandlerInterface is deprecated en C:\tools\nginx\html\sistema_biometrico\index.php línea 50
URI: /empleados/datos-completos/87
--------------------------------------------------------------------------------
[2026-03-11 13:23:08] [DEPRECATED] session_set_save_handler(): Providing individual callbacks instead of an object implementing SessionHandlerInterface is deprecated en C:\tools\nginx\html\sistema_biometrico\index.php línea 50
URI: /api/log-error
--------------------------------------------------------------------------------
[2026-03-11 13:23:19] [DEPRECATED] session_set_save_handler(): Providing individual callbacks instead of an object implementing SessionHandlerInterface is deprecated en C:\tools\nginx\html\sistema_biometrico\index.php línea 50
URI: /api/tipos-justificacion
--------------------------------------------------------------------------------
[2026-03-11 13:30:58] [DEPRECATED] session_set_save_handler(): Providing individual callbacks instead of an object implementing SessionHandlerInterface is deprecated en C:\tools\nginx\html\sistema_biometrico\index.php línea 50
URI: /empleados?search=87
--------------------------------------------------------------------------------
[2026-03-11 13:30:59] [DEPRECATED] session_set_save_handler(): Providing individual callbacks instead of an object implementing SessionHandlerInterface is deprecated en C:\tools\nginx\html\sistema_biometrico\index.php línea 50
URI: /login
--------------------------------------------------------------------------------
[2026-03-11 13:30:59] [DEPRECATED] session_set_save_handler(): Providing individual callbacks instead of an object implementing SessionHandlerInterface is deprecated en C:\tools\nginx\html\sistema_biometrico\index.php línea 50
URI: /login
--------------------------------------------------------------------------------
[2026-03-11 13:31:09] [DEPRECATED] session_set_save_handler(): Providing individual callbacks instead of an object implementing SessionHandlerInterface is deprecated en C:\tools\nginx\html\sistema_biometrico\index.php línea 50
URI: /login
--------------------------------------------------------------------------------
[2026-03-11 13:31:42] [DEPRECATED] session_set_save_handler(): Providing individual callbacks instead of an object implementing SessionHandlerInterface is deprecated en C:\tools\nginx\html\sistema_biometrico\index.php línea 50
URI: /login
--------------------------------------------------------------------------------
[2026-03-11 13:31:42] [DEPRECATED] session_set_save_handler(): Providing individual callbacks instead of an object implementing SessionHandlerInterface is deprecated en C:\tools\nginx\html\sistema_biometrico\index.php línea 50
URI: /dashboard
--------------------------------------------------------------------------------
[2026-03-11 13:31:46] [EXCEPTION] PDOException
Contexto: {"action":"index","section":"comisiones"}
Mensaje: SQLSTATE[42S22]: Column not found: 1054 Unknown column 'monto' in 'SELECT'
URI: /dashboard
Archivo: C:\tools\nginx\html\sistema_biometrico\models\Comision.php Línea: 136
#0 C:\tools\nginx\html\sistema_biometrico\models\Comision.php(136): PDO->prepare('SELECT SUM(mont...')
#1 C:\tools\nginx\html\sistema_biometrico\controllers\DashboardController.php(81): Comision->getTotalComisiones(NULL, '03', '2026')
#2 C:\tools\nginx\html\sistema_biometrico\index.php(180): DashboardController->index()
#3 {main}
--------------------------------------------------------------------------------
[2026-03-11 13:32:12] [DEPRECATED] session_set_save_handler(): Providing individual callbacks instead of an object implementing SessionHandlerInterface is deprecated en C:\tools\nginx\html\sistema_biometrico\index.php línea 50
URI: /empleados
--------------------------------------------------------------------------------
[2026-03-11 13:32:16] [DEPRECATED] session_set_save_handler(): Providing individual callbacks instead of an object implementing SessionHandlerInterface is deprecated en C:\tools\nginx\html\sistema_biometrico\index.php línea 50
URI: /empleados?search=87
--------------------------------------------------------------------------------
[2026-03-11 13:32:17] [DEPRECATED] session_set_save_handler(): Providing individual callbacks instead of an object implementing SessionHandlerInterface is deprecated en C:\tools\nginx\html\sistema_biometrico\index.php línea 50
URI: /empleados/datos-completos/87
--------------------------------------------------------------------------------
[2026-03-11 13:32:17] [DEPRECATED] session_set_save_handler(): Providing individual callbacks instead of an object implementing SessionHandlerInterface is deprecated en C:\tools\nginx\html\sistema_biometrico\index.php línea 50
URI: /api/log-error
--------------------------------------------------------------------------------
[2026-03-11 13:32:27] [DEPRECATED] session_set_save_handler(): Providing individual callbacks instead of an object implementing SessionHandlerInterface is deprecated en C:\tools\nginx\html\sistema_biometrico\index.php línea 50
URI: /api/tipos-justificacion
--------------------------------------------------------------------------------
[2026-03-11 13:32:29] [DEPRECATED] session_set_save_handler(): Providing individual callbacks instead of an object implementing SessionHandlerInterface is deprecated en C:\tools\nginx\html\sistema_biometrico\index.php línea 50
URI: /empleados/datos-completos/87
--------------------------------------------------------------------------------
[2026-03-11 13:34:17] [DEPRECATED] session_set_save_handler(): Providing individual callbacks instead of an object implementing SessionHandlerInterface is deprecated en C:\tools\nginx\html\sistema_biometrico\index.php línea 50
URI: /empleados?search=87
--------------------------------------------------------------------------------
[2026-03-11 13:34:19] [DEPRECATED] session_set_save_handler(): Providing individual callbacks instead of an object implementing SessionHandlerInterface is deprecated en C:\tools\nginx\html\sistema_biometrico\index.php línea 50
URI: /empleados?search=87
--------------------------------------------------------------------------------
[2026-03-11 13:35:07] [DEPRECATED] session_set_save_handler(): Providing individual callbacks instead of an object implementing SessionHandlerInterface is deprecated en C:\tools\nginx\html\sistema_biometrico\index.php línea 50
URI: /empleados/datos-completos/87
--------------------------------------------------------------------------------
[2026-03-11 13:35:08] [DEPRECATED] session_set_save_handler(): Providing individual callbacks instead of an object implementing SessionHandlerInterface is deprecated en C:\tools\nginx\html\sistema_biometrico\index.php línea 50
URI: /api/log-error
--------------------------------------------------------------------------------
[2026-03-11 13:35:45] [DEPRECATED] session_set_save_handler(): Providing individual callbacks instead of an object implementing SessionHandlerInterface is deprecated en C:\tools\nginx\html\sistema_biometrico\index.php línea 50
URI: /empleados?search=87
--------------------------------------------------------------------------------
[2026-03-11 13:35:46] [DEPRECATED] session_set_save_handler(): Providing individual callbacks instead of an object implementing SessionHandlerInterface is deprecated en C:\tools\nginx\html\sistema_biometrico\index.php línea 50
URI: /empleados/datos-completos/87
--------------------------------------------------------------------------------
[2026-03-11 13:35:46] [DEPRECATED] session_set_save_handler(): Providing individual callbacks instead of an object implementing SessionHandlerInterface is deprecated en C:\tools\nginx\html\sistema_biometrico\index.php línea 50
URI: /api/log-error
--------------------------------------------------------------------------------
[2026-03-11 13:35:49] [DEPRECATED] session_set_save_handler(): Providing individual callbacks instead of an object implementing SessionHandlerInterface is deprecated en C:\tools\nginx\html\sistema_biometrico\index.php línea 50
URI: /api/tipos-justificacion
--------------------------------------------------------------------------------
[2026-03-11 13:35:53] [DEPRECATED] session_set_save_handler(): Providing individual callbacks instead of an object implementing SessionHandlerInterface is deprecated en C:\tools\nginx\html\sistema_biometrico\index.php línea 50
URI: /empleados/datos-completos/87
--------------------------------------------------------------------------------
[2026-03-11 13:35:53] [DEPRECATED] session_set_save_handler(): Providing individual callbacks instead of an object implementing SessionHandlerInterface is deprecated en C:\tools\nginx\html\sistema_biometrico\index.php línea 50
URI: /api/log-error
--------------------------------------------------------------------------------
[2026-03-11 13:36:04] [DEPRECATED] session_set_save_handler(): Providing individual callbacks instead of an object implementing SessionHandlerInterface is deprecated en C:\tools\nginx\html\sistema_biometrico\index.php línea 50
URI: /.well-known/appspecific/com.chrome.devtools.json
--------------------------------------------------------------------------------
[2026-03-11 13:46:20] [DEPRECATED] session_set_save_handler(): Providing individual callbacks instead of an object implementing SessionHandlerInterface is deprecated en C:\tools\nginx\html\sistema_biometrico\index.php línea 50
URI: /empleados?search=87
--------------------------------------------------------------------------------
[2026-03-11 13:46:20] [DEPRECATED] session_set_save_handler(): Providing individual callbacks instead of an object implementing SessionHandlerInterface is deprecated en C:\tools\nginx\html\sistema_biometrico\index.php línea 50
URI: /login
--------------------------------------------------------------------------------
[2026-03-11 13:46:20] [DEPRECATED] session_set_save_handler(): Providing individual callbacks instead of an object implementing SessionHandlerInterface is deprecated en C:\tools\nginx\html\sistema_biometrico\index.php línea 50
URI: /.well-known/appspecific/com.chrome.devtools.json
--------------------------------------------------------------------------------
[2026-03-11 13:46:20] [DEPRECATED] session_set_save_handler(): Providing individual callbacks instead of an object implementing SessionHandlerInterface is deprecated en C:\tools\nginx\html\sistema_biometrico\index.php línea 50
URI: /login
--------------------------------------------------------------------------------
[2026-03-11 13:46:38] [DEPRECATED] session_set_save_handler(): Providing individual callbacks instead of an object implementing SessionHandlerInterface is deprecated en C:\tools\nginx\html\sistema_biometrico\index.php línea 50
URI: /login
--------------------------------------------------------------------------------
[2026-03-11 13:46:39] [DEPRECATED] session_set_save_handler(): Providing individual callbacks instead of an object implementing SessionHandlerInterface is deprecated en C:\tools\nginx\html\sistema_biometrico\index.php línea 50
URI: /dashboard
--------------------------------------------------------------------------------
[2026-03-11 13:46:42] [EXCEPTION] PDOException
Contexto: {"action":"index","section":"comisiones"}
Mensaje: SQLSTATE[42S22]: Column not found: 1054 Unknown column 'monto' in 'SELECT'
URI: /dashboard
Archivo: C:\tools\nginx\html\sistema_biometrico\models\Comision.php Línea: 136
#0 C:\tools\nginx\html\sistema_biometrico\models\Comision.php(136): PDO->prepare('SELECT SUM(mont...')
#1 C:\tools\nginx\html\sistema_biometrico\controllers\DashboardController.php(81): Comision->getTotalComisiones(NULL, '03', '2026')
#2 C:\tools\nginx\html\sistema_biometrico\index.php(180): DashboardController->index()
#3 {main}
--------------------------------------------------------------------------------
[2026-03-11 13:46:42] [DEPRECATED] session_set_save_handler(): Providing individual callbacks instead of an object implementing SessionHandlerInterface is deprecated en C:\tools\nginx\html\sistema_biometrico\index.php línea 50
URI: /.well-known/appspecific/com.chrome.devtools.json
--------------------------------------------------------------------------------
[2026-03-11 13:47:08] [DEPRECATED] session_set_save_handler(): Providing individual callbacks instead of an object implementing SessionHandlerInterface is deprecated en C:\tools\nginx\html\sistema_biometrico\index.php línea 50
URI: /empleados
--------------------------------------------------------------------------------
[2026-03-11 13:47:08] [DEPRECATED] session_set_save_handler(): Providing individual callbacks instead of an object implementing SessionHandlerInterface is deprecated en C:\tools\nginx\html\sistema_biometrico\index.php línea 50
URI: /.well-known/appspecific/com.chrome.devtools.json
--------------------------------------------------------------------------------
[2026-03-11 13:47:11] [DEPRECATED] session_set_save_handler(): Providing individual callbacks instead of an object implementing SessionHandlerInterface is deprecated en C:\tools\nginx\html\sistema_biometrico\index.php línea 50
URI: /empleados?search=87
--------------------------------------------------------------------------------
[2026-03-11 13:47:11] [DEPRECATED] session_set_save_handler(): Providing individual callbacks instead of an object implementing SessionHandlerInterface is deprecated en C:\tools\nginx\html\sistema_biometrico\index.php línea 50
URI: /.well-known/appspecific/com.chrome.devtools.json
--------------------------------------------------------------------------------
[2026-03-11 13:47:13] [DEPRECATED] session_set_save_handler(): Providing individual callbacks instead of an object implementing SessionHandlerInterface is deprecated en C:\tools\nginx\html\sistema_biometrico\index.php línea 50
URI: /empleados/datos-completos/87
--------------------------------------------------------------------------------
[2026-03-11 13:47:13] [DEPRECATED] session_set_save_handler(): Providing individual callbacks instead of an object implementing SessionHandlerInterface is deprecated en C:\tools\nginx\html\sistema_biometrico\index.php línea 50
URI: /api/log-error
--------------------------------------------------------------------------------
[2026-03-11 13:47:18] [DEPRECATED] session_set_save_handler(): Providing individual callbacks instead of an object implementing SessionHandlerInterface is deprecated en C:\tools\nginx\html\sistema_biometrico\index.php línea 50
URI: /api/tipos-justificacion
--------------------------------------------------------------------------------
[2026-03-11 13:47:28] [DEPRECATED] session_set_save_handler(): Providing individual callbacks instead of an object implementing SessionHandlerInterface is deprecated en C:\tools\nginx\html\sistema_biometrico\index.php línea 50
URI: /empleados/datos-completos/87
--------------------------------------------------------------------------------
[2026-03-11 13:47:29] [DEPRECATED] session_set_save_handler(): Providing individual callbacks instead of an object implementing SessionHandlerInterface is deprecated en C:\tools\nginx\html\sistema_biometrico\index.php línea 50
URI: /api/log-error
--------------------------------------------------------------------------------
[2026-03-11 13:54:52] [DEPRECATED] session_set_save_handler(): Providing individual callbacks instead of an object implementing SessionHandlerInterface is deprecated en C:\tools\nginx\html\sistema_biometrico\index.php línea 50
URI: /empleados?search=87
--------------------------------------------------------------------------------
[2026-03-11 13:54:52] [DEPRECATED] session_set_save_handler(): Providing individual callbacks instead of an object implementing SessionHandlerInterface is deprecated en C:\tools\nginx\html\sistema_biometrico\index.php línea 50
URI: /.well-known/appspecific/com.chrome.devtools.json
--------------------------------------------------------------------------------
[2026-03-11 13:54:53] [DEPRECATED] session_set_save_handler(): Providing individual callbacks instead of an object implementing SessionHandlerInterface is deprecated en C:\tools\nginx\html\sistema_biometrico\index.php línea 50
URI: /empleados?search=87
--------------------------------------------------------------------------------
[2026-03-11 13:54:53] [DEPRECATED] session_set_save_handler(): Providing individual callbacks instead of an object implementing SessionHandlerInterface is deprecated en C:\tools\nginx\html\sistema_biometrico\index.php línea 50
URI: /.well-known/appspecific/com.chrome.devtools.json
--------------------------------------------------------------------------------
[2026-03-11 13:54:53] [DEPRECATED] session_set_save_handler(): Providing individual callbacks instead of an object implementing SessionHandlerInterface is deprecated en C:\tools\nginx\html\sistema_biometrico\index.php línea 50
URI: /empleados?search=87
--------------------------------------------------------------------------------
[2026-03-11 13:54:53] [DEPRECATED] session_set_save_handler(): Providing individual callbacks instead of an object implementing SessionHandlerInterface is deprecated en C:\tools\nginx\html\sistema_biometrico\index.php línea 50
URI: /.well-known/appspecific/com.chrome.devtools.json
--------------------------------------------------------------------------------
[2026-03-11 13:54:53] [DEPRECATED] session_set_save_handler(): Providing individual callbacks instead of an object implementing SessionHandlerInterface is deprecated en C:\tools\nginx\html\sistema_biometrico\index.php línea 50
URI: /empleados?search=87
--------------------------------------------------------------------------------
[2026-03-11 13:54:53] [DEPRECATED] session_set_save_handler(): Providing individual callbacks instead of an object implementing SessionHandlerInterface is deprecated en C:\tools\nginx\html\sistema_biometrico\index.php línea 50
URI: /.well-known/appspecific/com.chrome.devtools.json
--------------------------------------------------------------------------------
[2026-03-11 13:54:53] [DEPRECATED] session_set_save_handler(): Providing individual callbacks instead of an object implementing SessionHandlerInterface is deprecated en C:\tools\nginx\html\sistema_biometrico\index.php línea 50
URI: /empleados?search=87
--------------------------------------------------------------------------------
[2026-03-11 13:54:53] [DEPRECATED] session_set_save_handler(): Providing individual callbacks instead of an object implementing SessionHandlerInterface is deprecated en C:\tools\nginx\html\sistema_biometrico\index.php línea 50
URI: /.well-known/appspecific/com.chrome.devtools.json
--------------------------------------------------------------------------------
[2026-03-11 13:54:53] [DEPRECATED] session_set_save_handler(): Providing individual callbacks instead of an object implementing SessionHandlerInterface is deprecated en C:\tools\nginx\html\sistema_biometrico\index.php línea 50
URI: /empleados?search=87
--------------------------------------------------------------------------------
[2026-03-11 13:54:54] [DEPRECATED] session_set_save_handler(): Providing individual callbacks instead of an object implementing SessionHandlerInterface is deprecated en C:\tools\nginx\html\sistema_biometrico\index.php línea 50
URI: /.well-known/appspecific/com.chrome.devtools.json
--------------------------------------------------------------------------------
[2026-03-11 13:54:54] [DEPRECATED] session_set_save_handler(): Providing individual callbacks instead of an object implementing SessionHandlerInterface is deprecated en C:\tools\nginx\html\sistema_biometrico\index.php línea 50
URI: /empleados?search=87
--------------------------------------------------------------------------------
[2026-03-11 13:54:54] [DEPRECATED] session_set_save_handler(): Providing individual callbacks instead of an object implementing SessionHandlerInterface is deprecated en C:\tools\nginx\html\sistema_biometrico\index.php línea 50
URI: /.well-known/appspecific/com.chrome.devtools.json
--------------------------------------------------------------------------------
[2026-03-11 13:54:54] [DEPRECATED] session_set_save_handler(): Providing individual callbacks instead of an object implementing SessionHandlerInterface is deprecated en C:\tools\nginx\html\sistema_biometrico\index.php línea 50
URI: /empleados?search=87
--------------------------------------------------------------------------------
[2026-03-11 13:54:54] [DEPRECATED] session_set_save_handler(): Providing individual callbacks instead of an object implementing SessionHandlerInterface is deprecated en C:\tools\nginx\html\sistema_biometrico\index.php línea 50
URI: /.well-known/appspecific/com.chrome.devtools.json
--------------------------------------------------------------------------------
[2026-03-11 13:54:54] [DEPRECATED] session_set_save_handler(): Providing individual callbacks instead of an object implementing SessionHandlerInterface is deprecated en C:\tools\nginx\html\sistema_biometrico\index.php línea 50
URI: /empleados?search=87
--------------------------------------------------------------------------------
[2026-03-11 13:54:54] [DEPRECATED] session_set_save_handler(): Providing individual callbacks instead of an object implementing SessionHandlerInterface is deprecated en C:\tools\nginx\html\sistema_biometrico\index.php línea 50
URI: /.well-known/appspecific/com.chrome.devtools.json
--------------------------------------------------------------------------------
[2026-03-11 13:54:54] [DEPRECATED] session_set_save_handler(): Providing individual callbacks instead of an object implementing SessionHandlerInterface is deprecated en C:\tools\nginx\html\sistema_biometrico\index.php línea 50
URI: /empleados?search=87
--------------------------------------------------------------------------------
[2026-03-11 13:54:54] [DEPRECATED] session_set_save_handler(): Providing individual callbacks instead of an object implementing SessionHandlerInterface is deprecated en C:\tools\nginx\html\sistema_biometrico\index.php línea 50
URI: /.well-known/appspecific/com.chrome.devtools.json
--------------------------------------------------------------------------------
[2026-03-11 13:54:54] [DEPRECATED] session_set_save_handler(): Providing individual callbacks instead of an object implementing SessionHandlerInterface is deprecated en C:\tools\nginx\html\sistema_biometrico\index.php línea 50
URI: /empleados?search=87
--------------------------------------------------------------------------------
[2026-03-11 13:54:55] [DEPRECATED] session_set_save_handler(): Providing individual callbacks instead of an object implementing SessionHandlerInterface is deprecated en C:\tools\nginx\html\sistema_biometrico\index.php línea 50
URI: /.well-known/appspecific/com.chrome.devtools.json
--------------------------------------------------------------------------------
[2026-03-11 13:54:55] [DEPRECATED] session_set_save_handler(): Providing individual callbacks instead of an object implementing SessionHandlerInterface is deprecated en C:\tools\nginx\html\sistema_biometrico\index.php línea 50
URI: /empleados?search=87
--------------------------------------------------------------------------------
[2026-03-11 13:54:55] [DEPRECATED] session_set_save_handler(): Providing individual callbacks instead of an object implementing SessionHandlerInterface is deprecated en C:\tools\nginx\html\sistema_biometrico\index.php línea 50
URI: /.well-known/appspecific/com.chrome.devtools.json
--------------------------------------------------------------------------------
[2026-03-11 13:54:55] [DEPRECATED] session_set_save_handler(): Providing individual callbacks instead of an object implementing SessionHandlerInterface is deprecated en C:\tools\nginx\html\sistema_biometrico\index.php línea 50
URI: /empleados?search=87
--------------------------------------------------------------------------------
[2026-03-11 13:54:55] [DEPRECATED] session_set_save_handler(): Providing individual callbacks instead of an object implementing SessionHandlerInterface is deprecated en C:\tools\nginx\html\sistema_biometrico\index.php línea 50
URI: /.well-known/appspecific/com.chrome.devtools.json
--------------------------------------------------------------------------------
[2026-03-11 13:54:56] [DEPRECATED] session_set_save_handler(): Providing individual callbacks instead of an object implementing SessionHandlerInterface is deprecated en C:\tools\nginx\html\sistema_biometrico\index.php línea 50
URI: /empleados?search=87
--------------------------------------------------------------------------------
[2026-03-11 13:54:56] [DEPRECATED] session_set_save_handler(): Providing individual callbacks instead of an object implementing SessionHandlerInterface is deprecated en C:\tools\nginx\html\sistema_biometrico\index.php línea 50
URI: /.well-known/appspecific/com.chrome.devtools.json
--------------------------------------------------------------------------------
[2026-03-11 13:54:56] [DEPRECATED] session_set_save_handler(): Providing individual callbacks instead of an object implementing SessionHandlerInterface is deprecated en C:\tools\nginx\html\sistema_biometrico\index.php línea 50
URI: /empleados?search=87
--------------------------------------------------------------------------------
[2026-03-11 13:54:56] [DEPRECATED] session_set_save_handler(): Providing individual callbacks instead of an object implementing SessionHandlerInterface is deprecated en C:\tools\nginx\html\sistema_biometrico\index.php línea 50
URI: /.well-known/appspecific/com.chrome.devtools.json
--------------------------------------------------------------------------------
[2026-03-11 13:54:56] [DEPRECATED] session_set_save_handler(): Providing individual callbacks instead of an object implementing SessionHandlerInterface is deprecated en C:\tools\nginx\html\sistema_biometrico\index.php línea 50
URI: /empleados?search=87
--------------------------------------------------------------------------------
[2026-03-11 13:54:56] [DEPRECATED] session_set_save_handler(): Providing individual callbacks instead of an object implementing SessionHandlerInterface is deprecated en C:\tools\nginx\html\sistema_biometrico\index.php línea 50
URI: /.well-known/appspecific/com.chrome.devtools.json
--------------------------------------------------------------------------------
[2026-03-11 13:54:56] [DEPRECATED] session_set_save_handler(): Providing individual callbacks instead of an object implementing SessionHandlerInterface is deprecated en C:\tools\nginx\html\sistema_biometrico\index.php línea 50
URI: /empleados?search=87
--------------------------------------------------------------------------------
[2026-03-11 13:54:56] [DEPRECATED] session_set_save_handler(): Providing individual callbacks instead of an object implementing SessionHandlerInterface is deprecated en C:\tools\nginx\html\sistema_biometrico\index.php línea 50
URI: /.well-known/appspecific/com.chrome.devtools.json
--------------------------------------------------------------------------------
[2026-03-11 13:54:56] [DEPRECATED] session_set_save_handler(): Providing individual callbacks instead of an object implementing SessionHandlerInterface is deprecated en C:\tools\nginx\html\sistema_biometrico\index.php línea 50
URI: /empleados?search=87
--------------------------------------------------------------------------------
[2026-03-11 13:54:56] [DEPRECATED] session_set_save_handler(): Providing individual callbacks instead of an object implementing SessionHandlerInterface is deprecated en C:\tools\nginx\html\sistema_biometrico\index.php línea 50
URI: /.well-known/appspecific/com.chrome.devtools.json
--------------------------------------------------------------------------------
[2026-03-11 13:54:56] [DEPRECATED] session_set_save_handler(): Providing individual callbacks instead of an object implementing SessionHandlerInterface is deprecated en C:\tools\nginx\html\sistema_biometrico\index.php línea 50
URI: /empleados?search=87
--------------------------------------------------------------------------------
[2026-03-11 13:54:57] [DEPRECATED] session_set_save_handler(): Providing individual callbacks instead of an object implementing SessionHandlerInterface is deprecated en C:\tools\nginx\html\sistema_biometrico\index.php línea 50
URI: /.well-known/appspecific/com.chrome.devtools.json
--------------------------------------------------------------------------------
[2026-03-11 13:54:57] [DEPRECATED] session_set_save_handler(): Providing individual callbacks instead of an object implementing SessionHandlerInterface is deprecated en C:\tools\nginx\html\sistema_biometrico\index.php línea 50
URI: /empleados?search=87
--------------------------------------------------------------------------------
[2026-03-11 13:54:57] [DEPRECATED] session_set_save_handler(): Providing individual callbacks instead of an object implementing SessionHandlerInterface is deprecated en C:\tools\nginx\html\sistema_biometrico\index.php línea 50
URI: /.well-known/appspecific/com.chrome.devtools.json
--------------------------------------------------------------------------------
[2026-03-11 13:55:00] [DEPRECATED] session_set_save_handler(): Providing individual callbacks instead of an object implementing SessionHandlerInterface is deprecated en C:\tools\nginx\html\sistema_biometrico\index.php línea 50
URI: /empleados/datos-completos/87
--------------------------------------------------------------------------------
[2026-03-11 13:55:00] [DEPRECATED] session_set_save_handler(): Providing individual callbacks instead of an object implementing SessionHandlerInterface is deprecated en C:\tools\nginx\html\sistema_biometrico\index.php línea 50
URI: /api/log-error
--------------------------------------------------------------------------------
[2026-03-11 13:55:04] [DEPRECATED] session_set_save_handler(): Providing individual callbacks instead of an object implementing SessionHandlerInterface is deprecated en C:\tools\nginx\html\sistema_biometrico\index.php línea 50
URI: /api/tipos-justificacion
--------------------------------------------------------------------------------
[2026-03-11 13:55:07] [DEPRECATED] session_set_save_handler(): Providing individual callbacks instead of an object implementing SessionHandlerInterface is deprecated en C:\tools\nginx\html\sistema_biometrico\index.php línea 50
URI: /empleados/datos-completos/87
--------------------------------------------------------------------------------
[2026-03-11 14:16:13] [DEPRECATED] session_set_save_handler(): Providing individual callbacks instead of an object implementing SessionHandlerInterface is deprecated en C:\tools\nginx\html\sistema_biometrico\index.php línea 50
URI: /empleados/datos-completos/87
--------------------------------------------------------------------------------
[2026-03-11 14:16:13] [DEPRECATED] session_set_save_handler(): Providing individual callbacks instead of an object implementing SessionHandlerInterface is deprecated en C:\tools\nginx\html\sistema_biometrico\index.php línea 50
URI: /api/log-error
--------------------------------------------------------------------------------
[2026-03-11 14:16:27] [DEPRECATED] session_set_save_handler(): Providing individual callbacks instead of an object implementing SessionHandlerInterface is deprecated en C:\tools\nginx\html\sistema_biometrico\index.php línea 50
URI: /empleados/datos-completos/87
--------------------------------------------------------------------------------
[2026-03-11 14:17:01] [DEPRECATED] session_set_save_handler(): Providing individual callbacks instead of an object implementing SessionHandlerInterface is deprecated en C:\tools\nginx\html\sistema_biometrico\index.php línea 50
URI: /justificaciones/actualizar-incidencia
--------------------------------------------------------------------------------
[2026-03-11 14:17:01] [DEPRECATED] session_set_save_handler(): Providing individual callbacks instead of an object implementing SessionHandlerInterface is deprecated en C:\tools\nginx\html\sistema_biometrico\index.php línea 50
URI: /api/log-error
--------------------------------------------------------------------------------
[2026-03-11 14:17:01] [DEPRECATED] session_set_save_handler(): Providing individual callbacks instead of an object implementing SessionHandlerInterface is deprecated en C:\tools\nginx\html\sistema_biometrico\index.php línea 50
URI: /api/log-error
--------------------------------------------------------------------------------
[2026-03-11 14:24:25] [DEPRECATED] session_set_save_handler(): Providing individual callbacks instead of an object implementing SessionHandlerInterface is deprecated en C:\tools\nginx\html\sistema_biometrico\index.php línea 50
URI: /empleados?search=87
--------------------------------------------------------------------------------
[2026-03-11 14:24:26] [DEPRECATED] session_set_save_handler(): Providing individual callbacks instead of an object implementing SessionHandlerInterface is deprecated en C:\tools\nginx\html\sistema_biometrico\index.php línea 50
URI: /.well-known/appspecific/com.chrome.devtools.json
--------------------------------------------------------------------------------
[2026-03-11 14:25:08] [DEPRECATED] session_set_save_handler(): Providing individual callbacks instead of an object implementing SessionHandlerInterface is deprecated en C:\tools\nginx\html\sistema_biometrico\index.php línea 50
URI: /empleados/datos-completos/87
--------------------------------------------------------------------------------
[2026-03-11 14:25:08] [DEPRECATED] session_set_save_handler(): Providing individual callbacks instead of an object implementing SessionHandlerInterface is deprecated en C:\tools\nginx\html\sistema_biometrico\index.php línea 50
URI: /api/log-error
--------------------------------------------------------------------------------
[2026-03-11 14:25:14] [DEPRECATED] session_set_save_handler(): Providing individual callbacks instead of an object implementing SessionHandlerInterface is deprecated en C:\tools\nginx\html\sistema_biometrico\index.php línea 50
URI: /api/tipos-justificacion
--------------------------------------------------------------------------------
[2026-03-11 14:25:17] [DEPRECATED] session_set_save_handler(): Providing individual callbacks instead of an object implementing SessionHandlerInterface is deprecated en C:\tools\nginx\html\sistema_biometrico\index.php línea 50
URI: /empleados/datos-completos/87
--------------------------------------------------------------------------------
[2026-03-11 14:38:49] [DEPRECATED] session_set_save_handler(): Providing individual callbacks instead of an object implementing SessionHandlerInterface is deprecated en C:\tools\nginx\html\sistema_biometrico\index.php línea 50
URI: /empleados/datos-completos/87
--------------------------------------------------------------------------------
[2026-03-11 14:38:49] [DEPRECATED] session_set_save_handler(): Providing individual callbacks instead of an object implementing SessionHandlerInterface is deprecated en C:\tools\nginx\html\sistema_biometrico\index.php línea 50
URI: /api/log-error
--------------------------------------------------------------------------------
[2026-03-11 14:39:46] [DEPRECATED] session_set_save_handler(): Providing individual callbacks instead of an object implementing SessionHandlerInterface is deprecated en C:\tools\nginx\html\sistema_biometrico\index.php línea 50
URI: /empleados?search=87
--------------------------------------------------------------------------------
[2026-03-11 14:39:46] [DEPRECATED] session_set_save_handler(): Providing individual callbacks instead of an object implementing SessionHandlerInterface is deprecated en C:\tools\nginx\html\sistema_biometrico\index.php línea 50
URI: /.well-known/appspecific/com.chrome.devtools.json
--------------------------------------------------------------------------------
[2026-03-11 14:39:48] [DEPRECATED] session_set_save_handler(): Providing individual callbacks instead of an object implementing SessionHandlerInterface is deprecated en C:\tools\nginx\html\sistema_biometrico\index.php línea 50
URI: /empleados/datos-completos/87
--------------------------------------------------------------------------------
[2026-03-11 14:39:48] [DEPRECATED] session_set_save_handler(): Providing individual callbacks instead of an object implementing SessionHandlerInterface is deprecated en C:\tools\nginx\html\sistema_biometrico\index.php línea 50
URI: /api/log-error
--------------------------------------------------------------------------------
[2026-03-11 14:40:29] [DEPRECATED] session_set_save_handler(): Providing individual callbacks instead of an object implementing SessionHandlerInterface is deprecated en C:\tools\nginx\html\sistema_biometrico\index.php línea 50
URI: /api/tipos-justificacion
--------------------------------------------------------------------------------
[2026-03-11 14:40:31] [DEPRECATED] session_set_save_handler(): Providing individual callbacks instead of an object implementing SessionHandlerInterface is deprecated en C:\tools\nginx\html\sistema_biometrico\index.php línea 50
URI: /empleados/datos-completos/87
--------------------------------------------------------------------------------
[2026-03-11 14:41:35] [DEPRECATED] session_set_save_handler(): Providing individual callbacks instead of an object implementing SessionHandlerInterface is deprecated en C:\tools\nginx\html\sistema_biometrico\index.php línea 50
URI: /justificaciones/actualizar-incidencia
--------------------------------------------------------------------------------
[2026-03-11 14:41:35] [DEPRECATED] session_set_save_handler(): Providing individual callbacks instead of an object implementing SessionHandlerInterface is deprecated en C:\tools\nginx\html\sistema_biometrico\index.php línea 50
URI: /api/log-error
--------------------------------------------------------------------------------
[2026-03-11 14:41:35] [DEPRECATED] session_set_save_handler(): Providing individual callbacks instead of an object implementing SessionHandlerInterface is deprecated en C:\tools\nginx\html\sistema_biometrico\index.php línea 50
URI: /api/log-error
--------------------------------------------------------------------------------
[2026-03-11 14:42:03] [DEPRECATED] session_set_save_handler(): Providing individual callbacks instead of an object implementing SessionHandlerInterface is deprecated en C:\tools\nginx\html\sistema_biometrico\index.php línea 50
URI: /justificaciones/actualizar-incidencia
--------------------------------------------------------------------------------
[2026-03-11 14:42:03] [DEPRECATED] session_set_save_handler(): Providing individual callbacks instead of an object implementing SessionHandlerInterface is deprecated en C:\tools\nginx\html\sistema_biometrico\index.php línea 50
URI: /api/log-error
--------------------------------------------------------------------------------
[2026-03-11 14:42:03] [DEPRECATED] session_set_save_handler(): Providing individual callbacks instead of an object implementing SessionHandlerInterface is deprecated en C:\tools\nginx\html\sistema_biometrico\index.php línea 50
URI: /api/log-error
--------------------------------------------------------------------------------
[2026-03-11 14:44:02] [DEPRECATED] session_set_save_handler(): Providing individual callbacks instead of an object implementing SessionHandlerInterface is deprecated en C:\tools\nginx\html\sistema_biometrico\index.php línea 50
URI: /empleados?search=87
--------------------------------------------------------------------------------
[2026-03-11 14:44:02] [DEPRECATED] session_set_save_handler(): Providing individual callbacks instead of an object implementing SessionHandlerInterface is deprecated en C:\tools\nginx\html\sistema_biometrico\index.php línea 50
URI: /.well-known/appspecific/com.chrome.devtools.json
--------------------------------------------------------------------------------
[2026-03-11 14:44:02] [DEPRECATED] session_set_save_handler(): Providing individual callbacks instead of an object implementing SessionHandlerInterface is deprecated en C:\tools\nginx\html\sistema_biometrico\index.php línea 50
URI: /empleados?search=87
--------------------------------------------------------------------------------
[2026-03-11 14:44:03] [DEPRECATED] session_set_save_handler(): Providing individual callbacks instead of an object implementing SessionHandlerInterface is deprecated en C:\tools\nginx\html\sistema_biometrico\index.php línea 50
URI: /.well-known/appspecific/com.chrome.devtools.json
--------------------------------------------------------------------------------
[2026-03-11 14:44:03] [DEPRECATED] session_set_save_handler(): Providing individual callbacks instead of an object implementing SessionHandlerInterface is deprecated en C:\tools\nginx\html\sistema_biometrico\index.php línea 50
URI: /empleados?search=87
--------------------------------------------------------------------------------
[2026-03-11 14:44:03] [DEPRECATED] session_set_save_handler(): Providing individual callbacks instead of an object implementing SessionHandlerInterface is deprecated en C:\tools\nginx\html\sistema_biometrico\index.php línea 50
URI: /.well-known/appspecific/com.chrome.devtools.json
--------------------------------------------------------------------------------
[2026-03-11 14:44:03] [DEPRECATED] session_set_save_handler(): Providing individual callbacks instead of an object implementing SessionHandlerInterface is deprecated en C:\tools\nginx\html\sistema_biometrico\index.php línea 50
URI: /empleados?search=87
--------------------------------------------------------------------------------
[2026-03-11 14:44:03] [DEPRECATED] session_set_save_handler(): Providing individual callbacks instead of an object implementing SessionHandlerInterface is deprecated en C:\tools\nginx\html\sistema_biometrico\index.php línea 50
URI: /.well-known/appspecific/com.chrome.devtools.json
--------------------------------------------------------------------------------
[2026-03-11 14:44:03] [DEPRECATED] session_set_save_handler(): Providing individual callbacks instead of an object implementing SessionHandlerInterface is deprecated en C:\tools\nginx\html\sistema_biometrico\index.php línea 50
URI: /empleados?search=87
--------------------------------------------------------------------------------
[2026-03-11 14:44:03] [DEPRECATED] session_set_save_handler(): Providing individual callbacks instead of an object implementing SessionHandlerInterface is deprecated en C:\tools\nginx\html\sistema_biometrico\index.php línea 50
URI: /.well-known/appspecific/com.chrome.devtools.json
--------------------------------------------------------------------------------
[2026-03-11 14:44:03] [DEPRECATED] session_set_save_handler(): Providing individual callbacks instead of an object implementing SessionHandlerInterface is deprecated en C:\tools\nginx\html\sistema_biometrico\index.php línea 50
URI: /empleados?search=87
--------------------------------------------------------------------------------
[2026-03-11 14:44:03] [DEPRECATED] session_set_save_handler(): Providing individual callbacks instead of an object implementing SessionHandlerInterface is deprecated en C:\tools\nginx\html\sistema_biometrico\index.php línea 50
URI: /.well-known/appspecific/com.chrome.devtools.json
--------------------------------------------------------------------------------
[2026-03-11 14:44:03] [DEPRECATED] session_set_save_handler(): Providing individual callbacks instead of an object implementing SessionHandlerInterface is deprecated en C:\tools\nginx\html\sistema_biometrico\index.php línea 50
URI: /empleados?search=87
--------------------------------------------------------------------------------
[2026-03-11 14:44:04] [DEPRECATED] session_set_save_handler(): Providing individual callbacks instead of an object implementing SessionHandlerInterface is deprecated en C:\tools\nginx\html\sistema_biometrico\index.php línea 50
URI: /.well-known/appspecific/com.chrome.devtools.json
--------------------------------------------------------------------------------
[2026-03-11 14:44:04] [DEPRECATED] session_set_save_handler(): Providing individual callbacks instead of an object implementing SessionHandlerInterface is deprecated en C:\tools\nginx\html\sistema_biometrico\index.php línea 50
URI: /empleados?search=87
--------------------------------------------------------------------------------
[2026-03-11 14:44:04] [DEPRECATED] session_set_save_handler(): Providing individual callbacks instead of an object implementing SessionHandlerInterface is deprecated en C:\tools\nginx\html\sistema_biometrico\index.php línea 50
URI: /.well-known/appspecific/com.chrome.devtools.json
--------------------------------------------------------------------------------
[2026-03-11 14:44:04] [DEPRECATED] session_set_save_handler(): Providing individual callbacks instead of an object implementing SessionHandlerInterface is deprecated en C:\tools\nginx\html\sistema_biometrico\index.php línea 50
URI: /empleados?search=87
--------------------------------------------------------------------------------
[2026-03-11 14:44:04] [DEPRECATED] session_set_save_handler(): Providing individual callbacks instead of an object implementing SessionHandlerInterface is deprecated en C:\tools\nginx\html\sistema_biometrico\index.php línea 50
URI: /.well-known/appspecific/com.chrome.devtools.json
--------------------------------------------------------------------------------
[2026-03-11 14:44:04] [DEPRECATED] session_set_save_handler(): Providing individual callbacks instead of an object implementing SessionHandlerInterface is deprecated en C:\tools\nginx\html\sistema_biometrico\index.php línea 50
URI: /empleados?search=87
--------------------------------------------------------------------------------
[2026-03-11 14:44:04] [DEPRECATED] session_set_save_handler(): Providing individual callbacks instead of an object implementing SessionHandlerInterface is deprecated en C:\tools\nginx\html\sistema_biometrico\index.php línea 50
URI: /.well-known/appspecific/com.chrome.devtools.json
--------------------------------------------------------------------------------
[2026-03-11 14:44:04] [DEPRECATED] session_set_save_handler(): Providing individual callbacks instead of an object implementing SessionHandlerInterface is deprecated en C:\tools\nginx\html\sistema_biometrico\index.php línea 50
URI: /empleados?search=87
--------------------------------------------------------------------------------
[2026-03-11 14:44:04] [DEPRECATED] session_set_save_handler(): Providing individual callbacks instead of an object implementing SessionHandlerInterface is deprecated en C:\tools\nginx\html\sistema_biometrico\index.php línea 50
URI: /.well-known/appspecific/com.chrome.devtools.json
--------------------------------------------------------------------------------
[2026-03-11 14:44:04] [DEPRECATED] session_set_save_handler(): Providing individual callbacks instead of an object implementing SessionHandlerInterface is deprecated en C:\tools\nginx\html\sistema_biometrico\index.php línea 50
URI: /empleados?search=87
--------------------------------------------------------------------------------
[2026-03-11 14:44:04] [DEPRECATED] session_set_save_handler(): Providing individual callbacks instead of an object implementing SessionHandlerInterface is deprecated en C:\tools\nginx\html\sistema_biometrico\index.php línea 50
URI: /.well-known/appspecific/com.chrome.devtools.json
--------------------------------------------------------------------------------
[2026-03-11 14:44:04] [DEPRECATED] session_set_save_handler(): Providing individual callbacks instead of an object implementing SessionHandlerInterface is deprecated en C:\tools\nginx\html\sistema_biometrico\index.php línea 50
URI: /empleados?search=87
--------------------------------------------------------------------------------
[2026-03-11 14:44:05] [DEPRECATED] session_set_save_handler(): Providing individual callbacks instead of an object implementing SessionHandlerInterface is deprecated en C:\tools\nginx\html\sistema_biometrico\index.php línea 50
URI: /.well-known/appspecific/com.chrome.devtools.json
--------------------------------------------------------------------------------
[2026-03-11 14:44:06] [DEPRECATED] session_set_save_handler(): Providing individual callbacks instead of an object implementing SessionHandlerInterface is deprecated en C:\tools\nginx\html\sistema_biometrico\index.php línea 50
URI: /empleados/datos-completos/87
--------------------------------------------------------------------------------
[2026-03-11 14:44:06] [DEPRECATED] session_set_save_handler(): Providing individual callbacks instead of an object implementing SessionHandlerInterface is deprecated en C:\tools\nginx\html\sistema_biometrico\index.php línea 50
URI: /api/log-error
--------------------------------------------------------------------------------
[2026-03-11 14:44:09] [DEPRECATED] session_set_save_handler(): Providing individual callbacks instead of an object implementing SessionHandlerInterface is deprecated en C:\tools\nginx\html\sistema_biometrico\index.php línea 50
URI: /api/tipos-justificacion
--------------------------------------------------------------------------------
[2026-03-11 14:44:12] [DEPRECATED] session_set_save_handler(): Providing individual callbacks instead of an object implementing SessionHandlerInterface is deprecated en C:\tools\nginx\html\sistema_biometrico\index.php línea 50
URI: /empleados/datos-completos/87
--------------------------------------------------------------------------------
[2026-03-11 14:45:37] [DEPRECATED] session_set_save_handler(): Providing individual callbacks instead of an object implementing SessionHandlerInterface is deprecated en C:\tools\nginx\html\sistema_biometrico\index.php línea 50
URI: /logout
--------------------------------------------------------------------------------
[2026-03-11 14:45:37] [DEPRECATED] session_set_save_handler(): Providing individual callbacks instead of an object implementing SessionHandlerInterface is deprecated en C:\tools\nginx\html\sistema_biometrico\index.php línea 50
URI: /login
--------------------------------------------------------------------------------
[2026-03-11 14:45:37] [DEPRECATED] session_set_save_handler(): Providing individual callbacks instead of an object implementing SessionHandlerInterface is deprecated en C:\tools\nginx\html\sistema_biometrico\index.php línea 50
URI: /.well-known/appspecific/com.chrome.devtools.json
--------------------------------------------------------------------------------
[2026-03-11 14:45:37] [DEPRECATED] session_set_save_handler(): Providing individual callbacks instead of an object implementing SessionHandlerInterface is deprecated en C:\tools\nginx\html\sistema_biometrico\index.php línea 50
URI: /login
--------------------------------------------------------------------------------
[2026-03-11 14:47:30] [DEPRECATED] session_set_save_handler(): Providing individual callbacks instead of an object implementing SessionHandlerInterface is deprecated en C:\tools\nginx\html\sistema_biometrico\index.php línea 50
URI: /login
--------------------------------------------------------------------------------
[2026-03-11 14:47:31] [DEPRECATED] session_set_save_handler(): Providing individual callbacks instead of an object implementing SessionHandlerInterface is deprecated en C:\tools\nginx\html\sistema_biometrico\index.php línea 50
URI: /dashboard
--------------------------------------------------------------------------------
[2026-03-11 14:47:33] [EXCEPTION] PDOException
Contexto: {"action":"index","section":"comisiones"}
Mensaje: SQLSTATE[42S22]: Column not found: 1054 Unknown column 'monto' in 'SELECT'
URI: /dashboard
Archivo: C:\tools\nginx\html\sistema_biometrico\models\Comision.php Línea: 136
#0 C:\tools\nginx\html\sistema_biometrico\models\Comision.php(136): PDO->prepare('SELECT SUM(mont...')
#1 C:\tools\nginx\html\sistema_biometrico\controllers\DashboardController.php(81): Comision->getTotalComisiones(NULL, '03', '2026')
#2 C:\tools\nginx\html\sistema_biometrico\index.php(180): DashboardController->index()
#3 {main}
--------------------------------------------------------------------------------
[2026-03-11 14:47:34] [DEPRECATED] session_set_save_handler(): Providing individual callbacks instead of an object implementing SessionHandlerInterface is deprecated en C:\tools\nginx\html\sistema_biometrico\index.php línea 50
URI: /.well-known/appspecific/com.chrome.devtools.json
--------------------------------------------------------------------------------
[2026-03-11 14:48:02] [DEPRECATED] session_set_save_handler(): Providing individual callbacks instead of an object implementing SessionHandlerInterface is deprecated en C:\tools\nginx\html\sistema_biometrico\index.php línea 50
URI: /empleados
--------------------------------------------------------------------------------
[2026-03-11 14:48:02] [DEPRECATED] session_set_save_handler(): Providing individual callbacks instead of an object implementing SessionHandlerInterface is deprecated en C:\tools\nginx\html\sistema_biometrico\index.php línea 50
URI: /.well-known/appspecific/com.chrome.devtools.json
--------------------------------------------------------------------------------
[2026-03-11 14:48:59] [DEPRECATED] session_set_save_handler(): Providing individual callbacks instead of an object implementing SessionHandlerInterface is deprecated en C:\tools\nginx\html\sistema_biometrico\index.php línea 50
URI: /empleados?search=87
--------------------------------------------------------------------------------
[2026-03-11 14:49:00] [DEPRECATED] session_set_save_handler(): Providing individual callbacks instead of an object implementing SessionHandlerInterface is deprecated en C:\tools\nginx\html\sistema_biometrico\index.php línea 50
URI: /.well-known/appspecific/com.chrome.devtools.json
--------------------------------------------------------------------------------
[2026-03-11 14:49:01] [DEPRECATED] session_set_save_handler(): Providing individual callbacks instead of an object implementing SessionHandlerInterface is deprecated en C:\tools\nginx\html\sistema_biometrico\index.php línea 50
URI: /empleados/datos-completos/87
--------------------------------------------------------------------------------
[2026-03-11 14:49:01] [DEPRECATED] session_set_save_handler(): Providing individual callbacks instead of an object implementing SessionHandlerInterface is deprecated en C:\tools\nginx\html\sistema_biometrico\index.php línea 50
URI: /api/log-error
--------------------------------------------------------------------------------
[2026-03-11 14:49:08] [DEPRECATED] session_set_save_handler(): Providing individual callbacks instead of an object implementing SessionHandlerInterface is deprecated en C:\tools\nginx\html\sistema_biometrico\index.php línea 50
URI: /api/tipos-justificacion
--------------------------------------------------------------------------------
[2026-03-11 14:49:11] [DEPRECATED] session_set_save_handler(): Providing individual callbacks instead of an object implementing SessionHandlerInterface is deprecated en C:\tools\nginx\html\sistema_biometrico\index.php línea 50
URI: /empleados/datos-completos/87
--------------------------------------------------------------------------------
[2026-03-11 14:51:00] [DEPRECATED] session_set_save_handler(): Providing individual callbacks instead of an object implementing SessionHandlerInterface is deprecated en C:\tools\nginx\html\sistema_biometrico\index.php línea 50
URI: /empleados?search=87
--------------------------------------------------------------------------------
[2026-03-11 14:51:01] [DEPRECATED] session_set_save_handler(): Providing individual callbacks instead of an object implementing SessionHandlerInterface is deprecated en C:\tools\nginx\html\sistema_biometrico\index.php línea 50
URI: /.well-known/appspecific/com.chrome.devtools.json
--------------------------------------------------------------------------------
[2026-03-11 14:51:01] [DEPRECATED] session_set_save_handler(): Providing individual callbacks instead of an object implementing SessionHandlerInterface is deprecated en C:\tools\nginx\html\sistema_biometrico\index.php línea 50
URI: /empleados?search=87
--------------------------------------------------------------------------------
[2026-03-11 14:51:01] [DEPRECATED] session_set_save_handler(): Providing individual callbacks instead of an object implementing SessionHandlerInterface is deprecated en C:\tools\nginx\html\sistema_biometrico\index.php línea 50
URI: /.well-known/appspecific/com.chrome.devtools.json
--------------------------------------------------------------------------------
[2026-03-11 14:51:01] [DEPRECATED] session_set_save_handler(): Providing individual callbacks instead of an object implementing SessionHandlerInterface is deprecated en C:\tools\nginx\html\sistema_biometrico\index.php línea 50
URI: /empleados?search=87
--------------------------------------------------------------------------------
[2026-03-11 14:51:01] [DEPRECATED] session_set_save_handler(): Providing individual callbacks instead of an object implementing SessionHandlerInterface is deprecated en C:\tools\nginx\html\sistema_biometrico\index.php línea 50
URI: /.well-known/appspecific/com.chrome.devtools.json
--------------------------------------------------------------------------------
[2026-03-11 14:51:02] [DEPRECATED] session_set_save_handler(): Providing individual callbacks instead of an object implementing SessionHandlerInterface is deprecated en C:\tools\nginx\html\sistema_biometrico\index.php línea 50
URI: /empleados?search=87
--------------------------------------------------------------------------------
[2026-03-11 14:51:02] [DEPRECATED] session_set_save_handler(): Providing individual callbacks instead of an object implementing SessionHandlerInterface is deprecated en C:\tools\nginx\html\sistema_biometrico\index.php línea 50
URI: /.well-known/appspecific/com.chrome.devtools.json
--------------------------------------------------------------------------------
[2026-03-11 14:51:02] [DEPRECATED] session_set_save_handler(): Providing individual callbacks instead of an object implementing SessionHandlerInterface is deprecated en C:\tools\nginx\html\sistema_biometrico\index.php línea 50
URI: /empleados?search=87
--------------------------------------------------------------------------------
[2026-03-11 14:51:02] [DEPRECATED] session_set_save_handler(): Providing individual callbacks instead of an object implementing SessionHandlerInterface is deprecated en C:\tools\nginx\html\sistema_biometrico\index.php línea 50
URI: /.well-known/appspecific/com.chrome.devtools.json
--------------------------------------------------------------------------------
[2026-03-11 14:51:08] [DEPRECATED] session_set_save_handler(): Providing individual callbacks instead of an object implementing SessionHandlerInterface is deprecated en C:\tools\nginx\html\sistema_biometrico\index.php línea 50
URI: /api/log-error
--------------------------------------------------------------------------------
[2026-03-11 14:51:13] [DEPRECATED] session_set_save_handler(): Providing individual callbacks instead of an object implementing SessionHandlerInterface is deprecated en C:\tools\nginx\html\sistema_biometrico\index.php línea 50
URI: /logout
--------------------------------------------------------------------------------
[2026-03-11 14:51:13] [DEPRECATED] session_set_save_handler(): Providing individual callbacks instead of an object implementing SessionHandlerInterface is deprecated en C:\tools\nginx\html\sistema_biometrico\index.php línea 50
URI: /login
--------------------------------------------------------------------------------
[2026-03-11 14:51:13] [DEPRECATED] session_set_save_handler(): Providing individual callbacks instead of an object implementing SessionHandlerInterface is deprecated en C:\tools\nginx\html\sistema_biometrico\index.php línea 50
URI: /.well-known/appspecific/com.chrome.devtools.json
--------------------------------------------------------------------------------
[2026-03-11 14:51:13] [DEPRECATED] session_set_save_handler(): Providing individual callbacks instead of an object implementing SessionHandlerInterface is deprecated en C:\tools\nginx\html\sistema_biometrico\index.php línea 50
URI: /login
--------------------------------------------------------------------------------
[2026-03-11 14:51:19] [DEPRECATED] session_set_save_handler(): Providing individual callbacks instead of an object implementing SessionHandlerInterface is deprecated en C:\tools\nginx\html\sistema_biometrico\index.php línea 50
URI: /login
--------------------------------------------------------------------------------
[2026-03-11 14:51:19] [DEPRECATED] session_set_save_handler(): Providing individual callbacks instead of an object implementing SessionHandlerInterface is deprecated en C:\tools\nginx\html\sistema_biometrico\index.php línea 50
URI: /dashboard
--------------------------------------------------------------------------------
[2026-03-11 14:51:23] [EXCEPTION] PDOException
Contexto: {"action":"index","section":"comisiones"}
Mensaje: SQLSTATE[42S22]: Column not found: 1054 Unknown column 'monto' in 'SELECT'
URI: /dashboard
Archivo: C:\tools\nginx\html\sistema_biometrico\models\Comision.php Línea: 136
#0 C:\tools\nginx\html\sistema_biometrico\models\Comision.php(136): PDO->prepare('SELECT SUM(mont...')
#1 C:\tools\nginx\html\sistema_biometrico\controllers\DashboardController.php(81): Comision->getTotalComisiones(NULL, '03', '2026')
#2 C:\tools\nginx\html\sistema_biometrico\index.php(180): DashboardController->index()
#3 {main}
--------------------------------------------------------------------------------
[2026-03-11 14:51:23] [DEPRECATED] session_set_save_handler(): Providing individual callbacks instead of an object implementing SessionHandlerInterface is deprecated en C:\tools\nginx\html\sistema_biometrico\index.php línea 50
URI: /.well-known/appspecific/com.chrome.devtools.json
--------------------------------------------------------------------------------
[2026-03-11 14:51:32] [DEPRECATED] session_set_save_handler(): Providing individual callbacks instead of an object implementing SessionHandlerInterface is deprecated en C:\tools\nginx\html\sistema_biometrico\index.php línea 50
URI: /empleados
--------------------------------------------------------------------------------
[2026-03-11 14:51:32] [DEPRECATED] session_set_save_handler(): Providing individual callbacks instead of an object implementing SessionHandlerInterface is deprecated en C:\tools\nginx\html\sistema_biometrico\index.php línea 50
URI: /.well-known/appspecific/com.chrome.devtools.json
--------------------------------------------------------------------------------
[2026-03-11 14:51:35] [DEPRECATED] session_set_save_handler(): Providing individual callbacks instead of an object implementing SessionHandlerInterface is deprecated en C:\tools\nginx\html\sistema_biometrico\index.php línea 50
URI: /empleados?search=87
--------------------------------------------------------------------------------
[2026-03-11 14:51:35] [DEPRECATED] session_set_save_handler(): Providing individual callbacks instead of an object implementing SessionHandlerInterface is deprecated en C:\tools\nginx\html\sistema_biometrico\index.php línea 50
URI: /.well-known/appspecific/com.chrome.devtools.json
--------------------------------------------------------------------------------
[2026-03-11 14:51:37] [DEPRECATED] session_set_save_handler(): Providing individual callbacks instead of an object implementing SessionHandlerInterface is deprecated en C:\tools\nginx\html\sistema_biometrico\index.php línea 50
URI: /empleados/datos-completos/87
--------------------------------------------------------------------------------
[2026-03-11 14:51:37] [DEPRECATED] session_set_save_handler(): Providing individual callbacks instead of an object implementing SessionHandlerInterface is deprecated en C:\tools\nginx\html\sistema_biometrico\index.php línea 50
URI: /api/log-error
--------------------------------------------------------------------------------
[2026-03-11 14:51:41] [DEPRECATED] session_set_save_handler(): Providing individual callbacks instead of an object implementing SessionHandlerInterface is deprecated en C:\tools\nginx\html\sistema_biometrico\index.php línea 50
URI: /api/tipos-justificacion
--------------------------------------------------------------------------------
[2026-03-11 14:51:50] [DEPRECATED] session_set_save_handler(): Providing individual callbacks instead of an object implementing SessionHandlerInterface is deprecated en C:\tools\nginx\html\sistema_biometrico\index.php línea 50
URI: /empleados/datos-completos/87
--------------------------------------------------------------------------------
[2026-03-11 14:52:33] [DEPRECATED] session_set_save_handler(): Providing individual callbacks instead of an object implementing SessionHandlerInterface is deprecated en C:\tools\nginx\html\sistema_biometrico\index.php línea 50
URI: /justificaciones/actualizar-incidencia
--------------------------------------------------------------------------------
[2026-03-11 14:52:33] [DEPRECATED] session_set_save_handler(): Providing individual callbacks instead of an object implementing SessionHandlerInterface is deprecated en C:\tools\nginx\html\sistema_biometrico\index.php línea 50
URI: /api/log-error
--------------------------------------------------------------------------------
[2026-03-11 14:52:33] [DEPRECATED] session_set_save_handler(): Providing individual callbacks instead of an object implementing SessionHandlerInterface is deprecated en C:\tools\nginx\html\sistema_biometrico\index.php línea 50
URI: /api/log-error
--------------------------------------------------------------------------------
[2026-03-11 14:53:54] [DEPRECATED] session_set_save_handler(): Providing individual callbacks instead of an object implementing SessionHandlerInterface is deprecated en C:\tools\nginx\html\sistema_biometrico\index.php línea 50
URI: /empleados?search=87
--------------------------------------------------------------------------------
[2026-03-11 14:53:54] [DEPRECATED] session_set_save_handler(): Providing individual callbacks instead of an object implementing SessionHandlerInterface is deprecated en C:\tools\nginx\html\sistema_biometrico\index.php línea 50
URI: /.well-known/appspecific/com.chrome.devtools.json
--------------------------------------------------------------------------------
[2026-03-11 14:54:39] [DEPRECATED] session_set_save_handler(): Providing individual callbacks instead of an object implementing SessionHandlerInterface is deprecated en C:\tools\nginx\html\sistema_biometrico\index.php línea 50
URI: /empleados?search=87
--------------------------------------------------------------------------------
[2026-03-11 14:54:39] [DEPRECATED] session_set_save_handler(): Providing individual callbacks instead of an object implementing SessionHandlerInterface is deprecated en C:\tools\nginx\html\sistema_biometrico\index.php línea 50
URI: /.well-known/appspecific/com.chrome.devtools.json
--------------------------------------------------------------------------------
[2026-03-11 14:54:42] [DEPRECATED] session_set_save_handler(): Providing individual callbacks instead of an object implementing SessionHandlerInterface is deprecated en C:\tools\nginx\html\sistema_biometrico\index.php línea 50
URI: /empleados/datos-completos/87
--------------------------------------------------------------------------------
[2026-03-11 14:54:42] [DEPRECATED] session_set_save_handler(): Providing individual callbacks instead of an object implementing SessionHandlerInterface is deprecated en C:\tools\nginx\html\sistema_biometrico\index.php línea 50
URI: /api/log-error
--------------------------------------------------------------------------------
[2026-03-11 14:54:47] [DEPRECATED] session_set_save_handler(): Providing individual callbacks instead of an object implementing SessionHandlerInterface is deprecated en C:\tools\nginx\html\sistema_biometrico\index.php línea 50
URI: /api/tipos-justificacion
--------------------------------------------------------------------------------
[2026-03-11 14:54:50] [DEPRECATED] session_set_save_handler(): Providing individual callbacks instead of an object implementing SessionHandlerInterface is deprecated en C:\tools\nginx\html\sistema_biometrico\index.php línea 50
URI: /empleados/datos-completos/87
--------------------------------------------------------------------------------
[2026-03-11 14:56:19] [DEPRECATED] session_set_save_handler(): Providing individual callbacks instead of an object implementing SessionHandlerInterface is deprecated en C:\tools\nginx\html\sistema_biometrico\index.php línea 50
URI: /justificaciones/actualizar-incidencia
--------------------------------------------------------------------------------
[2026-03-11 14:56:19] [DEPRECATED] session_set_save_handler(): Providing individual callbacks instead of an object implementing SessionHandlerInterface is deprecated en C:\tools\nginx\html\sistema_biometrico\index.php línea 50
URI: /api/log-error
--------------------------------------------------------------------------------
[2026-03-11 14:56:19] [DEPRECATED] session_set_save_handler(): Providing individual callbacks instead of an object implementing SessionHandlerInterface is deprecated en C:\tools\nginx\html\sistema_biometrico\index.php línea 50
URI: /api/log-error
--------------------------------------------------------------------------------
[2026-03-11 14:57:37] [DEPRECATED] session_set_save_handler(): Providing individual callbacks instead of an object implementing SessionHandlerInterface is deprecated en C:\tools\nginx\html\sistema_biometrico\index.php línea 50
URI: /empleados?search=87
--------------------------------------------------------------------------------
[2026-03-11 14:57:37] [DEPRECATED] session_set_save_handler(): Providing individual callbacks instead of an object implementing SessionHandlerInterface is deprecated en C:\tools\nginx\html\sistema_biometrico\index.php línea 50
URI: /login
--------------------------------------------------------------------------------
[2026-03-11 14:57:37] [DEPRECATED] session_set_save_handler(): Providing individual callbacks instead of an object implementing SessionHandlerInterface is deprecated en C:\tools\nginx\html\sistema_biometrico\index.php línea 50
URI: /.well-known/appspecific/com.chrome.devtools.json
--------------------------------------------------------------------------------
[2026-03-11 14:57:37] [DEPRECATED] session_set_save_handler(): Providing individual callbacks instead of an object implementing SessionHandlerInterface is deprecated en C:\tools\nginx\html\sistema_biometrico\index.php línea 50
URI: /login
--------------------------------------------------------------------------------
[2026-03-11 14:57:38] [DEPRECATED] session_set_save_handler(): Providing individual callbacks instead of an object implementing SessionHandlerInterface is deprecated en C:\tools\nginx\html\sistema_biometrico\index.php línea 50
URI: /login
--------------------------------------------------------------------------------
[2026-03-11 14:57:38] [DEPRECATED] session_set_save_handler(): Providing individual callbacks instead of an object implementing SessionHandlerInterface is deprecated en C:\tools\nginx\html\sistema_biometrico\index.php línea 50
URI: /.well-known/appspecific/com.chrome.devtools.json
--------------------------------------------------------------------------------
[2026-03-11 14:57:39] [DEPRECATED] session_set_save_handler(): Providing individual callbacks instead of an object implementing SessionHandlerInterface is deprecated en C:\tools\nginx\html\sistema_biometrico\index.php línea 50
URI: /login
--------------------------------------------------------------------------------
[2026-03-11 14:57:39] [DEPRECATED] session_set_save_handler(): Providing individual callbacks instead of an object implementing SessionHandlerInterface is deprecated en C:\tools\nginx\html\sistema_biometrico\index.php línea 50
URI: /login
--------------------------------------------------------------------------------
[2026-03-11 14:57:39] [DEPRECATED] session_set_save_handler(): Providing individual callbacks instead of an object implementing SessionHandlerInterface is deprecated en C:\tools\nginx\html\sistema_biometrico\index.php línea 50
URI: /.well-known/appspecific/com.chrome.devtools.json
--------------------------------------------------------------------------------
[2026-03-11 14:57:39] [DEPRECATED] session_set_save_handler(): Providing individual callbacks instead of an object implementing SessionHandlerInterface is deprecated en C:\tools\nginx\html\sistema_biometrico\index.php línea 50
URI: /login
--------------------------------------------------------------------------------
[2026-03-11 14:57:39] [DEPRECATED] session_set_save_handler(): Providing individual callbacks instead of an object implementing SessionHandlerInterface is deprecated en C:\tools\nginx\html\sistema_biometrico\index.php línea 50
URI: /login
--------------------------------------------------------------------------------
[2026-03-11 14:57:39] [DEPRECATED] session_set_save_handler(): Providing individual callbacks instead of an object implementing SessionHandlerInterface is deprecated en C:\tools\nginx\html\sistema_biometrico\index.php línea 50
URI: /.well-known/appspecific/com.chrome.devtools.json
--------------------------------------------------------------------------------
[2026-03-11 14:57:39] [DEPRECATED] session_set_save_handler(): Providing individual callbacks instead of an object implementing SessionHandlerInterface is deprecated en C:\tools\nginx\html\sistema_biometrico\index.php línea 50
URI: /login
--------------------------------------------------------------------------------
[2026-03-11 14:58:10] [DEPRECATED] session_set_save_handler(): Providing individual callbacks instead of an object implementing SessionHandlerInterface is deprecated en C:\tools\nginx\html\sistema_biometrico\index.php línea 50
URI: /login
--------------------------------------------------------------------------------
[2026-03-11 14:58:10] [DEPRECATED] session_set_save_handler(): Providing individual callbacks instead of an object implementing SessionHandlerInterface is deprecated en C:\tools\nginx\html\sistema_biometrico\index.php línea 50
URI: /dashboard
--------------------------------------------------------------------------------
[2026-03-11 14:58:13] [EXCEPTION] PDOException
Contexto: {"action":"index","section":"comisiones"}
Mensaje: SQLSTATE[42S22]: Column not found: 1054 Unknown column 'monto' in 'SELECT'
URI: /dashboard
Archivo: C:\tools\nginx\html\sistema_biometrico\models\Comision.php Línea: 136
#0 C:\tools\nginx\html\sistema_biometrico\models\Comision.php(136): PDO->prepare('SELECT SUM(mont...')
#1 C:\tools\nginx\html\sistema_biometrico\controllers\DashboardController.php(81): Comision->getTotalComisiones(NULL, '03', '2026')
#2 C:\tools\nginx\html\sistema_biometrico\index.php(180): DashboardController->index()
#3 {main}
--------------------------------------------------------------------------------
[2026-03-11 14:58:13] [DEPRECATED] session_set_save_handler(): Providing individual callbacks instead of an object implementing SessionHandlerInterface is deprecated en C:\tools\nginx\html\sistema_biometrico\index.php línea 50
URI: /.well-known/appspecific/com.chrome.devtools.json
--------------------------------------------------------------------------------
[2026-03-11 14:58:19] [DEPRECATED] session_set_save_handler(): Providing individual callbacks instead of an object implementing SessionHandlerInterface is deprecated en C:\tools\nginx\html\sistema_biometrico\index.php línea 50
URI: /empleados
--------------------------------------------------------------------------------
[2026-03-11 14:58:19] [DEPRECATED] session_set_save_handler(): Providing individual callbacks instead of an object implementing SessionHandlerInterface is deprecated en C:\tools\nginx\html\sistema_biometrico\index.php línea 50
URI: /.well-known/appspecific/com.chrome.devtools.json
--------------------------------------------------------------------------------
[2026-03-11 14:58:21] [DEPRECATED] session_set_save_handler(): Providing individual callbacks instead of an object implementing SessionHandlerInterface is deprecated en C:\tools\nginx\html\sistema_biometrico\index.php línea 50
URI: /empleados?search=87
--------------------------------------------------------------------------------
[2026-03-11 14:58:22] [DEPRECATED] session_set_save_handler(): Providing individual callbacks instead of an object implementing SessionHandlerInterface is deprecated en C:\tools\nginx\html\sistema_biometrico\index.php línea 50
URI: /.well-known/appspecific/com.chrome.devtools.json
--------------------------------------------------------------------------------
[2026-03-11 14:58:24] [DEPRECATED] session_set_save_handler(): Providing individual callbacks instead of an object implementing SessionHandlerInterface is deprecated en C:\tools\nginx\html\sistema_biometrico\index.php línea 50
URI: /empleados/datos-completos/87
--------------------------------------------------------------------------------
[2026-03-11 14:58:24] [DEPRECATED] session_set_save_handler(): Providing individual callbacks instead of an object implementing SessionHandlerInterface is deprecated en C:\tools\nginx\html\sistema_biometrico\index.php línea 50
URI: /api/log-error
--------------------------------------------------------------------------------
[2026-03-11 14:58:27] [DEPRECATED] session_set_save_handler(): Providing individual callbacks instead of an object implementing SessionHandlerInterface is deprecated en C:\tools\nginx\html\sistema_biometrico\index.php línea 50
URI: /api/tipos-justificacion
--------------------------------------------------------------------------------
[2026-03-11 14:58:31] [DEPRECATED] session_set_save_handler(): Providing individual callbacks instead of an object implementing SessionHandlerInterface is deprecated en C:\tools\nginx\html\sistema_biometrico\index.php línea 50
URI: /empleados/datos-completos/87
--------------------------------------------------------------------------------
[2026-03-11 14:59:50] [DEPRECATED] session_set_save_handler(): Providing individual callbacks instead of an object implementing SessionHandlerInterface is deprecated en C:\tools\nginx\html\sistema_biometrico\index.php línea 50
URI: /justificaciones/actualizar-incidencia
--------------------------------------------------------------------------------
[2026-03-11 14:59:52] [DEPRECATED] session_set_save_handler(): Providing individual callbacks instead of an object implementing SessionHandlerInterface is deprecated en C:\tools\nginx\html\sistema_biometrico\index.php línea 50
URI: /empleados/datos-completos/87
--------------------------------------------------------------------------------
[2026-03-11 14:59:52] [DEPRECATED] session_set_save_handler(): Providing individual callbacks instead of an object implementing SessionHandlerInterface is deprecated en C:\tools\nginx\html\sistema_biometrico\index.php línea 50
URI: /api/log-error
--------------------------------------------------------------------------------
[2026-03-11 15:00:30] [DEPRECATED] session_set_save_handler(): Providing individual callbacks instead of an object implementing SessionHandlerInterface is deprecated en C:\tools\nginx\html\sistema_biometrico\index.php línea 50
URI: /empleados/datos-completos/87
--------------------------------------------------------------------------------
[2026-03-11 15:00:30] [DEPRECATED] session_set_save_handler(): Providing individual callbacks instead of an object implementing SessionHandlerInterface is deprecated en C:\tools\nginx\html\sistema_biometrico\index.php línea 50
URI: /api/log-error
--------------------------------------------------------------------------------
[2026-03-11 15:00:41] [DEPRECATED] session_set_save_handler(): Providing individual callbacks instead of an object implementing SessionHandlerInterface is deprecated en C:\tools\nginx\html\sistema_biometrico\index.php línea 50
URI: /empleados/datos-completos/87
--------------------------------------------------------------------------------
[2026-03-11 15:01:07] [DEPRECATED] session_set_save_handler(): Providing individual callbacks instead of an object implementing SessionHandlerInterface is deprecated en C:\tools\nginx\html\sistema_biometrico\index.php línea 50
URI: /justificaciones/actualizar-incidencia
--------------------------------------------------------------------------------
[2026-03-11 15:01:09] [DEPRECATED] session_set_save_handler(): Providing individual callbacks instead of an object implementing SessionHandlerInterface is deprecated en C:\tools\nginx\html\sistema_biometrico\index.php línea 50
URI: /empleados/datos-completos/87
--------------------------------------------------------------------------------
[2026-03-11 15:01:09] [DEPRECATED] session_set_save_handler(): Providing individual callbacks instead of an object implementing SessionHandlerInterface is deprecated en C:\tools\nginx\html\sistema_biometrico\index.php línea 50
URI: /api/log-error
--------------------------------------------------------------------------------
[2026-03-11 15:07:30] [DEPRECATED] session_set_save_handler(): Providing individual callbacks instead of an object implementing SessionHandlerInterface is deprecated en C:\tools\nginx\html\sistema_biometrico\index.php línea 50
URI: /empleados?search=87
--------------------------------------------------------------------------------
[2026-03-11 15:07:30] [DEPRECATED] session_set_save_handler(): Providing individual callbacks instead of an object implementing SessionHandlerInterface is deprecated en C:\tools\nginx\html\sistema_biometrico\index.php línea 50
URI: /.well-known/appspecific/com.chrome.devtools.json
--------------------------------------------------------------------------------
[2026-03-11 15:08:26] [DEPRECATED] session_set_save_handler(): Providing individual callbacks instead of an object implementing SessionHandlerInterface is deprecated en C:\tools\nginx\html\sistema_biometrico\index.php línea 50
URI: /empleados?search=87
--------------------------------------------------------------------------------
[2026-03-11 15:08:26] [DEPRECATED] session_set_save_handler(): Providing individual callbacks instead of an object implementing SessionHandlerInterface is deprecated en C:\tools\nginx\html\sistema_biometrico\index.php línea 50
URI: /.well-known/appspecific/com.chrome.devtools.json
--------------------------------------------------------------------------------
[2026-03-11 15:08:26] [DEPRECATED] session_set_save_handler(): Providing individual callbacks instead of an object implementing SessionHandlerInterface is deprecated en C:\tools\nginx\html\sistema_biometrico\index.php línea 50
URI: /empleados?search=87
--------------------------------------------------------------------------------
[2026-03-11 15:08:27] [DEPRECATED] session_set_save_handler(): Providing individual callbacks instead of an object implementing SessionHandlerInterface is deprecated en C:\tools\nginx\html\sistema_biometrico\index.php línea 50
URI: /.well-known/appspecific/com.chrome.devtools.json
--------------------------------------------------------------------------------
[2026-03-11 15:08:27] [DEPRECATED] session_set_save_handler(): Providing individual callbacks instead of an object implementing SessionHandlerInterface is deprecated en C:\tools\nginx\html\sistema_biometrico\index.php línea 50
URI: /empleados?search=87
--------------------------------------------------------------------------------
[2026-03-11 15:08:27] [DEPRECATED] session_set_save_handler(): Providing individual callbacks instead of an object implementing SessionHandlerInterface is deprecated en C:\tools\nginx\html\sistema_biometrico\index.php línea 50
URI: /.well-known/appspecific/com.chrome.devtools.json
--------------------------------------------------------------------------------
[2026-03-11 15:08:27] [DEPRECATED] session_set_save_handler(): Providing individual callbacks instead of an object implementing SessionHandlerInterface is deprecated en C:\tools\nginx\html\sistema_biometrico\index.php línea 50
URI: /empleados?search=87
--------------------------------------------------------------------------------
[2026-03-11 15:08:27] [DEPRECATED] session_set_save_handler(): Providing individual callbacks instead of an object implementing SessionHandlerInterface is deprecated en C:\tools\nginx\html\sistema_biometrico\index.php línea 50
URI: /.well-known/appspecific/com.chrome.devtools.json
--------------------------------------------------------------------------------
[2026-03-11 15:08:27] [DEPRECATED] session_set_save_handler(): Providing individual callbacks instead of an object implementing SessionHandlerInterface is deprecated en C:\tools\nginx\html\sistema_biometrico\index.php línea 50
URI: /empleados?search=87
--------------------------------------------------------------------------------
[2026-03-11 15:08:27] [DEPRECATED] session_set_save_handler(): Providing individual callbacks instead of an object implementing SessionHandlerInterface is deprecated en C:\tools\nginx\html\sistema_biometrico\index.php línea 50
URI: /.well-known/appspecific/com.chrome.devtools.json
--------------------------------------------------------------------------------
[2026-03-11 15:08:30] [DEPRECATED] session_set_save_handler(): Providing individual callbacks instead of an object implementing SessionHandlerInterface is deprecated en C:\tools\nginx\html\sistema_biometrico\index.php línea 50
URI: /empleados/datos-completos/87
--------------------------------------------------------------------------------
[2026-03-11 15:08:30] [DEPRECATED] session_set_save_handler(): Providing individual callbacks instead of an object implementing SessionHandlerInterface is deprecated en C:\tools\nginx\html\sistema_biometrico\index.php línea 50
URI: /api/log-error
--------------------------------------------------------------------------------
[2026-03-11 15:08:34] [DEPRECATED] session_set_save_handler(): Providing individual callbacks instead of an object implementing SessionHandlerInterface is deprecated en C:\tools\nginx\html\sistema_biometrico\index.php línea 50
URI: /api/tipos-justificacion
--------------------------------------------------------------------------------
[2026-03-11 15:08:37] [DEPRECATED] session_set_save_handler(): Providing individual callbacks instead of an object implementing SessionHandlerInterface is deprecated en C:\tools\nginx\html\sistema_biometrico\index.php línea 50
URI: /empleados/datos-completos/87
--------------------------------------------------------------------------------
[2026-03-11 15:08:58] [DEPRECATED] session_set_save_handler(): Providing individual callbacks instead of an object implementing SessionHandlerInterface is deprecated en C:\tools\nginx\html\sistema_biometrico\index.php línea 50
URI: /justificaciones/actualizar-incidencia
--------------------------------------------------------------------------------
[2026-03-11 15:09:01] [DEPRECATED] session_set_save_handler(): Providing individual callbacks instead of an object implementing SessionHandlerInterface is deprecated en C:\tools\nginx\html\sistema_biometrico\index.php línea 50
URI: /empleados/datos-completos/87
--------------------------------------------------------------------------------
[2026-03-11 15:09:01] [DEPRECATED] session_set_save_handler(): Providing individual callbacks instead of an object implementing SessionHandlerInterface is deprecated en C:\tools\nginx\html\sistema_biometrico\index.php línea 50
URI: /api/log-error
--------------------------------------------------------------------------------
[2026-03-11 15:09:36] [DEPRECATED] session_set_save_handler(): Providing individual callbacks instead of an object implementing SessionHandlerInterface is deprecated en C:\tools\nginx\html\sistema_biometrico\index.php línea 50
URI: /empleados/datos-completos/87
--------------------------------------------------------------------------------
[2026-03-11 15:09:52] [DEPRECATED] session_set_save_handler(): Providing individual callbacks instead of an object implementing SessionHandlerInterface is deprecated en C:\tools\nginx\html\sistema_biometrico\index.php línea 50
URI: /justificaciones/actualizar-incidencia
--------------------------------------------------------------------------------
[2026-03-11 15:09:54] [DEPRECATED] session_set_save_handler(): Providing individual callbacks instead of an object implementing SessionHandlerInterface is deprecated en C:\tools\nginx\html\sistema_biometrico\index.php línea 50
URI: /empleados/datos-completos/87
--------------------------------------------------------------------------------
[2026-03-11 15:09:54] [DEPRECATED] session_set_save_handler(): Providing individual callbacks instead of an object implementing SessionHandlerInterface is deprecated en C:\tools\nginx\html\sistema_biometrico\index.php línea 50
URI: /api/log-error
--------------------------------------------------------------------------------
[2026-03-11 15:17:36] [DEPRECATED] session_set_save_handler(): Providing individual callbacks instead of an object implementing SessionHandlerInterface is deprecated en C:\tools\nginx\html\sistema_biometrico\index.php línea 50
URI: /logout
--------------------------------------------------------------------------------
[2026-03-11 15:17:36] [DEPRECATED] session_set_save_handler(): Providing individual callbacks instead of an object implementing SessionHandlerInterface is deprecated en C:\tools\nginx\html\sistema_biometrico\index.php línea 50
URI: /login
--------------------------------------------------------------------------------
[2026-03-11 15:17:36] [DEPRECATED] session_set_save_handler(): Providing individual callbacks instead of an object implementing SessionHandlerInterface is deprecated en C:\tools\nginx\html\sistema_biometrico\index.php línea 50
URI: /.well-known/appspecific/com.chrome.devtools.json
--------------------------------------------------------------------------------
[2026-03-11 15:17:36] [DEPRECATED] session_set_save_handler(): Providing individual callbacks instead of an object implementing SessionHandlerInterface is deprecated en C:\tools\nginx\html\sistema_biometrico\index.php línea 50
URI: /login
--------------------------------------------------------------------------------
[2026-03-11 15:45:43] [DEPRECATED] session_set_save_handler(): Providing individual callbacks instead of an object implementing SessionHandlerInterface is deprecated en C:\tools\nginx\html\sistema_biometrico\index.php línea 50
URI: /
--------------------------------------------------------------------------------
[2026-03-11 15:45:43] [DEPRECATED] session_set_save_handler(): Providing individual callbacks instead of an object implementing SessionHandlerInterface is deprecated en C:\tools\nginx\html\sistema_biometrico\index.php línea 50
URI: /login
--------------------------------------------------------------------------------
[2026-03-11 15:45:43] [DEPRECATED] session_set_save_handler(): Providing individual callbacks instead of an object implementing SessionHandlerInterface is deprecated en C:\tools\nginx\html\sistema_biometrico\index.php línea 50
URI: /api/log-error
--------------------------------------------------------------------------------
[2026-03-11 15:45:45] [DEPRECATED] session_set_save_handler(): Providing individual callbacks instead of an object implementing SessionHandlerInterface is deprecated en C:\tools\nginx\html\sistema_biometrico\index.php línea 50
URI: /login
--------------------------------------------------------------------------------
[2026-03-11 15:45:59] [DEPRECATED] session_set_save_handler(): Providing individual callbacks instead of an object implementing SessionHandlerInterface is deprecated en C:\tools\nginx\html\sistema_biometrico\index.php línea 50
URI: /login
--------------------------------------------------------------------------------
[2026-03-11 15:45:59] [DEPRECATED] session_set_save_handler(): Providing individual callbacks instead of an object implementing SessionHandlerInterface is deprecated en C:\tools\nginx\html\sistema_biometrico\index.php línea 50
URI: /dashboard
--------------------------------------------------------------------------------
[2026-03-11 15:46:02] [EXCEPTION] PDOException
Contexto: {"action":"index","section":"comisiones"}
Mensaje: SQLSTATE[42S22]: Column not found: 1054 Unknown column 'monto' in 'SELECT'
URI: /dashboard
Archivo: C:\tools\nginx\html\sistema_biometrico\models\Comision.php Línea: 136
#0 C:\tools\nginx\html\sistema_biometrico\models\Comision.php(136): PDO->prepare('SELECT SUM(mont...')
#1 C:\tools\nginx\html\sistema_biometrico\controllers\DashboardController.php(81): Comision->getTotalComisiones(NULL, '03', '2026')
#2 C:\tools\nginx\html\sistema_biometrico\index.php(180): DashboardController->index()
#3 {main}
--------------------------------------------------------------------------------
[2026-03-11 15:46:37] [DEPRECATED] session_set_save_handler(): Providing individual callbacks instead of an object implementing SessionHandlerInterface is deprecated en C:\tools\nginx\html\sistema_biometrico\index.php línea 50
URI: /empleados
--------------------------------------------------------------------------------
[2026-03-11 15:46:40] [DEPRECATED] session_set_save_handler(): Providing individual callbacks instead of an object implementing SessionHandlerInterface is deprecated en C:\tools\nginx\html\sistema_biometrico\index.php línea 50
URI: /empleados?search=87
--------------------------------------------------------------------------------
[2026-03-11 15:46:42] [DEPRECATED] session_set_save_handler(): Providing individual callbacks instead of an object implementing SessionHandlerInterface is deprecated en C:\tools\nginx\html\sistema_biometrico\index.php línea 50
URI: /empleados/datos-completos/87
--------------------------------------------------------------------------------
[2026-03-11 15:46:42] [DEPRECATED] session_set_save_handler(): Providing individual callbacks instead of an object implementing SessionHandlerInterface is deprecated en C:\tools\nginx\html\sistema_biometrico\index.php línea 50
URI: /api/log-error
--------------------------------------------------------------------------------
[2026-03-11 15:49:31] [DEPRECATED] session_set_save_handler(): Providing individual callbacks instead of an object implementing SessionHandlerInterface is deprecated en C:\tools\nginx\html\sistema_biometrico\index.php línea 50
URI: /empleados/datos-completos/87
--------------------------------------------------------------------------------
[2026-03-11 15:49:31] [DEPRECATED] session_set_save_handler(): Providing individual callbacks instead of an object implementing SessionHandlerInterface is deprecated en C:\tools\nginx\html\sistema_biometrico\index.php línea 50
URI: /api/log-error
--------------------------------------------------------------------------------
[2026-03-11 15:49:36] [DEPRECATED] session_set_save_handler(): Providing individual callbacks instead of an object implementing SessionHandlerInterface is deprecated en C:\tools\nginx\html\sistema_biometrico\index.php línea 50
URI: /api/tipos-justificacion
--------------------------------------------------------------------------------
[2026-03-11 15:49:40] [DEPRECATED] session_set_save_handler(): Providing individual callbacks instead of an object implementing SessionHandlerInterface is deprecated en C:\tools\nginx\html\sistema_biometrico\index.php línea 50
URI: /empleados/datos-completos/87
--------------------------------------------------------------------------------
[2026-03-11 15:50:59] [DEPRECATED] session_set_save_handler(): Providing individual callbacks instead of an object implementing SessionHandlerInterface is deprecated en C:\tools\nginx\html\sistema_biometrico\index.php línea 50
URI: /logout
--------------------------------------------------------------------------------
[2026-03-11 15:50:59] [DEPRECATED] session_set_save_handler(): Providing individual callbacks instead of an object implementing SessionHandlerInterface is deprecated en C:\tools\nginx\html\sistema_biometrico\index.php línea 50
URI: /login
--------------------------------------------------------------------------------
