[2026-03-05 00:11:31] [WARNING] Trying to access array offset on int en Command line code línea 1
URI: N/A
--------------------------------------------------------------------------------
[2026-03-05 00:11:31] [WARNING] Trying to access array offset on null en Command line code línea 1
URI: N/A
--------------------------------------------------------------------------------
[2026-03-05 00:11:31] [WARNING] Trying to access array offset on null en Command line code línea 1
URI: N/A
--------------------------------------------------------------------------------
[2026-03-05 00:11:31] [WARNING] Trying to access array offset on null en Command line code línea 1
URI: N/A
--------------------------------------------------------------------------------
[2026-03-05 00:11:31] [WARNING] Trying to access array offset on null en Command line code línea 1
URI: N/A
--------------------------------------------------------------------------------
[2026-03-05 00:11:31] [FATAL_ERROR] Uncaught TypeError: DBManager::__construct(): Argument #1 ($host) must be of type string, null given, called in Command line code on line 1 and defined in /usr/share/nginx/html/sistema_biometrico/DBManager.php:37
Stack trace:
#0 Command line code(1): DBManager->__construct()
#1 {main}
  thrown en /usr/share/nginx/html/sistema_biometrico/DBManager.php línea 37
URI: N/A
--------------------------------------------------------------------------------
[2026-03-05 00:11:31] [FATAL_ERROR] Uncaught TypeError: DBManager::__construct(): Argument #1 ($host) must be of type string, null given, called in Command line code on line 1 and defined in /usr/share/nginx/html/sistema_biometrico/DBManager.php:37
Stack trace:
#0 Command line code(1): DBManager->__construct()
#1 {main}
  thrown en /usr/share/nginx/html/sistema_biometrico/DBManager.php línea 37
URI: N/A
--------------------------------------------------------------------------------
[2026-03-05 09:18:05] [DEPRECATED] session_set_save_handler(): Providing individual callbacks instead of an object implementing SessionHandlerInterface is deprecated en C:\tools\nginx\html\sistema_biometrico\index.php línea 50
URI: /sistema_biometrico
--------------------------------------------------------------------------------
[2026-03-05 09:18:05] [DEPRECATED] session_set_save_handler(): Providing individual callbacks instead of an object implementing SessionHandlerInterface is deprecated en C:\tools\nginx\html\sistema_biometrico\index.php línea 50
URI: /sistema_biometrico/login
--------------------------------------------------------------------------------
[2026-03-05 09:18:13] [DEPRECATED] session_set_save_handler(): Providing individual callbacks instead of an object implementing SessionHandlerInterface is deprecated en C:\tools\nginx\html\sistema_biometrico\index.php línea 50
URI: /sistema_biometrico/login
--------------------------------------------------------------------------------
[2026-03-05 09:18:13] [DEPRECATED] session_set_save_handler(): Providing individual callbacks instead of an object implementing SessionHandlerInterface is deprecated en C:\tools\nginx\html\sistema_biometrico\index.php línea 50
URI: /sistema_biometrico/dashboard
--------------------------------------------------------------------------------
[2026-03-05 09:18:17] [EXCEPTION] PDOException
Contexto: {"action":"index","section":"comisiones"}
Mensaje: SQLSTATE[42S22]: Column not found: 1054 Unknown column 'monto' in 'SELECT'
URI: /sistema_biometrico/dashboard
Archivo: C:\tools\nginx\html\sistema_biometrico\models\Comision.php Línea: 136
#0 C:\tools\nginx\html\sistema_biometrico\models\Comision.php(136): PDO->prepare('SELECT SUM(mont...')
#1 C:\tools\nginx\html\sistema_biometrico\controllers\DashboardController.php(81): Comision->getTotalComisiones(NULL, '03', '2026')
#2 C:\tools\nginx\html\sistema_biometrico\index.php(167): DashboardController->index()
#3 {main}
--------------------------------------------------------------------------------
[2026-03-05 09:18:21] [DEPRECATED] session_set_save_handler(): Providing individual callbacks instead of an object implementing SessionHandlerInterface is deprecated en C:\tools\nginx\html\sistema_biometrico\index.php línea 50
URI: /sistema_biometrico/empleados
--------------------------------------------------------------------------------
[2026-03-05 09:18:58] [DEPRECATED] session_set_save_handler(): Providing individual callbacks instead of an object implementing SessionHandlerInterface is deprecated en C:\tools\nginx\html\sistema_biometrico\index.php línea 50
URI: /sistema_biometrico/empleados?search=ascencion
--------------------------------------------------------------------------------
[2026-03-05 09:19:00] [DEPRECATED] session_set_save_handler(): Providing individual callbacks instead of an object implementing SessionHandlerInterface is deprecated en C:\tools\nginx\html\sistema_biometrico\index.php línea 50
URI: /sistema_biometrico/empleados/datos-completos/527
--------------------------------------------------------------------------------
[2026-03-05 09:19:00] [DEPRECATED] session_set_save_handler(): Providing individual callbacks instead of an object implementing SessionHandlerInterface is deprecated en C:\tools\nginx\html\sistema_biometrico\index.php línea 50
URI: /sistema_biometrico/api/log-error
--------------------------------------------------------------------------------
[2026-03-05 09:19:00] [EXCEPTION] Error
Mensaje: Cannot use object of type Closure as array
URI: /sistema_biometrico/api/log-error
#0 {main}
[2026-03-05 09:19:32] [DEPRECATED] session_set_save_handler(): Providing individual callbacks instead of an object implementing SessionHandlerInterface is deprecated en C:\tools\nginx\html\sistema_biometrico\index.php línea 50
URI: /sistema_biometrico/empleados?search=ascencion
--------------------------------------------------------------------------------
[2026-03-05 09:19:33] [DEPRECATED] session_set_save_handler(): Providing individual callbacks instead of an object implementing SessionHandlerInterface is deprecated en C:\tools\nginx\html\sistema_biometrico\index.php línea 50
URI: /sistema_biometrico/empleados?search=ascencion
--------------------------------------------------------------------------------
[2026-03-05 09:19:33] [DEPRECATED] session_set_save_handler(): Providing individual callbacks instead of an object implementing SessionHandlerInterface is deprecated en C:\tools\nginx\html\sistema_biometrico\index.php línea 50
URI: /sistema_biometrico/empleados?search=ascencion
--------------------------------------------------------------------------------
[2026-03-05 09:19:33] [DEPRECATED] session_set_save_handler(): Providing individual callbacks instead of an object implementing SessionHandlerInterface is deprecated en C:\tools\nginx\html\sistema_biometrico\index.php línea 50
URI: /sistema_biometrico/empleados?search=ascencion
--------------------------------------------------------------------------------
[2026-03-05 09:19:33] [DEPRECATED] session_set_save_handler(): Providing individual callbacks instead of an object implementing SessionHandlerInterface is deprecated en C:\tools\nginx\html\sistema_biometrico\index.php línea 50
URI: /sistema_biometrico/empleados?search=ascencion
--------------------------------------------------------------------------------
[2026-03-05 09:19:34] [DEPRECATED] session_set_save_handler(): Providing individual callbacks instead of an object implementing SessionHandlerInterface is deprecated en C:\tools\nginx\html\sistema_biometrico\index.php línea 50
URI: /sistema_biometrico/empleados?search=ascencion
--------------------------------------------------------------------------------
[2026-03-05 09:19:34] [DEPRECATED] session_set_save_handler(): Providing individual callbacks instead of an object implementing SessionHandlerInterface is deprecated en C:\tools\nginx\html\sistema_biometrico\index.php línea 50
URI: /sistema_biometrico/empleados?search=ascencion
--------------------------------------------------------------------------------
[2026-03-05 09:19:34] [DEPRECATED] session_set_save_handler(): Providing individual callbacks instead of an object implementing SessionHandlerInterface is deprecated en C:\tools\nginx\html\sistema_biometrico\index.php línea 50
URI: /sistema_biometrico/empleados?search=ascencion
--------------------------------------------------------------------------------
[2026-03-05 09:19:34] [DEPRECATED] session_set_save_handler(): Providing individual callbacks instead of an object implementing SessionHandlerInterface is deprecated en C:\tools\nginx\html\sistema_biometrico\index.php línea 50
URI: /sistema_biometrico/empleados?search=ascencion
--------------------------------------------------------------------------------
[2026-03-05 09:20:08] [DEPRECATED] session_set_save_handler(): Providing individual callbacks instead of an object implementing SessionHandlerInterface is deprecated en C:\tools\nginx\html\sistema_biometrico\index.php línea 50
URI: /sistema_biometrico/empleados?search=ascencion
--------------------------------------------------------------------------------
[2026-03-05 09:20:08] [DEPRECATED] session_set_save_handler(): Providing individual callbacks instead of an object implementing SessionHandlerInterface is deprecated en C:\tools\nginx\html\sistema_biometrico\index.php línea 50
URI: /sistema_biometrico/login
--------------------------------------------------------------------------------
[2026-03-05 09:20:14] [DEPRECATED] session_set_save_handler(): Providing individual callbacks instead of an object implementing SessionHandlerInterface is deprecated en C:\tools\nginx\html\sistema_biometrico\index.php línea 50
URI: /sistema_biometrico/login
--------------------------------------------------------------------------------
[2026-03-05 09:20:15] [DEPRECATED] session_set_save_handler(): Providing individual callbacks instead of an object implementing SessionHandlerInterface is deprecated en C:\tools\nginx\html\sistema_biometrico\index.php línea 50
URI: /sistema_biometrico/dashboard
--------------------------------------------------------------------------------
[2026-03-05 09:20:18] [EXCEPTION] PDOException
Contexto: {"action":"index","section":"comisiones"}
Mensaje: SQLSTATE[42S22]: Column not found: 1054 Unknown column 'monto' in 'SELECT'
URI: /sistema_biometrico/dashboard
Archivo: C:\tools\nginx\html\sistema_biometrico\models\Comision.php Línea: 136
#0 C:\tools\nginx\html\sistema_biometrico\models\Comision.php(136): PDO->prepare('SELECT SUM(mont...')
#1 C:\tools\nginx\html\sistema_biometrico\controllers\DashboardController.php(81): Comision->getTotalComisiones(NULL, '03', '2026')
#2 C:\tools\nginx\html\sistema_biometrico\index.php(167): DashboardController->index()
#3 {main}
--------------------------------------------------------------------------------
[2026-03-05 09:20:20] [DEPRECATED] session_set_save_handler(): Providing individual callbacks instead of an object implementing SessionHandlerInterface is deprecated en C:\tools\nginx\html\sistema_biometrico\index.php línea 50
URI: /empleados
--------------------------------------------------------------------------------
[2026-03-05 09:20:22] [DEPRECATED] session_set_save_handler(): Providing individual callbacks instead of an object implementing SessionHandlerInterface is deprecated en C:\tools\nginx\html\sistema_biometrico\index.php línea 50
URI: /sistema_biometrico/empleados/datos-completos/4
--------------------------------------------------------------------------------
[2026-03-05 09:20:22] [DEPRECATED] session_set_save_handler(): Providing individual callbacks instead of an object implementing SessionHandlerInterface is deprecated en C:\tools\nginx\html\sistema_biometrico\index.php línea 50
URI: /sistema_biometrico/api/log-error
--------------------------------------------------------------------------------
[2026-03-05 09:20:22] [EXCEPTION] Error
Mensaje: Cannot use object of type Closure as array
URI: /sistema_biometrico/api/log-error
#0 {main}
[2026-03-05 09:20:44] [DEPRECATED] session_set_save_handler(): Providing individual callbacks instead of an object implementing SessionHandlerInterface is deprecated en C:\tools\nginx\html\sistema_biometrico\index.php línea 50
URI: /sistema_biometrico/empleados?search=ascencion
--------------------------------------------------------------------------------
[2026-03-05 09:20:46] [DEPRECATED] session_set_save_handler(): Providing individual callbacks instead of an object implementing SessionHandlerInterface is deprecated en C:\tools\nginx\html\sistema_biometrico\index.php línea 50
URI: /sistema_biometrico/empleados/datos-completos/527
--------------------------------------------------------------------------------
[2026-03-05 09:20:46] [DEPRECATED] session_set_save_handler(): Providing individual callbacks instead of an object implementing SessionHandlerInterface is deprecated en C:\tools\nginx\html\sistema_biometrico\index.php línea 50
URI: /sistema_biometrico/api/log-error
--------------------------------------------------------------------------------
[2026-03-05 09:20:46] [EXCEPTION] Error
Mensaje: Cannot use object of type Closure as array
URI: /sistema_biometrico/api/log-error
#0 {main}
[2026-03-05 09:22:18] [DEPRECATED] session_set_save_handler(): Providing individual callbacks instead of an object implementing SessionHandlerInterface is deprecated en C:\tools\nginx\html\sistema_biometrico\index.php línea 50
URI: /sistema_biometrico/empleados/datos-completos/527
--------------------------------------------------------------------------------
[2026-03-05 09:22:18] [DEPRECATED] session_set_save_handler(): Providing individual callbacks instead of an object implementing SessionHandlerInterface is deprecated en C:\tools\nginx\html\sistema_biometrico\index.php línea 50
URI: /sistema_biometrico/api/log-error
--------------------------------------------------------------------------------
[2026-03-05 09:22:18] [EXCEPTION] Error
Mensaje: Cannot use object of type Closure as array
URI: /sistema_biometrico/api/log-error
#0 {main}
[2026-03-05 09:22:36] [DEPRECATED] session_set_save_handler(): Providing individual callbacks instead of an object implementing SessionHandlerInterface is deprecated en C:\tools\nginx\html\sistema_biometrico\index.php línea 50
URI: /sistema_biometrico/notas-malas
--------------------------------------------------------------------------------
[2026-03-05 09:22:46] [DEPRECATED] session_set_save_handler(): Providing individual callbacks instead of an object implementing SessionHandlerInterface is deprecated en C:\tools\nginx\html\sistema_biometrico\index.php línea 50
URI: /sistema_biometrico/notas-malas?mes=2026-02
--------------------------------------------------------------------------------
[2026-03-05 09:22:49] [DEPRECATED] session_set_save_handler(): Providing individual callbacks instead of an object implementing SessionHandlerInterface is deprecated en C:\tools\nginx\html\sistema_biometrico\index.php línea 50
URI: /sistema_biometrico/notas-malas?mes=
--------------------------------------------------------------------------------
[2026-03-05 09:24:59] [DEPRECATED] session_set_save_handler(): Providing individual callbacks instead of an object implementing SessionHandlerInterface is deprecated en C:\tools\nginx\html\sistema_biometrico\index.php línea 50
URI: /sistema_biometrico/notas-malas?mes=2025-12
--------------------------------------------------------------------------------
[2026-03-05 09:25:01] [DEPRECATED] session_set_save_handler(): Providing individual callbacks instead of an object implementing SessionHandlerInterface is deprecated en C:\tools\nginx\html\sistema_biometrico\index.php línea 50
URI: /sistema_biometrico/notas-malas?mes=2026-01
--------------------------------------------------------------------------------
[2026-03-05 09:25:24] [DEPRECATED] session_set_save_handler(): Providing individual callbacks instead of an object implementing SessionHandlerInterface is deprecated en C:\tools\nginx\html\sistema_biometrico\index.php línea 50
URI: /sistema_biometrico/notas-malas?mes=
--------------------------------------------------------------------------------
[2026-03-05 09:25:46] [DEPRECATED] session_set_save_handler(): Providing individual callbacks instead of an object implementing SessionHandlerInterface is deprecated en C:\tools\nginx\html\sistema_biometrico\index.php línea 50
URI: /sistema_biometrico/notas-malas?mes=2026-02
--------------------------------------------------------------------------------
[2026-03-05 09:25:48] [DEPRECATED] session_set_save_handler(): Providing individual callbacks instead of an object implementing SessionHandlerInterface is deprecated en C:\tools\nginx\html\sistema_biometrico\index.php línea 50
URI: /sistema_biometrico/notas-malas?mes=2026-01
--------------------------------------------------------------------------------
[2026-03-05 09:25:49] [DEPRECATED] session_set_save_handler(): Providing individual callbacks instead of an object implementing SessionHandlerInterface is deprecated en C:\tools\nginx\html\sistema_biometrico\index.php línea 50
URI: /sistema_biometrico/notas-malas?mes=2025-12
--------------------------------------------------------------------------------
[2026-03-05 09:26:35] [DEPRECATED] session_set_save_handler(): Providing individual callbacks instead of an object implementing SessionHandlerInterface is deprecated en C:\tools\nginx\html\sistema_biometrico\index.php línea 50
URI: /sistema_biometrico/empleados
--------------------------------------------------------------------------------
[2026-03-05 09:26:45] [DEPRECATED] session_set_save_handler(): Providing individual callbacks instead of an object implementing SessionHandlerInterface is deprecated en C:\tools\nginx\html\sistema_biometrico\index.php línea 50
URI: /sistema_biometrico/empleados?search=87
--------------------------------------------------------------------------------
[2026-03-05 09:26:47] [DEPRECATED] session_set_save_handler(): Providing individual callbacks instead of an object implementing SessionHandlerInterface is deprecated en C:\tools\nginx\html\sistema_biometrico\index.php línea 50
URI: /sistema_biometrico/empleados/datos-completos/87
--------------------------------------------------------------------------------
[2026-03-05 09:26:47] [DEPRECATED] session_set_save_handler(): Providing individual callbacks instead of an object implementing SessionHandlerInterface is deprecated en C:\tools\nginx\html\sistema_biometrico\index.php línea 50
URI: /sistema_biometrico/api/log-error
--------------------------------------------------------------------------------
[2026-03-05 09:26:47] [EXCEPTION] Error
Mensaje: Cannot use object of type Closure as array
URI: /sistema_biometrico/api/log-error
#0 {main}
[2026-03-05 09:28:56] [DEPRECATED] session_set_save_handler(): Providing individual callbacks instead of an object implementing SessionHandlerInterface is deprecated en C:\tools\nginx\html\sistema_biometrico\index.php línea 50
URI: /sistema_biometrico/justificaciones/actualizar-incidencia
--------------------------------------------------------------------------------
[2026-03-05 09:28:56] [DEPRECATED] session_set_save_handler(): Providing individual callbacks instead of an object implementing SessionHandlerInterface is deprecated en C:\tools\nginx\html\sistema_biometrico\index.php línea 50
URI: /sistema_biometrico/api/log-error
--------------------------------------------------------------------------------
[2026-03-05 09:28:56] [EXCEPTION] Error
Mensaje: Cannot use object of type Closure as array
URI: /sistema_biometrico/api/log-error
#0 {main}
[2026-03-05 09:28:56] [DEPRECATED] session_set_save_handler(): Providing individual callbacks instead of an object implementing SessionHandlerInterface is deprecated en C:\tools\nginx\html\sistema_biometrico\index.php línea 50
URI: /sistema_biometrico/api/log-error
--------------------------------------------------------------------------------
[2026-03-05 09:28:56] [EXCEPTION] Error
Mensaje: Cannot use object of type Closure as array
URI: /sistema_biometrico/api/log-error
#0 {main}
[2026-03-05 09:34:18] [DEPRECATED] session_set_save_handler(): Providing individual callbacks instead of an object implementing SessionHandlerInterface is deprecated en C:\tools\nginx\html\sistema_biometrico\index.php línea 50
URI: /sistema_biometrico/justificaciones/actualizar-incidencia
--------------------------------------------------------------------------------
[2026-03-05 09:34:18] [DEPRECATED] session_set_save_handler(): Providing individual callbacks instead of an object implementing SessionHandlerInterface is deprecated en C:\tools\nginx\html\sistema_biometrico\index.php línea 50
URI: /sistema_biometrico/api/log-error
--------------------------------------------------------------------------------
[2026-03-05 09:34:18] [EXCEPTION] Error
Mensaje: Cannot use object of type Closure as array
URI: /sistema_biometrico/api/log-error
#0 {main}
[2026-03-05 09:34:18] [DEPRECATED] session_set_save_handler(): Providing individual callbacks instead of an object implementing SessionHandlerInterface is deprecated en C:\tools\nginx\html\sistema_biometrico\index.php línea 50
URI: /sistema_biometrico/api/log-error
--------------------------------------------------------------------------------
[2026-03-05 09:34:18] [EXCEPTION] Error
Mensaje: Cannot use object of type Closure as array
URI: /sistema_biometrico/api/log-error
#0 {main}
[2026-03-05 09:34:52] [DEPRECATED] session_set_save_handler(): Providing individual callbacks instead of an object implementing SessionHandlerInterface is deprecated en C:\tools\nginx\html\sistema_biometrico\index.php línea 50
URI: /sistema_biometrico/justificaciones/actualizar-incidencia
--------------------------------------------------------------------------------
[2026-03-05 09:34:52] [DEPRECATED] session_set_save_handler(): Providing individual callbacks instead of an object implementing SessionHandlerInterface is deprecated en C:\tools\nginx\html\sistema_biometrico\index.php línea 50
URI: /sistema_biometrico/api/log-error
--------------------------------------------------------------------------------
[2026-03-05 09:34:52] [EXCEPTION] Error
Mensaje: Cannot use object of type Closure as array
URI: /sistema_biometrico/api/log-error
#0 {main}
[2026-03-05 09:34:52] [DEPRECATED] session_set_save_handler(): Providing individual callbacks instead of an object implementing SessionHandlerInterface is deprecated en C:\tools\nginx\html\sistema_biometrico\index.php línea 50
URI: /sistema_biometrico/api/log-error
--------------------------------------------------------------------------------
[2026-03-05 09:34:52] [EXCEPTION] Error
Mensaje: Cannot use object of type Closure as array
URI: /sistema_biometrico/api/log-error
#0 {main}
[2026-03-05 09:34:56] [DEPRECATED] session_set_save_handler(): Providing individual callbacks instead of an object implementing SessionHandlerInterface is deprecated en C:\tools\nginx\html\sistema_biometrico\index.php línea 50
URI: /sistema_biometrico/justificaciones/actualizar-incidencia
--------------------------------------------------------------------------------
[2026-03-05 09:34:56] [DEPRECATED] session_set_save_handler(): Providing individual callbacks instead of an object implementing SessionHandlerInterface is deprecated en C:\tools\nginx\html\sistema_biometrico\index.php línea 50
URI: /sistema_biometrico/api/log-error
--------------------------------------------------------------------------------
[2026-03-05 09:34:56] [EXCEPTION] Error
Mensaje: Cannot use object of type Closure as array
URI: /sistema_biometrico/api/log-error
#0 {main}
[2026-03-05 09:34:56] [DEPRECATED] session_set_save_handler(): Providing individual callbacks instead of an object implementing SessionHandlerInterface is deprecated en C:\tools\nginx\html\sistema_biometrico\index.php línea 50
URI: /sistema_biometrico/api/log-error
--------------------------------------------------------------------------------
[2026-03-05 09:34:56] [EXCEPTION] Error
Mensaje: Cannot use object of type Closure as array
URI: /sistema_biometrico/api/log-error
#0 {main}
[2026-03-05 09:35:03] [DEPRECATED] session_set_save_handler(): Providing individual callbacks instead of an object implementing SessionHandlerInterface is deprecated en C:\tools\nginx\html\sistema_biometrico\index.php línea 50
URI: /sistema_biometrico/justificaciones/actualizar-incidencia
--------------------------------------------------------------------------------
[2026-03-05 09:35:03] [DEPRECATED] session_set_save_handler(): Providing individual callbacks instead of an object implementing SessionHandlerInterface is deprecated en C:\tools\nginx\html\sistema_biometrico\index.php línea 50
URI: /sistema_biometrico/api/log-error
--------------------------------------------------------------------------------
[2026-03-05 09:35:03] [EXCEPTION] Error
Mensaje: Cannot use object of type Closure as array
URI: /sistema_biometrico/api/log-error
#0 {main}
[2026-03-05 09:35:03] [DEPRECATED] session_set_save_handler(): Providing individual callbacks instead of an object implementing SessionHandlerInterface is deprecated en C:\tools\nginx\html\sistema_biometrico\index.php línea 50
URI: /sistema_biometrico/api/log-error
--------------------------------------------------------------------------------
[2026-03-05 09:35:03] [EXCEPTION] Error
Mensaje: Cannot use object of type Closure as array
URI: /sistema_biometrico/api/log-error
#0 {main}
[2026-03-05 09:35:41] [DEPRECATED] session_set_save_handler(): Providing individual callbacks instead of an object implementing SessionHandlerInterface is deprecated en C:\tools\nginx\html\sistema_biometrico\index.php línea 50
URI: /sistema_biometrico/notas-malas
--------------------------------------------------------------------------------
[2026-03-05 09:35:46] [DEPRECATED] session_set_save_handler(): Providing individual callbacks instead of an object implementing SessionHandlerInterface is deprecated en C:\tools\nginx\html\sistema_biometrico\index.php línea 50
URI: /sistema_biometrico/notas-malas?mes=2026-02
--------------------------------------------------------------------------------
[2026-03-05 09:35:48] [DEPRECATED] session_set_save_handler(): Providing individual callbacks instead of an object implementing SessionHandlerInterface is deprecated en C:\tools\nginx\html\sistema_biometrico\index.php línea 50
URI: /sistema_biometrico/notas-malas?mes=
--------------------------------------------------------------------------------
[2026-03-05 09:37:09] [DEPRECATED] session_set_save_handler(): Providing individual callbacks instead of an object implementing SessionHandlerInterface is deprecated en C:\tools\nginx\html\sistema_biometrico\index.php línea 50
URI: /sistema_biometrico/database
--------------------------------------------------------------------------------
[2026-03-05 09:37:10] [DEPRECATED] session_set_save_handler(): Providing individual callbacks instead of an object implementing SessionHandlerInterface is deprecated en C:\tools\nginx\html\sistema_biometrico\index.php línea 50
URI: /sistema_biometrico/database/foreignKeys
--------------------------------------------------------------------------------
[2026-03-05 09:37:10] [DEPRECATED] session_set_save_handler(): Providing individual callbacks instead of an object implementing SessionHandlerInterface is deprecated en C:\tools\nginx\html\sistema_biometrico\index.php línea 50
URI: /sistema_biometrico/database/listBackups
--------------------------------------------------------------------------------
[2026-03-05 09:37:15] [DEPRECATED] session_set_save_handler(): Providing individual callbacks instead of an object implementing SessionHandlerInterface is deprecated en C:\tools\nginx\html\sistema_biometrico\index.php línea 50
URI: /sistema_biometrico/asistencia
--------------------------------------------------------------------------------
[2026-03-05 09:37:15] [DEPRECATED] session_set_save_handler(): Providing individual callbacks instead of an object implementing SessionHandlerInterface is deprecated en C:\tools\nginx\html\sistema_biometrico\index.php línea 50
URI: /sistema_biometrico/%3C?php%20echo%20BASE_URL;%20?%3E/asistencia/filtrar-asistencia
--------------------------------------------------------------------------------
[2026-03-05 09:37:15] [DEPRECATED] session_set_save_handler(): Providing individual callbacks instead of an object implementing SessionHandlerInterface is deprecated en C:\tools\nginx\html\sistema_biometrico\index.php línea 50
URI: /sistema_biometrico/%3C?php%20echo%20BASE_URL;%20?%3E/asistencia/estado-dispositivos
--------------------------------------------------------------------------------
[2026-03-05 09:37:15] [DEPRECATED] session_set_save_handler(): Providing individual callbacks instead of an object implementing SessionHandlerInterface is deprecated en C:\tools\nginx\html\sistema_biometrico\index.php línea 50
URI: /sistema_biometrico/api/log-error
--------------------------------------------------------------------------------
[2026-03-05 09:37:15] [EXCEPTION] Error
Mensaje: Cannot use object of type Closure as array
URI: /sistema_biometrico/api/log-error
#0 {main}
[2026-03-05 09:37:15] [DEPRECATED] session_set_save_handler(): Providing individual callbacks instead of an object implementing SessionHandlerInterface is deprecated en C:\tools\nginx\html\sistema_biometrico\index.php línea 50
URI: /sistema_biometrico/api/log-error
--------------------------------------------------------------------------------
[2026-03-05 09:37:15] [EXCEPTION] Error
Mensaje: Cannot use object of type Closure as array
URI: /sistema_biometrico/api/log-error
#0 {main}
[2026-03-05 09:37:15] [DEPRECATED] session_set_save_handler(): Providing individual callbacks instead of an object implementing SessionHandlerInterface is deprecated en C:\tools\nginx\html\sistema_biometrico\index.php línea 50
URI: /sistema_biometrico/api/log-error
--------------------------------------------------------------------------------
[2026-03-05 09:37:15] [EXCEPTION] Error
Mensaje: Cannot use object of type Closure as array
URI: /sistema_biometrico/api/log-error
#0 {main}
[2026-03-05 09:37:15] [DEPRECATED] session_set_save_handler(): Providing individual callbacks instead of an object implementing SessionHandlerInterface is deprecated en C:\tools\nginx\html\sistema_biometrico\index.php línea 50
URI: /sistema_biometrico/api/log-error
--------------------------------------------------------------------------------
[2026-03-05 09:37:15] [EXCEPTION] Error
Mensaje: Cannot use object of type Closure as array
URI: /sistema_biometrico/api/log-error
#0 {main}
[2026-03-05 09:37:30] [DEPRECATED] session_set_save_handler(): Providing individual callbacks instead of an object implementing SessionHandlerInterface is deprecated en C:\tools\nginx\html\sistema_biometrico\index.php línea 50
URI: /sistema_biometrico/%3C?php%20echo%20BASE_URL;%20?%3E/asistencia/filtrar-asistencia
--------------------------------------------------------------------------------
[2026-03-05 09:37:30] [DEPRECATED] session_set_save_handler(): Providing individual callbacks instead of an object implementing SessionHandlerInterface is deprecated en C:\tools\nginx\html\sistema_biometrico\index.php línea 50
URI: /sistema_biometrico/api/log-error
--------------------------------------------------------------------------------
[2026-03-05 09:37:30] [EXCEPTION] Error
Mensaje: Cannot use object of type Closure as array
URI: /sistema_biometrico/api/log-error
#0 {main}
[2026-03-05 09:37:30] [DEPRECATED] session_set_save_handler(): Providing individual callbacks instead of an object implementing SessionHandlerInterface is deprecated en C:\tools\nginx\html\sistema_biometrico\index.php línea 50
URI: /sistema_biometrico/api/log-error
--------------------------------------------------------------------------------
[2026-03-05 09:37:30] [EXCEPTION] Error
Mensaje: Cannot use object of type Closure as array
URI: /sistema_biometrico/api/log-error
#0 {main}
[2026-03-05 09:37:51] [DEPRECATED] session_set_save_handler(): Providing individual callbacks instead of an object implementing SessionHandlerInterface is deprecated en C:\tools\nginx\html\sistema_biometrico\index.php línea 50
URI: /sistema_biometrico/validaciones
--------------------------------------------------------------------------------
[2026-03-05 09:37:51] [DEPRECATED] session_set_save_handler(): Providing individual callbacks instead of an object implementing SessionHandlerInterface is deprecated en C:\tools\nginx\html\sistema_biometrico\index.php línea 50
URI: /sistema_biometrico/dashboard
--------------------------------------------------------------------------------
[2026-03-05 09:37:54] [EXCEPTION] PDOException
Contexto: {"action":"index","section":"comisiones"}
Mensaje: SQLSTATE[42S22]: Column not found: 1054 Unknown column 'monto' in 'SELECT'
URI: /sistema_biometrico/dashboard
Archivo: C:\tools\nginx\html\sistema_biometrico\models\Comision.php Línea: 136
#0 C:\tools\nginx\html\sistema_biometrico\models\Comision.php(136): PDO->prepare('SELECT SUM(mont...')
#1 C:\tools\nginx\html\sistema_biometrico\controllers\DashboardController.php(81): Comision->getTotalComisiones(NULL, '03', '2026')
#2 C:\tools\nginx\html\sistema_biometrico\index.php(167): DashboardController->index()
#3 {main}
--------------------------------------------------------------------------------
[2026-03-05 09:38:06] [DEPRECATED] session_set_save_handler(): Providing individual callbacks instead of an object implementing SessionHandlerInterface is deprecated en C:\tools\nginx\html\sistema_biometrico\index.php línea 50
URI: /sistema_biometrico/biometricos
--------------------------------------------------------------------------------
[2026-03-05 09:38:25] [DEPRECATED] session_set_save_handler(): Providing individual callbacks instead of an object implementing SessionHandlerInterface is deprecated en C:\tools\nginx\html\sistema_biometrico\index.php línea 50
URI: /sistema_biometrico/notas-malas
--------------------------------------------------------------------------------
[2026-03-05 09:38:31] [DEPRECATED] session_set_save_handler(): Providing individual callbacks instead of an object implementing SessionHandlerInterface is deprecated en C:\tools\nginx\html\sistema_biometrico\index.php línea 50
URI: /sistema_biometrico/notas-malas?mes=2025-12
--------------------------------------------------------------------------------
[2026-03-05 09:38:33] [DEPRECATED] session_set_save_handler(): Providing individual callbacks instead of an object implementing SessionHandlerInterface is deprecated en C:\tools\nginx\html\sistema_biometrico\index.php línea 50
URI: /sistema_biometrico/notas-malas?mes=
--------------------------------------------------------------------------------
[2026-03-05 09:39:20] [DEPRECATED] session_set_save_handler(): Providing individual callbacks instead of an object implementing SessionHandlerInterface is deprecated en C:\tools\nginx\html\sistema_biometrico\index.php línea 50
URI: /sistema_biometrico/asistencia
--------------------------------------------------------------------------------
[2026-03-05 09:39:20] [DEPRECATED] session_set_save_handler(): Providing individual callbacks instead of an object implementing SessionHandlerInterface is deprecated en C:\tools\nginx\html\sistema_biometrico\index.php línea 50
URI: /sistema_biometrico/%3C?php%20echo%20BASE_URL;%20?%3E/asistencia/filtrar-asistencia
--------------------------------------------------------------------------------
[2026-03-05 09:39:20] [DEPRECATED] session_set_save_handler(): Providing individual callbacks instead of an object implementing SessionHandlerInterface is deprecated en C:\tools\nginx\html\sistema_biometrico\index.php línea 50
URI: /sistema_biometrico/%3C?php%20echo%20BASE_URL;%20?%3E/asistencia/estado-dispositivos
--------------------------------------------------------------------------------
[2026-03-05 09:39:20] [DEPRECATED] session_set_save_handler(): Providing individual callbacks instead of an object implementing SessionHandlerInterface is deprecated en C:\tools\nginx\html\sistema_biometrico\index.php línea 50
URI: /sistema_biometrico/api/log-error
--------------------------------------------------------------------------------
[2026-03-05 09:39:20] [EXCEPTION] Error
Mensaje: Cannot use object of type Closure as array
URI: /sistema_biometrico/api/log-error
#0 {main}
[2026-03-05 09:39:20] [DEPRECATED] session_set_save_handler(): Providing individual callbacks instead of an object implementing SessionHandlerInterface is deprecated en C:\tools\nginx\html\sistema_biometrico\index.php línea 50
URI: /sistema_biometrico/api/log-error
--------------------------------------------------------------------------------
[2026-03-05 09:39:20] [EXCEPTION] Error
Mensaje: Cannot use object of type Closure as array
URI: /sistema_biometrico/api/log-error
#0 {main}
[2026-03-05 09:39:20] [DEPRECATED] session_set_save_handler(): Providing individual callbacks instead of an object implementing SessionHandlerInterface is deprecated en C:\tools\nginx\html\sistema_biometrico\index.php línea 50
URI: /sistema_biometrico/api/log-error
--------------------------------------------------------------------------------
[2026-03-05 09:39:20] [EXCEPTION] Error
Mensaje: Cannot use object of type Closure as array
URI: /sistema_biometrico/api/log-error
#0 {main}
[2026-03-05 09:39:20] [DEPRECATED] session_set_save_handler(): Providing individual callbacks instead of an object implementing SessionHandlerInterface is deprecated en C:\tools\nginx\html\sistema_biometrico\index.php línea 50
URI: /sistema_biometrico/api/log-error
--------------------------------------------------------------------------------
[2026-03-05 09:39:20] [EXCEPTION] Error
Mensaje: Cannot use object of type Closure as array
URI: /sistema_biometrico/api/log-error
#0 {main}
[2026-03-05 09:39:21] [DEPRECATED] session_set_save_handler(): Providing individual callbacks instead of an object implementing SessionHandlerInterface is deprecated en C:\tools\nginx\html\sistema_biometrico\index.php línea 50
URI: /sistema_biometrico/empleados
--------------------------------------------------------------------------------
[2026-03-05 09:39:35] [DEPRECATED] session_set_save_handler(): Providing individual callbacks instead of an object implementing SessionHandlerInterface is deprecated en C:\tools\nginx\html\sistema_biometrico\index.php línea 50
URI: /sistema_biometrico/empleados?search=87
--------------------------------------------------------------------------------
[2026-03-05 09:39:42] [DEPRECATED] session_set_save_handler(): Providing individual callbacks instead of an object implementing SessionHandlerInterface is deprecated en C:\tools\nginx\html\sistema_biometrico\index.php línea 50
URI: /sistema_biometrico/empleados/datos-completos/87
--------------------------------------------------------------------------------
[2026-03-05 09:39:42] [DEPRECATED] session_set_save_handler(): Providing individual callbacks instead of an object implementing SessionHandlerInterface is deprecated en C:\tools\nginx\html\sistema_biometrico\index.php línea 50
URI: /sistema_biometrico/api/log-error
--------------------------------------------------------------------------------
[2026-03-05 09:39:42] [EXCEPTION] Error
Mensaje: Cannot use object of type Closure as array
URI: /sistema_biometrico/api/log-error
#0 {main}
[2026-03-05 09:44:31] [DEPRECATED] session_set_save_handler(): Providing individual callbacks instead of an object implementing SessionHandlerInterface is deprecated en C:\tools\nginx\html\sistema_biometrico\index.php línea 50
URI: /sistema_biometrico/empleados/datos-completos/87
--------------------------------------------------------------------------------
[2026-03-05 09:44:31] [DEPRECATED] session_set_save_handler(): Providing individual callbacks instead of an object implementing SessionHandlerInterface is deprecated en C:\tools\nginx\html\sistema_biometrico\index.php línea 50
URI: /sistema_biometrico/api/log-error
--------------------------------------------------------------------------------
[2026-03-05 09:44:31] [EXCEPTION] Error
Mensaje: Cannot use object of type Closure as array
URI: /sistema_biometrico/api/log-error
#0 {main}
[2026-03-05 10:19:13] [FATAL_ERROR] Uncaught PDOException: SQLSTATE[42S22]: Column not found: 1054 Unknown column 'numero_empleado' in 'SELECT' in Command line code:1
Stack trace:
#0 Command line code(1): PDO->query('SELECT id, nume...')
#1 {main}
  thrown en Command line code línea 1
URI: N/A
--------------------------------------------------------------------------------
[2026-03-05 10:23:41] [FATAL_ERROR] Uncaught PDOException: SQLSTATE[42S02]: Base table or view not found: 1146 Table 'sistema_biometrico.zkteco_empleado_mapeo' doesn't exist in Command line code:1
Stack trace:
#0 Command line code(1): PDO->exec('INSERT IGNORE I...')
#1 {main}
  thrown en Command line code línea 1
URI: N/A
--------------------------------------------------------------------------------
[2026-03-05 10:23:52] [FATAL_ERROR] Uncaught Error: Call to undefined method PDO::rowCount() in Command line code:1
Stack trace:
#0 {main}
  thrown en Command line code línea 1
URI: N/A
--------------------------------------------------------------------------------
[2026-03-05 10:26:47] [FATAL_ERROR] Uncaught PDOException: SQLSTATE[42S02]: Base table or view not found: 1146 Table 'sistema_biometrico.asistencia' doesn't exist in Command line code:1
Stack trace:
#0 Command line code(1): PDO->query('DESCRIBE asiste...')
#1 {main}
  thrown en Command line code línea 1
URI: N/A
--------------------------------------------------------------------------------
[2026-03-05 10:40:22] [DEPRECATED] session_set_save_handler(): Providing individual callbacks instead of an object implementing SessionHandlerInterface is deprecated en C:\tools\nginx\html\sistema_biometrico\index.php línea 50
URI: /sistema_biometrico/empleados?search=87
--------------------------------------------------------------------------------
[2026-03-05 10:40:24] [DEPRECATED] session_set_save_handler(): Providing individual callbacks instead of an object implementing SessionHandlerInterface is deprecated en C:\tools\nginx\html\sistema_biometrico\index.php línea 50
URI: /sistema_biometrico/empleados?search=87
--------------------------------------------------------------------------------
[2026-03-05 10:40:24] [DEPRECATED] session_set_save_handler(): Providing individual callbacks instead of an object implementing SessionHandlerInterface is deprecated en C:\tools\nginx\html\sistema_biometrico\index.php línea 50
URI: /sistema_biometrico/empleados?search=87
--------------------------------------------------------------------------------
[2026-03-05 10:40:25] [DEPRECATED] session_set_save_handler(): Providing individual callbacks instead of an object implementing SessionHandlerInterface is deprecated en C:\tools\nginx\html\sistema_biometrico\index.php línea 50
URI: /sistema_biometrico/empleados?search=87
--------------------------------------------------------------------------------
[2026-03-05 10:40:25] [DEPRECATED] session_set_save_handler(): Providing individual callbacks instead of an object implementing SessionHandlerInterface is deprecated en C:\tools\nginx\html\sistema_biometrico\index.php línea 50
URI: /sistema_biometrico/empleados?search=87
--------------------------------------------------------------------------------
[2026-03-05 10:40:40] [DEPRECATED] session_set_save_handler(): Providing individual callbacks instead of an object implementing SessionHandlerInterface is deprecated en C:\tools\nginx\html\sistema_biometrico\index.php línea 50
URI: /sistema_biometrico/empleados/datos-completos/87
--------------------------------------------------------------------------------
[2026-03-05 10:40:40] [DEPRECATED] session_set_save_handler(): Providing individual callbacks instead of an object implementing SessionHandlerInterface is deprecated en C:\tools\nginx\html\sistema_biometrico\index.php línea 50
URI: /sistema_biometrico/api/log-error
--------------------------------------------------------------------------------
[2026-03-05 10:40:40] [EXCEPTION] Error
Mensaje: Cannot use object of type Closure as array
URI: /sistema_biometrico/api/log-error
#0 {main}
[2026-03-05 10:40:49] [DEPRECATED] session_set_save_handler(): Providing individual callbacks instead of an object implementing SessionHandlerInterface is deprecated en C:\tools\nginx\html\sistema_biometrico\index.php línea 50
URI: /sistema_biometrico/logout
--------------------------------------------------------------------------------
[2026-03-05 10:40:49] [DEPRECATED] session_set_save_handler(): Providing individual callbacks instead of an object implementing SessionHandlerInterface is deprecated en C:\tools\nginx\html\sistema_biometrico\index.php línea 50
URI: /sistema_biometrico/login
--------------------------------------------------------------------------------
[2026-03-05 10:41:02] [DEPRECATED] session_set_save_handler(): Providing individual callbacks instead of an object implementing SessionHandlerInterface is deprecated en C:\tools\nginx\html\sistema_biometrico\index.php línea 50
URI: /sistema_biometrico/login
--------------------------------------------------------------------------------
[2026-03-05 10:41:03] [DEPRECATED] session_set_save_handler(): Providing individual callbacks instead of an object implementing SessionHandlerInterface is deprecated en C:\tools\nginx\html\sistema_biometrico\index.php línea 50
URI: /sistema_biometrico/dashboard
--------------------------------------------------------------------------------
[2026-03-05 10:41:06] [EXCEPTION] PDOException
Contexto: {"action":"index","section":"comisiones"}
Mensaje: SQLSTATE[42S22]: Column not found: 1054 Unknown column 'monto' in 'SELECT'
URI: /sistema_biometrico/dashboard
Archivo: C:\tools\nginx\html\sistema_biometrico\models\Comision.php Línea: 136
#0 C:\tools\nginx\html\sistema_biometrico\models\Comision.php(136): PDO->prepare('SELECT SUM(mont...')
#1 C:\tools\nginx\html\sistema_biometrico\controllers\DashboardController.php(81): Comision->getTotalComisiones(NULL, '03', '2026')
#2 C:\tools\nginx\html\sistema_biometrico\index.php(167): DashboardController->index()
#3 {main}
--------------------------------------------------------------------------------
[2026-03-05 10:41:32] [DEPRECATED] session_set_save_handler(): Providing individual callbacks instead of an object implementing SessionHandlerInterface is deprecated en C:\tools\nginx\html\sistema_biometrico\index.php línea 50
URI: /sistema_biometrico/usuarios
--------------------------------------------------------------------------------
[2026-03-05 10:41:40] [DEPRECATED] session_set_save_handler(): Providing individual callbacks instead of an object implementing SessionHandlerInterface is deprecated en C:\tools\nginx\html\sistema_biometrico\index.php línea 50
URI: /sistema_biometrico/usuarios/4/edit-modal
--------------------------------------------------------------------------------
[2026-03-05 10:41:59] [DEPRECATED] session_set_save_handler(): Providing individual callbacks instead of an object implementing SessionHandlerInterface is deprecated en C:\tools\nginx\html\sistema_biometrico\index.php línea 50
URI: /sistema_biometrico/usuarios/update
--------------------------------------------------------------------------------
[2026-03-05 10:42:01] [DEPRECATED] session_set_save_handler(): Providing individual callbacks instead of an object implementing SessionHandlerInterface is deprecated en C:\tools\nginx\html\sistema_biometrico\index.php línea 50
URI: /sistema_biometrico/usuarios
--------------------------------------------------------------------------------
[2026-03-05 10:42:11] [DEPRECATED] session_set_save_handler(): Providing individual callbacks instead of an object implementing SessionHandlerInterface is deprecated en C:\tools\nginx\html\sistema_biometrico\index.php línea 50
URI: /sistema_biometrico/logout
--------------------------------------------------------------------------------
[2026-03-05 10:42:11] [DEPRECATED] session_set_save_handler(): Providing individual callbacks instead of an object implementing SessionHandlerInterface is deprecated en C:\tools\nginx\html\sistema_biometrico\index.php línea 50
URI: /sistema_biometrico/login
--------------------------------------------------------------------------------
[2026-03-05 10:42:21] [DEPRECATED] session_set_save_handler(): Providing individual callbacks instead of an object implementing SessionHandlerInterface is deprecated en C:\tools\nginx\html\sistema_biometrico\index.php línea 50
URI: /sistema_biometrico/login
--------------------------------------------------------------------------------
[2026-03-05 10:42:22] [DEPRECATED] session_set_save_handler(): Providing individual callbacks instead of an object implementing SessionHandlerInterface is deprecated en C:\tools\nginx\html\sistema_biometrico\index.php línea 50
URI: /sistema_biometrico/dashboard
--------------------------------------------------------------------------------
[2026-03-05 10:42:25] [EXCEPTION] PDOException
Contexto: {"action":"index","section":"comisiones"}
Mensaje: SQLSTATE[42S22]: Column not found: 1054 Unknown column 'monto' in 'SELECT'
URI: /sistema_biometrico/dashboard
Archivo: C:\tools\nginx\html\sistema_biometrico\models\Comision.php Línea: 136
#0 C:\tools\nginx\html\sistema_biometrico\models\Comision.php(136): PDO->prepare('SELECT SUM(mont...')
#1 C:\tools\nginx\html\sistema_biometrico\controllers\DashboardController.php(81): Comision->getTotalComisiones(NULL, '03', '2026')
#2 C:\tools\nginx\html\sistema_biometrico\index.php(167): DashboardController->index()
#3 {main}
--------------------------------------------------------------------------------
[2026-03-05 10:43:04] [DEPRECATED] session_set_save_handler(): Providing individual callbacks instead of an object implementing SessionHandlerInterface is deprecated en C:\tools\nginx\html\sistema_biometrico\index.php línea 50
URI: /empleados
--------------------------------------------------------------------------------
[2026-03-05 10:44:56] [DEPRECATED] session_set_save_handler(): Providing individual callbacks instead of an object implementing SessionHandlerInterface is deprecated en C:\tools\nginx\html\sistema_biometrico\index.php línea 50
URI: /sistema_biometrico/api/log-error
--------------------------------------------------------------------------------
[2026-03-05 10:44:56] [EXCEPTION] Error
Mensaje: Cannot use object of type Closure as array
URI: /sistema_biometrico/api/log-error
#0 {main}
[2026-03-05 10:45:07] [DEPRECATED] session_set_save_handler(): Providing individual callbacks instead of an object implementing SessionHandlerInterface is deprecated en C:\tools\nginx\html\sistema_biometrico\index.php línea 50
URI: /sistema_biometrico/empleados?search=87
--------------------------------------------------------------------------------
[2026-03-05 10:45:09] [DEPRECATED] session_set_save_handler(): Providing individual callbacks instead of an object implementing SessionHandlerInterface is deprecated en C:\tools\nginx\html\sistema_biometrico\index.php línea 50
URI: /sistema_biometrico/api/log-error
--------------------------------------------------------------------------------
[2026-03-05 10:45:09] [EXCEPTION] Error
Mensaje: Cannot use object of type Closure as array
URI: /sistema_biometrico/api/log-error
#0 {main}
[2026-03-05 10:45:16] [DEPRECATED] session_set_save_handler(): Providing individual callbacks instead of an object implementing SessionHandlerInterface is deprecated en C:\tools\nginx\html\sistema_biometrico\index.php línea 50
URI: /sistema_biometrico/logout
--------------------------------------------------------------------------------
[2026-03-05 10:45:16] [DEPRECATED] session_set_save_handler(): Providing individual callbacks instead of an object implementing SessionHandlerInterface is deprecated en C:\tools\nginx\html\sistema_biometrico\index.php línea 50
URI: /sistema_biometrico/login
--------------------------------------------------------------------------------
[2026-03-05 10:45:41] [DEPRECATED] session_set_save_handler(): Providing individual callbacks instead of an object implementing SessionHandlerInterface is deprecated en C:\tools\nginx\html\sistema_biometrico\index.php línea 50
URI: /sistema_biometrico/login
--------------------------------------------------------------------------------
[2026-03-05 10:45:41] [DEPRECATED] session_set_save_handler(): Providing individual callbacks instead of an object implementing SessionHandlerInterface is deprecated en C:\tools\nginx\html\sistema_biometrico\index.php línea 50
URI: /sistema_biometrico/dashboard
--------------------------------------------------------------------------------
[2026-03-05 10:45:44] [EXCEPTION] PDOException
Contexto: {"action":"index","section":"comisiones"}
Mensaje: SQLSTATE[42S22]: Column not found: 1054 Unknown column 'monto' in 'SELECT'
URI: /sistema_biometrico/dashboard
Archivo: C:\tools\nginx\html\sistema_biometrico\models\Comision.php Línea: 136
#0 C:\tools\nginx\html\sistema_biometrico\models\Comision.php(136): PDO->prepare('SELECT SUM(mont...')
#1 C:\tools\nginx\html\sistema_biometrico\controllers\DashboardController.php(81): Comision->getTotalComisiones(NULL, '03', '2026')
#2 C:\tools\nginx\html\sistema_biometrico\index.php(167): DashboardController->index()
#3 {main}
--------------------------------------------------------------------------------
[2026-03-05 10:45:50] [DEPRECATED] session_set_save_handler(): Providing individual callbacks instead of an object implementing SessionHandlerInterface is deprecated en C:\tools\nginx\html\sistema_biometrico\index.php línea 50
URI: /sistema_biometrico/configuracion
--------------------------------------------------------------------------------
[2026-03-05 10:45:50] [DEPRECATED] session_set_save_handler(): Providing individual callbacks instead of an object implementing SessionHandlerInterface is deprecated en C:\tools\nginx\html\sistema_biometrico\index.php línea 50
URI: /sistema_biometrico/configuracion/getRecentHistory
--------------------------------------------------------------------------------
[2026-03-05 10:52:13] [FATAL_ERROR] Uncaught PDOException: SQLSTATE[42S22]: Column not found: 1054 Unknown column 'numero_empleado' in 'SET' in Command line code:1
Stack trace:
#0 Command line code(1): PDO->exec('UPDATE empleado...')
#1 {main}
  thrown en Command line code línea 1
URI: N/A
--------------------------------------------------------------------------------
[2026-03-05 10:55:15] [DEPRECATED] session_set_save_handler(): Providing individual callbacks instead of an object implementing SessionHandlerInterface is deprecated en C:\tools\nginx\html\sistema_biometrico\index.php línea 50
URI: /sistema_biometrico/configuracion
--------------------------------------------------------------------------------
[2026-03-05 10:55:15] [DEPRECATED] session_set_save_handler(): Providing individual callbacks instead of an object implementing SessionHandlerInterface is deprecated en C:\tools\nginx\html\sistema_biometrico\index.php línea 50
URI: /sistema_biometrico/configuracion/getRecentHistory
--------------------------------------------------------------------------------
[2026-03-05 10:55:19] [DEPRECATED] session_set_save_handler(): Providing individual callbacks instead of an object implementing SessionHandlerInterface is deprecated en C:\tools\nginx\html\sistema_biometrico\index.php línea 50
URI: /sistema_biometrico/configuracion
--------------------------------------------------------------------------------
[2026-03-05 10:55:19] [DEPRECATED] session_set_save_handler(): Providing individual callbacks instead of an object implementing SessionHandlerInterface is deprecated en C:\tools\nginx\html\sistema_biometrico\index.php línea 50
URI: /sistema_biometrico/configuracion/getRecentHistory
--------------------------------------------------------------------------------
[2026-03-05 10:55:20] [DEPRECATED] session_set_save_handler(): Providing individual callbacks instead of an object implementing SessionHandlerInterface is deprecated en C:\tools\nginx\html\sistema_biometrico\index.php línea 50
URI: /sistema_biometrico/configuracion
--------------------------------------------------------------------------------
[2026-03-05 10:55:20] [DEPRECATED] session_set_save_handler(): Providing individual callbacks instead of an object implementing SessionHandlerInterface is deprecated en C:\tools\nginx\html\sistema_biometrico\index.php línea 50
URI: /sistema_biometrico/configuracion/getRecentHistory
--------------------------------------------------------------------------------
[2026-03-05 10:55:20] [DEPRECATED] session_set_save_handler(): Providing individual callbacks instead of an object implementing SessionHandlerInterface is deprecated en C:\tools\nginx\html\sistema_biometrico\index.php línea 50
URI: /sistema_biometrico/configuracion
--------------------------------------------------------------------------------
[2026-03-05 10:55:20] [DEPRECATED] session_set_save_handler(): Providing individual callbacks instead of an object implementing SessionHandlerInterface is deprecated en C:\tools\nginx\html\sistema_biometrico\index.php línea 50
URI: /sistema_biometrico/configuracion/getRecentHistory
--------------------------------------------------------------------------------
[2026-03-05 10:55:20] [DEPRECATED] session_set_save_handler(): Providing individual callbacks instead of an object implementing SessionHandlerInterface is deprecated en C:\tools\nginx\html\sistema_biometrico\index.php línea 50
URI: /sistema_biometrico/configuracion
--------------------------------------------------------------------------------
[2026-03-05 10:55:20] [DEPRECATED] session_set_save_handler(): Providing individual callbacks instead of an object implementing SessionHandlerInterface is deprecated en C:\tools\nginx\html\sistema_biometrico\index.php línea 50
URI: /sistema_biometrico/configuracion/getRecentHistory
--------------------------------------------------------------------------------
[2026-03-05 10:55:20] [DEPRECATED] session_set_save_handler(): Providing individual callbacks instead of an object implementing SessionHandlerInterface is deprecated en C:\tools\nginx\html\sistema_biometrico\index.php línea 50
URI: /sistema_biometrico/configuracion
--------------------------------------------------------------------------------
[2026-03-05 10:55:21] [DEPRECATED] session_set_save_handler(): Providing individual callbacks instead of an object implementing SessionHandlerInterface is deprecated en C:\tools\nginx\html\sistema_biometrico\index.php línea 50
URI: /sistema_biometrico/configuracion/getRecentHistory
--------------------------------------------------------------------------------
[2026-03-05 10:55:21] [DEPRECATED] session_set_save_handler(): Providing individual callbacks instead of an object implementing SessionHandlerInterface is deprecated en C:\tools\nginx\html\sistema_biometrico\index.php línea 50
URI: /sistema_biometrico/configuracion
--------------------------------------------------------------------------------
[2026-03-05 10:55:21] [DEPRECATED] session_set_save_handler(): Providing individual callbacks instead of an object implementing SessionHandlerInterface is deprecated en C:\tools\nginx\html\sistema_biometrico\index.php línea 50
URI: /sistema_biometrico/configuracion/getRecentHistory
--------------------------------------------------------------------------------
[2026-03-05 10:55:21] [DEPRECATED] session_set_save_handler(): Providing individual callbacks instead of an object implementing SessionHandlerInterface is deprecated en C:\tools\nginx\html\sistema_biometrico\index.php línea 50
URI: /sistema_biometrico/configuracion
--------------------------------------------------------------------------------
[2026-03-05 10:55:21] [DEPRECATED] session_set_save_handler(): Providing individual callbacks instead of an object implementing SessionHandlerInterface is deprecated en C:\tools\nginx\html\sistema_biometrico\index.php línea 50
URI: /sistema_biometrico/configuracion/getRecentHistory
--------------------------------------------------------------------------------
[2026-03-05 10:55:21] [DEPRECATED] session_set_save_handler(): Providing individual callbacks instead of an object implementing SessionHandlerInterface is deprecated en C:\tools\nginx\html\sistema_biometrico\index.php línea 50
URI: /sistema_biometrico/configuracion
--------------------------------------------------------------------------------
[2026-03-05 10:55:21] [DEPRECATED] session_set_save_handler(): Providing individual callbacks instead of an object implementing SessionHandlerInterface is deprecated en C:\tools\nginx\html\sistema_biometrico\index.php línea 50
URI: /sistema_biometrico/configuracion/getRecentHistory
--------------------------------------------------------------------------------
[2026-03-05 10:55:21] [DEPRECATED] session_set_save_handler(): Providing individual callbacks instead of an object implementing SessionHandlerInterface is deprecated en C:\tools\nginx\html\sistema_biometrico\index.php línea 50
URI: /sistema_biometrico/configuracion
--------------------------------------------------------------------------------
[2026-03-05 10:55:22] [DEPRECATED] session_set_save_handler(): Providing individual callbacks instead of an object implementing SessionHandlerInterface is deprecated en C:\tools\nginx\html\sistema_biometrico\index.php línea 50
URI: /sistema_biometrico/configuracion/getRecentHistory
--------------------------------------------------------------------------------
[2026-03-05 10:55:22] [DEPRECATED] session_set_save_handler(): Providing individual callbacks instead of an object implementing SessionHandlerInterface is deprecated en C:\tools\nginx\html\sistema_biometrico\index.php línea 50
URI: /sistema_biometrico/configuracion
--------------------------------------------------------------------------------
[2026-03-05 10:55:22] [DEPRECATED] session_set_save_handler(): Providing individual callbacks instead of an object implementing SessionHandlerInterface is deprecated en C:\tools\nginx\html\sistema_biometrico\index.php línea 50
URI: /sistema_biometrico/configuracion/getRecentHistory
--------------------------------------------------------------------------------
[2026-03-05 10:55:22] [DEPRECATED] session_set_save_handler(): Providing individual callbacks instead of an object implementing SessionHandlerInterface is deprecated en C:\tools\nginx\html\sistema_biometrico\index.php línea 50
URI: /sistema_biometrico/configuracion
--------------------------------------------------------------------------------
[2026-03-05 10:55:22] [DEPRECATED] session_set_save_handler(): Providing individual callbacks instead of an object implementing SessionHandlerInterface is deprecated en C:\tools\nginx\html\sistema_biometrico\index.php línea 50
URI: /sistema_biometrico/configuracion/getRecentHistory
--------------------------------------------------------------------------------
[2026-03-05 10:55:22] [DEPRECATED] session_set_save_handler(): Providing individual callbacks instead of an object implementing SessionHandlerInterface is deprecated en C:\tools\nginx\html\sistema_biometrico\index.php línea 50
URI: /sistema_biometrico/configuracion
--------------------------------------------------------------------------------
[2026-03-05 10:55:22] [DEPRECATED] session_set_save_handler(): Providing individual callbacks instead of an object implementing SessionHandlerInterface is deprecated en C:\tools\nginx\html\sistema_biometrico\index.php línea 50
URI: /sistema_biometrico/configuracion/getRecentHistory
--------------------------------------------------------------------------------
[2026-03-05 10:55:30] [DEPRECATED] session_set_save_handler(): Providing individual callbacks instead of an object implementing SessionHandlerInterface is deprecated en C:\tools\nginx\html\sistema_biometrico\index.php línea 50
URI: /sistema_biometrico/configuracion/uploadZkteco
--------------------------------------------------------------------------------
[2026-03-05 10:55:51] [DEPRECATED] session_set_save_handler(): Providing individual callbacks instead of an object implementing SessionHandlerInterface is deprecated en C:\tools\nginx\html\sistema_biometrico\index.php línea 50
URI: /sistema_biometrico/configuracion/getRecentHistory
--------------------------------------------------------------------------------
[2026-03-05 10:57:12] [DEPRECATED] session_set_save_handler(): Providing individual callbacks instead of an object implementing SessionHandlerInterface is deprecated en C:\tools\nginx\html\sistema_biometrico\index.php línea 50
URI: /sistema_biometrico/empleados
--------------------------------------------------------------------------------
[2026-03-05 10:57:16] [DEPRECATED] session_set_save_handler(): Providing individual callbacks instead of an object implementing SessionHandlerInterface is deprecated en C:\tools\nginx\html\sistema_biometrico\index.php línea 50
URI: /sistema_biometrico/empleados?search=1003
--------------------------------------------------------------------------------
[2026-03-05 10:57:19] [DEPRECATED] session_set_save_handler(): Providing individual callbacks instead of an object implementing SessionHandlerInterface is deprecated en C:\tools\nginx\html\sistema_biometrico\index.php línea 50
URI: /sistema_biometrico/empleados/datos-completos/1003
--------------------------------------------------------------------------------
[2026-03-05 10:57:19] [DEPRECATED] session_set_save_handler(): Providing individual callbacks instead of an object implementing SessionHandlerInterface is deprecated en C:\tools\nginx\html\sistema_biometrico\index.php línea 50
URI: /sistema_biometrico/api/log-error
--------------------------------------------------------------------------------
[2026-03-05 10:57:19] [EXCEPTION] Error
Mensaje: Cannot use object of type Closure as array
URI: /sistema_biometrico/api/log-error
#0 {main}
[2026-03-05 10:57:53] [DEPRECATED] session_set_save_handler(): Providing individual callbacks instead of an object implementing SessionHandlerInterface is deprecated en C:\tools\nginx\html\sistema_biometrico\index.php línea 50
URI: /sistema_biometrico/justificaciones/ajax-justificar
--------------------------------------------------------------------------------
[2026-03-05 10:57:53] [DEPRECATED] session_set_save_handler(): Providing individual callbacks instead of an object implementing SessionHandlerInterface is deprecated en C:\tools\nginx\html\sistema_biometrico\index.php línea 50
URI: /sistema_biometrico/api/log-error
--------------------------------------------------------------------------------
[2026-03-05 10:57:53] [EXCEPTION] Error
Mensaje: Cannot use object of type Closure as array
URI: /sistema_biometrico/api/log-error
#0 {main}
[2026-03-05 10:57:53] [DEPRECATED] session_set_save_handler(): Providing individual callbacks instead of an object implementing SessionHandlerInterface is deprecated en C:\tools\nginx\html\sistema_biometrico\index.php línea 50
URI: /sistema_biometrico/api/log-error
--------------------------------------------------------------------------------
[2026-03-05 10:57:53] [EXCEPTION] Error
Mensaje: Cannot use object of type Closure as array
URI: /sistema_biometrico/api/log-error
#0 {main}
[2026-03-05 10:57:58] [DEPRECATED] session_set_save_handler(): Providing individual callbacks instead of an object implementing SessionHandlerInterface is deprecated en C:\tools\nginx\html\sistema_biometrico\index.php línea 50
URI: /sistema_biometrico/justificaciones/ajax-justificar
--------------------------------------------------------------------------------
[2026-03-05 10:57:58] [DEPRECATED] session_set_save_handler(): Providing individual callbacks instead of an object implementing SessionHandlerInterface is deprecated en C:\tools\nginx\html\sistema_biometrico\index.php línea 50
URI: /sistema_biometrico/api/log-error
--------------------------------------------------------------------------------
[2026-03-05 10:57:58] [EXCEPTION] Error
Mensaje: Cannot use object of type Closure as array
URI: /sistema_biometrico/api/log-error
#0 {main}
[2026-03-05 10:57:58] [DEPRECATED] session_set_save_handler(): Providing individual callbacks instead of an object implementing SessionHandlerInterface is deprecated en C:\tools\nginx\html\sistema_biometrico\index.php línea 50
URI: /sistema_biometrico/api/log-error
--------------------------------------------------------------------------------
[2026-03-05 10:57:58] [EXCEPTION] Error
Mensaje: Cannot use object of type Closure as array
URI: /sistema_biometrico/api/log-error
#0 {main}
[2026-03-05 10:58:45] [DEPRECATED] session_set_save_handler(): Providing individual callbacks instead of an object implementing SessionHandlerInterface is deprecated en C:\tools\nginx\html\sistema_biometrico\index.php línea 50
URI: /sistema_biometrico/justificaciones/actualizar-incidencia
--------------------------------------------------------------------------------
[2026-03-05 10:58:45] [DEPRECATED] session_set_save_handler(): Providing individual callbacks instead of an object implementing SessionHandlerInterface is deprecated en C:\tools\nginx\html\sistema_biometrico\index.php línea 50
URI: /sistema_biometrico/api/log-error
--------------------------------------------------------------------------------
[2026-03-05 10:58:45] [EXCEPTION] Error
Mensaje: Cannot use object of type Closure as array
URI: /sistema_biometrico/api/log-error
#0 {main}
[2026-03-05 10:58:45] [DEPRECATED] session_set_save_handler(): Providing individual callbacks instead of an object implementing SessionHandlerInterface is deprecated en C:\tools\nginx\html\sistema_biometrico\index.php línea 50
URI: /sistema_biometrico/api/log-error
--------------------------------------------------------------------------------
[2026-03-05 10:58:45] [EXCEPTION] Error
Mensaje: Cannot use object of type Closure as array
URI: /sistema_biometrico/api/log-error
#0 {main}
[2026-03-05 10:58:54] [DEPRECATED] session_set_save_handler(): Providing individual callbacks instead of an object implementing SessionHandlerInterface is deprecated en C:\tools\nginx\html\sistema_biometrico\index.php línea 50
URI: /sistema_biometrico/justificaciones/actualizar-incidencia
--------------------------------------------------------------------------------
[2026-03-05 10:58:54] [DEPRECATED] session_set_save_handler(): Providing individual callbacks instead of an object implementing SessionHandlerInterface is deprecated en C:\tools\nginx\html\sistema_biometrico\index.php línea 50
URI: /sistema_biometrico/api/log-error
--------------------------------------------------------------------------------
[2026-03-05 10:58:54] [EXCEPTION] Error
Mensaje: Cannot use object of type Closure as array
URI: /sistema_biometrico/api/log-error
#0 {main}
[2026-03-05 10:58:54] [DEPRECATED] session_set_save_handler(): Providing individual callbacks instead of an object implementing SessionHandlerInterface is deprecated en C:\tools\nginx\html\sistema_biometrico\index.php línea 50
URI: /sistema_biometrico/api/log-error
--------------------------------------------------------------------------------
[2026-03-05 10:58:54] [EXCEPTION] Error
Mensaje: Cannot use object of type Closure as array
URI: /sistema_biometrico/api/log-error
#0 {main}
[2026-03-05 11:00:53] [DEPRECATED] session_set_save_handler(): Providing individual callbacks instead of an object implementing SessionHandlerInterface is deprecated en C:\tools\nginx\html\sistema_biometrico\index.php línea 50
URI: /sistema_biometrico/empleados?search=1003
--------------------------------------------------------------------------------
[2026-03-05 11:00:55] [DEPRECATED] session_set_save_handler(): Providing individual callbacks instead of an object implementing SessionHandlerInterface is deprecated en C:\tools\nginx\html\sistema_biometrico\index.php línea 50
URI: /sistema_biometrico/empleados?search=1003
--------------------------------------------------------------------------------
[2026-03-05 11:00:56] [DEPRECATED] session_set_save_handler(): Providing individual callbacks instead of an object implementing SessionHandlerInterface is deprecated en C:\tools\nginx\html\sistema_biometrico\index.php línea 50
URI: /sistema_biometrico/empleados?search=1003
--------------------------------------------------------------------------------
[2026-03-05 11:00:56] [DEPRECATED] session_set_save_handler(): Providing individual callbacks instead of an object implementing SessionHandlerInterface is deprecated en C:\tools\nginx\html\sistema_biometrico\index.php línea 50
URI: /sistema_biometrico/empleados?search=1003
--------------------------------------------------------------------------------
[2026-03-05 11:00:56] [DEPRECATED] session_set_save_handler(): Providing individual callbacks instead of an object implementing SessionHandlerInterface is deprecated en C:\tools\nginx\html\sistema_biometrico\index.php línea 50
URI: /sistema_biometrico/empleados?search=1003
--------------------------------------------------------------------------------
[2026-03-05 11:00:57] [DEPRECATED] session_set_save_handler(): Providing individual callbacks instead of an object implementing SessionHandlerInterface is deprecated en C:\tools\nginx\html\sistema_biometrico\index.php línea 50
URI: /sistema_biometrico/empleados?search=1003
--------------------------------------------------------------------------------
[2026-03-05 11:00:57] [DEPRECATED] session_set_save_handler(): Providing individual callbacks instead of an object implementing SessionHandlerInterface is deprecated en C:\tools\nginx\html\sistema_biometrico\index.php línea 50
URI: /sistema_biometrico/empleados?search=1003
--------------------------------------------------------------------------------
[2026-03-05 11:00:57] [DEPRECATED] session_set_save_handler(): Providing individual callbacks instead of an object implementing SessionHandlerInterface is deprecated en C:\tools\nginx\html\sistema_biometrico\index.php línea 50
URI: /sistema_biometrico/empleados?search=1003
--------------------------------------------------------------------------------
[2026-03-05 11:01:02] [DEPRECATED] session_set_save_handler(): Providing individual callbacks instead of an object implementing SessionHandlerInterface is deprecated en C:\tools\nginx\html\sistema_biometrico\index.php línea 50
URI: /sistema_biometrico/empleados/datos-completos/1003
--------------------------------------------------------------------------------
[2026-03-05 11:01:02] [DEPRECATED] session_set_save_handler(): Providing individual callbacks instead of an object implementing SessionHandlerInterface is deprecated en C:\tools\nginx\html\sistema_biometrico\index.php línea 50
URI: /sistema_biometrico/api/log-error
--------------------------------------------------------------------------------
[2026-03-05 11:01:02] [EXCEPTION] Error
Mensaje: Cannot use object of type Closure as array
URI: /sistema_biometrico/api/log-error
#0 {main}
[2026-03-05 11:01:42] [WARNING] session_start(): open(/tmp\sess_86f77490e419bb30f5df74101ceef395, O_RDWR) failed: No such file or directory (2) en C:\tools\nginx\html\sistema_biometrico\controllers\BaseController.php línea 8
URI: N/A
--------------------------------------------------------------------------------
[2026-03-05 11:01:42] [WARNING] session_start(): Failed to read session data: files (path: /tmp) en C:\tools\nginx\html\sistema_biometrico\controllers\BaseController.php línea 8
URI: N/A
--------------------------------------------------------------------------------
[2026-03-05 11:02:39] [WARNING] session_start(): open(/tmp\sess_653266997a5fef18cd91a7ec0592b154, O_RDWR) failed: No such file or directory (2) en C:\tools\nginx\html\sistema_biometrico\controllers\BaseController.php línea 8
URI: N/A
--------------------------------------------------------------------------------
[2026-03-05 11:02:39] [WARNING] session_start(): Failed to read session data: files (path: /tmp) en C:\tools\nginx\html\sistema_biometrico\controllers\BaseController.php línea 8
URI: N/A
--------------------------------------------------------------------------------
[2026-03-05 11:02:47] [WARNING] session_start(): open(/tmp\sess_e63e2fe32d4dc4c45051cfe59998b955, O_RDWR) failed: No such file or directory (2) en C:\tools\nginx\html\sistema_biometrico\controllers\BaseController.php línea 8
URI: N/A
--------------------------------------------------------------------------------
[2026-03-05 11:02:47] [WARNING] session_start(): Failed to read session data: files (path: /tmp) en C:\tools\nginx\html\sistema_biometrico\controllers\BaseController.php línea 8
URI: N/A
--------------------------------------------------------------------------------
[2026-03-05 11:03:20] [DEPRECATED] session_set_save_handler(): Providing individual callbacks instead of an object implementing SessionHandlerInterface is deprecated en C:\tools\nginx\html\sistema_biometrico\index.php línea 50
URI: /sistema_biometrico/empleados?search=1003
--------------------------------------------------------------------------------
[2026-03-05 11:03:20] [DEPRECATED] session_set_save_handler(): Providing individual callbacks instead of an object implementing SessionHandlerInterface is deprecated en C:\tools\nginx\html\sistema_biometrico\index.php línea 50
URI: /sistema_biometrico/login
--------------------------------------------------------------------------------
[2026-03-05 11:03:21] [DEPRECATED] session_set_save_handler(): Providing individual callbacks instead of an object implementing SessionHandlerInterface is deprecated en C:\tools\nginx\html\sistema_biometrico\index.php línea 50
URI: /sistema_biometrico/login
--------------------------------------------------------------------------------
[2026-03-05 11:03:28] [DEPRECATED] session_set_save_handler(): Providing individual callbacks instead of an object implementing SessionHandlerInterface is deprecated en C:\tools\nginx\html\sistema_biometrico\index.php línea 50
URI: /sistema_biometrico/login
--------------------------------------------------------------------------------
[2026-03-05 11:03:29] [DEPRECATED] session_set_save_handler(): Providing individual callbacks instead of an object implementing SessionHandlerInterface is deprecated en C:\tools\nginx\html\sistema_biometrico\index.php línea 50
URI: /sistema_biometrico/dashboard
--------------------------------------------------------------------------------
[2026-03-05 11:03:31] [EXCEPTION] PDOException
Contexto: {"action":"index","section":"comisiones"}
Mensaje: SQLSTATE[42S22]: Column not found: 1054 Unknown column 'monto' in 'SELECT'
URI: /sistema_biometrico/dashboard
Archivo: C:\tools\nginx\html\sistema_biometrico\models\Comision.php Línea: 136
#0 C:\tools\nginx\html\sistema_biometrico\models\Comision.php(136): PDO->prepare('SELECT SUM(mont...')
#1 C:\tools\nginx\html\sistema_biometrico\controllers\DashboardController.php(81): Comision->getTotalComisiones(NULL, '03', '2026')
#2 C:\tools\nginx\html\sistema_biometrico\index.php(167): DashboardController->index()
#3 {main}
--------------------------------------------------------------------------------
[2026-03-05 11:03:34] [DEPRECATED] session_set_save_handler(): Providing individual callbacks instead of an object implementing SessionHandlerInterface is deprecated en C:\tools\nginx\html\sistema_biometrico\index.php línea 50
URI: /empleados
--------------------------------------------------------------------------------
[2026-03-05 11:03:40] [DEPRECATED] session_set_save_handler(): Providing individual callbacks instead of an object implementing SessionHandlerInterface is deprecated en C:\tools\nginx\html\sistema_biometrico\index.php línea 50
URI: /sistema_biometrico/empleados?search=87
--------------------------------------------------------------------------------
[2026-03-05 11:03:42] [DEPRECATED] session_set_save_handler(): Providing individual callbacks instead of an object implementing SessionHandlerInterface is deprecated en C:\tools\nginx\html\sistema_biometrico\index.php línea 50
URI: /sistema_biometrico/empleados/datos-completos/87
--------------------------------------------------------------------------------
[2026-03-05 11:03:42] [DEPRECATED] session_set_save_handler(): Providing individual callbacks instead of an object implementing SessionHandlerInterface is deprecated en C:\tools\nginx\html\sistema_biometrico\index.php línea 50
URI: /sistema_biometrico/api/log-error
--------------------------------------------------------------------------------
[2026-03-05 11:03:42] [EXCEPTION] Error
Mensaje: Cannot use object of type Closure as array
URI: /sistema_biometrico/api/log-error
#0 {main}
[2026-03-05 11:04:02] [DEPRECATED] session_set_save_handler(): Providing individual callbacks instead of an object implementing SessionHandlerInterface is deprecated en C:\tools\nginx\html\sistema_biometrico\index.php línea 50
URI: /.well-known/appspecific/com.chrome.devtools.json
--------------------------------------------------------------------------------
[2026-03-05 11:04:20] [DEPRECATED] session_set_save_handler(): Providing individual callbacks instead of an object implementing SessionHandlerInterface is deprecated en C:\tools\nginx\html\sistema_biometrico\index.php línea 50
URI: /sistema_biometrico/justificaciones/actualizar-incidencia
--------------------------------------------------------------------------------
[2026-03-05 11:04:20] [DEPRECATED] session_set_save_handler(): Providing individual callbacks instead of an object implementing SessionHandlerInterface is deprecated en C:\tools\nginx\html\sistema_biometrico\index.php línea 50
URI: /sistema_biometrico/api/log-error
--------------------------------------------------------------------------------
[2026-03-05 11:04:20] [EXCEPTION] Error
Mensaje: Cannot use object of type Closure as array
URI: /sistema_biometrico/api/log-error
#0 {main}
[2026-03-05 11:04:20] [DEPRECATED] session_set_save_handler(): Providing individual callbacks instead of an object implementing SessionHandlerInterface is deprecated en C:\tools\nginx\html\sistema_biometrico\index.php línea 50
URI: /sistema_biometrico/api/log-error
--------------------------------------------------------------------------------
[2026-03-05 11:04:20] [EXCEPTION] Error
Mensaje: Cannot use object of type Closure as array
URI: /sistema_biometrico/api/log-error
#0 {main}
[2026-03-05 11:07:46] [DEPRECATED] session_set_save_handler(): Providing individual callbacks instead of an object implementing SessionHandlerInterface is deprecated en C:\tools\nginx\html\sistema_biometrico\index.php línea 50
URI: /sistema_biometrico/empleados?search=87
--------------------------------------------------------------------------------
[2026-03-05 11:07:47] [DEPRECATED] session_set_save_handler(): Providing individual callbacks instead of an object implementing SessionHandlerInterface is deprecated en C:\tools\nginx\html\sistema_biometrico\index.php línea 50
URI: /sistema_biometrico/empleados?search=87
--------------------------------------------------------------------------------
[2026-03-05 11:07:47] [DEPRECATED] session_set_save_handler(): Providing individual callbacks instead of an object implementing SessionHandlerInterface is deprecated en C:\tools\nginx\html\sistema_biometrico\index.php línea 50
URI: /sistema_biometrico/empleados?search=87
--------------------------------------------------------------------------------
[2026-03-05 11:07:47] [DEPRECATED] session_set_save_handler(): Providing individual callbacks instead of an object implementing SessionHandlerInterface is deprecated en C:\tools\nginx\html\sistema_biometrico\index.php línea 50
URI: /sistema_biometrico/empleados?search=87
--------------------------------------------------------------------------------
[2026-03-05 11:07:47] [DEPRECATED] session_set_save_handler(): Providing individual callbacks instead of an object implementing SessionHandlerInterface is deprecated en C:\tools\nginx\html\sistema_biometrico\index.php línea 50
URI: /sistema_biometrico/empleados?search=87
--------------------------------------------------------------------------------
[2026-03-05 11:07:47] [DEPRECATED] session_set_save_handler(): Providing individual callbacks instead of an object implementing SessionHandlerInterface is deprecated en C:\tools\nginx\html\sistema_biometrico\index.php línea 50
URI: /.well-known/appspecific/com.chrome.devtools.json
--------------------------------------------------------------------------------
[2026-03-05 11:07:47] [DEPRECATED] session_set_save_handler(): Providing individual callbacks instead of an object implementing SessionHandlerInterface is deprecated en C:\tools\nginx\html\sistema_biometrico\index.php línea 50
URI: /sistema_biometrico/empleados?search=87
--------------------------------------------------------------------------------
[2026-03-05 11:07:47] [DEPRECATED] session_set_save_handler(): Providing individual callbacks instead of an object implementing SessionHandlerInterface is deprecated en C:\tools\nginx\html\sistema_biometrico\index.php línea 50
URI: /.well-known/appspecific/com.chrome.devtools.json
--------------------------------------------------------------------------------
[2026-03-05 11:07:48] [DEPRECATED] session_set_save_handler(): Providing individual callbacks instead of an object implementing SessionHandlerInterface is deprecated en C:\tools\nginx\html\sistema_biometrico\index.php línea 50
URI: /sistema_biometrico/empleados?search=87
--------------------------------------------------------------------------------
[2026-03-05 11:07:48] [DEPRECATED] session_set_save_handler(): Providing individual callbacks instead of an object implementing SessionHandlerInterface is deprecated en C:\tools\nginx\html\sistema_biometrico\index.php línea 50
URI: /.well-known/appspecific/com.chrome.devtools.json
--------------------------------------------------------------------------------
[2026-03-05 11:07:48] [DEPRECATED] session_set_save_handler(): Providing individual callbacks instead of an object implementing SessionHandlerInterface is deprecated en C:\tools\nginx\html\sistema_biometrico\index.php línea 50
URI: /sistema_biometrico/empleados?search=87
--------------------------------------------------------------------------------
[2026-03-05 11:07:49] [DEPRECATED] session_set_save_handler(): Providing individual callbacks instead of an object implementing SessionHandlerInterface is deprecated en C:\tools\nginx\html\sistema_biometrico\index.php línea 50
URI: /.well-known/appspecific/com.chrome.devtools.json
--------------------------------------------------------------------------------
[2026-03-05 11:07:49] [DEPRECATED] session_set_save_handler(): Providing individual callbacks instead of an object implementing SessionHandlerInterface is deprecated en C:\tools\nginx\html\sistema_biometrico\index.php línea 50
URI: /sistema_biometrico/empleados?search=87
--------------------------------------------------------------------------------
[2026-03-05 11:07:49] [DEPRECATED] session_set_save_handler(): Providing individual callbacks instead of an object implementing SessionHandlerInterface is deprecated en C:\tools\nginx\html\sistema_biometrico\index.php línea 50
URI: /.well-known/appspecific/com.chrome.devtools.json
--------------------------------------------------------------------------------
[2026-03-05 11:07:49] [DEPRECATED] session_set_save_handler(): Providing individual callbacks instead of an object implementing SessionHandlerInterface is deprecated en C:\tools\nginx\html\sistema_biometrico\index.php línea 50
URI: /sistema_biometrico/empleados?search=87
--------------------------------------------------------------------------------
[2026-03-05 11:07:49] [DEPRECATED] session_set_save_handler(): Providing individual callbacks instead of an object implementing SessionHandlerInterface is deprecated en C:\tools\nginx\html\sistema_biometrico\index.php línea 50
URI: /.well-known/appspecific/com.chrome.devtools.json
--------------------------------------------------------------------------------
[2026-03-05 11:07:49] [DEPRECATED] session_set_save_handler(): Providing individual callbacks instead of an object implementing SessionHandlerInterface is deprecated en C:\tools\nginx\html\sistema_biometrico\index.php línea 50
URI: /sistema_biometrico/empleados?search=87
--------------------------------------------------------------------------------
[2026-03-05 11:07:49] [DEPRECATED] session_set_save_handler(): Providing individual callbacks instead of an object implementing SessionHandlerInterface is deprecated en C:\tools\nginx\html\sistema_biometrico\index.php línea 50
URI: /.well-known/appspecific/com.chrome.devtools.json
--------------------------------------------------------------------------------
[2026-03-05 11:07:50] [DEPRECATED] session_set_save_handler(): Providing individual callbacks instead of an object implementing SessionHandlerInterface is deprecated en C:\tools\nginx\html\sistema_biometrico\index.php línea 50
URI: /sistema_biometrico/empleados?search=87
--------------------------------------------------------------------------------
[2026-03-05 11:07:50] [DEPRECATED] session_set_save_handler(): Providing individual callbacks instead of an object implementing SessionHandlerInterface is deprecated en C:\tools\nginx\html\sistema_biometrico\index.php línea 50
URI: /.well-known/appspecific/com.chrome.devtools.json
--------------------------------------------------------------------------------
[2026-03-05 11:07:50] [DEPRECATED] session_set_save_handler(): Providing individual callbacks instead of an object implementing SessionHandlerInterface is deprecated en C:\tools\nginx\html\sistema_biometrico\index.php línea 50
URI: /sistema_biometrico/empleados?search=87
--------------------------------------------------------------------------------
[2026-03-05 11:07:50] [DEPRECATED] session_set_save_handler(): Providing individual callbacks instead of an object implementing SessionHandlerInterface is deprecated en C:\tools\nginx\html\sistema_biometrico\index.php línea 50
URI: /.well-known/appspecific/com.chrome.devtools.json
--------------------------------------------------------------------------------
[2026-03-05 11:07:51] [DEPRECATED] session_set_save_handler(): Providing individual callbacks instead of an object implementing SessionHandlerInterface is deprecated en C:\tools\nginx\html\sistema_biometrico\index.php línea 50
URI: /sistema_biometrico/empleados/datos-completos/87
--------------------------------------------------------------------------------
[2026-03-05 11:07:51] [DEPRECATED] session_set_save_handler(): Providing individual callbacks instead of an object implementing SessionHandlerInterface is deprecated en C:\tools\nginx\html\sistema_biometrico\index.php línea 50
URI: /sistema_biometrico/api/log-error
--------------------------------------------------------------------------------
[2026-03-05 11:07:51] [EXCEPTION] Error
Mensaje: Cannot use object of type Closure as array
URI: /sistema_biometrico/api/log-error
#0 {main}
[2026-03-05 11:08:10] [DEPRECATED] session_set_save_handler(): Providing individual callbacks instead of an object implementing SessionHandlerInterface is deprecated en C:\tools\nginx\html\sistema_biometrico\index.php línea 50
URI: /sistema_biometrico/empleados?search=87
--------------------------------------------------------------------------------
[2026-03-05 11:08:10] [DEPRECATED] session_set_save_handler(): Providing individual callbacks instead of an object implementing SessionHandlerInterface is deprecated en C:\tools\nginx\html\sistema_biometrico\index.php línea 50
URI: /.well-known/appspecific/com.chrome.devtools.json
--------------------------------------------------------------------------------
[2026-03-05 11:08:12] [DEPRECATED] session_set_save_handler(): Providing individual callbacks instead of an object implementing SessionHandlerInterface is deprecated en C:\tools\nginx\html\sistema_biometrico\index.php línea 50
URI: /sistema_biometrico/empleados/datos-completos/87
--------------------------------------------------------------------------------
[2026-03-05 11:08:12] [DEPRECATED] session_set_save_handler(): Providing individual callbacks instead of an object implementing SessionHandlerInterface is deprecated en C:\tools\nginx\html\sistema_biometrico\index.php línea 50
URI: /sistema_biometrico/api/log-error
--------------------------------------------------------------------------------
[2026-03-05 11:08:12] [EXCEPTION] Error
Mensaje: Cannot use object of type Closure as array
URI: /sistema_biometrico/api/log-error
#0 {main}
[2026-03-05 11:10:58] [DEPRECATED] session_set_save_handler(): Providing individual callbacks instead of an object implementing SessionHandlerInterface is deprecated en C:\tools\nginx\html\sistema_biometrico\index.php línea 50
URI: /sistema_biometrico/empleados?search=87
--------------------------------------------------------------------------------
[2026-03-05 11:10:58] [DEPRECATED] session_set_save_handler(): Providing individual callbacks instead of an object implementing SessionHandlerInterface is deprecated en C:\tools\nginx\html\sistema_biometrico\index.php línea 50
URI: /.well-known/appspecific/com.chrome.devtools.json
--------------------------------------------------------------------------------
[2026-03-05 11:10:58] [DEPRECATED] session_set_save_handler(): Providing individual callbacks instead of an object implementing SessionHandlerInterface is deprecated en C:\tools\nginx\html\sistema_biometrico\index.php línea 50
URI: /sistema_biometrico/empleados?search=87
--------------------------------------------------------------------------------
[2026-03-05 11:10:59] [DEPRECATED] session_set_save_handler(): Providing individual callbacks instead of an object implementing SessionHandlerInterface is deprecated en C:\tools\nginx\html\sistema_biometrico\index.php línea 50
URI: /.well-known/appspecific/com.chrome.devtools.json
--------------------------------------------------------------------------------
[2026-03-05 11:10:59] [DEPRECATED] session_set_save_handler(): Providing individual callbacks instead of an object implementing SessionHandlerInterface is deprecated en C:\tools\nginx\html\sistema_biometrico\index.php línea 50
URI: /sistema_biometrico/empleados?search=87
--------------------------------------------------------------------------------
[2026-03-05 11:10:59] [DEPRECATED] session_set_save_handler(): Providing individual callbacks instead of an object implementing SessionHandlerInterface is deprecated en C:\tools\nginx\html\sistema_biometrico\index.php línea 50
URI: /.well-known/appspecific/com.chrome.devtools.json
--------------------------------------------------------------------------------
[2026-03-05 11:10:59] [DEPRECATED] session_set_save_handler(): Providing individual callbacks instead of an object implementing SessionHandlerInterface is deprecated en C:\tools\nginx\html\sistema_biometrico\index.php línea 50
URI: /sistema_biometrico/empleados?search=87
--------------------------------------------------------------------------------
[2026-03-05 11:10:59] [DEPRECATED] session_set_save_handler(): Providing individual callbacks instead of an object implementing SessionHandlerInterface is deprecated en C:\tools\nginx\html\sistema_biometrico\index.php línea 50
URI: /.well-known/appspecific/com.chrome.devtools.json
--------------------------------------------------------------------------------
[2026-03-05 11:10:59] [DEPRECATED] session_set_save_handler(): Providing individual callbacks instead of an object implementing SessionHandlerInterface is deprecated en C:\tools\nginx\html\sistema_biometrico\index.php línea 50
URI: /sistema_biometrico/empleados?search=87
--------------------------------------------------------------------------------
[2026-03-05 11:10:59] [DEPRECATED] session_set_save_handler(): Providing individual callbacks instead of an object implementing SessionHandlerInterface is deprecated en C:\tools\nginx\html\sistema_biometrico\index.php línea 50
URI: /.well-known/appspecific/com.chrome.devtools.json
--------------------------------------------------------------------------------
[2026-03-05 11:10:59] [DEPRECATED] session_set_save_handler(): Providing individual callbacks instead of an object implementing SessionHandlerInterface is deprecated en C:\tools\nginx\html\sistema_biometrico\index.php línea 50
URI: /sistema_biometrico/empleados?search=87
--------------------------------------------------------------------------------
[2026-03-05 11:10:59] [DEPRECATED] session_set_save_handler(): Providing individual callbacks instead of an object implementing SessionHandlerInterface is deprecated en C:\tools\nginx\html\sistema_biometrico\index.php línea 50
URI: /.well-known/appspecific/com.chrome.devtools.json
--------------------------------------------------------------------------------
[2026-03-05 11:10:59] [DEPRECATED] session_set_save_handler(): Providing individual callbacks instead of an object implementing SessionHandlerInterface is deprecated en C:\tools\nginx\html\sistema_biometrico\index.php línea 50
URI: /sistema_biometrico/empleados?search=87
--------------------------------------------------------------------------------
[2026-03-05 11:11:00] [DEPRECATED] session_set_save_handler(): Providing individual callbacks instead of an object implementing SessionHandlerInterface is deprecated en C:\tools\nginx\html\sistema_biometrico\index.php línea 50
URI: /.well-known/appspecific/com.chrome.devtools.json
--------------------------------------------------------------------------------
[2026-03-05 11:11:00] [DEPRECATED] session_set_save_handler(): Providing individual callbacks instead of an object implementing SessionHandlerInterface is deprecated en C:\tools\nginx\html\sistema_biometrico\index.php línea 50
URI: /sistema_biometrico/empleados?search=87
--------------------------------------------------------------------------------
[2026-03-05 11:11:00] [DEPRECATED] session_set_save_handler(): Providing individual callbacks instead of an object implementing SessionHandlerInterface is deprecated en C:\tools\nginx\html\sistema_biometrico\index.php línea 50
URI: /.well-known/appspecific/com.chrome.devtools.json
--------------------------------------------------------------------------------
[2026-03-05 11:11:00] [DEPRECATED] session_set_save_handler(): Providing individual callbacks instead of an object implementing SessionHandlerInterface is deprecated en C:\tools\nginx\html\sistema_biometrico\index.php línea 50
URI: /sistema_biometrico/empleados?search=87
--------------------------------------------------------------------------------
[2026-03-05 11:11:00] [DEPRECATED] session_set_save_handler(): Providing individual callbacks instead of an object implementing SessionHandlerInterface is deprecated en C:\tools\nginx\html\sistema_biometrico\index.php línea 50
URI: /.well-known/appspecific/com.chrome.devtools.json
--------------------------------------------------------------------------------
[2026-03-05 11:11:00] [DEPRECATED] session_set_save_handler(): Providing individual callbacks instead of an object implementing SessionHandlerInterface is deprecated en C:\tools\nginx\html\sistema_biometrico\index.php línea 50
URI: /sistema_biometrico/empleados?search=87
--------------------------------------------------------------------------------
[2026-03-05 11:11:00] [DEPRECATED] session_set_save_handler(): Providing individual callbacks instead of an object implementing SessionHandlerInterface is deprecated en C:\tools\nginx\html\sistema_biometrico\index.php línea 50
URI: /.well-known/appspecific/com.chrome.devtools.json
--------------------------------------------------------------------------------
[2026-03-05 11:11:00] [DEPRECATED] session_set_save_handler(): Providing individual callbacks instead of an object implementing SessionHandlerInterface is deprecated en C:\tools\nginx\html\sistema_biometrico\index.php línea 50
URI: /sistema_biometrico/empleados?search=87
--------------------------------------------------------------------------------
[2026-03-05 11:11:00] [DEPRECATED] session_set_save_handler(): Providing individual callbacks instead of an object implementing SessionHandlerInterface is deprecated en C:\tools\nginx\html\sistema_biometrico\index.php línea 50
URI: /.well-known/appspecific/com.chrome.devtools.json
--------------------------------------------------------------------------------
[2026-03-05 11:11:00] [DEPRECATED] session_set_save_handler(): Providing individual callbacks instead of an object implementing SessionHandlerInterface is deprecated en C:\tools\nginx\html\sistema_biometrico\index.php línea 50
URI: /sistema_biometrico/empleados?search=87
--------------------------------------------------------------------------------
[2026-03-05 11:11:00] [DEPRECATED] session_set_save_handler(): Providing individual callbacks instead of an object implementing SessionHandlerInterface is deprecated en C:\tools\nginx\html\sistema_biometrico\index.php línea 50
URI: /.well-known/appspecific/com.chrome.devtools.json
--------------------------------------------------------------------------------
[2026-03-05 11:11:01] [DEPRECATED] session_set_save_handler(): Providing individual callbacks instead of an object implementing SessionHandlerInterface is deprecated en C:\tools\nginx\html\sistema_biometrico\index.php línea 50
URI: /sistema_biometrico/empleados?search=87
--------------------------------------------------------------------------------
[2026-03-05 11:11:01] [DEPRECATED] session_set_save_handler(): Providing individual callbacks instead of an object implementing SessionHandlerInterface is deprecated en C:\tools\nginx\html\sistema_biometrico\index.php línea 50
URI: /.well-known/appspecific/com.chrome.devtools.json
--------------------------------------------------------------------------------
[2026-03-05 11:11:01] [DEPRECATED] session_set_save_handler(): Providing individual callbacks instead of an object implementing SessionHandlerInterface is deprecated en C:\tools\nginx\html\sistema_biometrico\index.php línea 50
URI: /sistema_biometrico/empleados?search=87
--------------------------------------------------------------------------------
[2026-03-05 11:11:01] [DEPRECATED] session_set_save_handler(): Providing individual callbacks instead of an object implementing SessionHandlerInterface is deprecated en C:\tools\nginx\html\sistema_biometrico\index.php línea 50
URI: /.well-known/appspecific/com.chrome.devtools.json
--------------------------------------------------------------------------------
[2026-03-05 11:11:01] [DEPRECATED] session_set_save_handler(): Providing individual callbacks instead of an object implementing SessionHandlerInterface is deprecated en C:\tools\nginx\html\sistema_biometrico\index.php línea 50
URI: /sistema_biometrico/empleados?search=87
--------------------------------------------------------------------------------
[2026-03-05 11:11:01] [DEPRECATED] session_set_save_handler(): Providing individual callbacks instead of an object implementing SessionHandlerInterface is deprecated en C:\tools\nginx\html\sistema_biometrico\index.php línea 50
URI: /.well-known/appspecific/com.chrome.devtools.json
--------------------------------------------------------------------------------
[2026-03-05 11:11:03] [DEPRECATED] session_set_save_handler(): Providing individual callbacks instead of an object implementing SessionHandlerInterface is deprecated en C:\tools\nginx\html\sistema_biometrico\index.php línea 50
URI: /sistema_biometrico/empleados/datos-completos/87
--------------------------------------------------------------------------------
[2026-03-05 11:11:03] [DEPRECATED] session_set_save_handler(): Providing individual callbacks instead of an object implementing SessionHandlerInterface is deprecated en C:\tools\nginx\html\sistema_biometrico\index.php línea 50
URI: /sistema_biometrico/api/log-error
--------------------------------------------------------------------------------
[2026-03-05 11:11:03] [EXCEPTION] Error
Mensaje: Cannot use object of type Closure as array
URI: /sistema_biometrico/api/log-error
#0 {main}
[2026-03-05 11:21:50] [DEPRECATED] session_set_save_handler(): Providing individual callbacks instead of an object implementing SessionHandlerInterface is deprecated en C:\tools\nginx\html\sistema_biometrico\index.php línea 50
URI: /sistema_biometrico/empleados?search=106
--------------------------------------------------------------------------------
[2026-03-05 11:21:50] [DEPRECATED] session_set_save_handler(): Providing individual callbacks instead of an object implementing SessionHandlerInterface is deprecated en C:\tools\nginx\html\sistema_biometrico\index.php línea 50
URI: /sistema_biometrico/login
--------------------------------------------------------------------------------
[2026-03-05 11:21:50] [DEPRECATED] session_set_save_handler(): Providing individual callbacks instead of an object implementing SessionHandlerInterface is deprecated en C:\tools\nginx\html\sistema_biometrico\index.php línea 50
URI: /.well-known/appspecific/com.chrome.devtools.json
--------------------------------------------------------------------------------
[2026-03-05 11:21:50] [DEPRECATED] session_set_save_handler(): Providing individual callbacks instead of an object implementing SessionHandlerInterface is deprecated en C:\tools\nginx\html\sistema_biometrico\index.php línea 50
URI: /sistema_biometrico/login
--------------------------------------------------------------------------------
[2026-03-05 11:22:04] [DEPRECATED] session_set_save_handler(): Providing individual callbacks instead of an object implementing SessionHandlerInterface is deprecated en C:\tools\nginx\html\sistema_biometrico\index.php línea 50
URI: /sistema_biometrico/login
--------------------------------------------------------------------------------
[2026-03-05 11:22:04] [DEPRECATED] session_set_save_handler(): Providing individual callbacks instead of an object implementing SessionHandlerInterface is deprecated en C:\tools\nginx\html\sistema_biometrico\index.php línea 50
URI: /sistema_biometrico/dashboard
--------------------------------------------------------------------------------
[2026-03-05 11:22:07] [EXCEPTION] PDOException
Contexto: {"action":"index","section":"comisiones"}
Mensaje: SQLSTATE[42S22]: Column not found: 1054 Unknown column 'monto' in 'SELECT'
URI: /sistema_biometrico/dashboard
Archivo: C:\tools\nginx\html\sistema_biometrico\models\Comision.php Línea: 136
#0 C:\tools\nginx\html\sistema_biometrico\models\Comision.php(136): PDO->prepare('SELECT SUM(mont...')
#1 C:\tools\nginx\html\sistema_biometrico\controllers\DashboardController.php(81): Comision->getTotalComisiones(NULL, '03', '2026')
#2 C:\tools\nginx\html\sistema_biometrico\index.php(167): DashboardController->index()
#3 {main}
--------------------------------------------------------------------------------
[2026-03-05 11:22:07] [DEPRECATED] session_set_save_handler(): Providing individual callbacks instead of an object implementing SessionHandlerInterface is deprecated en C:\tools\nginx\html\sistema_biometrico\index.php línea 50
URI: /.well-known/appspecific/com.chrome.devtools.json
--------------------------------------------------------------------------------
[2026-03-05 11:22:09] [DEPRECATED] session_set_save_handler(): Providing individual callbacks instead of an object implementing SessionHandlerInterface is deprecated en C:\tools\nginx\html\sistema_biometrico\index.php línea 50
URI: /empleados
--------------------------------------------------------------------------------
[2026-03-05 11:22:09] [DEPRECATED] session_set_save_handler(): Providing individual callbacks instead of an object implementing SessionHandlerInterface is deprecated en C:\tools\nginx\html\sistema_biometrico\index.php línea 50
URI: /.well-known/appspecific/com.chrome.devtools.json
--------------------------------------------------------------------------------
[2026-03-05 11:22:12] [DEPRECATED] session_set_save_handler(): Providing individual callbacks instead of an object implementing SessionHandlerInterface is deprecated en C:\tools\nginx\html\sistema_biometrico\index.php línea 50
URI: /sistema_biometrico/empleados?search=106
--------------------------------------------------------------------------------
[2026-03-05 11:22:12] [DEPRECATED] session_set_save_handler(): Providing individual callbacks instead of an object implementing SessionHandlerInterface is deprecated en C:\tools\nginx\html\sistema_biometrico\index.php línea 50
URI: /.well-known/appspecific/com.chrome.devtools.json
--------------------------------------------------------------------------------
[2026-03-05 11:22:15] [DEPRECATED] session_set_save_handler(): Providing individual callbacks instead of an object implementing SessionHandlerInterface is deprecated en C:\tools\nginx\html\sistema_biometrico\index.php línea 50
URI: /sistema_biometrico/empleados/datos-completos/106
--------------------------------------------------------------------------------
[2026-03-05 11:22:15] [DEPRECATED] session_set_save_handler(): Providing individual callbacks instead of an object implementing SessionHandlerInterface is deprecated en C:\tools\nginx\html\sistema_biometrico\index.php línea 50
URI: /sistema_biometrico/api/log-error
--------------------------------------------------------------------------------
[2026-03-05 11:22:15] [EXCEPTION] Error
Mensaje: Cannot use object of type Closure as array
URI: /sistema_biometrico/api/log-error
#0 {main}
[2026-03-05 11:39:08] [DEPRECATED] session_set_save_handler(): Providing individual callbacks instead of an object implementing SessionHandlerInterface is deprecated en C:\tools\nginx\html\sistema_biometrico\index.php línea 50
URI: /sistema_biometrico/empleados/datos-completos/106
--------------------------------------------------------------------------------
[2026-03-05 11:39:08] [DEPRECATED] session_set_save_handler(): Providing individual callbacks instead of an object implementing SessionHandlerInterface is deprecated en C:\tools\nginx\html\sistema_biometrico\index.php línea 50
URI: /sistema_biometrico/api/log-error
--------------------------------------------------------------------------------
[2026-03-05 11:39:08] [EXCEPTION] Error
Mensaje: Cannot use object of type Closure as array
URI: /sistema_biometrico/api/log-error
#0 {main}
[2026-03-05 11:39:44] [DEPRECATED] session_set_save_handler(): Providing individual callbacks instead of an object implementing SessionHandlerInterface is deprecated en C:\tools\nginx\html\sistema_biometrico\index.php línea 50
URI: /sistema_biometrico/ciclos
--------------------------------------------------------------------------------
[2026-03-05 11:39:44] [DEPRECATED] session_set_save_handler(): Providing individual callbacks instead of an object implementing SessionHandlerInterface is deprecated en C:\tools\nginx\html\sistema_biometrico\index.php línea 50
URI: /.well-known/appspecific/com.chrome.devtools.json
--------------------------------------------------------------------------------
[2026-03-05 11:39:44] [DEPRECATED] session_set_save_handler(): Providing individual callbacks instead of an object implementing SessionHandlerInterface is deprecated en C:\tools\nginx\html\sistema_biometrico\index.php línea 50
URI: /sistema_biometrico/ciclos/json
--------------------------------------------------------------------------------
[2026-03-05 11:39:44] [DEPRECATED] session_set_save_handler(): Providing individual callbacks instead of an object implementing SessionHandlerInterface is deprecated en C:\tools\nginx\html\sistema_biometrico\index.php línea 50
URI: /sistema_biometrico/ciclos/horarios-catalogo
--------------------------------------------------------------------------------
[2026-03-05 11:39:45] [DEPRECATED] session_set_save_handler(): Providing individual callbacks instead of an object implementing SessionHandlerInterface is deprecated en C:\tools\nginx\html\sistema_biometrico\index.php línea 50
URI: /sistema_biometrico/ciclos/bloques/json/13?_=1772732385679
--------------------------------------------------------------------------------
[2026-03-05 11:39:52] [DEPRECATED] session_set_save_handler(): Providing individual callbacks instead of an object implementing SessionHandlerInterface is deprecated en C:\tools\nginx\html\sistema_biometrico\index.php línea 50
URI: /sistema_biometrico/ciclos/bloques/json/5?_=1772732392191
--------------------------------------------------------------------------------
[2026-03-05 11:39:54] [DEPRECATED] session_set_save_handler(): Providing individual callbacks instead of an object implementing SessionHandlerInterface is deprecated en C:\tools\nginx\html\sistema_biometrico\index.php línea 50
URI: /sistema_biometrico/ciclos/bloques/json/7?_=1772732394296
--------------------------------------------------------------------------------
[2026-03-05 11:39:56] [DEPRECATED] session_set_save_handler(): Providing individual callbacks instead of an object implementing SessionHandlerInterface is deprecated en C:\tools\nginx\html\sistema_biometrico\index.php línea 50
URI: /sistema_biometrico/ciclos/bloques/json/9?_=1772732396622
--------------------------------------------------------------------------------
[2026-03-05 11:41:41] [DEPRECATED] session_set_save_handler(): Providing individual callbacks instead of an object implementing SessionHandlerInterface is deprecated en C:\tools\nginx\html\sistema_biometrico\index.php línea 50
URI: /sistema_biometrico/ciclos/bloques/json/10?_=1772732501751
--------------------------------------------------------------------------------
[2026-03-05 11:41:44] [DEPRECATED] session_set_save_handler(): Providing individual callbacks instead of an object implementing SessionHandlerInterface is deprecated en C:\tools\nginx\html\sistema_biometrico\index.php línea 50
URI: /sistema_biometrico/ciclos/bloques/json/21?_=1772732504031
--------------------------------------------------------------------------------
[2026-03-05 11:41:45] [DEPRECATED] session_set_save_handler(): Providing individual callbacks instead of an object implementing SessionHandlerInterface is deprecated en C:\tools\nginx\html\sistema_biometrico\index.php línea 50
URI: /sistema_biometrico/ciclos/bloques/json/17?_=1772732505751
--------------------------------------------------------------------------------
[2026-03-05 11:43:04] [DEPRECATED] session_set_save_handler(): Providing individual callbacks instead of an object implementing SessionHandlerInterface is deprecated en C:\tools\nginx\html\sistema_biometrico\index.php línea 50
URI: /sistema_biometrico/ciclos/bloques/json/20?_=1772732584864
--------------------------------------------------------------------------------
[2026-03-05 11:43:07] [DEPRECATED] session_set_save_handler(): Providing individual callbacks instead of an object implementing SessionHandlerInterface is deprecated en C:\tools\nginx\html\sistema_biometrico\index.php línea 50
URI: /sistema_biometrico/ciclos/bloques/json/6?_=1772732587174
--------------------------------------------------------------------------------
[2026-03-05 11:43:16] [DEPRECATED] session_set_save_handler(): Providing individual callbacks instead of an object implementing SessionHandlerInterface is deprecated en C:\tools\nginx\html\sistema_biometrico\index.php línea 50
URI: /sistema_biometrico/ciclos/bloques/json/12?_=1772732596854
--------------------------------------------------------------------------------
[2026-03-05 11:43:19] [DEPRECATED] session_set_save_handler(): Providing individual callbacks instead of an object implementing SessionHandlerInterface is deprecated en C:\tools\nginx\html\sistema_biometrico\index.php línea 50
URI: /sistema_biometrico/ciclos/bloques/json/8?_=1772732599167
--------------------------------------------------------------------------------
[2026-03-05 11:43:22] [DEPRECATED] session_set_save_handler(): Providing individual callbacks instead of an object implementing SessionHandlerInterface is deprecated en C:\tools\nginx\html\sistema_biometrico\index.php línea 50
URI: /sistema_biometrico/ciclos/bloques/json/19?_=1772732602069
--------------------------------------------------------------------------------
[2026-03-05 11:43:24] [DEPRECATED] session_set_save_handler(): Providing individual callbacks instead of an object implementing SessionHandlerInterface is deprecated en C:\tools\nginx\html\sistema_biometrico\index.php línea 50
URI: /sistema_biometrico/ciclos/bloques/json/11?_=1772732604486
--------------------------------------------------------------------------------
[2026-03-05 11:43:32] [DEPRECATED] session_set_save_handler(): Providing individual callbacks instead of an object implementing SessionHandlerInterface is deprecated en C:\tools\nginx\html\sistema_biometrico\index.php línea 50
URI: /sistema_biometrico/empleados
--------------------------------------------------------------------------------
[2026-03-05 11:43:32] [DEPRECATED] session_set_save_handler(): Providing individual callbacks instead of an object implementing SessionHandlerInterface is deprecated en C:\tools\nginx\html\sistema_biometrico\index.php línea 50
URI: /.well-known/appspecific/com.chrome.devtools.json
--------------------------------------------------------------------------------
[2026-03-05 11:43:37] [DEPRECATED] session_set_save_handler(): Providing individual callbacks instead of an object implementing SessionHandlerInterface is deprecated en C:\tools\nginx\html\sistema_biometrico\index.php línea 50
URI: /sistema_biometrico/empleados?search=106
--------------------------------------------------------------------------------
[2026-03-05 11:43:38] [DEPRECATED] session_set_save_handler(): Providing individual callbacks instead of an object implementing SessionHandlerInterface is deprecated en C:\tools\nginx\html\sistema_biometrico\index.php línea 50
URI: /.well-known/appspecific/com.chrome.devtools.json
--------------------------------------------------------------------------------
[2026-03-05 11:43:39] [DEPRECATED] session_set_save_handler(): Providing individual callbacks instead of an object implementing SessionHandlerInterface is deprecated en C:\tools\nginx\html\sistema_biometrico\index.php línea 50
URI: /sistema_biometrico/empleados/datos-completos/106
--------------------------------------------------------------------------------
[2026-03-05 11:43:39] [DEPRECATED] session_set_save_handler(): Providing individual callbacks instead of an object implementing SessionHandlerInterface is deprecated en C:\tools\nginx\html\sistema_biometrico\index.php línea 50
URI: /sistema_biometrico/api/log-error
--------------------------------------------------------------------------------
[2026-03-05 11:43:39] [EXCEPTION] Error
Mensaje: Cannot use object of type Closure as array
URI: /sistema_biometrico/api/log-error
#0 {main}
[2026-03-05 11:43:55] [DEPRECATED] session_set_save_handler(): Providing individual callbacks instead of an object implementing SessionHandlerInterface is deprecated en C:\tools\nginx\html\sistema_biometrico\index.php línea 50
URI: /sistema_biometrico/horarios/asignar-ciclo-empleado
--------------------------------------------------------------------------------
[2026-03-05 11:43:55] [DEPRECATED] session_set_save_handler(): Providing individual callbacks instead of an object implementing SessionHandlerInterface is deprecated en C:\tools\nginx\html\sistema_biometrico\index.php línea 50
URI: /sistema_biometrico/empleados/datos-completos/106
--------------------------------------------------------------------------------
[2026-03-05 11:43:55] [DEPRECATED] session_set_save_handler(): Providing individual callbacks instead of an object implementing SessionHandlerInterface is deprecated en C:\tools\nginx\html\sistema_biometrico\index.php línea 50
URI: /sistema_biometrico/api/log-error
--------------------------------------------------------------------------------
[2026-03-05 11:43:55] [EXCEPTION] Error
Mensaje: Cannot use object of type Closure as array
URI: /sistema_biometrico/api/log-error
#0 {main}
[2026-03-05 11:44:13] [DEPRECATED] session_set_save_handler(): Providing individual callbacks instead of an object implementing SessionHandlerInterface is deprecated en C:\tools\nginx\html\sistema_biometrico\index.php línea 50
URI: /sistema_biometrico/empleados?search=106
--------------------------------------------------------------------------------
[2026-03-05 11:44:13] [DEPRECATED] session_set_save_handler(): Providing individual callbacks instead of an object implementing SessionHandlerInterface is deprecated en C:\tools\nginx\html\sistema_biometrico\index.php línea 50
URI: /.well-known/appspecific/com.chrome.devtools.json
--------------------------------------------------------------------------------
[2026-03-05 11:49:06] [DEPRECATED] session_set_save_handler(): Providing individual callbacks instead of an object implementing SessionHandlerInterface is deprecated en C:\tools\nginx\html\sistema_biometrico\index.php línea 50
URI: /sistema_biometrico/empleados/datos-completos/106
--------------------------------------------------------------------------------
[2026-03-05 11:49:06] [DEPRECATED] session_set_save_handler(): Providing individual callbacks instead of an object implementing SessionHandlerInterface is deprecated en C:\tools\nginx\html\sistema_biometrico\index.php línea 50
URI: /sistema_biometrico/api/log-error
--------------------------------------------------------------------------------
[2026-03-05 11:49:06] [EXCEPTION] Error
Mensaje: Cannot use object of type Closure as array
URI: /sistema_biometrico/api/log-error
#0 {main}
[2026-03-05 11:55:00] [DEPRECATED] session_set_save_handler(): Providing individual callbacks instead of an object implementing SessionHandlerInterface is deprecated en C:\tools\nginx\html\sistema_biometrico\index.php línea 50
URI: /sistema_biometrico/empleados/datos-completos/106
--------------------------------------------------------------------------------
[2026-03-05 11:55:00] [DEPRECATED] session_set_save_handler(): Providing individual callbacks instead of an object implementing SessionHandlerInterface is deprecated en C:\tools\nginx\html\sistema_biometrico\index.php línea 50
URI: /sistema_biometrico/api/log-error
--------------------------------------------------------------------------------
[2026-03-05 11:55:00] [EXCEPTION] Error
Mensaje: Cannot use object of type Closure as array
URI: /sistema_biometrico/api/log-error
#0 {main}
[2026-03-05 11:55:29] [DEPRECATED] session_set_save_handler(): Providing individual callbacks instead of an object implementing SessionHandlerInterface is deprecated en C:\tools\nginx\html\sistema_biometrico\index.php línea 50
URI: /sistema_biometrico/ciclos
--------------------------------------------------------------------------------
[2026-03-05 11:55:30] [DEPRECATED] session_set_save_handler(): Providing individual callbacks instead of an object implementing SessionHandlerInterface is deprecated en C:\tools\nginx\html\sistema_biometrico\index.php línea 50
URI: /.well-known/appspecific/com.chrome.devtools.json
--------------------------------------------------------------------------------
[2026-03-05 11:55:30] [DEPRECATED] session_set_save_handler(): Providing individual callbacks instead of an object implementing SessionHandlerInterface is deprecated en C:\tools\nginx\html\sistema_biometrico\index.php línea 50
URI: /sistema_biometrico/ciclos/json
--------------------------------------------------------------------------------
[2026-03-05 11:55:30] [DEPRECATED] session_set_save_handler(): Providing individual callbacks instead of an object implementing SessionHandlerInterface is deprecated en C:\tools\nginx\html\sistema_biometrico\index.php línea 50
URI: /sistema_biometrico/ciclos/horarios-catalogo
--------------------------------------------------------------------------------
[2026-03-05 11:55:33] [DEPRECATED] session_set_save_handler(): Providing individual callbacks instead of an object implementing SessionHandlerInterface is deprecated en C:\tools\nginx\html\sistema_biometrico\index.php línea 50
URI: /sistema_biometrico/empleados
--------------------------------------------------------------------------------
[2026-03-05 11:55:33] [DEPRECATED] session_set_save_handler(): Providing individual callbacks instead of an object implementing SessionHandlerInterface is deprecated en C:\tools\nginx\html\sistema_biometrico\index.php línea 50
URI: /.well-known/appspecific/com.chrome.devtools.json
--------------------------------------------------------------------------------
[2026-03-05 12:16:00] [DEPRECATED] session_set_save_handler(): Providing individual callbacks instead of an object implementing SessionHandlerInterface is deprecated en C:\tools\nginx\html\sistema_biometrico\index.php línea 50
URI: /sistema_biometrico/empleados/datos-completos/4
--------------------------------------------------------------------------------
[2026-03-05 12:16:00] [DEPRECATED] session_set_save_handler(): Providing individual callbacks instead of an object implementing SessionHandlerInterface is deprecated en C:\tools\nginx\html\sistema_biometrico\index.php línea 50
URI: /sistema_biometrico/api/log-error
--------------------------------------------------------------------------------
[2026-03-05 12:16:00] [EXCEPTION] Error
Mensaje: Cannot use object of type Closure as array
URI: /sistema_biometrico/api/log-error
#0 {main}
[2026-03-05 12:16:30] [DEPRECATED] session_set_save_handler(): Providing individual callbacks instead of an object implementing SessionHandlerInterface is deprecated en C:\tools\nginx\html\sistema_biometrico\index.php línea 50
URI: /sistema_biometrico/empleados?search=106
--------------------------------------------------------------------------------
[2026-03-05 12:16:30] [DEPRECATED] session_set_save_handler(): Providing individual callbacks instead of an object implementing SessionHandlerInterface is deprecated en C:\tools\nginx\html\sistema_biometrico\index.php línea 50
URI: /.well-known/appspecific/com.chrome.devtools.json
--------------------------------------------------------------------------------
[2026-03-05 12:16:32] [DEPRECATED] session_set_save_handler(): Providing individual callbacks instead of an object implementing SessionHandlerInterface is deprecated en C:\tools\nginx\html\sistema_biometrico\index.php línea 50
URI: /sistema_biometrico/empleados/datos-completos/106
--------------------------------------------------------------------------------
[2026-03-05 12:16:32] [DEPRECATED] session_set_save_handler(): Providing individual callbacks instead of an object implementing SessionHandlerInterface is deprecated en C:\tools\nginx\html\sistema_biometrico\index.php línea 50
URI: /sistema_biometrico/api/log-error
--------------------------------------------------------------------------------
[2026-03-05 12:16:32] [EXCEPTION] Error
Mensaje: Cannot use object of type Closure as array
URI: /sistema_biometrico/api/log-error
#0 {main}
[2026-03-05 12:20:29] [DEPRECATED] session_set_save_handler(): Providing individual callbacks instead of an object implementing SessionHandlerInterface is deprecated en C:\tools\nginx\html\sistema_biometrico\index.php línea 50
URI: /sistema_biometrico/empleados?search=106
--------------------------------------------------------------------------------
[2026-03-05 12:20:29] [DEPRECATED] session_set_save_handler(): Providing individual callbacks instead of an object implementing SessionHandlerInterface is deprecated en C:\tools\nginx\html\sistema_biometrico\index.php línea 50
URI: /.well-known/appspecific/com.chrome.devtools.json
--------------------------------------------------------------------------------
[2026-03-05 12:20:29] [DEPRECATED] session_set_save_handler(): Providing individual callbacks instead of an object implementing SessionHandlerInterface is deprecated en C:\tools\nginx\html\sistema_biometrico\index.php línea 50
URI: /sistema_biometrico/empleados?search=106
--------------------------------------------------------------------------------
[2026-03-05 12:20:29] [DEPRECATED] session_set_save_handler(): Providing individual callbacks instead of an object implementing SessionHandlerInterface is deprecated en C:\tools\nginx\html\sistema_biometrico\index.php línea 50
URI: /.well-known/appspecific/com.chrome.devtools.json
--------------------------------------------------------------------------------
[2026-03-05 12:20:29] [DEPRECATED] session_set_save_handler(): Providing individual callbacks instead of an object implementing SessionHandlerInterface is deprecated en C:\tools\nginx\html\sistema_biometrico\index.php línea 50
URI: /sistema_biometrico/empleados?search=106
--------------------------------------------------------------------------------
[2026-03-05 12:20:30] [DEPRECATED] session_set_save_handler(): Providing individual callbacks instead of an object implementing SessionHandlerInterface is deprecated en C:\tools\nginx\html\sistema_biometrico\index.php línea 50
URI: /.well-known/appspecific/com.chrome.devtools.json
--------------------------------------------------------------------------------
[2026-03-05 12:20:30] [DEPRECATED] session_set_save_handler(): Providing individual callbacks instead of an object implementing SessionHandlerInterface is deprecated en C:\tools\nginx\html\sistema_biometrico\index.php línea 50
URI: /sistema_biometrico/empleados?search=106
--------------------------------------------------------------------------------
[2026-03-05 12:20:30] [DEPRECATED] session_set_save_handler(): Providing individual callbacks instead of an object implementing SessionHandlerInterface is deprecated en C:\tools\nginx\html\sistema_biometrico\index.php línea 50
URI: /.well-known/appspecific/com.chrome.devtools.json
--------------------------------------------------------------------------------
[2026-03-05 12:20:30] [DEPRECATED] session_set_save_handler(): Providing individual callbacks instead of an object implementing SessionHandlerInterface is deprecated en C:\tools\nginx\html\sistema_biometrico\index.php línea 50
URI: /sistema_biometrico/empleados?search=106
--------------------------------------------------------------------------------
[2026-03-05 12:20:30] [DEPRECATED] session_set_save_handler(): Providing individual callbacks instead of an object implementing SessionHandlerInterface is deprecated en C:\tools\nginx\html\sistema_biometrico\index.php línea 50
URI: /.well-known/appspecific/com.chrome.devtools.json
--------------------------------------------------------------------------------
[2026-03-05 12:20:30] [DEPRECATED] session_set_save_handler(): Providing individual callbacks instead of an object implementing SessionHandlerInterface is deprecated en C:\tools\nginx\html\sistema_biometrico\index.php línea 50
URI: /sistema_biometrico/empleados?search=106
--------------------------------------------------------------------------------
[2026-03-05 12:20:30] [DEPRECATED] session_set_save_handler(): Providing individual callbacks instead of an object implementing SessionHandlerInterface is deprecated en C:\tools\nginx\html\sistema_biometrico\index.php línea 50
URI: /.well-known/appspecific/com.chrome.devtools.json
--------------------------------------------------------------------------------
[2026-03-05 12:20:30] [DEPRECATED] session_set_save_handler(): Providing individual callbacks instead of an object implementing SessionHandlerInterface is deprecated en C:\tools\nginx\html\sistema_biometrico\index.php línea 50
URI: /sistema_biometrico/empleados?search=106
--------------------------------------------------------------------------------
[2026-03-05 12:20:30] [DEPRECATED] session_set_save_handler(): Providing individual callbacks instead of an object implementing SessionHandlerInterface is deprecated en C:\tools\nginx\html\sistema_biometrico\index.php línea 50
URI: /.well-known/appspecific/com.chrome.devtools.json
--------------------------------------------------------------------------------
[2026-03-05 12:20:31] [DEPRECATED] session_set_save_handler(): Providing individual callbacks instead of an object implementing SessionHandlerInterface is deprecated en C:\tools\nginx\html\sistema_biometrico\index.php línea 50
URI: /sistema_biometrico/empleados?search=106
--------------------------------------------------------------------------------
[2026-03-05 12:20:31] [DEPRECATED] session_set_save_handler(): Providing individual callbacks instead of an object implementing SessionHandlerInterface is deprecated en C:\tools\nginx\html\sistema_biometrico\index.php línea 50
URI: /.well-known/appspecific/com.chrome.devtools.json
--------------------------------------------------------------------------------
[2026-03-05 12:20:31] [DEPRECATED] session_set_save_handler(): Providing individual callbacks instead of an object implementing SessionHandlerInterface is deprecated en C:\tools\nginx\html\sistema_biometrico\index.php línea 50
URI: /sistema_biometrico/empleados?search=106
--------------------------------------------------------------------------------
[2026-03-05 12:20:31] [DEPRECATED] session_set_save_handler(): Providing individual callbacks instead of an object implementing SessionHandlerInterface is deprecated en C:\tools\nginx\html\sistema_biometrico\index.php línea 50
URI: /.well-known/appspecific/com.chrome.devtools.json
--------------------------------------------------------------------------------
[2026-03-05 12:20:31] [DEPRECATED] session_set_save_handler(): Providing individual callbacks instead of an object implementing SessionHandlerInterface is deprecated en C:\tools\nginx\html\sistema_biometrico\index.php línea 50
URI: /sistema_biometrico/empleados?search=106
--------------------------------------------------------------------------------
[2026-03-05 12:20:31] [DEPRECATED] session_set_save_handler(): Providing individual callbacks instead of an object implementing SessionHandlerInterface is deprecated en C:\tools\nginx\html\sistema_biometrico\index.php línea 50
URI: /.well-known/appspecific/com.chrome.devtools.json
--------------------------------------------------------------------------------
[2026-03-05 12:20:31] [DEPRECATED] session_set_save_handler(): Providing individual callbacks instead of an object implementing SessionHandlerInterface is deprecated en C:\tools\nginx\html\sistema_biometrico\index.php línea 50
URI: /sistema_biometrico/empleados?search=106
--------------------------------------------------------------------------------
[2026-03-05 12:20:31] [DEPRECATED] session_set_save_handler(): Providing individual callbacks instead of an object implementing SessionHandlerInterface is deprecated en C:\tools\nginx\html\sistema_biometrico\index.php línea 50
URI: /.well-known/appspecific/com.chrome.devtools.json
--------------------------------------------------------------------------------
[2026-03-05 12:20:31] [DEPRECATED] session_set_save_handler(): Providing individual callbacks instead of an object implementing SessionHandlerInterface is deprecated en C:\tools\nginx\html\sistema_biometrico\index.php línea 50
URI: /sistema_biometrico/empleados?search=106
--------------------------------------------------------------------------------
[2026-03-05 12:20:31] [DEPRECATED] session_set_save_handler(): Providing individual callbacks instead of an object implementing SessionHandlerInterface is deprecated en C:\tools\nginx\html\sistema_biometrico\index.php línea 50
URI: /.well-known/appspecific/com.chrome.devtools.json
--------------------------------------------------------------------------------
[2026-03-05 12:20:31] [DEPRECATED] session_set_save_handler(): Providing individual callbacks instead of an object implementing SessionHandlerInterface is deprecated en C:\tools\nginx\html\sistema_biometrico\index.php línea 50
URI: /sistema_biometrico/empleados?search=106
--------------------------------------------------------------------------------
[2026-03-05 12:20:32] [DEPRECATED] session_set_save_handler(): Providing individual callbacks instead of an object implementing SessionHandlerInterface is deprecated en C:\tools\nginx\html\sistema_biometrico\index.php línea 50
URI: /.well-known/appspecific/com.chrome.devtools.json
--------------------------------------------------------------------------------
[2026-03-05 12:20:32] [DEPRECATED] session_set_save_handler(): Providing individual callbacks instead of an object implementing SessionHandlerInterface is deprecated en C:\tools\nginx\html\sistema_biometrico\index.php línea 50
URI: /sistema_biometrico/empleados?search=106
--------------------------------------------------------------------------------
[2026-03-05 12:20:32] [DEPRECATED] session_set_save_handler(): Providing individual callbacks instead of an object implementing SessionHandlerInterface is deprecated en C:\tools\nginx\html\sistema_biometrico\index.php línea 50
URI: /.well-known/appspecific/com.chrome.devtools.json
--------------------------------------------------------------------------------
[2026-03-05 12:20:32] [DEPRECATED] session_set_save_handler(): Providing individual callbacks instead of an object implementing SessionHandlerInterface is deprecated en C:\tools\nginx\html\sistema_biometrico\index.php línea 50
URI: /sistema_biometrico/empleados?search=106
--------------------------------------------------------------------------------
[2026-03-05 12:20:32] [DEPRECATED] session_set_save_handler(): Providing individual callbacks instead of an object implementing SessionHandlerInterface is deprecated en C:\tools\nginx\html\sistema_biometrico\index.php línea 50
URI: /.well-known/appspecific/com.chrome.devtools.json
--------------------------------------------------------------------------------
[2026-03-05 12:20:32] [DEPRECATED] session_set_save_handler(): Providing individual callbacks instead of an object implementing SessionHandlerInterface is deprecated en C:\tools\nginx\html\sistema_biometrico\index.php línea 50
URI: /sistema_biometrico/empleados?search=106
--------------------------------------------------------------------------------
[2026-03-05 12:20:32] [DEPRECATED] session_set_save_handler(): Providing individual callbacks instead of an object implementing SessionHandlerInterface is deprecated en C:\tools\nginx\html\sistema_biometrico\index.php línea 50
URI: /.well-known/appspecific/com.chrome.devtools.json
--------------------------------------------------------------------------------
[2026-03-05 12:20:32] [DEPRECATED] session_set_save_handler(): Providing individual callbacks instead of an object implementing SessionHandlerInterface is deprecated en C:\tools\nginx\html\sistema_biometrico\index.php línea 50
URI: /sistema_biometrico/empleados?search=106
--------------------------------------------------------------------------------
[2026-03-05 12:20:32] [DEPRECATED] session_set_save_handler(): Providing individual callbacks instead of an object implementing SessionHandlerInterface is deprecated en C:\tools\nginx\html\sistema_biometrico\index.php línea 50
URI: /.well-known/appspecific/com.chrome.devtools.json
--------------------------------------------------------------------------------
[2026-03-05 12:20:32] [DEPRECATED] session_set_save_handler(): Providing individual callbacks instead of an object implementing SessionHandlerInterface is deprecated en C:\tools\nginx\html\sistema_biometrico\index.php línea 50
URI: /sistema_biometrico/empleados?search=106
--------------------------------------------------------------------------------
[2026-03-05 12:20:32] [DEPRECATED] session_set_save_handler(): Providing individual callbacks instead of an object implementing SessionHandlerInterface is deprecated en C:\tools\nginx\html\sistema_biometrico\index.php línea 50
URI: /.well-known/appspecific/com.chrome.devtools.json
--------------------------------------------------------------------------------
[2026-03-05 12:20:33] [DEPRECATED] session_set_save_handler(): Providing individual callbacks instead of an object implementing SessionHandlerInterface is deprecated en C:\tools\nginx\html\sistema_biometrico\index.php línea 50
URI: /sistema_biometrico/empleados?search=106
--------------------------------------------------------------------------------
[2026-03-05 12:20:33] [DEPRECATED] session_set_save_handler(): Providing individual callbacks instead of an object implementing SessionHandlerInterface is deprecated en C:\tools\nginx\html\sistema_biometrico\index.php línea 50
URI: /.well-known/appspecific/com.chrome.devtools.json
--------------------------------------------------------------------------------
[2026-03-05 12:20:33] [DEPRECATED] session_set_save_handler(): Providing individual callbacks instead of an object implementing SessionHandlerInterface is deprecated en C:\tools\nginx\html\sistema_biometrico\index.php línea 50
URI: /sistema_biometrico/empleados?search=106
--------------------------------------------------------------------------------
[2026-03-05 12:20:33] [DEPRECATED] session_set_save_handler(): Providing individual callbacks instead of an object implementing SessionHandlerInterface is deprecated en C:\tools\nginx\html\sistema_biometrico\index.php línea 50
URI: /.well-known/appspecific/com.chrome.devtools.json
--------------------------------------------------------------------------------
[2026-03-05 12:20:33] [DEPRECATED] session_set_save_handler(): Providing individual callbacks instead of an object implementing SessionHandlerInterface is deprecated en C:\tools\nginx\html\sistema_biometrico\index.php línea 50
URI: /sistema_biometrico/empleados?search=106
--------------------------------------------------------------------------------
[2026-03-05 12:20:33] [DEPRECATED] session_set_save_handler(): Providing individual callbacks instead of an object implementing SessionHandlerInterface is deprecated en C:\tools\nginx\html\sistema_biometrico\index.php línea 50
URI: /.well-known/appspecific/com.chrome.devtools.json
--------------------------------------------------------------------------------
[2026-03-05 12:20:33] [DEPRECATED] session_set_save_handler(): Providing individual callbacks instead of an object implementing SessionHandlerInterface is deprecated en C:\tools\nginx\html\sistema_biometrico\index.php línea 50
URI: /sistema_biometrico/empleados?search=106
--------------------------------------------------------------------------------
[2026-03-05 12:20:33] [DEPRECATED] session_set_save_handler(): Providing individual callbacks instead of an object implementing SessionHandlerInterface is deprecated en C:\tools\nginx\html\sistema_biometrico\index.php línea 50
URI: /.well-known/appspecific/com.chrome.devtools.json
--------------------------------------------------------------------------------
[2026-03-05 12:20:33] [DEPRECATED] session_set_save_handler(): Providing individual callbacks instead of an object implementing SessionHandlerInterface is deprecated en C:\tools\nginx\html\sistema_biometrico\index.php línea 50
URI: /sistema_biometrico/empleados?search=106
--------------------------------------------------------------------------------
[2026-03-05 12:20:33] [DEPRECATED] session_set_save_handler(): Providing individual callbacks instead of an object implementing SessionHandlerInterface is deprecated en C:\tools\nginx\html\sistema_biometrico\index.php línea 50
URI: /.well-known/appspecific/com.chrome.devtools.json
--------------------------------------------------------------------------------
[2026-03-05 12:20:33] [DEPRECATED] session_set_save_handler(): Providing individual callbacks instead of an object implementing SessionHandlerInterface is deprecated en C:\tools\nginx\html\sistema_biometrico\index.php línea 50
URI: /sistema_biometrico/empleados?search=106
--------------------------------------------------------------------------------
[2026-03-05 12:20:34] [DEPRECATED] session_set_save_handler(): Providing individual callbacks instead of an object implementing SessionHandlerInterface is deprecated en C:\tools\nginx\html\sistema_biometrico\index.php línea 50
URI: /.well-known/appspecific/com.chrome.devtools.json
--------------------------------------------------------------------------------
[2026-03-05 12:20:34] [DEPRECATED] session_set_save_handler(): Providing individual callbacks instead of an object implementing SessionHandlerInterface is deprecated en C:\tools\nginx\html\sistema_biometrico\index.php línea 50
URI: /sistema_biometrico/empleados?search=106
--------------------------------------------------------------------------------
[2026-03-05 12:20:34] [DEPRECATED] session_set_save_handler(): Providing individual callbacks instead of an object implementing SessionHandlerInterface is deprecated en C:\tools\nginx\html\sistema_biometrico\index.php línea 50
URI: /.well-known/appspecific/com.chrome.devtools.json
--------------------------------------------------------------------------------
[2026-03-05 12:20:34] [DEPRECATED] session_set_save_handler(): Providing individual callbacks instead of an object implementing SessionHandlerInterface is deprecated en C:\tools\nginx\html\sistema_biometrico\index.php línea 50
URI: /sistema_biometrico/empleados?search=106
--------------------------------------------------------------------------------
[2026-03-05 12:20:34] [DEPRECATED] session_set_save_handler(): Providing individual callbacks instead of an object implementing SessionHandlerInterface is deprecated en C:\tools\nginx\html\sistema_biometrico\index.php línea 50
URI: /.well-known/appspecific/com.chrome.devtools.json
--------------------------------------------------------------------------------
[2026-03-05 12:20:34] [DEPRECATED] session_set_save_handler(): Providing individual callbacks instead of an object implementing SessionHandlerInterface is deprecated en C:\tools\nginx\html\sistema_biometrico\index.php línea 50
URI: /sistema_biometrico/empleados?search=106
--------------------------------------------------------------------------------
[2026-03-05 12:20:34] [DEPRECATED] session_set_save_handler(): Providing individual callbacks instead of an object implementing SessionHandlerInterface is deprecated en C:\tools\nginx\html\sistema_biometrico\index.php línea 50
URI: /.well-known/appspecific/com.chrome.devtools.json
--------------------------------------------------------------------------------
[2026-03-05 12:20:34] [DEPRECATED] session_set_save_handler(): Providing individual callbacks instead of an object implementing SessionHandlerInterface is deprecated en C:\tools\nginx\html\sistema_biometrico\index.php línea 50
URI: /sistema_biometrico/empleados?search=106
--------------------------------------------------------------------------------
[2026-03-05 12:20:34] [DEPRECATED] session_set_save_handler(): Providing individual callbacks instead of an object implementing SessionHandlerInterface is deprecated en C:\tools\nginx\html\sistema_biometrico\index.php línea 50
URI: /.well-known/appspecific/com.chrome.devtools.json
--------------------------------------------------------------------------------
[2026-03-05 12:20:34] [DEPRECATED] session_set_save_handler(): Providing individual callbacks instead of an object implementing SessionHandlerInterface is deprecated en C:\tools\nginx\html\sistema_biometrico\index.php línea 50
URI: /sistema_biometrico/empleados?search=106
--------------------------------------------------------------------------------
[2026-03-05 12:20:34] [DEPRECATED] session_set_save_handler(): Providing individual callbacks instead of an object implementing SessionHandlerInterface is deprecated en C:\tools\nginx\html\sistema_biometrico\index.php línea 50
URI: /.well-known/appspecific/com.chrome.devtools.json
--------------------------------------------------------------------------------
[2026-03-05 12:20:35] [DEPRECATED] session_set_save_handler(): Providing individual callbacks instead of an object implementing SessionHandlerInterface is deprecated en C:\tools\nginx\html\sistema_biometrico\index.php línea 50
URI: /sistema_biometrico/empleados?search=106
--------------------------------------------------------------------------------
[2026-03-05 12:20:35] [DEPRECATED] session_set_save_handler(): Providing individual callbacks instead of an object implementing SessionHandlerInterface is deprecated en C:\tools\nginx\html\sistema_biometrico\index.php línea 50
URI: /.well-known/appspecific/com.chrome.devtools.json
--------------------------------------------------------------------------------
[2026-03-05 12:20:35] [DEPRECATED] session_set_save_handler(): Providing individual callbacks instead of an object implementing SessionHandlerInterface is deprecated en C:\tools\nginx\html\sistema_biometrico\index.php línea 50
URI: /sistema_biometrico/empleados?search=106
--------------------------------------------------------------------------------
[2026-03-05 12:20:35] [DEPRECATED] session_set_save_handler(): Providing individual callbacks instead of an object implementing SessionHandlerInterface is deprecated en C:\tools\nginx\html\sistema_biometrico\index.php línea 50
URI: /.well-known/appspecific/com.chrome.devtools.json
--------------------------------------------------------------------------------
[2026-03-05 12:20:36] [DEPRECATED] session_set_save_handler(): Providing individual callbacks instead of an object implementing SessionHandlerInterface is deprecated en C:\tools\nginx\html\sistema_biometrico\index.php línea 50
URI: /sistema_biometrico/empleados/datos-completos/106
--------------------------------------------------------------------------------
[2026-03-05 12:20:36] [DEPRECATED] session_set_save_handler(): Providing individual callbacks instead of an object implementing SessionHandlerInterface is deprecated en C:\tools\nginx\html\sistema_biometrico\index.php línea 50
URI: /sistema_biometrico/api/log-error
--------------------------------------------------------------------------------
[2026-03-05 12:20:36] [EXCEPTION] Error
Mensaje: Cannot use object of type Closure as array
URI: /sistema_biometrico/api/log-error
#0 {main}
[2026-03-05 12:22:07] [DEPRECATED] session_set_save_handler(): Providing individual callbacks instead of an object implementing SessionHandlerInterface is deprecated en C:\tools\nginx\html\sistema_biometrico\index.php línea 50
URI: /sistema_biometrico/configuracion
--------------------------------------------------------------------------------
[2026-03-05 12:22:07] [DEPRECATED] session_set_save_handler(): Providing individual callbacks instead of an object implementing SessionHandlerInterface is deprecated en C:\tools\nginx\html\sistema_biometrico\index.php línea 50
URI: /.well-known/appspecific/com.chrome.devtools.json
--------------------------------------------------------------------------------
[2026-03-05 12:22:07] [DEPRECATED] session_set_save_handler(): Providing individual callbacks instead of an object implementing SessionHandlerInterface is deprecated en C:\tools\nginx\html\sistema_biometrico\index.php línea 50
URI: /sistema_biometrico/configuracion/getRecentHistory
--------------------------------------------------------------------------------
[2026-03-05 12:33:55] [DEPRECATED] session_set_save_handler(): Providing individual callbacks instead of an object implementing SessionHandlerInterface is deprecated en C:\tools\nginx\html\sistema_biometrico\index.php línea 50
URI: /
--------------------------------------------------------------------------------
[2026-03-05 12:33:55] [DEPRECATED] session_set_save_handler(): Providing individual callbacks instead of an object implementing SessionHandlerInterface is deprecated en C:\tools\nginx\html\sistema_biometrico\index.php línea 50
URI: /sistema_biometrico/login
--------------------------------------------------------------------------------
[2026-03-05 12:33:55] [DEPRECATED] session_set_save_handler(): Providing individual callbacks instead of an object implementing SessionHandlerInterface is deprecated en C:\tools\nginx\html\sistema_biometrico\index.php línea 50
URI: /sistema_biometrico/assets/css/modals.css
--------------------------------------------------------------------------------
[2026-03-05 12:33:55] [DEPRECATED] session_set_save_handler(): Providing individual callbacks instead of an object implementing SessionHandlerInterface is deprecated en C:\tools\nginx\html\sistema_biometrico\index.php línea 50
URI: /sistema_biometrico/assets/css/empleados.css
--------------------------------------------------------------------------------
[2026-03-05 12:33:55] [DEPRECATED] session_set_save_handler(): Providing individual callbacks instead of an object implementing SessionHandlerInterface is deprecated en C:\tools\nginx\html\sistema_biometrico\index.php línea 50
URI: /sistema_biometrico/assets/css/colores-pantone.css
--------------------------------------------------------------------------------
[2026-03-05 12:33:55] [DEPRECATED] session_set_save_handler(): Providing individual callbacks instead of an object implementing SessionHandlerInterface is deprecated en C:\tools\nginx\html\sistema_biometrico\index.php línea 50
URI: /sistema_biometrico/assets/css/database.css
--------------------------------------------------------------------------------
[2026-03-05 12:33:55] [DEPRECATED] session_set_save_handler(): Providing individual callbacks instead of an object implementing SessionHandlerInterface is deprecated en C:\tools\nginx\html\sistema_biometrico\index.php línea 50
URI: /sistema_biometrico/assets/js/error-logger.js
--------------------------------------------------------------------------------
[2026-03-05 12:34:08] [DEPRECATED] session_set_save_handler(): Providing individual callbacks instead of an object implementing SessionHandlerInterface is deprecated en C:\tools\nginx\html\sistema_biometrico\index.php línea 50
URI: /sistema_biometrico/login
--------------------------------------------------------------------------------
[2026-03-05 12:34:09] [DEPRECATED] session_set_save_handler(): Providing individual callbacks instead of an object implementing SessionHandlerInterface is deprecated en C:\tools\nginx\html\sistema_biometrico\index.php línea 50
URI: /sistema_biometrico/assets/css/modals.css
--------------------------------------------------------------------------------
[2026-03-05 12:34:09] [DEPRECATED] session_set_save_handler(): Providing individual callbacks instead of an object implementing SessionHandlerInterface is deprecated en C:\tools\nginx\html\sistema_biometrico\index.php línea 50
URI: /sistema_biometrico/assets/css/empleados.css
--------------------------------------------------------------------------------
[2026-03-05 12:34:09] [DEPRECATED] session_set_save_handler(): Providing individual callbacks instead of an object implementing SessionHandlerInterface is deprecated en C:\tools\nginx\html\sistema_biometrico\index.php línea 50
URI: /sistema_biometrico/assets/css/colores-pantone.css
--------------------------------------------------------------------------------
[2026-03-05 12:34:09] [DEPRECATED] session_set_save_handler(): Providing individual callbacks instead of an object implementing SessionHandlerInterface is deprecated en C:\tools\nginx\html\sistema_biometrico\index.php línea 50
URI: /sistema_biometrico/assets/css/database.css
--------------------------------------------------------------------------------
[2026-03-05 12:34:09] [DEPRECATED] session_set_save_handler(): Providing individual callbacks instead of an object implementing SessionHandlerInterface is deprecated en C:\tools\nginx\html\sistema_biometrico\index.php línea 50
URI: /sistema_biometrico/assets/js/error-logger.js
--------------------------------------------------------------------------------
[2026-03-05 12:34:18] [DEPRECATED] session_set_save_handler(): Providing individual callbacks instead of an object implementing SessionHandlerInterface is deprecated en C:\tools\nginx\html\sistema_biometrico\index.php línea 50
URI: /sistema_biometrico/login
--------------------------------------------------------------------------------
[2026-03-05 12:34:18] [DEPRECATED] session_set_save_handler(): Providing individual callbacks instead of an object implementing SessionHandlerInterface is deprecated en C:\tools\nginx\html\sistema_biometrico\index.php línea 50
URI: /sistema_biometrico/dashboard
--------------------------------------------------------------------------------
[2026-03-05 12:34:21] [EXCEPTION] PDOException
Contexto: {"action":"index","section":"comisiones"}
Mensaje: SQLSTATE[42S22]: Column not found: 1054 Unknown column 'monto' in 'SELECT'
URI: /sistema_biometrico/dashboard
Archivo: C:\tools\nginx\html\sistema_biometrico\models\Comision.php Línea: 136
#0 C:\tools\nginx\html\sistema_biometrico\models\Comision.php(136): PDO->prepare('SELECT SUM(mont...')
#1 C:\tools\nginx\html\sistema_biometrico\controllers\DashboardController.php(81): Comision->getTotalComisiones(NULL, '03', '2026')
#2 C:\tools\nginx\html\sistema_biometrico\index.php(167): DashboardController->index()
#3 {main}
--------------------------------------------------------------------------------
[2026-03-05 12:34:21] [DEPRECATED] session_set_save_handler(): Providing individual callbacks instead of an object implementing SessionHandlerInterface is deprecated en C:\tools\nginx\html\sistema_biometrico\index.php línea 50
URI: /sistema_biometrico/assets/css/modals.css
--------------------------------------------------------------------------------
[2026-03-05 12:34:21] [DEPRECATED] session_set_save_handler(): Providing individual callbacks instead of an object implementing SessionHandlerInterface is deprecated en C:\tools\nginx\html\sistema_biometrico\index.php línea 50
URI: /sistema_biometrico/assets/css/empleados.css
--------------------------------------------------------------------------------
[2026-03-05 12:34:21] [DEPRECATED] session_set_save_handler(): Providing individual callbacks instead of an object implementing SessionHandlerInterface is deprecated en C:\tools\nginx\html\sistema_biometrico\index.php línea 50
URI: /sistema_biometrico/assets/css/colores-pantone.css
--------------------------------------------------------------------------------
[2026-03-05 12:34:21] [DEPRECATED] session_set_save_handler(): Providing individual callbacks instead of an object implementing SessionHandlerInterface is deprecated en C:\tools\nginx\html\sistema_biometrico\index.php línea 50
URI: /sistema_biometrico/assets/css/database.css
--------------------------------------------------------------------------------
[2026-03-05 12:34:21] [DEPRECATED] session_set_save_handler(): Providing individual callbacks instead of an object implementing SessionHandlerInterface is deprecated en C:\tools\nginx\html\sistema_biometrico\index.php línea 50
URI: /sistema_biometrico/assets/js/error-logger.js
--------------------------------------------------------------------------------
[2026-03-05 12:34:28] [DEPRECATED] session_set_save_handler(): Providing individual callbacks instead of an object implementing SessionHandlerInterface is deprecated en C:\tools\nginx\html\sistema_biometrico\index.php línea 50
URI: /sistema_biometrico/empleados
--------------------------------------------------------------------------------
[2026-03-05 12:34:28] [DEPRECATED] session_set_save_handler(): Providing individual callbacks instead of an object implementing SessionHandlerInterface is deprecated en C:\tools\nginx\html\sistema_biometrico\index.php línea 50
URI: /sistema_biometrico/assets/css/modals.css
--------------------------------------------------------------------------------
[2026-03-05 12:34:28] [DEPRECATED] session_set_save_handler(): Providing individual callbacks instead of an object implementing SessionHandlerInterface is deprecated en C:\tools\nginx\html\sistema_biometrico\index.php línea 50
URI: /sistema_biometrico/assets/css/empleados.css
--------------------------------------------------------------------------------
[2026-03-05 12:34:28] [DEPRECATED] session_set_save_handler(): Providing individual callbacks instead of an object implementing SessionHandlerInterface is deprecated en C:\tools\nginx\html\sistema_biometrico\index.php línea 50
URI: /sistema_biometrico/assets/css/colores-pantone.css
--------------------------------------------------------------------------------
[2026-03-05 12:34:28] [DEPRECATED] session_set_save_handler(): Providing individual callbacks instead of an object implementing SessionHandlerInterface is deprecated en C:\tools\nginx\html\sistema_biometrico\index.php línea 50
URI: /sistema_biometrico/assets/css/database.css
--------------------------------------------------------------------------------
[2026-03-05 12:34:28] [DEPRECATED] session_set_save_handler(): Providing individual callbacks instead of an object implementing SessionHandlerInterface is deprecated en C:\tools\nginx\html\sistema_biometrico\index.php línea 50
URI: /sistema_biometrico/assets/js/error-logger.js
--------------------------------------------------------------------------------
[2026-03-05 12:34:32] [DEPRECATED] session_set_save_handler(): Providing individual callbacks instead of an object implementing SessionHandlerInterface is deprecated en C:\tools\nginx\html\sistema_biometrico\index.php línea 50
URI: /sistema_biometrico/empleados?search=106
--------------------------------------------------------------------------------
[2026-03-05 12:34:32] [DEPRECATED] session_set_save_handler(): Providing individual callbacks instead of an object implementing SessionHandlerInterface is deprecated en C:\tools\nginx\html\sistema_biometrico\index.php línea 50
URI: /sistema_biometrico/assets/css/modals.css
--------------------------------------------------------------------------------
[2026-03-05 12:34:32] [DEPRECATED] session_set_save_handler(): Providing individual callbacks instead of an object implementing SessionHandlerInterface is deprecated en C:\tools\nginx\html\sistema_biometrico\index.php línea 50
URI: /sistema_biometrico/assets/css/empleados.css
--------------------------------------------------------------------------------
[2026-03-05 12:34:32] [DEPRECATED] session_set_save_handler(): Providing individual callbacks instead of an object implementing SessionHandlerInterface is deprecated en C:\tools\nginx\html\sistema_biometrico\index.php línea 50
URI: /sistema_biometrico/assets/css/colores-pantone.css
--------------------------------------------------------------------------------
[2026-03-05 12:34:32] [DEPRECATED] session_set_save_handler(): Providing individual callbacks instead of an object implementing SessionHandlerInterface is deprecated en C:\tools\nginx\html\sistema_biometrico\index.php línea 50
URI: /sistema_biometrico/assets/css/database.css
--------------------------------------------------------------------------------
[2026-03-05 12:34:32] [DEPRECATED] session_set_save_handler(): Providing individual callbacks instead of an object implementing SessionHandlerInterface is deprecated en C:\tools\nginx\html\sistema_biometrico\index.php línea 50
URI: /sistema_biometrico/assets/js/error-logger.js
--------------------------------------------------------------------------------
[2026-03-05 12:34:34] [DEPRECATED] session_set_save_handler(): Providing individual callbacks instead of an object implementing SessionHandlerInterface is deprecated en C:\tools\nginx\html\sistema_biometrico\index.php línea 50
URI: /sistema_biometrico/empleados/datos-completos/106
--------------------------------------------------------------------------------
[2026-03-05 12:40:01] [DEPRECATED] session_set_save_handler(): Providing individual callbacks instead of an object implementing SessionHandlerInterface is deprecated en C:\tools\nginx\html\sistema_biometrico\index.php línea 50
URI: /sistema_biometrico/empleados?search=106
--------------------------------------------------------------------------------
[2026-03-05 12:40:01] [DEPRECATED] session_set_save_handler(): Providing individual callbacks instead of an object implementing SessionHandlerInterface is deprecated en C:\tools\nginx\html\sistema_biometrico\index.php línea 50
URI: /sistema_biometrico/assets/css/modals.css
--------------------------------------------------------------------------------
[2026-03-05 12:40:01] [DEPRECATED] session_set_save_handler(): Providing individual callbacks instead of an object implementing SessionHandlerInterface is deprecated en C:\tools\nginx\html\sistema_biometrico\index.php línea 50
URI: /sistema_biometrico/assets/css/empleados.css
--------------------------------------------------------------------------------
[2026-03-05 12:40:01] [DEPRECATED] session_set_save_handler(): Providing individual callbacks instead of an object implementing SessionHandlerInterface is deprecated en C:\tools\nginx\html\sistema_biometrico\index.php línea 50
URI: /sistema_biometrico/assets/css/colores-pantone.css
--------------------------------------------------------------------------------
[2026-03-05 12:40:01] [DEPRECATED] session_set_save_handler(): Providing individual callbacks instead of an object implementing SessionHandlerInterface is deprecated en C:\tools\nginx\html\sistema_biometrico\index.php línea 50
URI: /sistema_biometrico/assets/css/database.css
--------------------------------------------------------------------------------
[2026-03-05 12:40:01] [DEPRECATED] session_set_save_handler(): Providing individual callbacks instead of an object implementing SessionHandlerInterface is deprecated en C:\tools\nginx\html\sistema_biometrico\index.php línea 50
URI: /sistema_biometrico/assets/js/error-logger.js
--------------------------------------------------------------------------------
[2026-03-05 12:40:01] [DEPRECATED] session_set_save_handler(): Providing individual callbacks instead of an object implementing SessionHandlerInterface is deprecated en C:\tools\nginx\html\sistema_biometrico\index.php línea 50
URI: /sistema_biometrico/empleados?search=106
--------------------------------------------------------------------------------
[2026-03-05 12:40:01] [DEPRECATED] session_set_save_handler(): Providing individual callbacks instead of an object implementing SessionHandlerInterface is deprecated en C:\tools\nginx\html\sistema_biometrico\index.php línea 50
URI: /sistema_biometrico/assets/css/modals.css
--------------------------------------------------------------------------------
[2026-03-05 12:40:01] [DEPRECATED] session_set_save_handler(): Providing individual callbacks instead of an object implementing SessionHandlerInterface is deprecated en C:\tools\nginx\html\sistema_biometrico\index.php línea 50
URI: /sistema_biometrico/assets/css/empleados.css
--------------------------------------------------------------------------------
[2026-03-05 12:40:01] [DEPRECATED] session_set_save_handler(): Providing individual callbacks instead of an object implementing SessionHandlerInterface is deprecated en C:\tools\nginx\html\sistema_biometrico\index.php línea 50
URI: /sistema_biometrico/assets/css/colores-pantone.css
--------------------------------------------------------------------------------
[2026-03-05 12:40:01] [DEPRECATED] session_set_save_handler(): Providing individual callbacks instead of an object implementing SessionHandlerInterface is deprecated en C:\tools\nginx\html\sistema_biometrico\index.php línea 50
URI: /sistema_biometrico/assets/css/database.css
--------------------------------------------------------------------------------
[2026-03-05 12:40:01] [DEPRECATED] session_set_save_handler(): Providing individual callbacks instead of an object implementing SessionHandlerInterface is deprecated en C:\tools\nginx\html\sistema_biometrico\index.php línea 50
URI: /sistema_biometrico/assets/js/error-logger.js
--------------------------------------------------------------------------------
[2026-03-05 12:40:01] [DEPRECATED] session_set_save_handler(): Providing individual callbacks instead of an object implementing SessionHandlerInterface is deprecated en C:\tools\nginx\html\sistema_biometrico\index.php línea 50
URI: /sistema_biometrico/empleados?search=106
--------------------------------------------------------------------------------
[2026-03-05 12:40:02] [DEPRECATED] session_set_save_handler(): Providing individual callbacks instead of an object implementing SessionHandlerInterface is deprecated en C:\tools\nginx\html\sistema_biometrico\index.php línea 50
URI: /sistema_biometrico/assets/css/modals.css
--------------------------------------------------------------------------------
[2026-03-05 12:40:02] [DEPRECATED] session_set_save_handler(): Providing individual callbacks instead of an object implementing SessionHandlerInterface is deprecated en C:\tools\nginx\html\sistema_biometrico\index.php línea 50
URI: /sistema_biometrico/assets/css/empleados.css
--------------------------------------------------------------------------------
[2026-03-05 12:40:02] [DEPRECATED] session_set_save_handler(): Providing individual callbacks instead of an object implementing SessionHandlerInterface is deprecated en C:\tools\nginx\html\sistema_biometrico\index.php línea 50
URI: /sistema_biometrico/assets/css/colores-pantone.css
--------------------------------------------------------------------------------
[2026-03-05 12:40:02] [DEPRECATED] session_set_save_handler(): Providing individual callbacks instead of an object implementing SessionHandlerInterface is deprecated en C:\tools\nginx\html\sistema_biometrico\index.php línea 50
URI: /sistema_biometrico/assets/css/database.css
--------------------------------------------------------------------------------
[2026-03-05 12:40:02] [DEPRECATED] session_set_save_handler(): Providing individual callbacks instead of an object implementing SessionHandlerInterface is deprecated en C:\tools\nginx\html\sistema_biometrico\index.php línea 50
URI: /sistema_biometrico/assets/js/error-logger.js
--------------------------------------------------------------------------------
[2026-03-05 12:40:02] [DEPRECATED] session_set_save_handler(): Providing individual callbacks instead of an object implementing SessionHandlerInterface is deprecated en C:\tools\nginx\html\sistema_biometrico\index.php línea 50
URI: /sistema_biometrico/empleados?search=106
--------------------------------------------------------------------------------
[2026-03-05 12:40:02] [DEPRECATED] session_set_save_handler(): Providing individual callbacks instead of an object implementing SessionHandlerInterface is deprecated en C:\tools\nginx\html\sistema_biometrico\index.php línea 50
URI: /sistema_biometrico/assets/css/modals.css
--------------------------------------------------------------------------------
[2026-03-05 12:40:02] [DEPRECATED] session_set_save_handler(): Providing individual callbacks instead of an object implementing SessionHandlerInterface is deprecated en C:\tools\nginx\html\sistema_biometrico\index.php línea 50
URI: /sistema_biometrico/assets/css/empleados.css
--------------------------------------------------------------------------------
[2026-03-05 12:40:02] [DEPRECATED] session_set_save_handler(): Providing individual callbacks instead of an object implementing SessionHandlerInterface is deprecated en C:\tools\nginx\html\sistema_biometrico\index.php línea 50
URI: /sistema_biometrico/assets/css/colores-pantone.css
--------------------------------------------------------------------------------
[2026-03-05 12:40:02] [DEPRECATED] session_set_save_handler(): Providing individual callbacks instead of an object implementing SessionHandlerInterface is deprecated en C:\tools\nginx\html\sistema_biometrico\index.php línea 50
URI: /sistema_biometrico/assets/css/database.css
--------------------------------------------------------------------------------
[2026-03-05 12:40:02] [DEPRECATED] session_set_save_handler(): Providing individual callbacks instead of an object implementing SessionHandlerInterface is deprecated en C:\tools\nginx\html\sistema_biometrico\index.php línea 50
URI: /sistema_biometrico/assets/js/error-logger.js
--------------------------------------------------------------------------------
[2026-03-05 12:40:02] [DEPRECATED] session_set_save_handler(): Providing individual callbacks instead of an object implementing SessionHandlerInterface is deprecated en C:\tools\nginx\html\sistema_biometrico\index.php línea 50
URI: /sistema_biometrico/empleados?search=106
--------------------------------------------------------------------------------
[2026-03-05 12:40:02] [DEPRECATED] session_set_save_handler(): Providing individual callbacks instead of an object implementing SessionHandlerInterface is deprecated en C:\tools\nginx\html\sistema_biometrico\index.php línea 50
URI: /sistema_biometrico/assets/css/modals.css
--------------------------------------------------------------------------------
[2026-03-05 12:40:02] [DEPRECATED] session_set_save_handler(): Providing individual callbacks instead of an object implementing SessionHandlerInterface is deprecated en C:\tools\nginx\html\sistema_biometrico\index.php línea 50
URI: /sistema_biometrico/assets/css/empleados.css
--------------------------------------------------------------------------------
[2026-03-05 12:40:02] [DEPRECATED] session_set_save_handler(): Providing individual callbacks instead of an object implementing SessionHandlerInterface is deprecated en C:\tools\nginx\html\sistema_biometrico\index.php línea 50
URI: /sistema_biometrico/assets/css/colores-pantone.css
--------------------------------------------------------------------------------
[2026-03-05 12:40:02] [DEPRECATED] session_set_save_handler(): Providing individual callbacks instead of an object implementing SessionHandlerInterface is deprecated en C:\tools\nginx\html\sistema_biometrico\index.php línea 50
URI: /sistema_biometrico/assets/css/database.css
--------------------------------------------------------------------------------
[2026-03-05 12:40:02] [DEPRECATED] session_set_save_handler(): Providing individual callbacks instead of an object implementing SessionHandlerInterface is deprecated en C:\tools\nginx\html\sistema_biometrico\index.php línea 50
URI: /sistema_biometrico/assets/js/error-logger.js
--------------------------------------------------------------------------------
[2026-03-05 12:40:02] [DEPRECATED] session_set_save_handler(): Providing individual callbacks instead of an object implementing SessionHandlerInterface is deprecated en C:\tools\nginx\html\sistema_biometrico\index.php línea 50
URI: /sistema_biometrico/empleados?search=106
--------------------------------------------------------------------------------
[2026-03-05 12:40:02] [DEPRECATED] session_set_save_handler(): Providing individual callbacks instead of an object implementing SessionHandlerInterface is deprecated en C:\tools\nginx\html\sistema_biometrico\index.php línea 50
URI: /sistema_biometrico/empleados?search=106
--------------------------------------------------------------------------------
[2026-03-05 12:40:02] [DEPRECATED] session_set_save_handler(): Providing individual callbacks instead of an object implementing SessionHandlerInterface is deprecated en C:\tools\nginx\html\sistema_biometrico\index.php línea 50
URI: /sistema_biometrico/assets/css/modals.css
--------------------------------------------------------------------------------
[2026-03-05 12:40:02] [DEPRECATED] session_set_save_handler(): Providing individual callbacks instead of an object implementing SessionHandlerInterface is deprecated en C:\tools\nginx\html\sistema_biometrico\index.php línea 50
URI: /sistema_biometrico/assets/css/empleados.css
--------------------------------------------------------------------------------
[2026-03-05 12:40:03] [DEPRECATED] session_set_save_handler(): Providing individual callbacks instead of an object implementing SessionHandlerInterface is deprecated en C:\tools\nginx\html\sistema_biometrico\index.php línea 50
URI: /sistema_biometrico/assets/css/colores-pantone.css
--------------------------------------------------------------------------------
[2026-03-05 12:40:03] [DEPRECATED] session_set_save_handler(): Providing individual callbacks instead of an object implementing SessionHandlerInterface is deprecated en C:\tools\nginx\html\sistema_biometrico\index.php línea 50
URI: /sistema_biometrico/assets/css/database.css
--------------------------------------------------------------------------------
[2026-03-05 12:40:03] [DEPRECATED] session_set_save_handler(): Providing individual callbacks instead of an object implementing SessionHandlerInterface is deprecated en C:\tools\nginx\html\sistema_biometrico\index.php línea 50
URI: /sistema_biometrico/assets/js/error-logger.js
--------------------------------------------------------------------------------
[2026-03-05 12:40:03] [DEPRECATED] session_set_save_handler(): Providing individual callbacks instead of an object implementing SessionHandlerInterface is deprecated en C:\tools\nginx\html\sistema_biometrico\index.php línea 50
URI: /sistema_biometrico/empleados?search=106
--------------------------------------------------------------------------------
[2026-03-05 12:40:03] [DEPRECATED] session_set_save_handler(): Providing individual callbacks instead of an object implementing SessionHandlerInterface is deprecated en C:\tools\nginx\html\sistema_biometrico\index.php línea 50
URI: /sistema_biometrico/empleados?search=106
--------------------------------------------------------------------------------
[2026-03-05 12:40:03] [DEPRECATED] session_set_save_handler(): Providing individual callbacks instead of an object implementing SessionHandlerInterface is deprecated en C:\tools\nginx\html\sistema_biometrico\index.php línea 50
URI: /sistema_biometrico/assets/css/modals.css
--------------------------------------------------------------------------------
[2026-03-05 12:40:03] [DEPRECATED] session_set_save_handler(): Providing individual callbacks instead of an object implementing SessionHandlerInterface is deprecated en C:\tools\nginx\html\sistema_biometrico\index.php línea 50
URI: /sistema_biometrico/assets/css/empleados.css
--------------------------------------------------------------------------------
[2026-03-05 12:40:03] [DEPRECATED] session_set_save_handler(): Providing individual callbacks instead of an object implementing SessionHandlerInterface is deprecated en C:\tools\nginx\html\sistema_biometrico\index.php línea 50
URI: /sistema_biometrico/assets/css/colores-pantone.css
--------------------------------------------------------------------------------
[2026-03-05 12:40:03] [DEPRECATED] session_set_save_handler(): Providing individual callbacks instead of an object implementing SessionHandlerInterface is deprecated en C:\tools\nginx\html\sistema_biometrico\index.php línea 50
URI: /sistema_biometrico/assets/css/database.css
--------------------------------------------------------------------------------
[2026-03-05 12:40:03] [DEPRECATED] session_set_save_handler(): Providing individual callbacks instead of an object implementing SessionHandlerInterface is deprecated en C:\tools\nginx\html\sistema_biometrico\index.php línea 50
URI: /sistema_biometrico/assets/js/error-logger.js
--------------------------------------------------------------------------------
[2026-03-05 12:40:03] [DEPRECATED] session_set_save_handler(): Providing individual callbacks instead of an object implementing SessionHandlerInterface is deprecated en C:\tools\nginx\html\sistema_biometrico\index.php línea 50
URI: /sistema_biometrico/empleados?search=106
--------------------------------------------------------------------------------
[2026-03-05 12:40:03] [DEPRECATED] session_set_save_handler(): Providing individual callbacks instead of an object implementing SessionHandlerInterface is deprecated en C:\tools\nginx\html\sistema_biometrico\index.php línea 50
URI: /sistema_biometrico/assets/css/modals.css
--------------------------------------------------------------------------------
[2026-03-05 12:40:03] [DEPRECATED] session_set_save_handler(): Providing individual callbacks instead of an object implementing SessionHandlerInterface is deprecated en C:\tools\nginx\html\sistema_biometrico\index.php línea 50
URI: /sistema_biometrico/assets/css/empleados.css
--------------------------------------------------------------------------------
[2026-03-05 12:40:03] [DEPRECATED] session_set_save_handler(): Providing individual callbacks instead of an object implementing SessionHandlerInterface is deprecated en C:\tools\nginx\html\sistema_biometrico\index.php línea 50
URI: /sistema_biometrico/assets/css/colores-pantone.css
--------------------------------------------------------------------------------
[2026-03-05 12:40:03] [DEPRECATED] session_set_save_handler(): Providing individual callbacks instead of an object implementing SessionHandlerInterface is deprecated en C:\tools\nginx\html\sistema_biometrico\index.php línea 50
URI: /sistema_biometrico/assets/css/database.css
--------------------------------------------------------------------------------
[2026-03-05 12:40:03] [DEPRECATED] session_set_save_handler(): Providing individual callbacks instead of an object implementing SessionHandlerInterface is deprecated en C:\tools\nginx\html\sistema_biometrico\index.php línea 50
URI: /sistema_biometrico/assets/js/error-logger.js
--------------------------------------------------------------------------------
[2026-03-05 12:40:16] [DEPRECATED] session_set_save_handler(): Providing individual callbacks instead of an object implementing SessionHandlerInterface is deprecated en C:\tools\nginx\html\sistema_biometrico\index.php línea 50
URI: /sistema_biometrico/empleados?search=106
--------------------------------------------------------------------------------
[2026-03-05 12:40:16] [DEPRECATED] session_set_save_handler(): Providing individual callbacks instead of an object implementing SessionHandlerInterface is deprecated en C:\tools\nginx\html\sistema_biometrico\index.php línea 50
URI: /sistema_biometrico/login
--------------------------------------------------------------------------------
[2026-03-05 12:40:16] [DEPRECATED] session_set_save_handler(): Providing individual callbacks instead of an object implementing SessionHandlerInterface is deprecated en C:\tools\nginx\html\sistema_biometrico\index.php línea 50
URI: /sistema_biometrico/assets/css/modals.css
--------------------------------------------------------------------------------
[2026-03-05 12:40:16] [DEPRECATED] session_set_save_handler(): Providing individual callbacks instead of an object implementing SessionHandlerInterface is deprecated en C:\tools\nginx\html\sistema_biometrico\index.php línea 50
URI: /sistema_biometrico/assets/css/empleados.css
--------------------------------------------------------------------------------
[2026-03-05 12:40:16] [DEPRECATED] session_set_save_handler(): Providing individual callbacks instead of an object implementing SessionHandlerInterface is deprecated en C:\tools\nginx\html\sistema_biometrico\index.php línea 50
URI: /sistema_biometrico/assets/css/colores-pantone.css
--------------------------------------------------------------------------------
[2026-03-05 12:40:16] [DEPRECATED] session_set_save_handler(): Providing individual callbacks instead of an object implementing SessionHandlerInterface is deprecated en C:\tools\nginx\html\sistema_biometrico\index.php línea 50
URI: /sistema_biometrico/assets/css/database.css
--------------------------------------------------------------------------------
[2026-03-05 12:40:16] [DEPRECATED] session_set_save_handler(): Providing individual callbacks instead of an object implementing SessionHandlerInterface is deprecated en C:\tools\nginx\html\sistema_biometrico\index.php línea 50
URI: /sistema_biometrico/assets/js/error-logger.js
--------------------------------------------------------------------------------
[2026-03-05 12:40:27] [DEPRECATED] session_set_save_handler(): Providing individual callbacks instead of an object implementing SessionHandlerInterface is deprecated en C:\tools\nginx\html\sistema_biometrico\index.php línea 50
URI: /sistema_biometrico/login
--------------------------------------------------------------------------------
[2026-03-05 12:40:27] [DEPRECATED] session_set_save_handler(): Providing individual callbacks instead of an object implementing SessionHandlerInterface is deprecated en C:\tools\nginx\html\sistema_biometrico\index.php línea 50
URI: /sistema_biometrico/dashboard
--------------------------------------------------------------------------------
[2026-03-05 12:40:30] [EXCEPTION] PDOException
Contexto: {"action":"index","section":"comisiones"}
Mensaje: SQLSTATE[42S22]: Column not found: 1054 Unknown column 'monto' in 'SELECT'
URI: /sistema_biometrico/dashboard
Archivo: C:\tools\nginx\html\sistema_biometrico\models\Comision.php Línea: 136
#0 C:\tools\nginx\html\sistema_biometrico\models\Comision.php(136): PDO->prepare('SELECT SUM(mont...')
#1 C:\tools\nginx\html\sistema_biometrico\controllers\DashboardController.php(81): Comision->getTotalComisiones(NULL, '03', '2026')
#2 C:\tools\nginx\html\sistema_biometrico\index.php(167): DashboardController->index()
#3 {main}
--------------------------------------------------------------------------------
[2026-03-05 12:40:30] [DEPRECATED] session_set_save_handler(): Providing individual callbacks instead of an object implementing SessionHandlerInterface is deprecated en C:\tools\nginx\html\sistema_biometrico\index.php línea 50
URI: /sistema_biometrico/assets/css/modals.css
--------------------------------------------------------------------------------
[2026-03-05 12:40:30] [DEPRECATED] session_set_save_handler(): Providing individual callbacks instead of an object implementing SessionHandlerInterface is deprecated en C:\tools\nginx\html\sistema_biometrico\index.php línea 50
URI: /sistema_biometrico/assets/css/empleados.css
--------------------------------------------------------------------------------
[2026-03-05 12:40:30] [DEPRECATED] session_set_save_handler(): Providing individual callbacks instead of an object implementing SessionHandlerInterface is deprecated en C:\tools\nginx\html\sistema_biometrico\index.php línea 50
URI: /sistema_biometrico/assets/css/colores-pantone.css
--------------------------------------------------------------------------------
[2026-03-05 12:40:30] [DEPRECATED] session_set_save_handler(): Providing individual callbacks instead of an object implementing SessionHandlerInterface is deprecated en C:\tools\nginx\html\sistema_biometrico\index.php línea 50
URI: /sistema_biometrico/assets/css/database.css
--------------------------------------------------------------------------------
[2026-03-05 12:40:30] [DEPRECATED] session_set_save_handler(): Providing individual callbacks instead of an object implementing SessionHandlerInterface is deprecated en C:\tools\nginx\html\sistema_biometrico\index.php línea 50
URI: /sistema_biometrico/assets/js/error-logger.js
--------------------------------------------------------------------------------
[2026-03-05 12:40:35] [DEPRECATED] session_set_save_handler(): Providing individual callbacks instead of an object implementing SessionHandlerInterface is deprecated en C:\tools\nginx\html\sistema_biometrico\index.php línea 50
URI: /empleados
--------------------------------------------------------------------------------
[2026-03-05 12:40:35] [DEPRECATED] session_set_save_handler(): Providing individual callbacks instead of an object implementing SessionHandlerInterface is deprecated en C:\tools\nginx\html\sistema_biometrico\index.php línea 50
URI: /sistema_biometrico/assets/css/modals.css
--------------------------------------------------------------------------------
[2026-03-05 12:40:35] [DEPRECATED] session_set_save_handler(): Providing individual callbacks instead of an object implementing SessionHandlerInterface is deprecated en C:\tools\nginx\html\sistema_biometrico\index.php línea 50
URI: /sistema_biometrico/assets/css/empleados.css
--------------------------------------------------------------------------------
[2026-03-05 12:40:35] [DEPRECATED] session_set_save_handler(): Providing individual callbacks instead of an object implementing SessionHandlerInterface is deprecated en C:\tools\nginx\html\sistema_biometrico\index.php línea 50
URI: /sistema_biometrico/assets/css/colores-pantone.css
--------------------------------------------------------------------------------
[2026-03-05 12:40:35] [DEPRECATED] session_set_save_handler(): Providing individual callbacks instead of an object implementing SessionHandlerInterface is deprecated en C:\tools\nginx\html\sistema_biometrico\index.php línea 50
URI: /sistema_biometrico/assets/css/database.css
--------------------------------------------------------------------------------
[2026-03-05 12:40:35] [DEPRECATED] session_set_save_handler(): Providing individual callbacks instead of an object implementing SessionHandlerInterface is deprecated en C:\tools\nginx\html\sistema_biometrico\index.php línea 50
URI: /sistema_biometrico/assets/js/error-logger.js
--------------------------------------------------------------------------------
[2026-03-05 12:40:42] [DEPRECATED] session_set_save_handler(): Providing individual callbacks instead of an object implementing SessionHandlerInterface is deprecated en C:\tools\nginx\html\sistema_biometrico\index.php línea 50
URI: /sistema_biometrico/empleados?search=106
--------------------------------------------------------------------------------
[2026-03-05 12:40:42] [DEPRECATED] session_set_save_handler(): Providing individual callbacks instead of an object implementing SessionHandlerInterface is deprecated en C:\tools\nginx\html\sistema_biometrico\index.php línea 50
URI: /sistema_biometrico/assets/css/modals.css
--------------------------------------------------------------------------------
[2026-03-05 12:40:42] [DEPRECATED] session_set_save_handler(): Providing individual callbacks instead of an object implementing SessionHandlerInterface is deprecated en C:\tools\nginx\html\sistema_biometrico\index.php línea 50
URI: /sistema_biometrico/assets/css/empleados.css
--------------------------------------------------------------------------------
[2026-03-05 12:40:42] [DEPRECATED] session_set_save_handler(): Providing individual callbacks instead of an object implementing SessionHandlerInterface is deprecated en C:\tools\nginx\html\sistema_biometrico\index.php línea 50
URI: /sistema_biometrico/assets/css/colores-pantone.css
--------------------------------------------------------------------------------
[2026-03-05 12:40:42] [DEPRECATED] session_set_save_handler(): Providing individual callbacks instead of an object implementing SessionHandlerInterface is deprecated en C:\tools\nginx\html\sistema_biometrico\index.php línea 50
URI: /sistema_biometrico/assets/css/database.css
--------------------------------------------------------------------------------
[2026-03-05 12:40:42] [DEPRECATED] session_set_save_handler(): Providing individual callbacks instead of an object implementing SessionHandlerInterface is deprecated en C:\tools\nginx\html\sistema_biometrico\index.php línea 50
URI: /sistema_biometrico/assets/js/error-logger.js
--------------------------------------------------------------------------------
[2026-03-05 12:40:44] [DEPRECATED] session_set_save_handler(): Providing individual callbacks instead of an object implementing SessionHandlerInterface is deprecated en C:\tools\nginx\html\sistema_biometrico\index.php línea 50
URI: /sistema_biometrico/empleados/datos-completos/106
--------------------------------------------------------------------------------
[2026-03-05 12:43:40] [DEPRECATED] session_set_save_handler(): Providing individual callbacks instead of an object implementing SessionHandlerInterface is deprecated en C:\tools\nginx\html\sistema_biometrico\index.php línea 50
URI: /sistema_biometrico/empleados/datos-completos/106
--------------------------------------------------------------------------------
[2026-03-05 12:44:00] [DEPRECATED] session_set_save_handler(): Providing individual callbacks instead of an object implementing SessionHandlerInterface is deprecated en C:\tools\nginx\html\sistema_biometrico\index.php línea 50
URI: /sistema_biometrico/empleados/datos-completos/106
--------------------------------------------------------------------------------
[2026-03-05 12:47:42] [DEPRECATED] session_set_save_handler(): Providing individual callbacks instead of an object implementing SessionHandlerInterface is deprecated en C:\tools\nginx\html\sistema_biometrico\index.php línea 50
URI: /sistema_biometrico/empleados/datos-completos/106
--------------------------------------------------------------------------------
[2026-03-05 12:51:12] [DEPRECATED] session_set_save_handler(): Providing individual callbacks instead of an object implementing SessionHandlerInterface is deprecated en C:\tools\nginx\html\sistema_biometrico\index.php línea 50
URI: /
--------------------------------------------------------------------------------
[2026-03-05 12:51:15] [EXCEPTION] PDOException
Contexto: {"action":"index","section":"comisiones"}
Mensaje: SQLSTATE[42S22]: Column not found: 1054 Unknown column 'monto' in 'SELECT'
URI: /
Archivo: C:\tools\nginx\html\sistema_biometrico\models\Comision.php Línea: 136
#0 C:\tools\nginx\html\sistema_biometrico\models\Comision.php(136): PDO->prepare('SELECT SUM(mont...')
#1 C:\tools\nginx\html\sistema_biometrico\controllers\DashboardController.php(81): Comision->getTotalComisiones(NULL, '03', '2026')
#2 C:\tools\nginx\html\sistema_biometrico\index.php(167): DashboardController->index()
#3 {main}
--------------------------------------------------------------------------------
[2026-03-05 12:51:15] [DEPRECATED] session_set_save_handler(): Providing individual callbacks instead of an object implementing SessionHandlerInterface is deprecated en C:\tools\nginx\html\sistema_biometrico\index.php línea 50
URI: /sistema_biometrico/assets/css/modals.css
--------------------------------------------------------------------------------
[2026-03-05 12:51:15] [DEPRECATED] session_set_save_handler(): Providing individual callbacks instead of an object implementing SessionHandlerInterface is deprecated en C:\tools\nginx\html\sistema_biometrico\index.php línea 50
URI: /sistema_biometrico/assets/css/empleados.css
--------------------------------------------------------------------------------
[2026-03-05 12:51:15] [DEPRECATED] session_set_save_handler(): Providing individual callbacks instead of an object implementing SessionHandlerInterface is deprecated en C:\tools\nginx\html\sistema_biometrico\index.php línea 50
URI: /sistema_biometrico/assets/css/colores-pantone.css
--------------------------------------------------------------------------------
[2026-03-05 12:51:15] [DEPRECATED] session_set_save_handler(): Providing individual callbacks instead of an object implementing SessionHandlerInterface is deprecated en C:\tools\nginx\html\sistema_biometrico\index.php línea 50
URI: /sistema_biometrico/assets/css/database.css
--------------------------------------------------------------------------------
[2026-03-05 12:51:15] [DEPRECATED] session_set_save_handler(): Providing individual callbacks instead of an object implementing SessionHandlerInterface is deprecated en C:\tools\nginx\html\sistema_biometrico\index.php línea 50
URI: /sistema_biometrico/assets/js/error-logger.js
--------------------------------------------------------------------------------
[2026-03-05 12:51:15] [DEPRECATED] session_set_save_handler(): Providing individual callbacks instead of an object implementing SessionHandlerInterface is deprecated en C:\tools\nginx\html\sistema_biometrico\index.php línea 50
URI: /sistema_biometrico/validaciones/obtener-contador-pendientes?t=1772736675345
--------------------------------------------------------------------------------
[2026-03-05 12:51:17] [DEPRECATED] session_set_save_handler(): Providing individual callbacks instead of an object implementing SessionHandlerInterface is deprecated en C:\tools\nginx\html\sistema_biometrico\index.php línea 50
URI: /sistema_biometrico/empleados
--------------------------------------------------------------------------------
[2026-03-05 12:51:17] [DEPRECATED] session_set_save_handler(): Providing individual callbacks instead of an object implementing SessionHandlerInterface is deprecated en C:\tools\nginx\html\sistema_biometrico\index.php línea 50
URI: /sistema_biometrico/assets/css/modals.css
--------------------------------------------------------------------------------
[2026-03-05 12:51:17] [DEPRECATED] session_set_save_handler(): Providing individual callbacks instead of an object implementing SessionHandlerInterface is deprecated en C:\tools\nginx\html\sistema_biometrico\index.php línea 50
URI: /sistema_biometrico/assets/css/empleados.css
--------------------------------------------------------------------------------
[2026-03-05 12:51:17] [DEPRECATED] session_set_save_handler(): Providing individual callbacks instead of an object implementing SessionHandlerInterface is deprecated en C:\tools\nginx\html\sistema_biometrico\index.php línea 50
URI: /sistema_biometrico/assets/css/colores-pantone.css
--------------------------------------------------------------------------------
[2026-03-05 12:51:17] [DEPRECATED] session_set_save_handler(): Providing individual callbacks instead of an object implementing SessionHandlerInterface is deprecated en C:\tools\nginx\html\sistema_biometrico\index.php línea 50
URI: /sistema_biometrico/assets/css/database.css
--------------------------------------------------------------------------------
[2026-03-05 12:51:17] [DEPRECATED] session_set_save_handler(): Providing individual callbacks instead of an object implementing SessionHandlerInterface is deprecated en C:\tools\nginx\html\sistema_biometrico\index.php línea 50
URI: /sistema_biometrico/assets/js/error-logger.js
--------------------------------------------------------------------------------
[2026-03-05 12:51:24] [DEPRECATED] session_set_save_handler(): Providing individual callbacks instead of an object implementing SessionHandlerInterface is deprecated en C:\tools\nginx\html\sistema_biometrico\index.php línea 50
URI: /sistema_biometrico/empleados?search=106
--------------------------------------------------------------------------------
[2026-03-05 12:51:24] [DEPRECATED] session_set_save_handler(): Providing individual callbacks instead of an object implementing SessionHandlerInterface is deprecated en C:\tools\nginx\html\sistema_biometrico\index.php línea 50
URI: /sistema_biometrico/assets/css/modals.css
--------------------------------------------------------------------------------
[2026-03-05 12:51:24] [DEPRECATED] session_set_save_handler(): Providing individual callbacks instead of an object implementing SessionHandlerInterface is deprecated en C:\tools\nginx\html\sistema_biometrico\index.php línea 50
URI: /sistema_biometrico/assets/css/empleados.css
--------------------------------------------------------------------------------
[2026-03-05 12:51:24] [DEPRECATED] session_set_save_handler(): Providing individual callbacks instead of an object implementing SessionHandlerInterface is deprecated en C:\tools\nginx\html\sistema_biometrico\index.php línea 50
URI: /sistema_biometrico/assets/css/colores-pantone.css
--------------------------------------------------------------------------------
[2026-03-05 12:51:24] [DEPRECATED] session_set_save_handler(): Providing individual callbacks instead of an object implementing SessionHandlerInterface is deprecated en C:\tools\nginx\html\sistema_biometrico\index.php línea 50
URI: /sistema_biometrico/assets/css/database.css
--------------------------------------------------------------------------------
[2026-03-05 12:51:24] [DEPRECATED] session_set_save_handler(): Providing individual callbacks instead of an object implementing SessionHandlerInterface is deprecated en C:\tools\nginx\html\sistema_biometrico\index.php línea 50
URI: /sistema_biometrico/assets/js/error-logger.js
--------------------------------------------------------------------------------
[2026-03-05 12:51:26] [DEPRECATED] session_set_save_handler(): Providing individual callbacks instead of an object implementing SessionHandlerInterface is deprecated en C:\tools\nginx\html\sistema_biometrico\index.php línea 50
URI: /sistema_biometrico/empleados/datos-completos/106
--------------------------------------------------------------------------------
[2026-03-05 12:53:06] [DEPRECATED] session_set_save_handler(): Providing individual callbacks instead of an object implementing SessionHandlerInterface is deprecated en C:\tools\nginx\html\sistema_biometrico\index.php línea 50
URI: /sistema_biometrico/empleados?search=106
--------------------------------------------------------------------------------
[2026-03-05 12:53:06] [DEPRECATED] session_set_save_handler(): Providing individual callbacks instead of an object implementing SessionHandlerInterface is deprecated en C:\tools\nginx\html\sistema_biometrico\index.php línea 50
URI: /sistema_biometrico/assets/css/modals.css
--------------------------------------------------------------------------------
[2026-03-05 12:53:06] [DEPRECATED] session_set_save_handler(): Providing individual callbacks instead of an object implementing SessionHandlerInterface is deprecated en C:\tools\nginx\html\sistema_biometrico\index.php línea 50
URI: /sistema_biometrico/assets/css/empleados.css
--------------------------------------------------------------------------------
[2026-03-05 12:53:06] [DEPRECATED] session_set_save_handler(): Providing individual callbacks instead of an object implementing SessionHandlerInterface is deprecated en C:\tools\nginx\html\sistema_biometrico\index.php línea 50
URI: /sistema_biometrico/assets/css/colores-pantone.css
--------------------------------------------------------------------------------
[2026-03-05 12:53:06] [DEPRECATED] session_set_save_handler(): Providing individual callbacks instead of an object implementing SessionHandlerInterface is deprecated en C:\tools\nginx\html\sistema_biometrico\index.php línea 50
URI: /sistema_biometrico/assets/css/database.css
--------------------------------------------------------------------------------
[2026-03-05 12:53:06] [DEPRECATED] session_set_save_handler(): Providing individual callbacks instead of an object implementing SessionHandlerInterface is deprecated en C:\tools\nginx\html\sistema_biometrico\index.php línea 50
URI: /sistema_biometrico/assets/js/error-logger.js
--------------------------------------------------------------------------------
[2026-03-05 12:53:26] [DEPRECATED] session_set_save_handler(): Providing individual callbacks instead of an object implementing SessionHandlerInterface is deprecated en C:\tools\nginx\html\sistema_biometrico\index.php línea 50
URI: /sistema_biometrico/empleados/datos-completos/106
--------------------------------------------------------------------------------
[2026-03-05 13:06:58] [DEPRECATED] session_set_save_handler(): Providing individual callbacks instead of an object implementing SessionHandlerInterface is deprecated en C:\tools\nginx\html\sistema_biometrico\index.php línea 50
URI: /
--------------------------------------------------------------------------------
[2026-03-05 13:07:01] [EXCEPTION] PDOException
Contexto: {"action":"index","section":"comisiones"}
Mensaje: SQLSTATE[42S22]: Column not found: 1054 Unknown column 'monto' in 'SELECT'
URI: /
Archivo: C:\tools\nginx\html\sistema_biometrico\models\Comision.php Línea: 136
#0 C:\tools\nginx\html\sistema_biometrico\models\Comision.php(136): PDO->prepare('SELECT SUM(mont...')
#1 C:\tools\nginx\html\sistema_biometrico\controllers\DashboardController.php(81): Comision->getTotalComisiones(NULL, '03', '2026')
#2 C:\tools\nginx\html\sistema_biometrico\index.php(167): DashboardController->index()
#3 {main}
--------------------------------------------------------------------------------
[2026-03-05 13:07:01] [DEPRECATED] session_set_save_handler(): Providing individual callbacks instead of an object implementing SessionHandlerInterface is deprecated en C:\tools\nginx\html\sistema_biometrico\index.php línea 50
URI: /sistema_biometrico/assets/css/modals.css
--------------------------------------------------------------------------------
[2026-03-05 13:07:01] [DEPRECATED] session_set_save_handler(): Providing individual callbacks instead of an object implementing SessionHandlerInterface is deprecated en C:\tools\nginx\html\sistema_biometrico\index.php línea 50
URI: /sistema_biometrico/assets/css/empleados.css
--------------------------------------------------------------------------------
[2026-03-05 13:07:01] [DEPRECATED] session_set_save_handler(): Providing individual callbacks instead of an object implementing SessionHandlerInterface is deprecated en C:\tools\nginx\html\sistema_biometrico\index.php línea 50
URI: /sistema_biometrico/assets/css/colores-pantone.css
--------------------------------------------------------------------------------
[2026-03-05 13:07:01] [DEPRECATED] session_set_save_handler(): Providing individual callbacks instead of an object implementing SessionHandlerInterface is deprecated en C:\tools\nginx\html\sistema_biometrico\index.php línea 50
URI: /sistema_biometrico/assets/css/database.css
--------------------------------------------------------------------------------
[2026-03-05 13:07:01] [DEPRECATED] session_set_save_handler(): Providing individual callbacks instead of an object implementing SessionHandlerInterface is deprecated en C:\tools\nginx\html\sistema_biometrico\index.php línea 50
URI: /sistema_biometrico/assets/js/error-logger.js
--------------------------------------------------------------------------------
[2026-03-05 13:07:05] [DEPRECATED] session_set_save_handler(): Providing individual callbacks instead of an object implementing SessionHandlerInterface is deprecated en C:\tools\nginx\html\sistema_biometrico\index.php línea 50
URI: /empleados
--------------------------------------------------------------------------------
[2026-03-05 13:07:05] [DEPRECATED] session_set_save_handler(): Providing individual callbacks instead of an object implementing SessionHandlerInterface is deprecated en C:\tools\nginx\html\sistema_biometrico\index.php línea 50
URI: /sistema_biometrico/assets/css/modals.css
--------------------------------------------------------------------------------
[2026-03-05 13:07:05] [DEPRECATED] session_set_save_handler(): Providing individual callbacks instead of an object implementing SessionHandlerInterface is deprecated en C:\tools\nginx\html\sistema_biometrico\index.php línea 50
URI: /sistema_biometrico/assets/css/empleados.css
--------------------------------------------------------------------------------
[2026-03-05 13:07:05] [DEPRECATED] session_set_save_handler(): Providing individual callbacks instead of an object implementing SessionHandlerInterface is deprecated en C:\tools\nginx\html\sistema_biometrico\index.php línea 50
URI: /sistema_biometrico/assets/css/colores-pantone.css
--------------------------------------------------------------------------------
[2026-03-05 13:07:05] [DEPRECATED] session_set_save_handler(): Providing individual callbacks instead of an object implementing SessionHandlerInterface is deprecated en C:\tools\nginx\html\sistema_biometrico\index.php línea 50
URI: /sistema_biometrico/assets/css/database.css
--------------------------------------------------------------------------------
[2026-03-05 13:07:05] [DEPRECATED] session_set_save_handler(): Providing individual callbacks instead of an object implementing SessionHandlerInterface is deprecated en C:\tools\nginx\html\sistema_biometrico\index.php línea 50
URI: /sistema_biometrico/assets/js/error-logger.js
--------------------------------------------------------------------------------
[2026-03-05 13:07:08] [DEPRECATED] session_set_save_handler(): Providing individual callbacks instead of an object implementing SessionHandlerInterface is deprecated en C:\tools\nginx\html\sistema_biometrico\index.php línea 50
URI: /sistema_biometrico/empleados?search=106
--------------------------------------------------------------------------------
[2026-03-05 13:07:08] [DEPRECATED] session_set_save_handler(): Providing individual callbacks instead of an object implementing SessionHandlerInterface is deprecated en C:\tools\nginx\html\sistema_biometrico\index.php línea 50
URI: /sistema_biometrico/assets/css/modals.css
--------------------------------------------------------------------------------
[2026-03-05 13:07:08] [DEPRECATED] session_set_save_handler(): Providing individual callbacks instead of an object implementing SessionHandlerInterface is deprecated en C:\tools\nginx\html\sistema_biometrico\index.php línea 50
URI: /sistema_biometrico/assets/css/empleados.css
--------------------------------------------------------------------------------
[2026-03-05 13:07:08] [DEPRECATED] session_set_save_handler(): Providing individual callbacks instead of an object implementing SessionHandlerInterface is deprecated en C:\tools\nginx\html\sistema_biometrico\index.php línea 50
URI: /sistema_biometrico/assets/css/colores-pantone.css
--------------------------------------------------------------------------------
[2026-03-05 13:07:08] [DEPRECATED] session_set_save_handler(): Providing individual callbacks instead of an object implementing SessionHandlerInterface is deprecated en C:\tools\nginx\html\sistema_biometrico\index.php línea 50
URI: /sistema_biometrico/assets/css/database.css
--------------------------------------------------------------------------------
[2026-03-05 13:07:08] [DEPRECATED] session_set_save_handler(): Providing individual callbacks instead of an object implementing SessionHandlerInterface is deprecated en C:\tools\nginx\html\sistema_biometrico\index.php línea 50
URI: /sistema_biometrico/assets/js/error-logger.js
--------------------------------------------------------------------------------
[2026-03-05 13:07:11] [DEPRECATED] session_set_save_handler(): Providing individual callbacks instead of an object implementing SessionHandlerInterface is deprecated en C:\tools\nginx\html\sistema_biometrico\index.php línea 50
URI: /sistema_biometrico/empleados/datos-completos/106
--------------------------------------------------------------------------------
[2026-03-05 13:17:52] [DEPRECATED] session_set_save_handler(): Providing individual callbacks instead of an object implementing SessionHandlerInterface is deprecated en C:\tools\nginx\html\sistema_biometrico\index.php línea 50
URI: /sistema_biometrico/empleados?search=106
--------------------------------------------------------------------------------
[2026-03-05 13:17:52] [DEPRECATED] session_set_save_handler(): Providing individual callbacks instead of an object implementing SessionHandlerInterface is deprecated en C:\tools\nginx\html\sistema_biometrico\index.php línea 50
URI: /sistema_biometrico/assets/css/modals.css
--------------------------------------------------------------------------------
[2026-03-05 13:17:52] [DEPRECATED] session_set_save_handler(): Providing individual callbacks instead of an object implementing SessionHandlerInterface is deprecated en C:\tools\nginx\html\sistema_biometrico\index.php línea 50
URI: /sistema_biometrico/assets/css/empleados.css
--------------------------------------------------------------------------------
[2026-03-05 13:17:52] [DEPRECATED] session_set_save_handler(): Providing individual callbacks instead of an object implementing SessionHandlerInterface is deprecated en C:\tools\nginx\html\sistema_biometrico\index.php línea 50
URI: /sistema_biometrico/assets/css/colores-pantone.css
--------------------------------------------------------------------------------
[2026-03-05 13:17:52] [DEPRECATED] session_set_save_handler(): Providing individual callbacks instead of an object implementing SessionHandlerInterface is deprecated en C:\tools\nginx\html\sistema_biometrico\index.php línea 50
URI: /sistema_biometrico/assets/css/database.css
--------------------------------------------------------------------------------
[2026-03-05 13:17:52] [DEPRECATED] session_set_save_handler(): Providing individual callbacks instead of an object implementing SessionHandlerInterface is deprecated en C:\tools\nginx\html\sistema_biometrico\index.php línea 50
URI: /sistema_biometrico/assets/js/error-logger.js
--------------------------------------------------------------------------------
[2026-03-05 13:18:02] [DEPRECATED] session_set_save_handler(): Providing individual callbacks instead of an object implementing SessionHandlerInterface is deprecated en C:\tools\nginx\html\sistema_biometrico\index.php línea 50
URI: /sistema_biometrico/configuracion
--------------------------------------------------------------------------------
[2026-03-05 13:18:02] [DEPRECATED] session_set_save_handler(): Providing individual callbacks instead of an object implementing SessionHandlerInterface is deprecated en C:\tools\nginx\html\sistema_biometrico\index.php línea 50
URI: /sistema_biometrico/assets/css/modals.css
--------------------------------------------------------------------------------
[2026-03-05 13:18:02] [DEPRECATED] session_set_save_handler(): Providing individual callbacks instead of an object implementing SessionHandlerInterface is deprecated en C:\tools\nginx\html\sistema_biometrico\index.php línea 50
URI: /sistema_biometrico/assets/css/empleados.css
--------------------------------------------------------------------------------
[2026-03-05 13:18:02] [DEPRECATED] session_set_save_handler(): Providing individual callbacks instead of an object implementing SessionHandlerInterface is deprecated en C:\tools\nginx\html\sistema_biometrico\index.php línea 50
URI: /sistema_biometrico/assets/css/colores-pantone.css
--------------------------------------------------------------------------------
[2026-03-05 13:18:02] [DEPRECATED] session_set_save_handler(): Providing individual callbacks instead of an object implementing SessionHandlerInterface is deprecated en C:\tools\nginx\html\sistema_biometrico\index.php línea 50
URI: /sistema_biometrico/assets/css/database.css
--------------------------------------------------------------------------------
[2026-03-05 13:18:02] [DEPRECATED] session_set_save_handler(): Providing individual callbacks instead of an object implementing SessionHandlerInterface is deprecated en C:\tools\nginx\html\sistema_biometrico\index.php línea 50
URI: /sistema_biometrico/assets/js/error-logger.js
--------------------------------------------------------------------------------
[2026-03-05 13:18:02] [DEPRECATED] session_set_save_handler(): Providing individual callbacks instead of an object implementing SessionHandlerInterface is deprecated en C:\tools\nginx\html\sistema_biometrico\index.php línea 50
URI: /sistema_biometrico/configuracion/getRecentHistory
--------------------------------------------------------------------------------
[2026-03-05 13:18:02] [DEPRECATED] session_set_save_handler(): Providing individual callbacks instead of an object implementing SessionHandlerInterface is deprecated en C:\tools\nginx\html\sistema_biometrico\index.php línea 50
URI: /sistema_biometrico/validaciones/obtener-contador-pendientes?t=1772738282461
--------------------------------------------------------------------------------
[2026-03-05 13:18:33] [DEPRECATED] session_set_save_handler(): Providing individual callbacks instead of an object implementing SessionHandlerInterface is deprecated en C:\tools\nginx\html\sistema_biometrico\index.php línea 50
URI: /sistema_biometrico/validaciones/obtener-contador-pendientes?t=1772738313227
--------------------------------------------------------------------------------
[2026-03-05 13:18:54] [DEPRECATED] session_set_save_handler(): Providing individual callbacks instead of an object implementing SessionHandlerInterface is deprecated en C:\tools\nginx\html\sistema_biometrico\index.php línea 50
URI: /
--------------------------------------------------------------------------------
[2026-03-05 13:18:58] [EXCEPTION] PDOException
Contexto: {"action":"index","section":"comisiones"}
Mensaje: SQLSTATE[42S22]: Column not found: 1054 Unknown column 'monto' in 'SELECT'
URI: /
Archivo: C:\tools\nginx\html\sistema_biometrico\models\Comision.php Línea: 136
#0 C:\tools\nginx\html\sistema_biometrico\models\Comision.php(136): PDO->prepare('SELECT SUM(mont...')
#1 C:\tools\nginx\html\sistema_biometrico\controllers\DashboardController.php(81): Comision->getTotalComisiones(NULL, '03', '2026')
#2 C:\tools\nginx\html\sistema_biometrico\index.php(167): DashboardController->index()
#3 {main}
--------------------------------------------------------------------------------
[2026-03-05 13:18:58] [DEPRECATED] session_set_save_handler(): Providing individual callbacks instead of an object implementing SessionHandlerInterface is deprecated en C:\tools\nginx\html\sistema_biometrico\index.php línea 50
URI: /sistema_biometrico/assets/css/modals.css
--------------------------------------------------------------------------------
[2026-03-05 13:18:58] [DEPRECATED] session_set_save_handler(): Providing individual callbacks instead of an object implementing SessionHandlerInterface is deprecated en C:\tools\nginx\html\sistema_biometrico\index.php línea 50
URI: /sistema_biometrico/assets/css/empleados.css
--------------------------------------------------------------------------------
[2026-03-05 13:18:58] [DEPRECATED] session_set_save_handler(): Providing individual callbacks instead of an object implementing SessionHandlerInterface is deprecated en C:\tools\nginx\html\sistema_biometrico\index.php línea 50
URI: /sistema_biometrico/assets/css/colores-pantone.css
--------------------------------------------------------------------------------
[2026-03-05 13:18:58] [DEPRECATED] session_set_save_handler(): Providing individual callbacks instead of an object implementing SessionHandlerInterface is deprecated en C:\tools\nginx\html\sistema_biometrico\index.php línea 50
URI: /sistema_biometrico/assets/css/database.css
--------------------------------------------------------------------------------
[2026-03-05 13:18:58] [DEPRECATED] session_set_save_handler(): Providing individual callbacks instead of an object implementing SessionHandlerInterface is deprecated en C:\tools\nginx\html\sistema_biometrico\index.php línea 50
URI: /sistema_biometrico/assets/js/error-logger.js
--------------------------------------------------------------------------------
[2026-03-05 13:19:00] [DEPRECATED] session_set_save_handler(): Providing individual callbacks instead of an object implementing SessionHandlerInterface is deprecated en C:\tools\nginx\html\sistema_biometrico\index.php línea 50
URI: /sistema_biometrico/configuracion
--------------------------------------------------------------------------------
[2026-03-05 13:19:00] [DEPRECATED] session_set_save_handler(): Providing individual callbacks instead of an object implementing SessionHandlerInterface is deprecated en C:\tools\nginx\html\sistema_biometrico\index.php línea 50
URI: /sistema_biometrico/assets/css/modals.css
--------------------------------------------------------------------------------
[2026-03-05 13:19:01] [DEPRECATED] session_set_save_handler(): Providing individual callbacks instead of an object implementing SessionHandlerInterface is deprecated en C:\tools\nginx\html\sistema_biometrico\index.php línea 50
URI: /sistema_biometrico/assets/css/empleados.css
--------------------------------------------------------------------------------
[2026-03-05 13:19:01] [DEPRECATED] session_set_save_handler(): Providing individual callbacks instead of an object implementing SessionHandlerInterface is deprecated en C:\tools\nginx\html\sistema_biometrico\index.php línea 50
URI: /sistema_biometrico/assets/css/colores-pantone.css
--------------------------------------------------------------------------------
[2026-03-05 13:19:01] [DEPRECATED] session_set_save_handler(): Providing individual callbacks instead of an object implementing SessionHandlerInterface is deprecated en C:\tools\nginx\html\sistema_biometrico\index.php línea 50
URI: /sistema_biometrico/assets/css/database.css
--------------------------------------------------------------------------------
[2026-03-05 13:19:01] [DEPRECATED] session_set_save_handler(): Providing individual callbacks instead of an object implementing SessionHandlerInterface is deprecated en C:\tools\nginx\html\sistema_biometrico\index.php línea 50
URI: /sistema_biometrico/assets/js/error-logger.js
--------------------------------------------------------------------------------
[2026-03-05 13:19:01] [DEPRECATED] session_set_save_handler(): Providing individual callbacks instead of an object implementing SessionHandlerInterface is deprecated en C:\tools\nginx\html\sistema_biometrico\index.php línea 50
URI: /sistema_biometrico/configuracion/getRecentHistory
--------------------------------------------------------------------------------
[2026-03-05 13:19:01] [DEPRECATED] session_set_save_handler(): Providing individual callbacks instead of an object implementing SessionHandlerInterface is deprecated en C:\tools\nginx\html\sistema_biometrico\index.php línea 50
URI: /sistema_biometrico/validaciones/obtener-contador-pendientes?t=1772738341145
--------------------------------------------------------------------------------
[2026-03-05 13:19:06] [DEPRECATED] session_set_save_handler(): Providing individual callbacks instead of an object implementing SessionHandlerInterface is deprecated en C:\tools\nginx\html\sistema_biometrico\index.php línea 50
URI: /sistema_biometrico/configuracion/uploadZkteco
--------------------------------------------------------------------------------
[2026-03-05 13:19:09] [DEPRECATED] session_set_save_handler(): Providing individual callbacks instead of an object implementing SessionHandlerInterface is deprecated en C:\tools\nginx\html\sistema_biometrico\index.php línea 50
URI: /sistema_biometrico/configuracion/getRecentHistory
--------------------------------------------------------------------------------
[2026-03-05 13:19:25] [DEPRECATED] session_set_save_handler(): Providing individual callbacks instead of an object implementing SessionHandlerInterface is deprecated en C:\tools\nginx\html\sistema_biometrico\index.php línea 50
URI: /sistema_biometrico/assets/css/modals.css
--------------------------------------------------------------------------------
[2026-03-05 13:19:25] [DEPRECATED] session_set_save_handler(): Providing individual callbacks instead of an object implementing SessionHandlerInterface is deprecated en C:\tools\nginx\html\sistema_biometrico\index.php línea 50
URI: /sistema_biometrico/assets/css/empleados.css
--------------------------------------------------------------------------------
[2026-03-05 13:19:25] [DEPRECATED] session_set_save_handler(): Providing individual callbacks instead of an object implementing SessionHandlerInterface is deprecated en C:\tools\nginx\html\sistema_biometrico\index.php línea 50
URI: /sistema_biometrico/assets/css/colores-pantone.css
--------------------------------------------------------------------------------
[2026-03-05 13:19:25] [DEPRECATED] session_set_save_handler(): Providing individual callbacks instead of an object implementing SessionHandlerInterface is deprecated en C:\tools\nginx\html\sistema_biometrico\index.php línea 50
URI: /sistema_biometrico/assets/css/database.css
--------------------------------------------------------------------------------
[2026-03-05 13:19:25] [DEPRECATED] session_set_save_handler(): Providing individual callbacks instead of an object implementing SessionHandlerInterface is deprecated en C:\tools\nginx\html\sistema_biometrico\index.php línea 50
URI: /.well-known/appspecific/com.chrome.devtools.json
--------------------------------------------------------------------------------
[2026-03-05 13:19:31] [DEPRECATED] session_set_save_handler(): Providing individual callbacks instead of an object implementing SessionHandlerInterface is deprecated en C:\tools\nginx\html\sistema_biometrico\index.php línea 50
URI: /sistema_biometrico/validaciones/obtener-contador-pendientes?t=1772738371159
--------------------------------------------------------------------------------
[2026-03-05 13:19:45] [DEPRECATED] session_set_save_handler(): Providing individual callbacks instead of an object implementing SessionHandlerInterface is deprecated en C:\tools\nginx\html\sistema_biometrico\index.php línea 50
URI: /sistema_biometrico/validaciones/obtener-contador-pendientes?t=1772738371159
--------------------------------------------------------------------------------
[2026-03-05 13:19:45] [DEPRECATED] session_set_save_handler(): Providing individual callbacks instead of an object implementing SessionHandlerInterface is deprecated en C:\tools\nginx\html\sistema_biometrico\index.php línea 50
URI: /favicon.ico
--------------------------------------------------------------------------------
[2026-03-05 13:19:53] [DEPRECATED] session_set_save_handler(): Providing individual callbacks instead of an object implementing SessionHandlerInterface is deprecated en C:\tools\nginx\html\sistema_biometrico\index.php línea 50
URI: /sistema_biometrico/configuracion/uploadZkteco
--------------------------------------------------------------------------------
[2026-03-05 13:19:54] [DEPRECATED] session_set_save_handler(): Providing individual callbacks instead of an object implementing SessionHandlerInterface is deprecated en C:\tools\nginx\html\sistema_biometrico\index.php línea 50
URI: /sistema_biometrico/configuracion/getRecentHistory
--------------------------------------------------------------------------------
[2026-03-05 13:20:01] [DEPRECATED] session_set_save_handler(): Providing individual callbacks instead of an object implementing SessionHandlerInterface is deprecated en C:\tools\nginx\html\sistema_biometrico\index.php línea 50
URI: /sistema_biometrico/validaciones/obtener-contador-pendientes?t=1772738401153
--------------------------------------------------------------------------------
[2026-03-05 13:20:31] [DEPRECATED] session_set_save_handler(): Providing individual callbacks instead of an object implementing SessionHandlerInterface is deprecated en C:\tools\nginx\html\sistema_biometrico\index.php línea 50
URI: /sistema_biometrico/validaciones/obtener-contador-pendientes?t=1772738431161
--------------------------------------------------------------------------------
[2026-03-05 13:20:33] [DEPRECATED] session_set_save_handler(): Providing individual callbacks instead of an object implementing SessionHandlerInterface is deprecated en C:\tools\nginx\html\sistema_biometrico\index.php línea 50
URI: /sistema_biometrico/configuracion
--------------------------------------------------------------------------------
[2026-03-05 13:20:33] [DEPRECATED] session_set_save_handler(): Providing individual callbacks instead of an object implementing SessionHandlerInterface is deprecated en C:\tools\nginx\html\sistema_biometrico\index.php línea 50
URI: /sistema_biometrico/assets/css/modals.css
--------------------------------------------------------------------------------
[2026-03-05 13:20:33] [DEPRECATED] session_set_save_handler(): Providing individual callbacks instead of an object implementing SessionHandlerInterface is deprecated en C:\tools\nginx\html\sistema_biometrico\index.php línea 50
URI: /sistema_biometrico/assets/css/empleados.css
--------------------------------------------------------------------------------
[2026-03-05 13:20:33] [DEPRECATED] session_set_save_handler(): Providing individual callbacks instead of an object implementing SessionHandlerInterface is deprecated en C:\tools\nginx\html\sistema_biometrico\index.php línea 50
URI: /sistema_biometrico/assets/css/colores-pantone.css
--------------------------------------------------------------------------------
[2026-03-05 13:20:34] [DEPRECATED] session_set_save_handler(): Providing individual callbacks instead of an object implementing SessionHandlerInterface is deprecated en C:\tools\nginx\html\sistema_biometrico\index.php línea 50
URI: /sistema_biometrico/assets/css/database.css
--------------------------------------------------------------------------------
[2026-03-05 13:20:34] [DEPRECATED] session_set_save_handler(): Providing individual callbacks instead of an object implementing SessionHandlerInterface is deprecated en C:\tools\nginx\html\sistema_biometrico\index.php línea 50
URI: /sistema_biometrico/assets/js/error-logger.js
--------------------------------------------------------------------------------
[2026-03-05 13:20:34] [DEPRECATED] session_set_save_handler(): Providing individual callbacks instead of an object implementing SessionHandlerInterface is deprecated en C:\tools\nginx\html\sistema_biometrico\index.php línea 50
URI: /sistema_biometrico/configuracion/getRecentHistory
--------------------------------------------------------------------------------
[2026-03-05 13:20:34] [DEPRECATED] session_set_save_handler(): Providing individual callbacks instead of an object implementing SessionHandlerInterface is deprecated en C:\tools\nginx\html\sistema_biometrico\index.php línea 50
URI: /sistema_biometrico/configuracion
--------------------------------------------------------------------------------
[2026-03-05 13:20:34] [DEPRECATED] session_set_save_handler(): Providing individual callbacks instead of an object implementing SessionHandlerInterface is deprecated en C:\tools\nginx\html\sistema_biometrico\index.php línea 50
URI: /sistema_biometrico/assets/css/modals.css
--------------------------------------------------------------------------------
[2026-03-05 13:20:35] [DEPRECATED] session_set_save_handler(): Providing individual callbacks instead of an object implementing SessionHandlerInterface is deprecated en C:\tools\nginx\html\sistema_biometrico\index.php línea 50
URI: /sistema_biometrico/assets/css/empleados.css
--------------------------------------------------------------------------------
[2026-03-05 13:20:35] [DEPRECATED] session_set_save_handler(): Providing individual callbacks instead of an object implementing SessionHandlerInterface is deprecated en C:\tools\nginx\html\sistema_biometrico\index.php línea 50
URI: /sistema_biometrico/assets/css/colores-pantone.css
--------------------------------------------------------------------------------
[2026-03-05 13:20:35] [DEPRECATED] session_set_save_handler(): Providing individual callbacks instead of an object implementing SessionHandlerInterface is deprecated en C:\tools\nginx\html\sistema_biometrico\index.php línea 50
URI: /sistema_biometrico/assets/css/database.css
--------------------------------------------------------------------------------
[2026-03-05 13:20:35] [DEPRECATED] session_set_save_handler(): Providing individual callbacks instead of an object implementing SessionHandlerInterface is deprecated en C:\tools\nginx\html\sistema_biometrico\index.php línea 50
URI: /sistema_biometrico/assets/js/error-logger.js
--------------------------------------------------------------------------------
[2026-03-05 13:20:35] [DEPRECATED] session_set_save_handler(): Providing individual callbacks instead of an object implementing SessionHandlerInterface is deprecated en C:\tools\nginx\html\sistema_biometrico\index.php línea 50
URI: /sistema_biometrico/configuracion
--------------------------------------------------------------------------------
[2026-03-05 13:20:35] [DEPRECATED] session_set_save_handler(): Providing individual callbacks instead of an object implementing SessionHandlerInterface is deprecated en C:\tools\nginx\html\sistema_biometrico\index.php línea 50
URI: /sistema_biometrico/configuracion/getRecentHistory
--------------------------------------------------------------------------------
[2026-03-05 13:20:35] [DEPRECATED] session_set_save_handler(): Providing individual callbacks instead of an object implementing SessionHandlerInterface is deprecated en C:\tools\nginx\html\sistema_biometrico\index.php línea 50
URI: /sistema_biometrico/assets/css/modals.css
--------------------------------------------------------------------------------
[2026-03-05 13:20:35] [DEPRECATED] session_set_save_handler(): Providing individual callbacks instead of an object implementing SessionHandlerInterface is deprecated en C:\tools\nginx\html\sistema_biometrico\index.php línea 50
URI: /sistema_biometrico/assets/css/empleados.css
--------------------------------------------------------------------------------
[2026-03-05 13:20:35] [DEPRECATED] session_set_save_handler(): Providing individual callbacks instead of an object implementing SessionHandlerInterface is deprecated en C:\tools\nginx\html\sistema_biometrico\index.php línea 50
URI: /sistema_biometrico/assets/css/colores-pantone.css
--------------------------------------------------------------------------------
[2026-03-05 13:20:35] [DEPRECATED] session_set_save_handler(): Providing individual callbacks instead of an object implementing SessionHandlerInterface is deprecated en C:\tools\nginx\html\sistema_biometrico\index.php línea 50
URI: /sistema_biometrico/assets/css/database.css
--------------------------------------------------------------------------------
[2026-03-05 13:20:35] [DEPRECATED] session_set_save_handler(): Providing individual callbacks instead of an object implementing SessionHandlerInterface is deprecated en C:\tools\nginx\html\sistema_biometrico\index.php línea 50
URI: /sistema_biometrico/assets/js/error-logger.js
--------------------------------------------------------------------------------
[2026-03-05 13:20:35] [DEPRECATED] session_set_save_handler(): Providing individual callbacks instead of an object implementing SessionHandlerInterface is deprecated en C:\tools\nginx\html\sistema_biometrico\index.php línea 50
URI: /sistema_biometrico/configuracion
--------------------------------------------------------------------------------
[2026-03-05 13:20:35] [DEPRECATED] session_set_save_handler(): Providing individual callbacks instead of an object implementing SessionHandlerInterface is deprecated en C:\tools\nginx\html\sistema_biometrico\index.php línea 50
URI: /sistema_biometrico/configuracion/getRecentHistory
--------------------------------------------------------------------------------
[2026-03-05 13:20:35] [DEPRECATED] session_set_save_handler(): Providing individual callbacks instead of an object implementing SessionHandlerInterface is deprecated en C:\tools\nginx\html\sistema_biometrico\index.php línea 50
URI: /sistema_biometrico/configuracion
--------------------------------------------------------------------------------
[2026-03-05 13:20:35] [DEPRECATED] session_set_save_handler(): Providing individual callbacks instead of an object implementing SessionHandlerInterface is deprecated en C:\tools\nginx\html\sistema_biometrico\index.php línea 50
URI: /sistema_biometrico/assets/css/modals.css
--------------------------------------------------------------------------------
[2026-03-05 13:20:35] [DEPRECATED] session_set_save_handler(): Providing individual callbacks instead of an object implementing SessionHandlerInterface is deprecated en C:\tools\nginx\html\sistema_biometrico\index.php línea 50
URI: /sistema_biometrico/assets/css/empleados.css
--------------------------------------------------------------------------------
[2026-03-05 13:20:35] [DEPRECATED] session_set_save_handler(): Providing individual callbacks instead of an object implementing SessionHandlerInterface is deprecated en C:\tools\nginx\html\sistema_biometrico\index.php línea 50
URI: /sistema_biometrico/assets/css/colores-pantone.css
--------------------------------------------------------------------------------
[2026-03-05 13:20:35] [DEPRECATED] session_set_save_handler(): Providing individual callbacks instead of an object implementing SessionHandlerInterface is deprecated en C:\tools\nginx\html\sistema_biometrico\index.php línea 50
URI: /sistema_biometrico/assets/css/database.css
--------------------------------------------------------------------------------
[2026-03-05 13:20:35] [DEPRECATED] session_set_save_handler(): Providing individual callbacks instead of an object implementing SessionHandlerInterface is deprecated en C:\tools\nginx\html\sistema_biometrico\index.php línea 50
URI: /sistema_biometrico/assets/js/error-logger.js
--------------------------------------------------------------------------------
[2026-03-05 13:20:35] [DEPRECATED] session_set_save_handler(): Providing individual callbacks instead of an object implementing SessionHandlerInterface is deprecated en C:\tools\nginx\html\sistema_biometrico\index.php línea 50
URI: /sistema_biometrico/configuracion/getRecentHistory
--------------------------------------------------------------------------------
[2026-03-05 13:25:01] [DEPRECATED] session_set_save_handler(): Providing individual callbacks instead of an object implementing SessionHandlerInterface is deprecated en C:\tools\nginx\html\sistema_biometrico\index.php línea 50
URI: /
--------------------------------------------------------------------------------
[2026-03-05 13:25:01] [DEPRECATED] session_set_save_handler(): Providing individual callbacks instead of an object implementing SessionHandlerInterface is deprecated en C:\tools\nginx\html\sistema_biometrico\index.php línea 50
URI: /sistema_biometrico/login
--------------------------------------------------------------------------------
[2026-03-05 13:25:17] [DEPRECATED] session_set_save_handler(): Providing individual callbacks instead of an object implementing SessionHandlerInterface is deprecated en C:\tools\nginx\html\sistema_biometrico\index.php línea 50
URI: /sistema_biometrico/login
--------------------------------------------------------------------------------
[2026-03-05 13:25:17] [DEPRECATED] session_set_save_handler(): Providing individual callbacks instead of an object implementing SessionHandlerInterface is deprecated en C:\tools\nginx\html\sistema_biometrico\index.php línea 50
URI: /sistema_biometrico/dashboard
--------------------------------------------------------------------------------
[2026-03-05 13:25:19] [EXCEPTION] PDOException
Contexto: {"action":"index","section":"comisiones"}
Mensaje: SQLSTATE[42S22]: Column not found: 1054 Unknown column 'monto' in 'SELECT'
URI: /sistema_biometrico/dashboard
Archivo: C:\tools\nginx\html\sistema_biometrico\models\Comision.php Línea: 136
#0 C:\tools\nginx\html\sistema_biometrico\models\Comision.php(136): PDO->prepare('SELECT SUM(mont...')
#1 C:\tools\nginx\html\sistema_biometrico\controllers\DashboardController.php(81): Comision->getTotalComisiones(NULL, '03', '2026')
#2 C:\tools\nginx\html\sistema_biometrico\index.php(167): DashboardController->index()
#3 {main}
--------------------------------------------------------------------------------
[2026-03-05 13:25:25] [DEPRECATED] session_set_save_handler(): Providing individual callbacks instead of an object implementing SessionHandlerInterface is deprecated en C:\tools\nginx\html\sistema_biometrico\index.php línea 50
URI: /empleados
--------------------------------------------------------------------------------
[2026-03-05 13:25:28] [DEPRECATED] session_set_save_handler(): Providing individual callbacks instead of an object implementing SessionHandlerInterface is deprecated en C:\tools\nginx\html\sistema_biometrico\index.php línea 50
URI: /sistema_biometrico/empleados?search=106
--------------------------------------------------------------------------------
[2026-03-05 13:25:30] [DEPRECATED] session_set_save_handler(): Providing individual callbacks instead of an object implementing SessionHandlerInterface is deprecated en C:\tools\nginx\html\sistema_biometrico\index.php línea 50
URI: /sistema_biometrico/empleados/datos-completos/106
--------------------------------------------------------------------------------
[2026-03-05 13:25:30] [DEPRECATED] session_set_save_handler(): Providing individual callbacks instead of an object implementing SessionHandlerInterface is deprecated en C:\tools\nginx\html\sistema_biometrico\index.php línea 50
URI: /sistema_biometrico/api/log-error
--------------------------------------------------------------------------------
[2026-03-05 13:25:30] [EXCEPTION] Error
Mensaje: Cannot use object of type Closure as array
URI: /sistema_biometrico/api/log-error
#0 {main}
[2026-03-05 13:31:45] [DEPRECATED] session_set_save_handler(): Providing individual callbacks instead of an object implementing SessionHandlerInterface is deprecated en C:\tools\nginx\html\sistema_biometrico\index.php línea 50
URI: /sistema_biometrico/empleados?search=106
--------------------------------------------------------------------------------
[2026-03-05 13:31:45] [DEPRECATED] session_set_save_handler(): Providing individual callbacks instead of an object implementing SessionHandlerInterface is deprecated en C:\tools\nginx\html\sistema_biometrico\index.php línea 50
URI: /sistema_biometrico/empleados?search=106
--------------------------------------------------------------------------------
[2026-03-05 13:31:45] [DEPRECATED] session_set_save_handler(): Providing individual callbacks instead of an object implementing SessionHandlerInterface is deprecated en C:\tools\nginx\html\sistema_biometrico\index.php línea 50
URI: /sistema_biometrico/empleados?search=106
--------------------------------------------------------------------------------
[2026-03-05 13:31:45] [DEPRECATED] session_set_save_handler(): Providing individual callbacks instead of an object implementing SessionHandlerInterface is deprecated en C:\tools\nginx\html\sistema_biometrico\index.php línea 50
URI: /sistema_biometrico/empleados?search=106
--------------------------------------------------------------------------------
[2026-03-05 13:31:46] [DEPRECATED] session_set_save_handler(): Providing individual callbacks instead of an object implementing SessionHandlerInterface is deprecated en C:\tools\nginx\html\sistema_biometrico\index.php línea 50
URI: /sistema_biometrico/empleados?search=106
--------------------------------------------------------------------------------
[2026-03-05 13:31:46] [DEPRECATED] session_set_save_handler(): Providing individual callbacks instead of an object implementing SessionHandlerInterface is deprecated en C:\tools\nginx\html\sistema_biometrico\index.php línea 50
URI: /sistema_biometrico/empleados?search=106
--------------------------------------------------------------------------------
[2026-03-05 13:33:47] [DEPRECATED] session_set_save_handler(): Providing individual callbacks instead of an object implementing SessionHandlerInterface is deprecated en C:\tools\nginx\html\sistema_biometrico\index.php línea 50
URI: /sistema_biometrico/logout
--------------------------------------------------------------------------------
[2026-03-05 13:33:47] [DEPRECATED] session_set_save_handler(): Providing individual callbacks instead of an object implementing SessionHandlerInterface is deprecated en C:\tools\nginx\html\sistema_biometrico\index.php línea 50
URI: /sistema_biometrico/login
--------------------------------------------------------------------------------
[2026-03-05 13:37:23] [DEPRECATED] session_set_save_handler(): Providing individual callbacks instead of an object implementing SessionHandlerInterface is deprecated en C:\tools\nginx\html\sistema_biometrico\index.php línea 50
URI: /
--------------------------------------------------------------------------------
[2026-03-05 13:37:23] [DEPRECATED] session_set_save_handler(): Providing individual callbacks instead of an object implementing SessionHandlerInterface is deprecated en C:\tools\nginx\html\sistema_biometrico\index.php línea 50
URI: /sistema_biometrico/login
--------------------------------------------------------------------------------
[2026-03-05 13:37:29] [DEPRECATED] session_set_save_handler(): Providing individual callbacks instead of an object implementing SessionHandlerInterface is deprecated en C:\tools\nginx\html\sistema_biometrico\index.php línea 50
URI: /sistema_biometrico/login
--------------------------------------------------------------------------------
[2026-03-05 13:37:29] [DEPRECATED] session_set_save_handler(): Providing individual callbacks instead of an object implementing SessionHandlerInterface is deprecated en C:\tools\nginx\html\sistema_biometrico\index.php línea 50
URI: /sistema_biometrico/dashboard
--------------------------------------------------------------------------------
[2026-03-05 13:37:32] [EXCEPTION] PDOException
Contexto: {"action":"index","section":"comisiones"}
Mensaje: SQLSTATE[42S22]: Column not found: 1054 Unknown column 'monto' in 'SELECT'
URI: /sistema_biometrico/dashboard
Archivo: C:\tools\nginx\html\sistema_biometrico\models\Comision.php Línea: 136
#0 C:\tools\nginx\html\sistema_biometrico\models\Comision.php(136): PDO->prepare('SELECT SUM(mont...')
#1 C:\tools\nginx\html\sistema_biometrico\controllers\DashboardController.php(81): Comision->getTotalComisiones(NULL, '03', '2026')
#2 C:\tools\nginx\html\sistema_biometrico\index.php(167): DashboardController->index()
#3 {main}
--------------------------------------------------------------------------------
[2026-03-05 13:37:35] [DEPRECATED] session_set_save_handler(): Providing individual callbacks instead of an object implementing SessionHandlerInterface is deprecated en C:\tools\nginx\html\sistema_biometrico\index.php línea 50
URI: /sistema_biometrico/database
--------------------------------------------------------------------------------
[2026-03-05 13:37:35] [DEPRECATED] session_set_save_handler(): Providing individual callbacks instead of an object implementing SessionHandlerInterface is deprecated en C:\tools\nginx\html\sistema_biometrico\index.php línea 50
URI: /sistema_biometrico/database/foreignKeys
--------------------------------------------------------------------------------
[2026-03-05 13:37:35] [DEPRECATED] session_set_save_handler(): Providing individual callbacks instead of an object implementing SessionHandlerInterface is deprecated en C:\tools\nginx\html\sistema_biometrico\index.php línea 50
URI: /sistema_biometrico/database/listBackups
--------------------------------------------------------------------------------
[2026-03-05 13:37:44] [DEPRECATED] session_set_save_handler(): Providing individual callbacks instead of an object implementing SessionHandlerInterface is deprecated en C:\tools\nginx\html\sistema_biometrico\index.php línea 50
URI: /sistema_biometrico/database/deleteBackup
--------------------------------------------------------------------------------
[2026-03-05 13:37:44] [DEPRECATED] session_set_save_handler(): Providing individual callbacks instead of an object implementing SessionHandlerInterface is deprecated en C:\tools\nginx\html\sistema_biometrico\index.php línea 50
URI: /sistema_biometrico/database/listBackups
--------------------------------------------------------------------------------
[2026-03-05 13:37:44] [DEPRECATED] session_set_save_handler(): Providing individual callbacks instead of an object implementing SessionHandlerInterface is deprecated en C:\tools\nginx\html\sistema_biometrico\index.php línea 50
URI: /sistema_biometrico/database/listBackups
--------------------------------------------------------------------------------
[2026-03-05 13:37:47] [DEPRECATED] session_set_save_handler(): Providing individual callbacks instead of an object implementing SessionHandlerInterface is deprecated en C:\tools\nginx\html\sistema_biometrico\index.php línea 50
URI: /sistema_biometrico/database/backup
--------------------------------------------------------------------------------
[2026-03-05 13:37:47] [DEPRECATED] session_set_save_handler(): Providing individual callbacks instead of an object implementing SessionHandlerInterface is deprecated en C:\tools\nginx\html\sistema_biometrico\index.php línea 50
URI: /sistema_biometrico/api/log-error
--------------------------------------------------------------------------------
[2026-03-05 13:37:47] [EXCEPTION] Error
Mensaje: Cannot use object of type Closure as array
URI: /sistema_biometrico/api/log-error
#0 {main}
[2026-03-05 13:38:00] [DEPRECATED] session_set_save_handler(): Providing individual callbacks instead of an object implementing SessionHandlerInterface is deprecated en C:\tools\nginx\html\sistema_biometrico\index.php línea 50
URI: /sistema_biometrico/database/backup
--------------------------------------------------------------------------------
[2026-03-05 13:38:01] [DEPRECATED] session_set_save_handler(): Providing individual callbacks instead of an object implementing SessionHandlerInterface is deprecated en C:\tools\nginx\html\sistema_biometrico\index.php línea 50
URI: /sistema_biometrico/api/log-error
--------------------------------------------------------------------------------
[2026-03-05 13:38:01] [EXCEPTION] Error
Mensaje: Cannot use object of type Closure as array
URI: /sistema_biometrico/api/log-error
#0 {main}
[2026-03-05 13:38:09] [DEPRECATED] session_set_save_handler(): Providing individual callbacks instead of an object implementing SessionHandlerInterface is deprecated en C:\tools\nginx\html\sistema_biometrico\index.php línea 50
URI: /sistema_biometrico/database/listBackups
--------------------------------------------------------------------------------
[2026-03-05 13:38:15] [DEPRECATED] session_set_save_handler(): Providing individual callbacks instead of an object implementing SessionHandlerInterface is deprecated en C:\tools\nginx\html\sistema_biometrico\index.php línea 50
URI: /sistema_biometrico/database/backup
--------------------------------------------------------------------------------
[2026-03-05 13:38:15] [DEPRECATED] session_set_save_handler(): Providing individual callbacks instead of an object implementing SessionHandlerInterface is deprecated en C:\tools\nginx\html\sistema_biometrico\index.php línea 50
URI: /sistema_biometrico/api/log-error
--------------------------------------------------------------------------------
[2026-03-05 13:38:15] [EXCEPTION] Error
Mensaje: Cannot use object of type Closure as array
URI: /sistema_biometrico/api/log-error
#0 {main}
[2026-03-05 13:41:17] [DEPRECATED] session_set_save_handler(): Providing individual callbacks instead of an object implementing SessionHandlerInterface is deprecated en C:\tools\nginx\html\sistema_biometrico\index.php línea 50
URI: /sistema_biometrico/database
--------------------------------------------------------------------------------
[2026-03-05 13:41:17] [DEPRECATED] session_set_save_handler(): Providing individual callbacks instead of an object implementing SessionHandlerInterface is deprecated en C:\tools\nginx\html\sistema_biometrico\index.php línea 50
URI: /sistema_biometrico/database/foreignKeys
--------------------------------------------------------------------------------
[2026-03-05 13:41:17] [DEPRECATED] session_set_save_handler(): Providing individual callbacks instead of an object implementing SessionHandlerInterface is deprecated en C:\tools\nginx\html\sistema_biometrico\index.php línea 50
URI: /sistema_biometrico/database/listBackups
--------------------------------------------------------------------------------
[2026-03-05 13:41:20] [DEPRECATED] session_set_save_handler(): Providing individual callbacks instead of an object implementing SessionHandlerInterface is deprecated en C:\tools\nginx\html\sistema_biometrico\index.php línea 50
URI: /sistema_biometrico/database/backup
--------------------------------------------------------------------------------
[2026-03-05 13:41:20] [DEPRECATED] session_set_save_handler(): Providing individual callbacks instead of an object implementing SessionHandlerInterface is deprecated en C:\tools\nginx\html\sistema_biometrico\index.php línea 50
URI: /sistema_biometrico/api/log-error
--------------------------------------------------------------------------------
[2026-03-05 13:41:20] [EXCEPTION] Error
Mensaje: Cannot use object of type Closure as array
URI: /sistema_biometrico/api/log-error
#0 {main}
[2026-03-05 13:42:07] [DEPRECATED] session_set_save_handler(): Providing individual callbacks instead of an object implementing SessionHandlerInterface is deprecated en C:\tools\nginx\html\sistema_biometrico\index.php línea 50
URI: /sistema_biometrico/database/backup
--------------------------------------------------------------------------------
[2026-03-05 13:42:07] [DEPRECATED] session_set_save_handler(): Providing individual callbacks instead of an object implementing SessionHandlerInterface is deprecated en C:\tools\nginx\html\sistema_biometrico\index.php línea 50
URI: /sistema_biometrico/api/log-error
--------------------------------------------------------------------------------
[2026-03-05 13:42:07] [EXCEPTION] Error
Mensaje: Cannot use object of type Closure as array
URI: /sistema_biometrico/api/log-error
#0 {main}
[2026-03-05 13:44:16] [DEPRECATED] session_set_save_handler(): Providing individual callbacks instead of an object implementing SessionHandlerInterface is deprecated en C:\tools\nginx\html\sistema_biometrico\index.php línea 50
URI: /sistema_biometrico/database
--------------------------------------------------------------------------------
[2026-03-05 13:44:16] [DEPRECATED] session_set_save_handler(): Providing individual callbacks instead of an object implementing SessionHandlerInterface is deprecated en C:\tools\nginx\html\sistema_biometrico\index.php línea 50
URI: /sistema_biometrico/database/foreignKeys
--------------------------------------------------------------------------------
[2026-03-05 13:44:16] [DEPRECATED] session_set_save_handler(): Providing individual callbacks instead of an object implementing SessionHandlerInterface is deprecated en C:\tools\nginx\html\sistema_biometrico\index.php línea 50
URI: /sistema_biometrico/database/listBackups
--------------------------------------------------------------------------------
[2026-03-05 13:44:33] [DEPRECATED] session_set_save_handler(): Providing individual callbacks instead of an object implementing SessionHandlerInterface is deprecated en C:\tools\nginx\html\sistema_biometrico\index.php línea 50
URI: /sistema_biometrico/database/backup
--------------------------------------------------------------------------------
[2026-03-05 13:44:36] [DEPRECATED] session_set_save_handler(): Providing individual callbacks instead of an object implementing SessionHandlerInterface is deprecated en C:\tools\nginx\html\sistema_biometrico\index.php línea 50
URI: /sistema_biometrico/database
--------------------------------------------------------------------------------
[2026-03-05 13:44:36] [DEPRECATED] session_set_save_handler(): Providing individual callbacks instead of an object implementing SessionHandlerInterface is deprecated en C:\tools\nginx\html\sistema_biometrico\index.php línea 50
URI: /sistema_biometrico/database/foreignKeys
--------------------------------------------------------------------------------
[2026-03-05 13:44:36] [DEPRECATED] session_set_save_handler(): Providing individual callbacks instead of an object implementing SessionHandlerInterface is deprecated en C:\tools\nginx\html\sistema_biometrico\index.php línea 50
URI: /sistema_biometrico/database/listBackups
--------------------------------------------------------------------------------
[2026-03-05 13:50:29] [DEPRECATED] session_set_save_handler(): Providing individual callbacks instead of an object implementing SessionHandlerInterface is deprecated en C:\tools\nginx\html\sistema_biometrico\index.php línea 50
URI: /sistema_biometrico/database
--------------------------------------------------------------------------------
[2026-03-05 13:50:30] [DEPRECATED] session_set_save_handler(): Providing individual callbacks instead of an object implementing SessionHandlerInterface is deprecated en C:\tools\nginx\html\sistema_biometrico\index.php línea 50
URI: /sistema_biometrico/database/foreignKeys
--------------------------------------------------------------------------------
[2026-03-05 13:50:30] [DEPRECATED] session_set_save_handler(): Providing individual callbacks instead of an object implementing SessionHandlerInterface is deprecated en C:\tools\nginx\html\sistema_biometrico\index.php línea 50
URI: /sistema_biometrico/database/listBackups
--------------------------------------------------------------------------------
[2026-03-05 13:51:37] [DEPRECATED] session_set_save_handler(): Providing individual callbacks instead of an object implementing SessionHandlerInterface is deprecated en C:\tools\nginx\html\sistema_biometrico\index.php línea 50
URI: /sistema_biometrico/configuracion
--------------------------------------------------------------------------------
[2026-03-05 13:51:37] [DEPRECATED] session_set_save_handler(): Providing individual callbacks instead of an object implementing SessionHandlerInterface is deprecated en C:\tools\nginx\html\sistema_biometrico\index.php línea 50
URI: /sistema_biometrico/configuracion/getRecentHistory
--------------------------------------------------------------------------------
[2026-03-05 13:51:46] [DEPRECATED] session_set_save_handler(): Providing individual callbacks instead of an object implementing SessionHandlerInterface is deprecated en C:\tools\nginx\html\sistema_biometrico\index.php línea 50
URI: /sistema_biometrico/configuracion/uploadZkteco
--------------------------------------------------------------------------------
[2026-03-05 13:51:46] [EXCEPTION] PDOException
Contexto: {"action":"procesarDat"}
Mensaje: SQLSTATE[42S02]: Base table or view not found: 1146 Table 'sistema_biometrico.zk_empleado_mapeo' doesn't exist
URI: /sistema_biometrico/configuracion/uploadZkteco
Archivo: C:\tools\nginx\html\sistema_biometrico\controllers\ConfiguracionController.php Línea: 278
#0 C:\tools\nginx\html\sistema_biometrico\controllers\ConfiguracionController.php(278): PDO->prepare('\n            SE...')
#1 C:\tools\nginx\html\sistema_biometrico\controllers\ConfiguracionController.php(268): ConfiguracionController->obtenerMapeoEmpleados()
#2 C:\tools\nginx\html\sistema_biometrico\controllers\ConfiguracionController.php(105): ConfiguracionController->cargarMapeoEmpleados(Object(ZKTecoUniversalParser))
#3 C:\tools\nginx\html\sistema_biometrico\index.php(167): ConfiguracionController->uploadZkteco()
#4 {main}
--------------------------------------------------------------------------------
[2026-03-05 13:51:46] [DEPRECATED] session_set_save_handler(): Providing individual callbacks instead of an object implementing SessionHandlerInterface is deprecated en C:\tools\nginx\html\sistema_biometrico\index.php línea 50
URI: /sistema_biometrico/api/log-error
--------------------------------------------------------------------------------
[2026-03-05 13:51:46] [EXCEPTION] Error
Mensaje: Cannot use object of type Closure as array
URI: /sistema_biometrico/api/log-error
#0 {main}
[2026-03-05 13:55:42] [DEPRECATED] session_set_save_handler(): Providing individual callbacks instead of an object implementing SessionHandlerInterface is deprecated en C:\tools\nginx\html\sistema_biometrico\index.php línea 50
URI: /sistema_biometrico/configuracion
--------------------------------------------------------------------------------
[2026-03-05 13:55:42] [DEPRECATED] session_set_save_handler(): Providing individual callbacks instead of an object implementing SessionHandlerInterface is deprecated en C:\tools\nginx\html\sistema_biometrico\index.php línea 50
URI: /sistema_biometrico/configuracion/getRecentHistory
--------------------------------------------------------------------------------
[2026-03-05 13:56:01] [DEPRECATED] session_set_save_handler(): Providing individual callbacks instead of an object implementing SessionHandlerInterface is deprecated en C:\tools\nginx\html\sistema_biometrico\index.php línea 50
URI: /sistema_biometrico/configuracion
--------------------------------------------------------------------------------
[2026-03-05 13:56:02] [DEPRECATED] session_set_save_handler(): Providing individual callbacks instead of an object implementing SessionHandlerInterface is deprecated en C:\tools\nginx\html\sistema_biometrico\index.php línea 50
URI: /sistema_biometrico/configuracion/getRecentHistory
--------------------------------------------------------------------------------
[2026-03-05 13:59:54] [DEPRECATED] session_set_save_handler(): Providing individual callbacks instead of an object implementing SessionHandlerInterface is deprecated en C:\tools\nginx\html\sistema_biometrico\index.php línea 50
URI: /sistema_biometrico/logout
--------------------------------------------------------------------------------
[2026-03-05 13:59:54] [DEPRECATED] session_set_save_handler(): Providing individual callbacks instead of an object implementing SessionHandlerInterface is deprecated en C:\tools\nginx\html\sistema_biometrico\index.php línea 50
URI: /sistema_biometrico/login
--------------------------------------------------------------------------------
[2026-03-05 14:01:11] [DEPRECATED] session_set_save_handler(): Providing individual callbacks instead of an object implementing SessionHandlerInterface is deprecated en C:\tools\nginx\html\sistema_biometrico\index.php línea 50
URI: /
--------------------------------------------------------------------------------
[2026-03-05 14:01:11] [DEPRECATED] session_set_save_handler(): Providing individual callbacks instead of an object implementing SessionHandlerInterface is deprecated en C:\tools\nginx\html\sistema_biometrico\index.php línea 50
URI: /sistema_biometrico/login
--------------------------------------------------------------------------------
[2026-03-05 14:01:19] [DEPRECATED] session_set_save_handler(): Providing individual callbacks instead of an object implementing SessionHandlerInterface is deprecated en C:\tools\nginx\html\sistema_biometrico\index.php línea 50
URI: /sistema_biometrico/login
--------------------------------------------------------------------------------
[2026-03-05 14:01:20] [DEPRECATED] session_set_save_handler(): Providing individual callbacks instead of an object implementing SessionHandlerInterface is deprecated en C:\tools\nginx\html\sistema_biometrico\index.php línea 50
URI: /sistema_biometrico/dashboard
--------------------------------------------------------------------------------
[2026-03-05 14:01:23] [EXCEPTION] PDOException
Contexto: {"action":"index","section":"comisiones"}
Mensaje: SQLSTATE[42S22]: Column not found: 1054 Unknown column 'monto' in 'SELECT'
URI: /sistema_biometrico/dashboard
Archivo: C:\tools\nginx\html\sistema_biometrico\models\Comision.php Línea: 136
#0 C:\tools\nginx\html\sistema_biometrico\models\Comision.php(136): PDO->prepare('SELECT SUM(mont...')
#1 C:\tools\nginx\html\sistema_biometrico\controllers\DashboardController.php(81): Comision->getTotalComisiones(NULL, '03', '2026')
#2 C:\tools\nginx\html\sistema_biometrico\index.php(167): DashboardController->index()
#3 {main}
--------------------------------------------------------------------------------
[2026-03-05 14:01:31] [DEPRECATED] session_set_save_handler(): Providing individual callbacks instead of an object implementing SessionHandlerInterface is deprecated en C:\tools\nginx\html\sistema_biometrico\index.php línea 50
URI: /sistema_biometrico/database
--------------------------------------------------------------------------------
[2026-03-05 14:01:31] [DEPRECATED] session_set_save_handler(): Providing individual callbacks instead of an object implementing SessionHandlerInterface is deprecated en C:\tools\nginx\html\sistema_biometrico\index.php línea 50
URI: /sistema_biometrico/database/foreignKeys
--------------------------------------------------------------------------------
[2026-03-05 14:01:31] [DEPRECATED] session_set_save_handler(): Providing individual callbacks instead of an object implementing SessionHandlerInterface is deprecated en C:\tools\nginx\html\sistema_biometrico\index.php línea 50
URI: /sistema_biometrico/database/listBackups
--------------------------------------------------------------------------------
[2026-03-05 14:02:29] [DEPRECATED] session_set_save_handler(): Providing individual callbacks instead of an object implementing SessionHandlerInterface is deprecated en C:\tools\nginx\html\sistema_biometrico\index.php línea 50
URI: /sistema_biometrico/logout
--------------------------------------------------------------------------------
[2026-03-05 14:02:29] [DEPRECATED] session_set_save_handler(): Providing individual callbacks instead of an object implementing SessionHandlerInterface is deprecated en C:\tools\nginx\html\sistema_biometrico\index.php línea 50
URI: /sistema_biometrico/login
--------------------------------------------------------------------------------
[2026-03-05 14:02:59] [DEPRECATED] session_set_save_handler(): Providing individual callbacks instead of an object implementing SessionHandlerInterface is deprecated en C:\tools\nginx\html\sistema_biometrico\index.php línea 50
URI: /
--------------------------------------------------------------------------------
[2026-03-05 14:03:00] [DEPRECATED] session_set_save_handler(): Providing individual callbacks instead of an object implementing SessionHandlerInterface is deprecated en C:\tools\nginx\html\sistema_biometrico\index.php línea 50
URI: /sistema_biometrico/login
--------------------------------------------------------------------------------
[2026-03-05 14:03:07] [DEPRECATED] session_set_save_handler(): Providing individual callbacks instead of an object implementing SessionHandlerInterface is deprecated en C:\tools\nginx\html\sistema_biometrico\index.php línea 50
URI: /sistema_biometrico/login
--------------------------------------------------------------------------------
[2026-03-05 14:03:07] [DEPRECATED] session_set_save_handler(): Providing individual callbacks instead of an object implementing SessionHandlerInterface is deprecated en C:\tools\nginx\html\sistema_biometrico\index.php línea 50
URI: /sistema_biometrico/dashboard
--------------------------------------------------------------------------------
[2026-03-05 14:03:10] [EXCEPTION] PDOException
Contexto: {"action":"index","section":"comisiones"}
Mensaje: SQLSTATE[42S22]: Column not found: 1054 Unknown column 'monto' in 'SELECT'
URI: /sistema_biometrico/dashboard
Archivo: C:\tools\nginx\html\sistema_biometrico\models\Comision.php Línea: 136
#0 C:\tools\nginx\html\sistema_biometrico\models\Comision.php(136): PDO->prepare('SELECT SUM(mont...')
#1 C:\tools\nginx\html\sistema_biometrico\controllers\DashboardController.php(81): Comision->getTotalComisiones(NULL, '03', '2026')
#2 C:\tools\nginx\html\sistema_biometrico\index.php(167): DashboardController->index()
#3 {main}
--------------------------------------------------------------------------------
[2026-03-05 14:03:15] [DEPRECATED] session_set_save_handler(): Providing individual callbacks instead of an object implementing SessionHandlerInterface is deprecated en C:\tools\nginx\html\sistema_biometrico\index.php línea 50
URI: /sistema_biometrico/configuracion
--------------------------------------------------------------------------------
[2026-03-05 14:03:15] [DEPRECATED] session_set_save_handler(): Providing individual callbacks instead of an object implementing SessionHandlerInterface is deprecated en C:\tools\nginx\html\sistema_biometrico\index.php línea 50
URI: /sistema_biometrico/configuracion/getRecentHistory
--------------------------------------------------------------------------------
[2026-03-05 14:04:25] [DEPRECATED] session_set_save_handler(): Providing individual callbacks instead of an object implementing SessionHandlerInterface is deprecated en C:\tools\nginx\html\sistema_biometrico\index.php línea 50
URI: /sistema_biometrico/configuracion
--------------------------------------------------------------------------------
[2026-03-05 14:04:25] [DEPRECATED] session_set_save_handler(): Providing individual callbacks instead of an object implementing SessionHandlerInterface is deprecated en C:\tools\nginx\html\sistema_biometrico\index.php línea 50
URI: /sistema_biometrico/configuracion/getRecentHistory
--------------------------------------------------------------------------------
[2026-03-05 14:04:34] [DEPRECATED] session_set_save_handler(): Providing individual callbacks instead of an object implementing SessionHandlerInterface is deprecated en C:\tools\nginx\html\sistema_biometrico\index.php línea 50
URI: /sistema_biometrico/configuracion/uploadZkteco
--------------------------------------------------------------------------------
[2026-03-05 14:04:34] [DEPRECATED] session_set_save_handler(): Providing individual callbacks instead of an object implementing SessionHandlerInterface is deprecated en C:\tools\nginx\html\sistema_biometrico\index.php línea 50
URI: /sistema_biometrico/configuracion/uploadZkteco
--------------------------------------------------------------------------------
[2026-03-05 14:04:34] [DEPRECATED] session_set_save_handler(): Providing individual callbacks instead of an object implementing SessionHandlerInterface is deprecated en C:\tools\nginx\html\sistema_biometrico\index.php línea 50
URI: /sistema_biometrico/api/log-error
--------------------------------------------------------------------------------
[2026-03-05 14:04:34] [EXCEPTION] Error
Mensaje: Cannot use object of type Closure as array
URI: /sistema_biometrico/api/log-error
#0 {main}
[2026-03-05 14:04:35] [DEPRECATED] session_set_save_handler(): Providing individual callbacks instead of an object implementing SessionHandlerInterface is deprecated en C:\tools\nginx\html\sistema_biometrico\index.php línea 50
URI: /sistema_biometrico/api/log-error
--------------------------------------------------------------------------------
[2026-03-05 14:04:35] [EXCEPTION] Error
Mensaje: Cannot use object of type Closure as array
URI: /sistema_biometrico/api/log-error
#0 {main}
[2026-03-05 14:07:44] [DEPRECATED] session_set_save_handler(): Providing individual callbacks instead of an object implementing SessionHandlerInterface is deprecated en C:\tools\nginx\html\sistema_biometrico\index.php línea 50
URI: /sistema_biometrico/configuracion
--------------------------------------------------------------------------------
[2026-03-05 14:07:44] [DEPRECATED] session_set_save_handler(): Providing individual callbacks instead of an object implementing SessionHandlerInterface is deprecated en C:\tools\nginx\html\sistema_biometrico\index.php línea 50
URI: /sistema_biometrico/configuracion/getRecentHistory
--------------------------------------------------------------------------------
[2026-03-05 14:09:00] [DEPRECATED] session_set_save_handler(): Providing individual callbacks instead of an object implementing SessionHandlerInterface is deprecated en C:\tools\nginx\html\sistema_biometrico\index.php línea 50
URI: /sistema_biometrico/configuracion
--------------------------------------------------------------------------------
[2026-03-05 14:09:00] [DEPRECATED] session_set_save_handler(): Providing individual callbacks instead of an object implementing SessionHandlerInterface is deprecated en C:\tools\nginx\html\sistema_biometrico\index.php línea 50
URI: /sistema_biometrico/configuracion/getRecentHistory
--------------------------------------------------------------------------------
[2026-03-05 14:09:01] [DEPRECATED] session_set_save_handler(): Providing individual callbacks instead of an object implementing SessionHandlerInterface is deprecated en C:\tools\nginx\html\sistema_biometrico\index.php línea 50
URI: /sistema_biometrico/configuracion
--------------------------------------------------------------------------------
[2026-03-05 14:09:01] [DEPRECATED] session_set_save_handler(): Providing individual callbacks instead of an object implementing SessionHandlerInterface is deprecated en C:\tools\nginx\html\sistema_biometrico\index.php línea 50
URI: /sistema_biometrico/configuracion/getRecentHistory
--------------------------------------------------------------------------------
[2026-03-05 14:09:01] [DEPRECATED] session_set_save_handler(): Providing individual callbacks instead of an object implementing SessionHandlerInterface is deprecated en C:\tools\nginx\html\sistema_biometrico\index.php línea 50
URI: /sistema_biometrico/configuracion
--------------------------------------------------------------------------------
[2026-03-05 14:09:01] [DEPRECATED] session_set_save_handler(): Providing individual callbacks instead of an object implementing SessionHandlerInterface is deprecated en C:\tools\nginx\html\sistema_biometrico\index.php línea 50
URI: /sistema_biometrico/configuracion/getRecentHistory
--------------------------------------------------------------------------------
[2026-03-05 14:09:01] [DEPRECATED] session_set_save_handler(): Providing individual callbacks instead of an object implementing SessionHandlerInterface is deprecated en C:\tools\nginx\html\sistema_biometrico\index.php línea 50
URI: /sistema_biometrico/configuracion
--------------------------------------------------------------------------------
[2026-03-05 14:09:01] [DEPRECATED] session_set_save_handler(): Providing individual callbacks instead of an object implementing SessionHandlerInterface is deprecated en C:\tools\nginx\html\sistema_biometrico\index.php línea 50
URI: /sistema_biometrico/configuracion/getRecentHistory
--------------------------------------------------------------------------------
[2026-03-05 14:09:02] [DEPRECATED] session_set_save_handler(): Providing individual callbacks instead of an object implementing SessionHandlerInterface is deprecated en C:\tools\nginx\html\sistema_biometrico\index.php línea 50
URI: /sistema_biometrico/configuracion
--------------------------------------------------------------------------------
[2026-03-05 14:09:02] [DEPRECATED] session_set_save_handler(): Providing individual callbacks instead of an object implementing SessionHandlerInterface is deprecated en C:\tools\nginx\html\sistema_biometrico\index.php línea 50
URI: /sistema_biometrico/configuracion/getRecentHistory
--------------------------------------------------------------------------------
[2026-03-05 14:09:02] [DEPRECATED] session_set_save_handler(): Providing individual callbacks instead of an object implementing SessionHandlerInterface is deprecated en C:\tools\nginx\html\sistema_biometrico\index.php línea 50
URI: /sistema_biometrico/configuracion
--------------------------------------------------------------------------------
[2026-03-05 14:09:02] [DEPRECATED] session_set_save_handler(): Providing individual callbacks instead of an object implementing SessionHandlerInterface is deprecated en C:\tools\nginx\html\sistema_biometrico\index.php línea 50
URI: /sistema_biometrico/configuracion/getRecentHistory
--------------------------------------------------------------------------------
[2026-03-05 14:09:02] [DEPRECATED] session_set_save_handler(): Providing individual callbacks instead of an object implementing SessionHandlerInterface is deprecated en C:\tools\nginx\html\sistema_biometrico\index.php línea 50
URI: /sistema_biometrico/configuracion
--------------------------------------------------------------------------------
[2026-03-05 14:09:03] [DEPRECATED] session_set_save_handler(): Providing individual callbacks instead of an object implementing SessionHandlerInterface is deprecated en C:\tools\nginx\html\sistema_biometrico\index.php línea 50
URI: /sistema_biometrico/configuracion/getRecentHistory
--------------------------------------------------------------------------------
[2026-03-05 14:09:03] [DEPRECATED] session_set_save_handler(): Providing individual callbacks instead of an object implementing SessionHandlerInterface is deprecated en C:\tools\nginx\html\sistema_biometrico\index.php línea 50
URI: /sistema_biometrico/configuracion
--------------------------------------------------------------------------------
[2026-03-05 14:09:03] [DEPRECATED] session_set_save_handler(): Providing individual callbacks instead of an object implementing SessionHandlerInterface is deprecated en C:\tools\nginx\html\sistema_biometrico\index.php línea 50
URI: /sistema_biometrico/configuracion/getRecentHistory
--------------------------------------------------------------------------------
[2026-03-05 14:09:03] [DEPRECATED] session_set_save_handler(): Providing individual callbacks instead of an object implementing SessionHandlerInterface is deprecated en C:\tools\nginx\html\sistema_biometrico\index.php línea 50
URI: /sistema_biometrico/configuracion
--------------------------------------------------------------------------------
[2026-03-05 14:09:03] [DEPRECATED] session_set_save_handler(): Providing individual callbacks instead of an object implementing SessionHandlerInterface is deprecated en C:\tools\nginx\html\sistema_biometrico\index.php línea 50
URI: /sistema_biometrico/configuracion/getRecentHistory
--------------------------------------------------------------------------------
[2026-03-05 14:09:03] [DEPRECATED] session_set_save_handler(): Providing individual callbacks instead of an object implementing SessionHandlerInterface is deprecated en C:\tools\nginx\html\sistema_biometrico\index.php línea 50
URI: /sistema_biometrico/configuracion
--------------------------------------------------------------------------------
[2026-03-05 14:09:03] [DEPRECATED] session_set_save_handler(): Providing individual callbacks instead of an object implementing SessionHandlerInterface is deprecated en C:\tools\nginx\html\sistema_biometrico\index.php línea 50
URI: /sistema_biometrico/configuracion/getRecentHistory
--------------------------------------------------------------------------------
[2026-03-05 14:09:04] [DEPRECATED] session_set_save_handler(): Providing individual callbacks instead of an object implementing SessionHandlerInterface is deprecated en C:\tools\nginx\html\sistema_biometrico\index.php línea 50
URI: /sistema_biometrico/configuracion
--------------------------------------------------------------------------------
[2026-03-05 14:09:04] [DEPRECATED] session_set_save_handler(): Providing individual callbacks instead of an object implementing SessionHandlerInterface is deprecated en C:\tools\nginx\html\sistema_biometrico\index.php línea 50
URI: /sistema_biometrico/configuracion/getRecentHistory
--------------------------------------------------------------------------------
[2026-03-05 14:09:04] [DEPRECATED] session_set_save_handler(): Providing individual callbacks instead of an object implementing SessionHandlerInterface is deprecated en C:\tools\nginx\html\sistema_biometrico\index.php línea 50
URI: /sistema_biometrico/configuracion
--------------------------------------------------------------------------------
[2026-03-05 14:09:04] [DEPRECATED] session_set_save_handler(): Providing individual callbacks instead of an object implementing SessionHandlerInterface is deprecated en C:\tools\nginx\html\sistema_biometrico\index.php línea 50
URI: /sistema_biometrico/configuracion/getRecentHistory
--------------------------------------------------------------------------------
[2026-03-05 14:09:04] [DEPRECATED] session_set_save_handler(): Providing individual callbacks instead of an object implementing SessionHandlerInterface is deprecated en C:\tools\nginx\html\sistema_biometrico\index.php línea 50
URI: /sistema_biometrico/configuracion
--------------------------------------------------------------------------------
[2026-03-05 14:09:04] [DEPRECATED] session_set_save_handler(): Providing individual callbacks instead of an object implementing SessionHandlerInterface is deprecated en C:\tools\nginx\html\sistema_biometrico\index.php línea 50
URI: /sistema_biometrico/configuracion/getRecentHistory
--------------------------------------------------------------------------------
[2026-03-05 14:09:05] [DEPRECATED] session_set_save_handler(): Providing individual callbacks instead of an object implementing SessionHandlerInterface is deprecated en C:\tools\nginx\html\sistema_biometrico\index.php línea 50
URI: /sistema_biometrico/configuracion
--------------------------------------------------------------------------------
[2026-03-05 14:09:05] [DEPRECATED] session_set_save_handler(): Providing individual callbacks instead of an object implementing SessionHandlerInterface is deprecated en C:\tools\nginx\html\sistema_biometrico\index.php línea 50
URI: /sistema_biometrico/configuracion/getRecentHistory
--------------------------------------------------------------------------------
[2026-03-05 14:09:05] [DEPRECATED] session_set_save_handler(): Providing individual callbacks instead of an object implementing SessionHandlerInterface is deprecated en C:\tools\nginx\html\sistema_biometrico\index.php línea 50
URI: /sistema_biometrico/configuracion
--------------------------------------------------------------------------------
[2026-03-05 14:09:05] [DEPRECATED] session_set_save_handler(): Providing individual callbacks instead of an object implementing SessionHandlerInterface is deprecated en C:\tools\nginx\html\sistema_biometrico\index.php línea 50
URI: /sistema_biometrico/configuracion/getRecentHistory
--------------------------------------------------------------------------------
[2026-03-05 14:09:10] [DEPRECATED] session_set_save_handler(): Providing individual callbacks instead of an object implementing SessionHandlerInterface is deprecated en C:\tools\nginx\html\sistema_biometrico\index.php línea 50
URI: /.well-known/appspecific/com.chrome.devtools.json
--------------------------------------------------------------------------------
[2026-03-05 14:09:31] [DEPRECATED] session_set_save_handler(): Providing individual callbacks instead of an object implementing SessionHandlerInterface is deprecated en C:\tools\nginx\html\sistema_biometrico\index.php línea 50
URI: /sistema_biometrico/logout
--------------------------------------------------------------------------------
[2026-03-05 14:09:31] [DEPRECATED] session_set_save_handler(): Providing individual callbacks instead of an object implementing SessionHandlerInterface is deprecated en C:\tools\nginx\html\sistema_biometrico\index.php línea 50
URI: /sistema_biometrico/login
--------------------------------------------------------------------------------
[2026-03-05 14:11:58] [DEPRECATED] session_set_save_handler(): Providing individual callbacks instead of an object implementing SessionHandlerInterface is deprecated en C:\tools\nginx\html\sistema_biometrico\index.php línea 50
URI: /
--------------------------------------------------------------------------------
[2026-03-05 14:11:58] [DEPRECATED] session_set_save_handler(): Providing individual callbacks instead of an object implementing SessionHandlerInterface is deprecated en C:\tools\nginx\html\sistema_biometrico\index.php línea 50
URI: /sistema_biometrico/login
--------------------------------------------------------------------------------
[2026-03-05 14:12:11] [DEPRECATED] session_set_save_handler(): Providing individual callbacks instead of an object implementing SessionHandlerInterface is deprecated en C:\tools\nginx\html\sistema_biometrico\index.php línea 50
URI: /sistema_biometrico/login
--------------------------------------------------------------------------------
[2026-03-05 14:12:12] [DEPRECATED] session_set_save_handler(): Providing individual callbacks instead of an object implementing SessionHandlerInterface is deprecated en C:\tools\nginx\html\sistema_biometrico\index.php línea 50
URI: /sistema_biometrico/dashboard
--------------------------------------------------------------------------------
[2026-03-05 14:12:15] [EXCEPTION] PDOException
Contexto: {"action":"index","section":"comisiones"}
Mensaje: SQLSTATE[42S22]: Column not found: 1054 Unknown column 'monto' in 'SELECT'
URI: /sistema_biometrico/dashboard
Archivo: C:\tools\nginx\html\sistema_biometrico\models\Comision.php Línea: 136
#0 C:\tools\nginx\html\sistema_biometrico\models\Comision.php(136): PDO->prepare('SELECT SUM(mont...')
#1 C:\tools\nginx\html\sistema_biometrico\controllers\DashboardController.php(81): Comision->getTotalComisiones(NULL, '03', '2026')
#2 C:\tools\nginx\html\sistema_biometrico\index.php(167): DashboardController->index()
#3 {main}
--------------------------------------------------------------------------------
[2026-03-05 14:12:18] [DEPRECATED] session_set_save_handler(): Providing individual callbacks instead of an object implementing SessionHandlerInterface is deprecated en C:\tools\nginx\html\sistema_biometrico\index.php línea 50
URI: /sistema_biometrico/configuracion
--------------------------------------------------------------------------------
[2026-03-05 14:12:18] [DEPRECATED] session_set_save_handler(): Providing individual callbacks instead of an object implementing SessionHandlerInterface is deprecated en C:\tools\nginx\html\sistema_biometrico\index.php línea 50
URI: /favicon.ico
--------------------------------------------------------------------------------
[2026-03-05 14:18:39] [DEPRECATED] session_set_save_handler(): Providing individual callbacks instead of an object implementing SessionHandlerInterface is deprecated en C:\tools\nginx\html\sistema_biometrico\index.php línea 50
URI: /sistema_biometrico/configuracion
--------------------------------------------------------------------------------
[2026-03-05 14:18:39] [DEPRECATED] session_set_save_handler(): Providing individual callbacks instead of an object implementing SessionHandlerInterface is deprecated en C:\tools\nginx\html\sistema_biometrico\index.php línea 50
URI: /sistema_biometrico/api/log-error
--------------------------------------------------------------------------------
[2026-03-05 14:18:39] [EXCEPTION] Error
Mensaje: Cannot use object of type Closure as array
URI: /sistema_biometrico/api/log-error
#0 {main}
[2026-03-05 14:18:42] [DEPRECATED] session_set_save_handler(): Providing individual callbacks instead of an object implementing SessionHandlerInterface is deprecated en C:\tools\nginx\html\sistema_biometrico\index.php línea 50
URI: /sistema_biometrico/configuracion
--------------------------------------------------------------------------------
[2026-03-05 14:18:49] [DEPRECATED] session_set_save_handler(): Providing individual callbacks instead of an object implementing SessionHandlerInterface is deprecated en C:\tools\nginx\html\sistema_biometrico\index.php línea 50
URI: /sistema_biometrico/logout
--------------------------------------------------------------------------------
[2026-03-05 14:18:49] [DEPRECATED] session_set_save_handler(): Providing individual callbacks instead of an object implementing SessionHandlerInterface is deprecated en C:\tools\nginx\html\sistema_biometrico\index.php línea 50
URI: /sistema_biometrico/login
--------------------------------------------------------------------------------
[2026-03-05 14:18:56] [DEPRECATED] session_set_save_handler(): Providing individual callbacks instead of an object implementing SessionHandlerInterface is deprecated en C:\tools\nginx\html\sistema_biometrico\index.php línea 50
URI: /sistema_biometrico/login
--------------------------------------------------------------------------------
[2026-03-05 14:18:56] [DEPRECATED] session_set_save_handler(): Providing individual callbacks instead of an object implementing SessionHandlerInterface is deprecated en C:\tools\nginx\html\sistema_biometrico\index.php línea 50
URI: /sistema_biometrico/dashboard
--------------------------------------------------------------------------------
[2026-03-05 14:19:00] [EXCEPTION] PDOException
Contexto: {"action":"index","section":"comisiones"}
Mensaje: SQLSTATE[42S22]: Column not found: 1054 Unknown column 'monto' in 'SELECT'
URI: /sistema_biometrico/dashboard
Archivo: C:\tools\nginx\html\sistema_biometrico\models\Comision.php Línea: 136
#0 C:\tools\nginx\html\sistema_biometrico\models\Comision.php(136): PDO->prepare('SELECT SUM(mont...')
#1 C:\tools\nginx\html\sistema_biometrico\controllers\DashboardController.php(81): Comision->getTotalComisiones(NULL, '03', '2026')
#2 C:\tools\nginx\html\sistema_biometrico\index.php(167): DashboardController->index()
#3 {main}
--------------------------------------------------------------------------------
[2026-03-05 14:19:02] [DEPRECATED] session_set_save_handler(): Providing individual callbacks instead of an object implementing SessionHandlerInterface is deprecated en C:\tools\nginx\html\sistema_biometrico\index.php línea 50
URI: /sistema_biometrico/configuracion
--------------------------------------------------------------------------------
[2026-03-05 14:19:17] [DEPRECATED] session_set_save_handler(): Providing individual callbacks instead of an object implementing SessionHandlerInterface is deprecated en C:\tools\nginx\html\sistema_biometrico\index.php línea 50
URI: /sistema_biometrico/configuracion/upload-zkteco
--------------------------------------------------------------------------------
[2026-03-05 14:19:17] [DEPRECATED] session_set_save_handler(): Providing individual callbacks instead of an object implementing SessionHandlerInterface is deprecated en C:\tools\nginx\html\sistema_biometrico\index.php línea 50
URI: /sistema_biometrico/api/log-error
--------------------------------------------------------------------------------
[2026-03-05 14:19:17] [EXCEPTION] Error
Mensaje: Cannot use object of type Closure as array
URI: /sistema_biometrico/api/log-error
#0 {main}
[2026-03-05 14:19:17] [DEPRECATED] session_set_save_handler(): Providing individual callbacks instead of an object implementing SessionHandlerInterface is deprecated en C:\tools\nginx\html\sistema_biometrico\index.php línea 50
URI: /sistema_biometrico/api/log-error
--------------------------------------------------------------------------------
[2026-03-05 14:19:17] [EXCEPTION] Error
Mensaje: Cannot use object of type Closure as array
URI: /sistema_biometrico/api/log-error
#0 {main}
[2026-03-05 14:19:26] [DEPRECATED] session_set_save_handler(): Providing individual callbacks instead of an object implementing SessionHandlerInterface is deprecated en C:\tools\nginx\html\sistema_biometrico\index.php línea 50
URI: /.well-known/appspecific/com.chrome.devtools.json
--------------------------------------------------------------------------------
[2026-03-05 14:23:03] [DEPRECATED] session_set_save_handler(): Providing individual callbacks instead of an object implementing SessionHandlerInterface is deprecated en C:\tools\nginx\html\sistema_biometrico\index.php línea 50
URI: /sistema_biometrico/configuracion
--------------------------------------------------------------------------------
[2026-03-05 14:23:03] [DEPRECATED] session_set_save_handler(): Providing individual callbacks instead of an object implementing SessionHandlerInterface is deprecated en C:\tools\nginx\html\sistema_biometrico\index.php línea 50
URI: /.well-known/appspecific/com.chrome.devtools.json
--------------------------------------------------------------------------------
[2026-03-05 14:24:26] [DEPRECATED] session_set_save_handler(): Providing individual callbacks instead of an object implementing SessionHandlerInterface is deprecated en C:\tools\nginx\html\sistema_biometrico\index.php línea 50
URI: /sistema_biometrico/configuracion
--------------------------------------------------------------------------------
[2026-03-05 14:24:26] [DEPRECATED] session_set_save_handler(): Providing individual callbacks instead of an object implementing SessionHandlerInterface is deprecated en C:\tools\nginx\html\sistema_biometrico\index.php línea 50
URI: /.well-known/appspecific/com.chrome.devtools.json
--------------------------------------------------------------------------------
[2026-03-05 14:24:27] [DEPRECATED] session_set_save_handler(): Providing individual callbacks instead of an object implementing SessionHandlerInterface is deprecated en C:\tools\nginx\html\sistema_biometrico\index.php línea 50
URI: /sistema_biometrico/configuracion
--------------------------------------------------------------------------------
[2026-03-05 14:24:27] [DEPRECATED] session_set_save_handler(): Providing individual callbacks instead of an object implementing SessionHandlerInterface is deprecated en C:\tools\nginx\html\sistema_biometrico\index.php línea 50
URI: /.well-known/appspecific/com.chrome.devtools.json
--------------------------------------------------------------------------------
[2026-03-05 14:24:27] [DEPRECATED] session_set_save_handler(): Providing individual callbacks instead of an object implementing SessionHandlerInterface is deprecated en C:\tools\nginx\html\sistema_biometrico\index.php línea 50
URI: /sistema_biometrico/configuracion
--------------------------------------------------------------------------------
[2026-03-05 14:24:27] [DEPRECATED] session_set_save_handler(): Providing individual callbacks instead of an object implementing SessionHandlerInterface is deprecated en C:\tools\nginx\html\sistema_biometrico\index.php línea 50
URI: /.well-known/appspecific/com.chrome.devtools.json
--------------------------------------------------------------------------------
[2026-03-05 14:24:27] [DEPRECATED] session_set_save_handler(): Providing individual callbacks instead of an object implementing SessionHandlerInterface is deprecated en C:\tools\nginx\html\sistema_biometrico\index.php línea 50
URI: /sistema_biometrico/configuracion
--------------------------------------------------------------------------------
[2026-03-05 14:24:27] [DEPRECATED] session_set_save_handler(): Providing individual callbacks instead of an object implementing SessionHandlerInterface is deprecated en C:\tools\nginx\html\sistema_biometrico\index.php línea 50
URI: /.well-known/appspecific/com.chrome.devtools.json
--------------------------------------------------------------------------------
[2026-03-05 14:24:27] [DEPRECATED] session_set_save_handler(): Providing individual callbacks instead of an object implementing SessionHandlerInterface is deprecated en C:\tools\nginx\html\sistema_biometrico\index.php línea 50
URI: /sistema_biometrico/configuracion
--------------------------------------------------------------------------------
[2026-03-05 14:24:27] [DEPRECATED] session_set_save_handler(): Providing individual callbacks instead of an object implementing SessionHandlerInterface is deprecated en C:\tools\nginx\html\sistema_biometrico\index.php línea 50
URI: /.well-known/appspecific/com.chrome.devtools.json
--------------------------------------------------------------------------------
[2026-03-05 14:24:27] [DEPRECATED] session_set_save_handler(): Providing individual callbacks instead of an object implementing SessionHandlerInterface is deprecated en C:\tools\nginx\html\sistema_biometrico\index.php línea 50
URI: /sistema_biometrico/configuracion
--------------------------------------------------------------------------------
[2026-03-05 14:24:27] [DEPRECATED] session_set_save_handler(): Providing individual callbacks instead of an object implementing SessionHandlerInterface is deprecated en C:\tools\nginx\html\sistema_biometrico\index.php línea 50
URI: /.well-known/appspecific/com.chrome.devtools.json
--------------------------------------------------------------------------------
[2026-03-05 14:24:28] [DEPRECATED] session_set_save_handler(): Providing individual callbacks instead of an object implementing SessionHandlerInterface is deprecated en C:\tools\nginx\html\sistema_biometrico\index.php línea 50
URI: /sistema_biometrico/configuracion
--------------------------------------------------------------------------------
[2026-03-05 14:24:28] [DEPRECATED] session_set_save_handler(): Providing individual callbacks instead of an object implementing SessionHandlerInterface is deprecated en C:\tools\nginx\html\sistema_biometrico\index.php línea 50
URI: /.well-known/appspecific/com.chrome.devtools.json
--------------------------------------------------------------------------------
[2026-03-05 14:24:28] [DEPRECATED] session_set_save_handler(): Providing individual callbacks instead of an object implementing SessionHandlerInterface is deprecated en C:\tools\nginx\html\sistema_biometrico\index.php línea 50
URI: /sistema_biometrico/configuracion
--------------------------------------------------------------------------------
[2026-03-05 14:24:28] [DEPRECATED] session_set_save_handler(): Providing individual callbacks instead of an object implementing SessionHandlerInterface is deprecated en C:\tools\nginx\html\sistema_biometrico\index.php línea 50
URI: /.well-known/appspecific/com.chrome.devtools.json
--------------------------------------------------------------------------------
[2026-03-05 14:24:28] [DEPRECATED] session_set_save_handler(): Providing individual callbacks instead of an object implementing SessionHandlerInterface is deprecated en C:\tools\nginx\html\sistema_biometrico\index.php línea 50
URI: /sistema_biometrico/configuracion
--------------------------------------------------------------------------------
[2026-03-05 14:24:28] [DEPRECATED] session_set_save_handler(): Providing individual callbacks instead of an object implementing SessionHandlerInterface is deprecated en C:\tools\nginx\html\sistema_biometrico\index.php línea 50
URI: /.well-known/appspecific/com.chrome.devtools.json
--------------------------------------------------------------------------------
[2026-03-05 14:24:28] [DEPRECATED] session_set_save_handler(): Providing individual callbacks instead of an object implementing SessionHandlerInterface is deprecated en C:\tools\nginx\html\sistema_biometrico\index.php línea 50
URI: /sistema_biometrico/configuracion
--------------------------------------------------------------------------------
[2026-03-05 14:24:28] [DEPRECATED] session_set_save_handler(): Providing individual callbacks instead of an object implementing SessionHandlerInterface is deprecated en C:\tools\nginx\html\sistema_biometrico\index.php línea 50
URI: /.well-known/appspecific/com.chrome.devtools.json
--------------------------------------------------------------------------------
[2026-03-05 14:24:31] [DEPRECATED] session_set_save_handler(): Providing individual callbacks instead of an object implementing SessionHandlerInterface is deprecated en C:\tools\nginx\html\sistema_biometrico\index.php línea 50
URI: /sistema_biometrico/configuracion
--------------------------------------------------------------------------------
[2026-03-05 14:24:31] [DEPRECATED] session_set_save_handler(): Providing individual callbacks instead of an object implementing SessionHandlerInterface is deprecated en C:\tools\nginx\html\sistema_biometrico\index.php línea 50
URI: /.well-known/appspecific/com.chrome.devtools.json
--------------------------------------------------------------------------------
[2026-03-05 14:24:36] [DEPRECATED] session_set_save_handler(): Providing individual callbacks instead of an object implementing SessionHandlerInterface is deprecated en C:\tools\nginx\html\sistema_biometrico\index.php línea 50
URI: /sistema_biometrico/logout
--------------------------------------------------------------------------------
[2026-03-05 14:24:36] [DEPRECATED] session_set_save_handler(): Providing individual callbacks instead of an object implementing SessionHandlerInterface is deprecated en C:\tools\nginx\html\sistema_biometrico\index.php línea 50
URI: /sistema_biometrico/login
--------------------------------------------------------------------------------
[2026-03-05 14:24:36] [DEPRECATED] session_set_save_handler(): Providing individual callbacks instead of an object implementing SessionHandlerInterface is deprecated en C:\tools\nginx\html\sistema_biometrico\index.php línea 50
URI: /.well-known/appspecific/com.chrome.devtools.json
--------------------------------------------------------------------------------
[2026-03-05 14:24:36] [DEPRECATED] session_set_save_handler(): Providing individual callbacks instead of an object implementing SessionHandlerInterface is deprecated en C:\tools\nginx\html\sistema_biometrico\index.php línea 50
URI: /sistema_biometrico/login
--------------------------------------------------------------------------------
[2026-03-05 14:32:27] [DEPRECATED] session_set_save_handler(): Providing individual callbacks instead of an object implementing SessionHandlerInterface is deprecated en C:\tools\nginx\html\sistema_biometrico\index.php línea 50
URI: /
--------------------------------------------------------------------------------
[2026-03-05 14:32:27] [DEPRECATED] session_set_save_handler(): Providing individual callbacks instead of an object implementing SessionHandlerInterface is deprecated en C:\tools\nginx\html\sistema_biometrico\index.php línea 50
URI: /sistema_biometrico/login
--------------------------------------------------------------------------------
[2026-03-05 14:32:35] [DEPRECATED] session_set_save_handler(): Providing individual callbacks instead of an object implementing SessionHandlerInterface is deprecated en C:\tools\nginx\html\sistema_biometrico\index.php línea 50
URI: /sistema_biometrico/login
--------------------------------------------------------------------------------
[2026-03-05 14:32:36] [DEPRECATED] session_set_save_handler(): Providing individual callbacks instead of an object implementing SessionHandlerInterface is deprecated en C:\tools\nginx\html\sistema_biometrico\index.php línea 50
URI: /sistema_biometrico/dashboard
--------------------------------------------------------------------------------
[2026-03-05 14:32:39] [EXCEPTION] PDOException
Contexto: {"action":"index","section":"comisiones"}
Mensaje: SQLSTATE[42S22]: Column not found: 1054 Unknown column 'monto' in 'SELECT'
URI: /sistema_biometrico/dashboard
Archivo: C:\tools\nginx\html\sistema_biometrico\models\Comision.php Línea: 136
#0 C:\tools\nginx\html\sistema_biometrico\models\Comision.php(136): PDO->prepare('SELECT SUM(mont...')
#1 C:\tools\nginx\html\sistema_biometrico\controllers\DashboardController.php(81): Comision->getTotalComisiones(NULL, '03', '2026')
#2 C:\tools\nginx\html\sistema_biometrico\index.php(167): DashboardController->index()
#3 {main}
--------------------------------------------------------------------------------
[2026-03-05 14:32:41] [DEPRECATED] session_set_save_handler(): Providing individual callbacks instead of an object implementing SessionHandlerInterface is deprecated en C:\tools\nginx\html\sistema_biometrico\index.php línea 50
URI: /sistema_biometrico/configuracion
--------------------------------------------------------------------------------
[2026-03-05 14:32:44] [DEPRECATED] session_set_save_handler(): Providing individual callbacks instead of an object implementing SessionHandlerInterface is deprecated en C:\tools\nginx\html\sistema_biometrico\index.php línea 50
URI: /sistema_biometrico/configuracion
--------------------------------------------------------------------------------
[2026-03-05 14:32:45] [DEPRECATED] session_set_save_handler(): Providing individual callbacks instead of an object implementing SessionHandlerInterface is deprecated en C:\tools\nginx\html\sistema_biometrico\index.php línea 50
URI: /sistema_biometrico/configuracion
--------------------------------------------------------------------------------
[2026-03-05 14:32:45] [DEPRECATED] session_set_save_handler(): Providing individual callbacks instead of an object implementing SessionHandlerInterface is deprecated en C:\tools\nginx\html\sistema_biometrico\index.php línea 50
URI: /sistema_biometrico/configuracion
--------------------------------------------------------------------------------
[2026-03-05 14:32:53] [DEPRECATED] session_set_save_handler(): Providing individual callbacks instead of an object implementing SessionHandlerInterface is deprecated en C:\tools\nginx\html\sistema_biometrico\index.php línea 50
URI: /sistema_biometrico/configuracion/upload-zkteco
--------------------------------------------------------------------------------
[2026-03-05 14:32:53] [DEPRECATED] session_set_save_handler(): Providing individual callbacks instead of an object implementing SessionHandlerInterface is deprecated en C:\tools\nginx\html\sistema_biometrico\index.php línea 50
URI: /sistema_biometrico/api/log-error
--------------------------------------------------------------------------------
[2026-03-05 14:32:53] [EXCEPTION] Error
Mensaje: Cannot use object of type Closure as array
URI: /sistema_biometrico/api/log-error
#0 {main}
[2026-03-05 14:32:53] [DEPRECATED] session_set_save_handler(): Providing individual callbacks instead of an object implementing SessionHandlerInterface is deprecated en C:\tools\nginx\html\sistema_biometrico\index.php línea 50
URI: /sistema_biometrico/api/log-error
--------------------------------------------------------------------------------
[2026-03-05 14:32:53] [EXCEPTION] Error
Mensaje: Cannot use object of type Closure as array
URI: /sistema_biometrico/api/log-error
#0 {main}
[2026-03-05 14:33:04] [DEPRECATED] session_set_save_handler(): Providing individual callbacks instead of an object implementing SessionHandlerInterface is deprecated en C:\tools\nginx\html\sistema_biometrico\index.php línea 50
URI: /.well-known/appspecific/com.chrome.devtools.json
--------------------------------------------------------------------------------
[2026-03-05 14:37:45] [DEPRECATED] session_set_save_handler(): Providing individual callbacks instead of an object implementing SessionHandlerInterface is deprecated en C:\tools\nginx\html\sistema_biometrico\index.php línea 50
URI: /
--------------------------------------------------------------------------------
[2026-03-05 14:37:45] [DEPRECATED] session_set_save_handler(): Providing individual callbacks instead of an object implementing SessionHandlerInterface is deprecated en C:\tools\nginx\html\sistema_biometrico\index.php línea 50
URI: /sistema_biometrico/login
--------------------------------------------------------------------------------
[2026-03-05 14:37:45] [DEPRECATED] session_set_save_handler(): Providing individual callbacks instead of an object implementing SessionHandlerInterface is deprecated en C:\tools\nginx\html\sistema_biometrico\index.php línea 50
URI: /sistema_biometrico/assets/css/modals.css
--------------------------------------------------------------------------------
[2026-03-05 14:37:45] [DEPRECATED] session_set_save_handler(): Providing individual callbacks instead of an object implementing SessionHandlerInterface is deprecated en C:\tools\nginx\html\sistema_biometrico\index.php línea 50
URI: /sistema_biometrico/assets/css/empleados.css
--------------------------------------------------------------------------------
[2026-03-05 14:37:45] [DEPRECATED] session_set_save_handler(): Providing individual callbacks instead of an object implementing SessionHandlerInterface is deprecated en C:\tools\nginx\html\sistema_biometrico\index.php línea 50
URI: /sistema_biometrico/assets/css/colores-pantone.css
--------------------------------------------------------------------------------
[2026-03-05 14:37:45] [DEPRECATED] session_set_save_handler(): Providing individual callbacks instead of an object implementing SessionHandlerInterface is deprecated en C:\tools\nginx\html\sistema_biometrico\index.php línea 50
URI: /sistema_biometrico/assets/css/database.css
--------------------------------------------------------------------------------
[2026-03-05 14:37:45] [DEPRECATED] session_set_save_handler(): Providing individual callbacks instead of an object implementing SessionHandlerInterface is deprecated en C:\tools\nginx\html\sistema_biometrico\index.php línea 50
URI: /sistema_biometrico/assets/js/error-logger.js
--------------------------------------------------------------------------------
[2026-03-05 14:37:49] [DEPRECATED] session_set_save_handler(): Providing individual callbacks instead of an object implementing SessionHandlerInterface is deprecated en C:\tools\nginx\html\sistema_biometrico\index.php línea 50
URI: /sistema_biometrico/login
--------------------------------------------------------------------------------
[2026-03-05 14:37:49] [DEPRECATED] session_set_save_handler(): Providing individual callbacks instead of an object implementing SessionHandlerInterface is deprecated en C:\tools\nginx\html\sistema_biometrico\index.php línea 50
URI: /sistema_biometrico/assets/css/modals.css
--------------------------------------------------------------------------------
[2026-03-05 14:37:49] [DEPRECATED] session_set_save_handler(): Providing individual callbacks instead of an object implementing SessionHandlerInterface is deprecated en C:\tools\nginx\html\sistema_biometrico\index.php línea 50
URI: /sistema_biometrico/assets/css/empleados.css
--------------------------------------------------------------------------------
[2026-03-05 14:37:49] [DEPRECATED] session_set_save_handler(): Providing individual callbacks instead of an object implementing SessionHandlerInterface is deprecated en C:\tools\nginx\html\sistema_biometrico\index.php línea 50
URI: /sistema_biometrico/assets/css/colores-pantone.css
--------------------------------------------------------------------------------
[2026-03-05 14:37:49] [DEPRECATED] session_set_save_handler(): Providing individual callbacks instead of an object implementing SessionHandlerInterface is deprecated en C:\tools\nginx\html\sistema_biometrico\index.php línea 50
URI: /sistema_biometrico/assets/css/database.css
--------------------------------------------------------------------------------
[2026-03-05 14:37:49] [DEPRECATED] session_set_save_handler(): Providing individual callbacks instead of an object implementing SessionHandlerInterface is deprecated en C:\tools\nginx\html\sistema_biometrico\index.php línea 50
URI: /sistema_biometrico/assets/js/error-logger.js
--------------------------------------------------------------------------------
[2026-03-05 14:37:56] [DEPRECATED] session_set_save_handler(): Providing individual callbacks instead of an object implementing SessionHandlerInterface is deprecated en C:\tools\nginx\html\sistema_biometrico\index.php línea 50
URI: /sistema_biometrico/login
--------------------------------------------------------------------------------
[2026-03-05 14:37:56] [DEPRECATED] session_set_save_handler(): Providing individual callbacks instead of an object implementing SessionHandlerInterface is deprecated en C:\tools\nginx\html\sistema_biometrico\index.php línea 50
URI: /sistema_biometrico/dashboard
--------------------------------------------------------------------------------
[2026-03-05 14:37:59] [EXCEPTION] PDOException
Contexto: {"action":"index","section":"comisiones"}
Mensaje: SQLSTATE[42S22]: Column not found: 1054 Unknown column 'monto' in 'SELECT'
URI: /sistema_biometrico/dashboard
Archivo: C:\tools\nginx\html\sistema_biometrico\models\Comision.php Línea: 136
#0 C:\tools\nginx\html\sistema_biometrico\models\Comision.php(136): PDO->prepare('SELECT SUM(mont...')
#1 C:\tools\nginx\html\sistema_biometrico\controllers\DashboardController.php(81): Comision->getTotalComisiones(NULL, '03', '2026')
#2 C:\tools\nginx\html\sistema_biometrico\index.php(167): DashboardController->index()
#3 {main}
--------------------------------------------------------------------------------
[2026-03-05 14:37:59] [DEPRECATED] session_set_save_handler(): Providing individual callbacks instead of an object implementing SessionHandlerInterface is deprecated en C:\tools\nginx\html\sistema_biometrico\index.php línea 50
URI: /sistema_biometrico/assets/css/modals.css
--------------------------------------------------------------------------------
[2026-03-05 14:37:59] [DEPRECATED] session_set_save_handler(): Providing individual callbacks instead of an object implementing SessionHandlerInterface is deprecated en C:\tools\nginx\html\sistema_biometrico\index.php línea 50
URI: /sistema_biometrico/assets/css/empleados.css
--------------------------------------------------------------------------------
[2026-03-05 14:38:00] [DEPRECATED] session_set_save_handler(): Providing individual callbacks instead of an object implementing SessionHandlerInterface is deprecated en C:\tools\nginx\html\sistema_biometrico\index.php línea 50
URI: /sistema_biometrico/assets/css/colores-pantone.css
--------------------------------------------------------------------------------
[2026-03-05 14:38:00] [DEPRECATED] session_set_save_handler(): Providing individual callbacks instead of an object implementing SessionHandlerInterface is deprecated en C:\tools\nginx\html\sistema_biometrico\index.php línea 50
URI: /sistema_biometrico/assets/css/database.css
--------------------------------------------------------------------------------
[2026-03-05 14:38:00] [DEPRECATED] session_set_save_handler(): Providing individual callbacks instead of an object implementing SessionHandlerInterface is deprecated en C:\tools\nginx\html\sistema_biometrico\index.php línea 50
URI: /sistema_biometrico/assets/js/error-logger.js
--------------------------------------------------------------------------------
[2026-03-05 14:38:03] [DEPRECATED] session_set_save_handler(): Providing individual callbacks instead of an object implementing SessionHandlerInterface is deprecated en C:\tools\nginx\html\sistema_biometrico\index.php línea 50
URI: /sistema_biometrico/configuracion
--------------------------------------------------------------------------------
[2026-03-05 14:38:03] [DEPRECATED] session_set_save_handler(): Providing individual callbacks instead of an object implementing SessionHandlerInterface is deprecated en C:\tools\nginx\html\sistema_biometrico\index.php línea 50
URI: /sistema_biometrico/assets/css/modals.css
--------------------------------------------------------------------------------
[2026-03-05 14:38:03] [DEPRECATED] session_set_save_handler(): Providing individual callbacks instead of an object implementing SessionHandlerInterface is deprecated en C:\tools\nginx\html\sistema_biometrico\index.php línea 50
URI: /sistema_biometrico/assets/css/empleados.css
--------------------------------------------------------------------------------
[2026-03-05 14:38:03] [DEPRECATED] session_set_save_handler(): Providing individual callbacks instead of an object implementing SessionHandlerInterface is deprecated en C:\tools\nginx\html\sistema_biometrico\index.php línea 50
URI: /sistema_biometrico/assets/css/colores-pantone.css
--------------------------------------------------------------------------------
[2026-03-05 14:38:03] [DEPRECATED] session_set_save_handler(): Providing individual callbacks instead of an object implementing SessionHandlerInterface is deprecated en C:\tools\nginx\html\sistema_biometrico\index.php línea 50
URI: /sistema_biometrico/assets/css/database.css
--------------------------------------------------------------------------------
[2026-03-05 14:38:03] [DEPRECATED] session_set_save_handler(): Providing individual callbacks instead of an object implementing SessionHandlerInterface is deprecated en C:\tools\nginx\html\sistema_biometrico\index.php línea 50
URI: /sistema_biometrico/assets/js/error-logger.js
--------------------------------------------------------------------------------
[2026-03-05 14:38:15] [DEPRECATED] session_set_save_handler(): Providing individual callbacks instead of an object implementing SessionHandlerInterface is deprecated en C:\tools\nginx\html\sistema_biometrico\index.php línea 50
URI: /sistema_biometrico/configuracion/uploadZkteco
--------------------------------------------------------------------------------
[2026-03-05 14:42:00] [DEPRECATED] session_set_save_handler(): Providing individual callbacks instead of an object implementing SessionHandlerInterface is deprecated en C:\tools\nginx\html\sistema_biometrico\index.php línea 50
URI: /sistema_biometrico/database
--------------------------------------------------------------------------------
[2026-03-05 14:42:00] [DEPRECATED] session_set_save_handler(): Providing individual callbacks instead of an object implementing SessionHandlerInterface is deprecated en C:\tools\nginx\html\sistema_biometrico\index.php línea 50
URI: /sistema_biometrico/assets/css/modals.css
--------------------------------------------------------------------------------
[2026-03-05 14:42:00] [DEPRECATED] session_set_save_handler(): Providing individual callbacks instead of an object implementing SessionHandlerInterface is deprecated en C:\tools\nginx\html\sistema_biometrico\index.php línea 50
URI: /sistema_biometrico/assets/css/empleados.css
--------------------------------------------------------------------------------
[2026-03-05 14:42:00] [DEPRECATED] session_set_save_handler(): Providing individual callbacks instead of an object implementing SessionHandlerInterface is deprecated en C:\tools\nginx\html\sistema_biometrico\index.php línea 50
URI: /sistema_biometrico/assets/css/colores-pantone.css
--------------------------------------------------------------------------------
[2026-03-05 14:42:00] [DEPRECATED] session_set_save_handler(): Providing individual callbacks instead of an object implementing SessionHandlerInterface is deprecated en C:\tools\nginx\html\sistema_biometrico\index.php línea 50
URI: /sistema_biometrico/assets/css/database.css
--------------------------------------------------------------------------------
[2026-03-05 14:42:00] [DEPRECATED] session_set_save_handler(): Providing individual callbacks instead of an object implementing SessionHandlerInterface is deprecated en C:\tools\nginx\html\sistema_biometrico\index.php línea 50
URI: /sistema_biometrico/assets/js/error-logger.js
--------------------------------------------------------------------------------
[2026-03-05 14:42:01] [DEPRECATED] session_set_save_handler(): Providing individual callbacks instead of an object implementing SessionHandlerInterface is deprecated en C:\tools\nginx\html\sistema_biometrico\index.php línea 50
URI: /sistema_biometrico/database/foreignKeys
--------------------------------------------------------------------------------
[2026-03-05 14:42:01] [DEPRECATED] session_set_save_handler(): Providing individual callbacks instead of an object implementing SessionHandlerInterface is deprecated en C:\tools\nginx\html\sistema_biometrico\index.php línea 50
URI: /sistema_biometrico/database/listBackups
--------------------------------------------------------------------------------
[2026-03-05 14:42:05] [DEPRECATED] session_set_save_handler(): Providing individual callbacks instead of an object implementing SessionHandlerInterface is deprecated en C:\tools\nginx\html\sistema_biometrico\index.php línea 50
URI: /favicon.ico
--------------------------------------------------------------------------------
[2026-03-05 14:44:13] [DEPRECATED] session_set_save_handler(): Providing individual callbacks instead of an object implementing SessionHandlerInterface is deprecated en C:\tools\nginx\html\sistema_biometrico\index.php línea 50
URI: /sistema_biometrico/configuracion
--------------------------------------------------------------------------------
[2026-03-05 14:44:13] [DEPRECATED] session_set_save_handler(): Providing individual callbacks instead of an object implementing SessionHandlerInterface is deprecated en C:\tools\nginx\html\sistema_biometrico\index.php línea 50
URI: /sistema_biometrico/assets/css/modals.css
--------------------------------------------------------------------------------
[2026-03-05 14:44:13] [DEPRECATED] session_set_save_handler(): Providing individual callbacks instead of an object implementing SessionHandlerInterface is deprecated en C:\tools\nginx\html\sistema_biometrico\index.php línea 50
URI: /sistema_biometrico/assets/css/empleados.css
--------------------------------------------------------------------------------
[2026-03-05 14:44:13] [DEPRECATED] session_set_save_handler(): Providing individual callbacks instead of an object implementing SessionHandlerInterface is deprecated en C:\tools\nginx\html\sistema_biometrico\index.php línea 50
URI: /sistema_biometrico/assets/css/colores-pantone.css
--------------------------------------------------------------------------------
[2026-03-05 14:44:13] [DEPRECATED] session_set_save_handler(): Providing individual callbacks instead of an object implementing SessionHandlerInterface is deprecated en C:\tools\nginx\html\sistema_biometrico\index.php línea 50
URI: /sistema_biometrico/assets/css/database.css
--------------------------------------------------------------------------------
[2026-03-05 14:44:13] [DEPRECATED] session_set_save_handler(): Providing individual callbacks instead of an object implementing SessionHandlerInterface is deprecated en C:\tools\nginx\html\sistema_biometrico\index.php línea 50
URI: /sistema_biometrico/assets/js/error-logger.js
--------------------------------------------------------------------------------
[2026-03-05 14:45:30] [DEPRECATED] session_set_save_handler(): Providing individual callbacks instead of an object implementing SessionHandlerInterface is deprecated en C:\tools\nginx\html\sistema_biometrico\index.php línea 50
URI: /sistema_biometrico/configuracion/uploadZkteco
--------------------------------------------------------------------------------
[2026-03-05 14:45:43] [DEPRECATED] session_set_save_handler(): Providing individual callbacks instead of an object implementing SessionHandlerInterface is deprecated en C:\tools\nginx\html\sistema_biometrico\index.php línea 50
URI: /sistema_biometrico/configuracion
--------------------------------------------------------------------------------
[2026-03-05 14:45:43] [DEPRECATED] session_set_save_handler(): Providing individual callbacks instead of an object implementing SessionHandlerInterface is deprecated en C:\tools\nginx\html\sistema_biometrico\index.php línea 50
URI: /sistema_biometrico/assets/css/modals.css
--------------------------------------------------------------------------------
[2026-03-05 14:45:44] [DEPRECATED] session_set_save_handler(): Providing individual callbacks instead of an object implementing SessionHandlerInterface is deprecated en C:\tools\nginx\html\sistema_biometrico\index.php línea 50
URI: /sistema_biometrico/assets/css/empleados.css
--------------------------------------------------------------------------------
[2026-03-05 14:45:44] [DEPRECATED] session_set_save_handler(): Providing individual callbacks instead of an object implementing SessionHandlerInterface is deprecated en C:\tools\nginx\html\sistema_biometrico\index.php línea 50
URI: /sistema_biometrico/assets/css/colores-pantone.css
--------------------------------------------------------------------------------
[2026-03-05 14:45:44] [DEPRECATED] session_set_save_handler(): Providing individual callbacks instead of an object implementing SessionHandlerInterface is deprecated en C:\tools\nginx\html\sistema_biometrico\index.php línea 50
URI: /sistema_biometrico/assets/css/database.css
--------------------------------------------------------------------------------
[2026-03-05 14:45:44] [DEPRECATED] session_set_save_handler(): Providing individual callbacks instead of an object implementing SessionHandlerInterface is deprecated en C:\tools\nginx\html\sistema_biometrico\index.php línea 50
URI: /sistema_biometrico/assets/js/error-logger.js
--------------------------------------------------------------------------------
[2026-03-05 14:51:08] [DEPRECATED] session_set_save_handler(): Providing individual callbacks instead of an object implementing SessionHandlerInterface is deprecated en C:\tools\nginx\html\sistema_biometrico\index.php línea 50
URI: /sistema_biometrico/configuracion
--------------------------------------------------------------------------------
[2026-03-05 14:51:08] [DEPRECATED] session_set_save_handler(): Providing individual callbacks instead of an object implementing SessionHandlerInterface is deprecated en C:\tools\nginx\html\sistema_biometrico\index.php línea 50
URI: /sistema_biometrico/assets/css/modals.css
--------------------------------------------------------------------------------
[2026-03-05 14:51:08] [DEPRECATED] session_set_save_handler(): Providing individual callbacks instead of an object implementing SessionHandlerInterface is deprecated en C:\tools\nginx\html\sistema_biometrico\index.php línea 50
URI: /sistema_biometrico/assets/css/empleados.css
--------------------------------------------------------------------------------
[2026-03-05 14:51:08] [DEPRECATED] session_set_save_handler(): Providing individual callbacks instead of an object implementing SessionHandlerInterface is deprecated en C:\tools\nginx\html\sistema_biometrico\index.php línea 50
URI: /sistema_biometrico/assets/css/colores-pantone.css
--------------------------------------------------------------------------------
[2026-03-05 14:51:08] [DEPRECATED] session_set_save_handler(): Providing individual callbacks instead of an object implementing SessionHandlerInterface is deprecated en C:\tools\nginx\html\sistema_biometrico\index.php línea 50
URI: /sistema_biometrico/assets/css/database.css
--------------------------------------------------------------------------------
[2026-03-05 14:51:08] [DEPRECATED] session_set_save_handler(): Providing individual callbacks instead of an object implementing SessionHandlerInterface is deprecated en C:\tools\nginx\html\sistema_biometrico\index.php línea 50
URI: /sistema_biometrico/assets/js/error-logger.js
--------------------------------------------------------------------------------
[2026-03-05 14:51:09] [DEPRECATED] session_set_save_handler(): Providing individual callbacks instead of an object implementing SessionHandlerInterface is deprecated en C:\tools\nginx\html\sistema_biometrico\index.php línea 50
URI: /sistema_biometrico/configuracion
--------------------------------------------------------------------------------
[2026-03-05 14:51:09] [DEPRECATED] session_set_save_handler(): Providing individual callbacks instead of an object implementing SessionHandlerInterface is deprecated en C:\tools\nginx\html\sistema_biometrico\index.php línea 50
URI: /sistema_biometrico/assets/css/modals.css
--------------------------------------------------------------------------------
[2026-03-05 14:51:09] [DEPRECATED] session_set_save_handler(): Providing individual callbacks instead of an object implementing SessionHandlerInterface is deprecated en C:\tools\nginx\html\sistema_biometrico\index.php línea 50
URI: /sistema_biometrico/assets/css/empleados.css
--------------------------------------------------------------------------------
[2026-03-05 14:51:09] [DEPRECATED] session_set_save_handler(): Providing individual callbacks instead of an object implementing SessionHandlerInterface is deprecated en C:\tools\nginx\html\sistema_biometrico\index.php línea 50
URI: /sistema_biometrico/assets/css/colores-pantone.css
--------------------------------------------------------------------------------
[2026-03-05 14:51:09] [DEPRECATED] session_set_save_handler(): Providing individual callbacks instead of an object implementing SessionHandlerInterface is deprecated en C:\tools\nginx\html\sistema_biometrico\index.php línea 50
URI: /sistema_biometrico/assets/css/database.css
--------------------------------------------------------------------------------
[2026-03-05 14:51:09] [DEPRECATED] session_set_save_handler(): Providing individual callbacks instead of an object implementing SessionHandlerInterface is deprecated en C:\tools\nginx\html\sistema_biometrico\index.php línea 50
URI: /sistema_biometrico/assets/js/error-logger.js
--------------------------------------------------------------------------------
[2026-03-05 14:51:09] [DEPRECATED] session_set_save_handler(): Providing individual callbacks instead of an object implementing SessionHandlerInterface is deprecated en C:\tools\nginx\html\sistema_biometrico\index.php línea 50
URI: /sistema_biometrico/configuracion
--------------------------------------------------------------------------------
[2026-03-05 14:51:09] [DEPRECATED] session_set_save_handler(): Providing individual callbacks instead of an object implementing SessionHandlerInterface is deprecated en C:\tools\nginx\html\sistema_biometrico\index.php línea 50
URI: /sistema_biometrico/assets/css/modals.css
--------------------------------------------------------------------------------
[2026-03-05 14:51:09] [DEPRECATED] session_set_save_handler(): Providing individual callbacks instead of an object implementing SessionHandlerInterface is deprecated en C:\tools\nginx\html\sistema_biometrico\index.php línea 50
URI: /sistema_biometrico/assets/css/empleados.css
--------------------------------------------------------------------------------
[2026-03-05 14:51:09] [DEPRECATED] session_set_save_handler(): Providing individual callbacks instead of an object implementing SessionHandlerInterface is deprecated en C:\tools\nginx\html\sistema_biometrico\index.php línea 50
URI: /sistema_biometrico/assets/css/colores-pantone.css
--------------------------------------------------------------------------------
[2026-03-05 14:51:09] [DEPRECATED] session_set_save_handler(): Providing individual callbacks instead of an object implementing SessionHandlerInterface is deprecated en C:\tools\nginx\html\sistema_biometrico\index.php línea 50
URI: /sistema_biometrico/assets/css/database.css
--------------------------------------------------------------------------------
[2026-03-05 14:51:09] [DEPRECATED] session_set_save_handler(): Providing individual callbacks instead of an object implementing SessionHandlerInterface is deprecated en C:\tools\nginx\html\sistema_biometrico\index.php línea 50
URI: /sistema_biometrico/assets/js/error-logger.js
--------------------------------------------------------------------------------
[2026-03-05 14:51:09] [DEPRECATED] session_set_save_handler(): Providing individual callbacks instead of an object implementing SessionHandlerInterface is deprecated en C:\tools\nginx\html\sistema_biometrico\index.php línea 50
URI: /sistema_biometrico/configuracion
--------------------------------------------------------------------------------
[2026-03-05 14:51:09] [DEPRECATED] session_set_save_handler(): Providing individual callbacks instead of an object implementing SessionHandlerInterface is deprecated en C:\tools\nginx\html\sistema_biometrico\index.php línea 50
URI: /sistema_biometrico/assets/css/modals.css
--------------------------------------------------------------------------------
[2026-03-05 14:51:09] [DEPRECATED] session_set_save_handler(): Providing individual callbacks instead of an object implementing SessionHandlerInterface is deprecated en C:\tools\nginx\html\sistema_biometrico\index.php línea 50
URI: /sistema_biometrico/assets/css/empleados.css
--------------------------------------------------------------------------------
[2026-03-05 14:51:09] [DEPRECATED] session_set_save_handler(): Providing individual callbacks instead of an object implementing SessionHandlerInterface is deprecated en C:\tools\nginx\html\sistema_biometrico\index.php línea 50
URI: /sistema_biometrico/assets/css/colores-pantone.css
--------------------------------------------------------------------------------
[2026-03-05 14:51:09] [DEPRECATED] session_set_save_handler(): Providing individual callbacks instead of an object implementing SessionHandlerInterface is deprecated en C:\tools\nginx\html\sistema_biometrico\index.php línea 50
URI: /sistema_biometrico/assets/css/database.css
--------------------------------------------------------------------------------
[2026-03-05 14:51:09] [DEPRECATED] session_set_save_handler(): Providing individual callbacks instead of an object implementing SessionHandlerInterface is deprecated en C:\tools\nginx\html\sistema_biometrico\index.php línea 50
URI: /sistema_biometrico/assets/js/error-logger.js
--------------------------------------------------------------------------------
[2026-03-05 14:51:09] [DEPRECATED] session_set_save_handler(): Providing individual callbacks instead of an object implementing SessionHandlerInterface is deprecated en C:\tools\nginx\html\sistema_biometrico\index.php línea 50
URI: /sistema_biometrico/configuracion
--------------------------------------------------------------------------------
[2026-03-05 14:51:09] [DEPRECATED] session_set_save_handler(): Providing individual callbacks instead of an object implementing SessionHandlerInterface is deprecated en C:\tools\nginx\html\sistema_biometrico\index.php línea 50
URI: /sistema_biometrico/configuracion
--------------------------------------------------------------------------------
[2026-03-05 14:51:09] [DEPRECATED] session_set_save_handler(): Providing individual callbacks instead of an object implementing SessionHandlerInterface is deprecated en C:\tools\nginx\html\sistema_biometrico\index.php línea 50
URI: /sistema_biometrico/assets/css/modals.css
--------------------------------------------------------------------------------
[2026-03-05 14:51:10] [DEPRECATED] session_set_save_handler(): Providing individual callbacks instead of an object implementing SessionHandlerInterface is deprecated en C:\tools\nginx\html\sistema_biometrico\index.php línea 50
URI: /sistema_biometrico/assets/css/empleados.css
--------------------------------------------------------------------------------
[2026-03-05 14:51:10] [DEPRECATED] session_set_save_handler(): Providing individual callbacks instead of an object implementing SessionHandlerInterface is deprecated en C:\tools\nginx\html\sistema_biometrico\index.php línea 50
URI: /sistema_biometrico/assets/css/colores-pantone.css
--------------------------------------------------------------------------------
[2026-03-05 14:51:10] [DEPRECATED] session_set_save_handler(): Providing individual callbacks instead of an object implementing SessionHandlerInterface is deprecated en C:\tools\nginx\html\sistema_biometrico\index.php línea 50
URI: /sistema_biometrico/assets/css/database.css
--------------------------------------------------------------------------------
[2026-03-05 14:51:10] [DEPRECATED] session_set_save_handler(): Providing individual callbacks instead of an object implementing SessionHandlerInterface is deprecated en C:\tools\nginx\html\sistema_biometrico\index.php línea 50
URI: /sistema_biometrico/assets/js/error-logger.js
--------------------------------------------------------------------------------
[2026-03-05 14:51:25] [DEPRECATED] session_set_save_handler(): Providing individual callbacks instead of an object implementing SessionHandlerInterface is deprecated en C:\tools\nginx\html\sistema_biometrico\index.php línea 50
URI: /sistema_biometrico/configuracion/uploadZkteco
--------------------------------------------------------------------------------
[2026-03-05 14:57:14] [DEPRECATED] session_set_save_handler(): Providing individual callbacks instead of an object implementing SessionHandlerInterface is deprecated en C:\tools\nginx\html\sistema_biometrico\index.php línea 50
URI: /sistema_biometrico/configuracion
--------------------------------------------------------------------------------
[2026-03-05 14:57:14] [DEPRECATED] session_set_save_handler(): Providing individual callbacks instead of an object implementing SessionHandlerInterface is deprecated en C:\tools\nginx\html\sistema_biometrico\index.php línea 50
URI: /sistema_biometrico/assets/css/modals.css
--------------------------------------------------------------------------------
[2026-03-05 14:57:14] [DEPRECATED] session_set_save_handler(): Providing individual callbacks instead of an object implementing SessionHandlerInterface is deprecated en C:\tools\nginx\html\sistema_biometrico\index.php línea 50
URI: /sistema_biometrico/assets/css/empleados.css
--------------------------------------------------------------------------------
[2026-03-05 14:57:14] [DEPRECATED] session_set_save_handler(): Providing individual callbacks instead of an object implementing SessionHandlerInterface is deprecated en C:\tools\nginx\html\sistema_biometrico\index.php línea 50
URI: /sistema_biometrico/assets/css/colores-pantone.css
--------------------------------------------------------------------------------
[2026-03-05 14:57:14] [DEPRECATED] session_set_save_handler(): Providing individual callbacks instead of an object implementing SessionHandlerInterface is deprecated en C:\tools\nginx\html\sistema_biometrico\index.php línea 50
URI: /sistema_biometrico/assets/css/database.css
--------------------------------------------------------------------------------
[2026-03-05 14:57:14] [DEPRECATED] session_set_save_handler(): Providing individual callbacks instead of an object implementing SessionHandlerInterface is deprecated en C:\tools\nginx\html\sistema_biometrico\index.php línea 50
URI: /sistema_biometrico/assets/js/error-logger.js
--------------------------------------------------------------------------------
[2026-03-05 14:58:51] [DEPRECATED] session_set_save_handler(): Providing individual callbacks instead of an object implementing SessionHandlerInterface is deprecated en C:\tools\nginx\html\sistema_biometrico\index.php línea 50
URI: /sistema_biometrico/configuracion
--------------------------------------------------------------------------------
[2026-03-05 14:58:51] [DEPRECATED] session_set_save_handler(): Providing individual callbacks instead of an object implementing SessionHandlerInterface is deprecated en C:\tools\nginx\html\sistema_biometrico\index.php línea 50
URI: /sistema_biometrico/assets/css/modals.css
--------------------------------------------------------------------------------
[2026-03-05 14:58:51] [DEPRECATED] session_set_save_handler(): Providing individual callbacks instead of an object implementing SessionHandlerInterface is deprecated en C:\tools\nginx\html\sistema_biometrico\index.php línea 50
URI: /sistema_biometrico/assets/css/empleados.css
--------------------------------------------------------------------------------
[2026-03-05 14:58:51] [DEPRECATED] session_set_save_handler(): Providing individual callbacks instead of an object implementing SessionHandlerInterface is deprecated en C:\tools\nginx\html\sistema_biometrico\index.php línea 50
URI: /sistema_biometrico/assets/css/colores-pantone.css
--------------------------------------------------------------------------------
[2026-03-05 14:58:51] [DEPRECATED] session_set_save_handler(): Providing individual callbacks instead of an object implementing SessionHandlerInterface is deprecated en C:\tools\nginx\html\sistema_biometrico\index.php línea 50
URI: /sistema_biometrico/assets/css/database.css
--------------------------------------------------------------------------------
[2026-03-05 14:58:51] [DEPRECATED] session_set_save_handler(): Providing individual callbacks instead of an object implementing SessionHandlerInterface is deprecated en C:\tools\nginx\html\sistema_biometrico\index.php línea 50
URI: /sistema_biometrico/assets/js/error-logger.js
--------------------------------------------------------------------------------
[2026-03-05 14:58:52] [DEPRECATED] session_set_save_handler(): Providing individual callbacks instead of an object implementing SessionHandlerInterface is deprecated en C:\tools\nginx\html\sistema_biometrico\index.php línea 50
URI: /sistema_biometrico/configuracion
--------------------------------------------------------------------------------
[2026-03-05 14:58:52] [DEPRECATED] session_set_save_handler(): Providing individual callbacks instead of an object implementing SessionHandlerInterface is deprecated en C:\tools\nginx\html\sistema_biometrico\index.php línea 50
URI: /sistema_biometrico/assets/css/modals.css
--------------------------------------------------------------------------------
[2026-03-05 14:58:52] [DEPRECATED] session_set_save_handler(): Providing individual callbacks instead of an object implementing SessionHandlerInterface is deprecated en C:\tools\nginx\html\sistema_biometrico\index.php línea 50
URI: /sistema_biometrico/assets/css/empleados.css
--------------------------------------------------------------------------------
[2026-03-05 14:58:52] [DEPRECATED] session_set_save_handler(): Providing individual callbacks instead of an object implementing SessionHandlerInterface is deprecated en C:\tools\nginx\html\sistema_biometrico\index.php línea 50
URI: /sistema_biometrico/assets/css/colores-pantone.css
--------------------------------------------------------------------------------
[2026-03-05 14:58:52] [DEPRECATED] session_set_save_handler(): Providing individual callbacks instead of an object implementing SessionHandlerInterface is deprecated en C:\tools\nginx\html\sistema_biometrico\index.php línea 50
URI: /sistema_biometrico/assets/css/database.css
--------------------------------------------------------------------------------
[2026-03-05 14:58:52] [DEPRECATED] session_set_save_handler(): Providing individual callbacks instead of an object implementing SessionHandlerInterface is deprecated en C:\tools\nginx\html\sistema_biometrico\index.php línea 50
URI: /sistema_biometrico/assets/js/error-logger.js
--------------------------------------------------------------------------------
[2026-03-05 14:58:52] [DEPRECATED] session_set_save_handler(): Providing individual callbacks instead of an object implementing SessionHandlerInterface is deprecated en C:\tools\nginx\html\sistema_biometrico\index.php línea 50
URI: /sistema_biometrico/configuracion
--------------------------------------------------------------------------------
[2026-03-05 14:58:52] [DEPRECATED] session_set_save_handler(): Providing individual callbacks instead of an object implementing SessionHandlerInterface is deprecated en C:\tools\nginx\html\sistema_biometrico\index.php línea 50
URI: /sistema_biometrico/assets/css/modals.css
--------------------------------------------------------------------------------
[2026-03-05 14:58:52] [DEPRECATED] session_set_save_handler(): Providing individual callbacks instead of an object implementing SessionHandlerInterface is deprecated en C:\tools\nginx\html\sistema_biometrico\index.php línea 50
URI: /sistema_biometrico/assets/css/empleados.css
--------------------------------------------------------------------------------
[2026-03-05 14:58:52] [DEPRECATED] session_set_save_handler(): Providing individual callbacks instead of an object implementing SessionHandlerInterface is deprecated en C:\tools\nginx\html\sistema_biometrico\index.php línea 50
URI: /sistema_biometrico/assets/css/colores-pantone.css
--------------------------------------------------------------------------------
[2026-03-05 14:58:52] [DEPRECATED] session_set_save_handler(): Providing individual callbacks instead of an object implementing SessionHandlerInterface is deprecated en C:\tools\nginx\html\sistema_biometrico\index.php línea 50
URI: /sistema_biometrico/assets/css/database.css
--------------------------------------------------------------------------------
[2026-03-05 14:58:52] [DEPRECATED] session_set_save_handler(): Providing individual callbacks instead of an object implementing SessionHandlerInterface is deprecated en C:\tools\nginx\html\sistema_biometrico\index.php línea 50
URI: /sistema_biometrico/assets/js/error-logger.js
--------------------------------------------------------------------------------
[2026-03-05 14:58:52] [DEPRECATED] session_set_save_handler(): Providing individual callbacks instead of an object implementing SessionHandlerInterface is deprecated en C:\tools\nginx\html\sistema_biometrico\index.php línea 50
URI: /sistema_biometrico/configuracion
--------------------------------------------------------------------------------
[2026-03-05 14:58:52] [DEPRECATED] session_set_save_handler(): Providing individual callbacks instead of an object implementing SessionHandlerInterface is deprecated en C:\tools\nginx\html\sistema_biometrico\index.php línea 50
URI: /sistema_biometrico/configuracion
--------------------------------------------------------------------------------
[2026-03-05 14:58:52] [DEPRECATED] session_set_save_handler(): Providing individual callbacks instead of an object implementing SessionHandlerInterface is deprecated en C:\tools\nginx\html\sistema_biometrico\index.php línea 50
URI: /sistema_biometrico/assets/css/modals.css
--------------------------------------------------------------------------------
[2026-03-05 14:58:52] [DEPRECATED] session_set_save_handler(): Providing individual callbacks instead of an object implementing SessionHandlerInterface is deprecated en C:\tools\nginx\html\sistema_biometrico\index.php línea 50
URI: /sistema_biometrico/assets/css/empleados.css
--------------------------------------------------------------------------------
[2026-03-05 14:58:52] [DEPRECATED] session_set_save_handler(): Providing individual callbacks instead of an object implementing SessionHandlerInterface is deprecated en C:\tools\nginx\html\sistema_biometrico\index.php línea 50
URI: /sistema_biometrico/assets/css/colores-pantone.css
--------------------------------------------------------------------------------
[2026-03-05 14:58:52] [DEPRECATED] session_set_save_handler(): Providing individual callbacks instead of an object implementing SessionHandlerInterface is deprecated en C:\tools\nginx\html\sistema_biometrico\index.php línea 50
URI: /sistema_biometrico/assets/css/database.css
--------------------------------------------------------------------------------
[2026-03-05 14:58:52] [DEPRECATED] session_set_save_handler(): Providing individual callbacks instead of an object implementing SessionHandlerInterface is deprecated en C:\tools\nginx\html\sistema_biometrico\index.php línea 50
URI: /sistema_biometrico/assets/js/error-logger.js
--------------------------------------------------------------------------------
[2026-03-05 14:58:53] [DEPRECATED] session_set_save_handler(): Providing individual callbacks instead of an object implementing SessionHandlerInterface is deprecated en C:\tools\nginx\html\sistema_biometrico\index.php línea 50
URI: /sistema_biometrico/configuracion
--------------------------------------------------------------------------------
[2026-03-05 14:58:53] [DEPRECATED] session_set_save_handler(): Providing individual callbacks instead of an object implementing SessionHandlerInterface is deprecated en C:\tools\nginx\html\sistema_biometrico\index.php línea 50
URI: /sistema_biometrico/configuracion
--------------------------------------------------------------------------------
[2026-03-05 14:58:53] [DEPRECATED] session_set_save_handler(): Providing individual callbacks instead of an object implementing SessionHandlerInterface is deprecated en C:\tools\nginx\html\sistema_biometrico\index.php línea 50
URI: /sistema_biometrico/assets/css/modals.css
--------------------------------------------------------------------------------
[2026-03-05 14:58:53] [DEPRECATED] session_set_save_handler(): Providing individual callbacks instead of an object implementing SessionHandlerInterface is deprecated en C:\tools\nginx\html\sistema_biometrico\index.php línea 50
URI: /sistema_biometrico/assets/css/empleados.css
--------------------------------------------------------------------------------
[2026-03-05 14:58:53] [DEPRECATED] session_set_save_handler(): Providing individual callbacks instead of an object implementing SessionHandlerInterface is deprecated en C:\tools\nginx\html\sistema_biometrico\index.php línea 50
URI: /sistema_biometrico/assets/css/colores-pantone.css
--------------------------------------------------------------------------------
[2026-03-05 14:58:53] [DEPRECATED] session_set_save_handler(): Providing individual callbacks instead of an object implementing SessionHandlerInterface is deprecated en C:\tools\nginx\html\sistema_biometrico\index.php línea 50
URI: /sistema_biometrico/assets/css/database.css
--------------------------------------------------------------------------------
[2026-03-05 14:58:53] [DEPRECATED] session_set_save_handler(): Providing individual callbacks instead of an object implementing SessionHandlerInterface is deprecated en C:\tools\nginx\html\sistema_biometrico\index.php línea 50
URI: /sistema_biometrico/assets/js/error-logger.js
--------------------------------------------------------------------------------
[2026-03-05 14:59:19] [DEPRECATED] session_set_save_handler(): Providing individual callbacks instead of an object implementing SessionHandlerInterface is deprecated en C:\tools\nginx\html\sistema_biometrico\index.php línea 50
URI: /sistema_biometrico/configuracion/uploadZkteco
--------------------------------------------------------------------------------
[2026-03-05 15:00:18] [DEPRECATED] session_set_save_handler(): Providing individual callbacks instead of an object implementing SessionHandlerInterface is deprecated en C:\tools\nginx\html\sistema_biometrico\index.php línea 50
URI: /sistema_biometrico/configuracion
--------------------------------------------------------------------------------
[2026-03-05 15:00:18] [DEPRECATED] session_set_save_handler(): Providing individual callbacks instead of an object implementing SessionHandlerInterface is deprecated en C:\tools\nginx\html\sistema_biometrico\index.php línea 50
URI: /sistema_biometrico/assets/css/modals.css
--------------------------------------------------------------------------------
[2026-03-05 15:00:18] [DEPRECATED] session_set_save_handler(): Providing individual callbacks instead of an object implementing SessionHandlerInterface is deprecated en C:\tools\nginx\html\sistema_biometrico\index.php línea 50
URI: /sistema_biometrico/assets/css/empleados.css
--------------------------------------------------------------------------------
[2026-03-05 15:00:18] [DEPRECATED] session_set_save_handler(): Providing individual callbacks instead of an object implementing SessionHandlerInterface is deprecated en C:\tools\nginx\html\sistema_biometrico\index.php línea 50
URI: /sistema_biometrico/assets/css/colores-pantone.css
--------------------------------------------------------------------------------
[2026-03-05 15:00:18] [DEPRECATED] session_set_save_handler(): Providing individual callbacks instead of an object implementing SessionHandlerInterface is deprecated en C:\tools\nginx\html\sistema_biometrico\index.php línea 50
URI: /sistema_biometrico/assets/css/database.css
--------------------------------------------------------------------------------
[2026-03-05 15:00:18] [DEPRECATED] session_set_save_handler(): Providing individual callbacks instead of an object implementing SessionHandlerInterface is deprecated en C:\tools\nginx\html\sistema_biometrico\index.php línea 50
URI: /sistema_biometrico/assets/js/error-logger.js
--------------------------------------------------------------------------------
[2026-03-05 15:03:01] [DEPRECATED] session_set_save_handler(): Providing individual callbacks instead of an object implementing SessionHandlerInterface is deprecated en C:\tools\nginx\html\sistema_biometrico\index.php línea 50
URI: /sistema_biometrico/configuracion
--------------------------------------------------------------------------------
[2026-03-05 15:03:01] [DEPRECATED] session_set_save_handler(): Providing individual callbacks instead of an object implementing SessionHandlerInterface is deprecated en C:\tools\nginx\html\sistema_biometrico\index.php línea 50
URI: /sistema_biometrico/assets/css/modals.css
--------------------------------------------------------------------------------
[2026-03-05 15:03:01] [DEPRECATED] session_set_save_handler(): Providing individual callbacks instead of an object implementing SessionHandlerInterface is deprecated en C:\tools\nginx\html\sistema_biometrico\index.php línea 50
URI: /sistema_biometrico/assets/css/empleados.css
--------------------------------------------------------------------------------
[2026-03-05 15:03:01] [DEPRECATED] session_set_save_handler(): Providing individual callbacks instead of an object implementing SessionHandlerInterface is deprecated en C:\tools\nginx\html\sistema_biometrico\index.php línea 50
URI: /sistema_biometrico/assets/css/colores-pantone.css
--------------------------------------------------------------------------------
[2026-03-05 15:03:01] [DEPRECATED] session_set_save_handler(): Providing individual callbacks instead of an object implementing SessionHandlerInterface is deprecated en C:\tools\nginx\html\sistema_biometrico\index.php línea 50
URI: /sistema_biometrico/assets/css/database.css
--------------------------------------------------------------------------------
[2026-03-05 15:03:01] [DEPRECATED] session_set_save_handler(): Providing individual callbacks instead of an object implementing SessionHandlerInterface is deprecated en C:\tools\nginx\html\sistema_biometrico\index.php línea 50
URI: /sistema_biometrico/assets/js/error-logger.js
--------------------------------------------------------------------------------
[2026-03-05 15:03:06] [DEPRECATED] session_set_save_handler(): Providing individual callbacks instead of an object implementing SessionHandlerInterface is deprecated en C:\tools\nginx\html\sistema_biometrico\index.php línea 50
URI: /sistema_biometrico/configuracion/uploadZkteco
--------------------------------------------------------------------------------
[2026-03-05 15:09:17] [DEPRECATED] session_set_save_handler(): Providing individual callbacks instead of an object implementing SessionHandlerInterface is deprecated en C:\tools\nginx\html\sistema_biometrico\index.php línea 50
URI: /sistema_biometrico/configuracion
--------------------------------------------------------------------------------
[2026-03-05 15:09:17] [DEPRECATED] session_set_save_handler(): Providing individual callbacks instead of an object implementing SessionHandlerInterface is deprecated en C:\tools\nginx\html\sistema_biometrico\index.php línea 50
URI: /sistema_biometrico/assets/css/modals.css
--------------------------------------------------------------------------------
[2026-03-05 15:09:17] [DEPRECATED] session_set_save_handler(): Providing individual callbacks instead of an object implementing SessionHandlerInterface is deprecated en C:\tools\nginx\html\sistema_biometrico\index.php línea 50
URI: /sistema_biometrico/assets/css/empleados.css
--------------------------------------------------------------------------------
[2026-03-05 15:09:18] [DEPRECATED] session_set_save_handler(): Providing individual callbacks instead of an object implementing SessionHandlerInterface is deprecated en C:\tools\nginx\html\sistema_biometrico\index.php línea 50
URI: /sistema_biometrico/assets/css/colores-pantone.css
--------------------------------------------------------------------------------
[2026-03-05 15:09:18] [DEPRECATED] session_set_save_handler(): Providing individual callbacks instead of an object implementing SessionHandlerInterface is deprecated en C:\tools\nginx\html\sistema_biometrico\index.php línea 50
URI: /sistema_biometrico/assets/css/database.css
--------------------------------------------------------------------------------
[2026-03-05 15:09:18] [DEPRECATED] session_set_save_handler(): Providing individual callbacks instead of an object implementing SessionHandlerInterface is deprecated en C:\tools\nginx\html\sistema_biometrico\index.php línea 50
URI: /sistema_biometrico/assets/js/error-logger.js
--------------------------------------------------------------------------------
[2026-03-05 15:10:10] [DEPRECATED] session_set_save_handler(): Providing individual callbacks instead of an object implementing SessionHandlerInterface is deprecated en C:\tools\nginx\html\sistema_biometrico\index.php línea 50
URI: /sistema_biometrico/configuracion/uploadZkteco
--------------------------------------------------------------------------------
[2026-03-05 15:16:01] [DEPRECATED] session_set_save_handler(): Providing individual callbacks instead of an object implementing SessionHandlerInterface is deprecated en C:\tools\nginx\html\sistema_biometrico\index.php línea 50
URI: /sistema_biometrico/configuracion
--------------------------------------------------------------------------------
[2026-03-05 15:16:01] [DEPRECATED] session_set_save_handler(): Providing individual callbacks instead of an object implementing SessionHandlerInterface is deprecated en C:\tools\nginx\html\sistema_biometrico\index.php línea 50
URI: /sistema_biometrico/assets/css/modals.css
--------------------------------------------------------------------------------
[2026-03-05 15:16:01] [DEPRECATED] session_set_save_handler(): Providing individual callbacks instead of an object implementing SessionHandlerInterface is deprecated en C:\tools\nginx\html\sistema_biometrico\index.php línea 50
URI: /sistema_biometrico/assets/css/empleados.css
--------------------------------------------------------------------------------
[2026-03-05 15:16:01] [DEPRECATED] session_set_save_handler(): Providing individual callbacks instead of an object implementing SessionHandlerInterface is deprecated en C:\tools\nginx\html\sistema_biometrico\index.php línea 50
URI: /sistema_biometrico/assets/css/colores-pantone.css
--------------------------------------------------------------------------------
[2026-03-05 15:16:01] [DEPRECATED] session_set_save_handler(): Providing individual callbacks instead of an object implementing SessionHandlerInterface is deprecated en C:\tools\nginx\html\sistema_biometrico\index.php línea 50
URI: /sistema_biometrico/assets/css/database.css
--------------------------------------------------------------------------------
[2026-03-05 15:16:01] [DEPRECATED] session_set_save_handler(): Providing individual callbacks instead of an object implementing SessionHandlerInterface is deprecated en C:\tools\nginx\html\sistema_biometrico\index.php línea 50
URI: /sistema_biometrico/assets/js/error-logger.js
--------------------------------------------------------------------------------
[2026-03-05 15:16:02] [DEPRECATED] session_set_save_handler(): Providing individual callbacks instead of an object implementing SessionHandlerInterface is deprecated en C:\tools\nginx\html\sistema_biometrico\index.php línea 50
URI: /sistema_biometrico/configuracion
--------------------------------------------------------------------------------
[2026-03-05 15:16:02] [DEPRECATED] session_set_save_handler(): Providing individual callbacks instead of an object implementing SessionHandlerInterface is deprecated en C:\tools\nginx\html\sistema_biometrico\index.php línea 50
URI: /sistema_biometrico/assets/css/modals.css
--------------------------------------------------------------------------------
[2026-03-05 15:16:02] [DEPRECATED] session_set_save_handler(): Providing individual callbacks instead of an object implementing SessionHandlerInterface is deprecated en C:\tools\nginx\html\sistema_biometrico\index.php línea 50
URI: /sistema_biometrico/assets/css/empleados.css
--------------------------------------------------------------------------------
[2026-03-05 15:16:02] [DEPRECATED] session_set_save_handler(): Providing individual callbacks instead of an object implementing SessionHandlerInterface is deprecated en C:\tools\nginx\html\sistema_biometrico\index.php línea 50
URI: /sistema_biometrico/assets/css/colores-pantone.css
--------------------------------------------------------------------------------
[2026-03-05 15:16:02] [DEPRECATED] session_set_save_handler(): Providing individual callbacks instead of an object implementing SessionHandlerInterface is deprecated en C:\tools\nginx\html\sistema_biometrico\index.php línea 50
URI: /sistema_biometrico/assets/css/database.css
--------------------------------------------------------------------------------
[2026-03-05 15:16:02] [DEPRECATED] session_set_save_handler(): Providing individual callbacks instead of an object implementing SessionHandlerInterface is deprecated en C:\tools\nginx\html\sistema_biometrico\index.php línea 50
URI: /sistema_biometrico/assets/js/error-logger.js
--------------------------------------------------------------------------------
[2026-03-05 15:16:02] [DEPRECATED] session_set_save_handler(): Providing individual callbacks instead of an object implementing SessionHandlerInterface is deprecated en C:\tools\nginx\html\sistema_biometrico\index.php línea 50
URI: /sistema_biometrico/configuracion
--------------------------------------------------------------------------------
[2026-03-05 15:16:02] [DEPRECATED] session_set_save_handler(): Providing individual callbacks instead of an object implementing SessionHandlerInterface is deprecated en C:\tools\nginx\html\sistema_biometrico\index.php línea 50
URI: /sistema_biometrico/assets/css/modals.css
--------------------------------------------------------------------------------
[2026-03-05 15:16:03] [DEPRECATED] session_set_save_handler(): Providing individual callbacks instead of an object implementing SessionHandlerInterface is deprecated en C:\tools\nginx\html\sistema_biometrico\index.php línea 50
URI: /sistema_biometrico/assets/css/empleados.css
--------------------------------------------------------------------------------
[2026-03-05 15:16:03] [DEPRECATED] session_set_save_handler(): Providing individual callbacks instead of an object implementing SessionHandlerInterface is deprecated en C:\tools\nginx\html\sistema_biometrico\index.php línea 50
URI: /sistema_biometrico/assets/css/colores-pantone.css
--------------------------------------------------------------------------------
[2026-03-05 15:16:03] [DEPRECATED] session_set_save_handler(): Providing individual callbacks instead of an object implementing SessionHandlerInterface is deprecated en C:\tools\nginx\html\sistema_biometrico\index.php línea 50
URI: /sistema_biometrico/assets/css/database.css
--------------------------------------------------------------------------------
[2026-03-05 15:16:03] [DEPRECATED] session_set_save_handler(): Providing individual callbacks instead of an object implementing SessionHandlerInterface is deprecated en C:\tools\nginx\html\sistema_biometrico\index.php línea 50
URI: /sistema_biometrico/assets/js/error-logger.js
--------------------------------------------------------------------------------
[2026-03-05 15:16:03] [DEPRECATED] session_set_save_handler(): Providing individual callbacks instead of an object implementing SessionHandlerInterface is deprecated en C:\tools\nginx\html\sistema_biometrico\index.php línea 50
URI: /sistema_biometrico/configuracion
--------------------------------------------------------------------------------
[2026-03-05 15:16:03] [DEPRECATED] session_set_save_handler(): Providing individual callbacks instead of an object implementing SessionHandlerInterface is deprecated en C:\tools\nginx\html\sistema_biometrico\index.php línea 50
URI: /sistema_biometrico/assets/css/modals.css
--------------------------------------------------------------------------------
[2026-03-05 15:16:03] [DEPRECATED] session_set_save_handler(): Providing individual callbacks instead of an object implementing SessionHandlerInterface is deprecated en C:\tools\nginx\html\sistema_biometrico\index.php línea 50
URI: /sistema_biometrico/assets/css/empleados.css
--------------------------------------------------------------------------------
[2026-03-05 15:16:03] [DEPRECATED] session_set_save_handler(): Providing individual callbacks instead of an object implementing SessionHandlerInterface is deprecated en C:\tools\nginx\html\sistema_biometrico\index.php línea 50
URI: /sistema_biometrico/assets/css/colores-pantone.css
--------------------------------------------------------------------------------
[2026-03-05 15:16:03] [DEPRECATED] session_set_save_handler(): Providing individual callbacks instead of an object implementing SessionHandlerInterface is deprecated en C:\tools\nginx\html\sistema_biometrico\index.php línea 50
URI: /sistema_biometrico/assets/css/database.css
--------------------------------------------------------------------------------
[2026-03-05 15:16:03] [DEPRECATED] session_set_save_handler(): Providing individual callbacks instead of an object implementing SessionHandlerInterface is deprecated en C:\tools\nginx\html\sistema_biometrico\index.php línea 50
URI: /sistema_biometrico/assets/js/error-logger.js
--------------------------------------------------------------------------------
[2026-03-05 15:18:00] [DEPRECATED] session_set_save_handler(): Providing individual callbacks instead of an object implementing SessionHandlerInterface is deprecated en C:\tools\nginx\html\sistema_biometrico\index.php línea 50
URI: /sistema_biometrico/configuracion
--------------------------------------------------------------------------------
[2026-03-05 15:18:00] [DEPRECATED] session_set_save_handler(): Providing individual callbacks instead of an object implementing SessionHandlerInterface is deprecated en C:\tools\nginx\html\sistema_biometrico\index.php línea 50
URI: /sistema_biometrico/assets/css/modals.css
--------------------------------------------------------------------------------
[2026-03-05 15:18:00] [DEPRECATED] session_set_save_handler(): Providing individual callbacks instead of an object implementing SessionHandlerInterface is deprecated en C:\tools\nginx\html\sistema_biometrico\index.php línea 50
URI: /sistema_biometrico/assets/css/empleados.css
--------------------------------------------------------------------------------
[2026-03-05 15:18:00] [DEPRECATED] session_set_save_handler(): Providing individual callbacks instead of an object implementing SessionHandlerInterface is deprecated en C:\tools\nginx\html\sistema_biometrico\index.php línea 50
URI: /sistema_biometrico/assets/css/colores-pantone.css
--------------------------------------------------------------------------------
[2026-03-05 15:18:00] [DEPRECATED] session_set_save_handler(): Providing individual callbacks instead of an object implementing SessionHandlerInterface is deprecated en C:\tools\nginx\html\sistema_biometrico\index.php línea 50
URI: /sistema_biometrico/assets/css/database.css
--------------------------------------------------------------------------------
[2026-03-05 15:18:00] [DEPRECATED] session_set_save_handler(): Providing individual callbacks instead of an object implementing SessionHandlerInterface is deprecated en C:\tools\nginx\html\sistema_biometrico\index.php línea 50
URI: /sistema_biometrico/assets/js/error-logger.js
--------------------------------------------------------------------------------
[2026-03-05 15:18:05] [DEPRECATED] session_set_save_handler(): Providing individual callbacks instead of an object implementing SessionHandlerInterface is deprecated en C:\tools\nginx\html\sistema_biometrico\index.php línea 50
URI: /sistema_biometrico/configuracion/uploadZkteco
--------------------------------------------------------------------------------
[2026-03-05 15:18:27] [DEPRECATED] session_set_save_handler(): Providing individual callbacks instead of an object implementing SessionHandlerInterface is deprecated en C:\tools\nginx\html\sistema_biometrico\index.php línea 50
URI: /sistema_biometrico/assets/css/modals.css
--------------------------------------------------------------------------------
[2026-03-05 15:18:27] [DEPRECATED] session_set_save_handler(): Providing individual callbacks instead of an object implementing SessionHandlerInterface is deprecated en C:\tools\nginx\html\sistema_biometrico\index.php línea 50
URI: /sistema_biometrico/assets/css/empleados.css
--------------------------------------------------------------------------------
[2026-03-05 15:18:27] [DEPRECATED] session_set_save_handler(): Providing individual callbacks instead of an object implementing SessionHandlerInterface is deprecated en C:\tools\nginx\html\sistema_biometrico\index.php línea 50
URI: /sistema_biometrico/assets/css/colores-pantone.css
--------------------------------------------------------------------------------
[2026-03-05 15:18:27] [DEPRECATED] session_set_save_handler(): Providing individual callbacks instead of an object implementing SessionHandlerInterface is deprecated en C:\tools\nginx\html\sistema_biometrico\index.php línea 50
URI: /sistema_biometrico/assets/css/database.css
--------------------------------------------------------------------------------
[2026-03-05 15:18:27] [DEPRECATED] session_set_save_handler(): Providing individual callbacks instead of an object implementing SessionHandlerInterface is deprecated en C:\tools\nginx\html\sistema_biometrico\index.php línea 50
URI: /.well-known/appspecific/com.chrome.devtools.json
--------------------------------------------------------------------------------
[2026-03-05 15:19:32] [DEPRECATED] session_set_save_handler(): Providing individual callbacks instead of an object implementing SessionHandlerInterface is deprecated en C:\tools\nginx\html\sistema_biometrico\index.php línea 50
URI: /sistema_biometrico/configuracion
--------------------------------------------------------------------------------
[2026-03-05 15:19:32] [DEPRECATED] session_set_save_handler(): Providing individual callbacks instead of an object implementing SessionHandlerInterface is deprecated en C:\tools\nginx\html\sistema_biometrico\index.php línea 50
URI: /.well-known/appspecific/com.chrome.devtools.json
--------------------------------------------------------------------------------
[2026-03-05 15:19:32] [DEPRECATED] session_set_save_handler(): Providing individual callbacks instead of an object implementing SessionHandlerInterface is deprecated en C:\tools\nginx\html\sistema_biometrico\index.php línea 50
URI: /sistema_biometrico/assets/css/modals.css
--------------------------------------------------------------------------------
[2026-03-05 15:19:33] [DEPRECATED] session_set_save_handler(): Providing individual callbacks instead of an object implementing SessionHandlerInterface is deprecated en C:\tools\nginx\html\sistema_biometrico\index.php línea 50
URI: /sistema_biometrico/assets/css/empleados.css
--------------------------------------------------------------------------------
[2026-03-05 15:19:33] [DEPRECATED] session_set_save_handler(): Providing individual callbacks instead of an object implementing SessionHandlerInterface is deprecated en C:\tools\nginx\html\sistema_biometrico\index.php línea 50
URI: /sistema_biometrico/assets/css/colores-pantone.css
--------------------------------------------------------------------------------
[2026-03-05 15:19:33] [DEPRECATED] session_set_save_handler(): Providing individual callbacks instead of an object implementing SessionHandlerInterface is deprecated en C:\tools\nginx\html\sistema_biometrico\index.php línea 50
URI: /sistema_biometrico/assets/css/database.css
--------------------------------------------------------------------------------
[2026-03-05 15:19:33] [DEPRECATED] session_set_save_handler(): Providing individual callbacks instead of an object implementing SessionHandlerInterface is deprecated en C:\tools\nginx\html\sistema_biometrico\index.php línea 50
URI: /sistema_biometrico/assets/js/error-logger.js
--------------------------------------------------------------------------------
[2026-03-05 15:19:39] [DEPRECATED] session_set_save_handler(): Providing individual callbacks instead of an object implementing SessionHandlerInterface is deprecated en C:\tools\nginx\html\sistema_biometrico\index.php línea 50
URI: /sistema_biometrico/configuracion/uploadZkteco
--------------------------------------------------------------------------------
[2026-03-05 15:21:13] [DEPRECATED] session_set_save_handler(): Providing individual callbacks instead of an object implementing SessionHandlerInterface is deprecated en C:\tools\nginx\html\sistema_biometrico\index.php línea 50
URI: /sistema_biometrico/configuracion
--------------------------------------------------------------------------------
[2026-03-05 15:21:13] [DEPRECATED] session_set_save_handler(): Providing individual callbacks instead of an object implementing SessionHandlerInterface is deprecated en C:\tools\nginx\html\sistema_biometrico\index.php línea 50
URI: /sistema_biometrico/assets/css/modals.css
--------------------------------------------------------------------------------
[2026-03-05 15:21:13] [DEPRECATED] session_set_save_handler(): Providing individual callbacks instead of an object implementing SessionHandlerInterface is deprecated en C:\tools\nginx\html\sistema_biometrico\index.php línea 50
URI: /sistema_biometrico/assets/css/empleados.css
--------------------------------------------------------------------------------
[2026-03-05 15:21:13] [DEPRECATED] session_set_save_handler(): Providing individual callbacks instead of an object implementing SessionHandlerInterface is deprecated en C:\tools\nginx\html\sistema_biometrico\index.php línea 50
URI: /sistema_biometrico/assets/css/colores-pantone.css
--------------------------------------------------------------------------------
[2026-03-05 15:21:13] [DEPRECATED] session_set_save_handler(): Providing individual callbacks instead of an object implementing SessionHandlerInterface is deprecated en C:\tools\nginx\html\sistema_biometrico\index.php línea 50
URI: /sistema_biometrico/assets/css/database.css
--------------------------------------------------------------------------------
[2026-03-05 15:21:13] [DEPRECATED] session_set_save_handler(): Providing individual callbacks instead of an object implementing SessionHandlerInterface is deprecated en C:\tools\nginx\html\sistema_biometrico\index.php línea 50
URI: /sistema_biometrico/assets/js/error-logger.js
--------------------------------------------------------------------------------
[2026-03-05 15:21:25] [DEPRECATED] session_set_save_handler(): Providing individual callbacks instead of an object implementing SessionHandlerInterface is deprecated en C:\tools\nginx\html\sistema_biometrico\index.php línea 50
URI: /sistema_biometrico/configuracion/uploadZkteco
--------------------------------------------------------------------------------
[2026-03-05 15:25:52] [DEPRECATED] session_set_save_handler(): Providing individual callbacks instead of an object implementing SessionHandlerInterface is deprecated en C:\tools\nginx\html\sistema_biometrico\index.php línea 50
URI: /sistema_biometrico/configuracion
--------------------------------------------------------------------------------
[2026-03-05 15:25:52] [DEPRECATED] session_set_save_handler(): Providing individual callbacks instead of an object implementing SessionHandlerInterface is deprecated en C:\tools\nginx\html\sistema_biometrico\index.php línea 50
URI: /sistema_biometrico/assets/css/modals.css
--------------------------------------------------------------------------------
[2026-03-05 15:25:52] [DEPRECATED] session_set_save_handler(): Providing individual callbacks instead of an object implementing SessionHandlerInterface is deprecated en C:\tools\nginx\html\sistema_biometrico\index.php línea 50
URI: /sistema_biometrico/assets/css/empleados.css
--------------------------------------------------------------------------------
[2026-03-05 15:25:52] [DEPRECATED] session_set_save_handler(): Providing individual callbacks instead of an object implementing SessionHandlerInterface is deprecated en C:\tools\nginx\html\sistema_biometrico\index.php línea 50
URI: /sistema_biometrico/assets/css/colores-pantone.css
--------------------------------------------------------------------------------
[2026-03-05 15:25:52] [DEPRECATED] session_set_save_handler(): Providing individual callbacks instead of an object implementing SessionHandlerInterface is deprecated en C:\tools\nginx\html\sistema_biometrico\index.php línea 50
URI: /sistema_biometrico/assets/css/database.css
--------------------------------------------------------------------------------
[2026-03-05 15:25:52] [DEPRECATED] session_set_save_handler(): Providing individual callbacks instead of an object implementing SessionHandlerInterface is deprecated en C:\tools\nginx\html\sistema_biometrico\index.php línea 50
URI: /sistema_biometrico/assets/js/error-logger.js
--------------------------------------------------------------------------------
[2026-03-05 15:25:53] [DEPRECATED] session_set_save_handler(): Providing individual callbacks instead of an object implementing SessionHandlerInterface is deprecated en C:\tools\nginx\html\sistema_biometrico\index.php línea 50
URI: /sistema_biometrico/configuracion
--------------------------------------------------------------------------------
[2026-03-05 15:25:53] [DEPRECATED] session_set_save_handler(): Providing individual callbacks instead of an object implementing SessionHandlerInterface is deprecated en C:\tools\nginx\html\sistema_biometrico\index.php línea 50
URI: /sistema_biometrico/assets/css/modals.css
--------------------------------------------------------------------------------
[2026-03-05 15:25:53] [DEPRECATED] session_set_save_handler(): Providing individual callbacks instead of an object implementing SessionHandlerInterface is deprecated en C:\tools\nginx\html\sistema_biometrico\index.php línea 50
URI: /sistema_biometrico/assets/css/empleados.css
--------------------------------------------------------------------------------
[2026-03-05 15:25:53] [DEPRECATED] session_set_save_handler(): Providing individual callbacks instead of an object implementing SessionHandlerInterface is deprecated en C:\tools\nginx\html\sistema_biometrico\index.php línea 50
URI: /sistema_biometrico/assets/css/colores-pantone.css
--------------------------------------------------------------------------------
[2026-03-05 15:25:53] [DEPRECATED] session_set_save_handler(): Providing individual callbacks instead of an object implementing SessionHandlerInterface is deprecated en C:\tools\nginx\html\sistema_biometrico\index.php línea 50
URI: /sistema_biometrico/assets/css/database.css
--------------------------------------------------------------------------------
[2026-03-05 15:25:53] [DEPRECATED] session_set_save_handler(): Providing individual callbacks instead of an object implementing SessionHandlerInterface is deprecated en C:\tools\nginx\html\sistema_biometrico\index.php línea 50
URI: /sistema_biometrico/assets/js/error-logger.js
--------------------------------------------------------------------------------
[2026-03-05 15:25:54] [DEPRECATED] session_set_save_handler(): Providing individual callbacks instead of an object implementing SessionHandlerInterface is deprecated en C:\tools\nginx\html\sistema_biometrico\index.php línea 50
URI: /sistema_biometrico/configuracion
--------------------------------------------------------------------------------
[2026-03-05 15:25:54] [DEPRECATED] session_set_save_handler(): Providing individual callbacks instead of an object implementing SessionHandlerInterface is deprecated en C:\tools\nginx\html\sistema_biometrico\index.php línea 50
URI: /sistema_biometrico/assets/css/modals.css
--------------------------------------------------------------------------------
[2026-03-05 15:25:54] [DEPRECATED] session_set_save_handler(): Providing individual callbacks instead of an object implementing SessionHandlerInterface is deprecated en C:\tools\nginx\html\sistema_biometrico\index.php línea 50
URI: /sistema_biometrico/assets/css/empleados.css
--------------------------------------------------------------------------------
[2026-03-05 15:25:54] [DEPRECATED] session_set_save_handler(): Providing individual callbacks instead of an object implementing SessionHandlerInterface is deprecated en C:\tools\nginx\html\sistema_biometrico\index.php línea 50
URI: /sistema_biometrico/assets/css/colores-pantone.css
--------------------------------------------------------------------------------
[2026-03-05 15:25:54] [DEPRECATED] session_set_save_handler(): Providing individual callbacks instead of an object implementing SessionHandlerInterface is deprecated en C:\tools\nginx\html\sistema_biometrico\index.php línea 50
URI: /sistema_biometrico/assets/css/database.css
--------------------------------------------------------------------------------
[2026-03-05 15:25:54] [DEPRECATED] session_set_save_handler(): Providing individual callbacks instead of an object implementing SessionHandlerInterface is deprecated en C:\tools\nginx\html\sistema_biometrico\index.php línea 50
URI: /sistema_biometrico/assets/js/error-logger.js
--------------------------------------------------------------------------------
[2026-03-05 15:25:54] [DEPRECATED] session_set_save_handler(): Providing individual callbacks instead of an object implementing SessionHandlerInterface is deprecated en C:\tools\nginx\html\sistema_biometrico\index.php línea 50
URI: /sistema_biometrico/configuracion
--------------------------------------------------------------------------------
[2026-03-05 15:25:54] [DEPRECATED] session_set_save_handler(): Providing individual callbacks instead of an object implementing SessionHandlerInterface is deprecated en C:\tools\nginx\html\sistema_biometrico\index.php línea 50
URI: /sistema_biometrico/assets/css/modals.css
--------------------------------------------------------------------------------
[2026-03-05 15:25:54] [DEPRECATED] session_set_save_handler(): Providing individual callbacks instead of an object implementing SessionHandlerInterface is deprecated en C:\tools\nginx\html\sistema_biometrico\index.php línea 50
URI: /sistema_biometrico/assets/css/empleados.css
--------------------------------------------------------------------------------
[2026-03-05 15:25:54] [DEPRECATED] session_set_save_handler(): Providing individual callbacks instead of an object implementing SessionHandlerInterface is deprecated en C:\tools\nginx\html\sistema_biometrico\index.php línea 50
URI: /sistema_biometrico/assets/css/colores-pantone.css
--------------------------------------------------------------------------------
[2026-03-05 15:25:54] [DEPRECATED] session_set_save_handler(): Providing individual callbacks instead of an object implementing SessionHandlerInterface is deprecated en C:\tools\nginx\html\sistema_biometrico\index.php línea 50
URI: /sistema_biometrico/assets/css/database.css
--------------------------------------------------------------------------------
[2026-03-05 15:25:54] [DEPRECATED] session_set_save_handler(): Providing individual callbacks instead of an object implementing SessionHandlerInterface is deprecated en C:\tools\nginx\html\sistema_biometrico\index.php línea 50
URI: /sistema_biometrico/assets/js/error-logger.js
--------------------------------------------------------------------------------
[2026-03-05 15:25:54] [DEPRECATED] session_set_save_handler(): Providing individual callbacks instead of an object implementing SessionHandlerInterface is deprecated en C:\tools\nginx\html\sistema_biometrico\index.php línea 50
URI: /sistema_biometrico/configuracion
--------------------------------------------------------------------------------
[2026-03-05 15:25:54] [DEPRECATED] session_set_save_handler(): Providing individual callbacks instead of an object implementing SessionHandlerInterface is deprecated en C:\tools\nginx\html\sistema_biometrico\index.php línea 50
URI: /sistema_biometrico/assets/css/modals.css
--------------------------------------------------------------------------------
[2026-03-05 15:25:54] [DEPRECATED] session_set_save_handler(): Providing individual callbacks instead of an object implementing SessionHandlerInterface is deprecated en C:\tools\nginx\html\sistema_biometrico\index.php línea 50
URI: /sistema_biometrico/assets/css/empleados.css
--------------------------------------------------------------------------------
[2026-03-05 15:25:54] [DEPRECATED] session_set_save_handler(): Providing individual callbacks instead of an object implementing SessionHandlerInterface is deprecated en C:\tools\nginx\html\sistema_biometrico\index.php línea 50
URI: /sistema_biometrico/assets/css/colores-pantone.css
--------------------------------------------------------------------------------
[2026-03-05 15:25:54] [DEPRECATED] session_set_save_handler(): Providing individual callbacks instead of an object implementing SessionHandlerInterface is deprecated en C:\tools\nginx\html\sistema_biometrico\index.php línea 50
URI: /sistema_biometrico/assets/css/database.css
--------------------------------------------------------------------------------
[2026-03-05 15:25:54] [DEPRECATED] session_set_save_handler(): Providing individual callbacks instead of an object implementing SessionHandlerInterface is deprecated en C:\tools\nginx\html\sistema_biometrico\index.php línea 50
URI: /sistema_biometrico/assets/js/error-logger.js
--------------------------------------------------------------------------------
[2026-03-05 15:30:57] [DEPRECATED] session_set_save_handler(): Providing individual callbacks instead of an object implementing SessionHandlerInterface is deprecated en C:\tools\nginx\html\sistema_biometrico\index.php línea 50
URI: /sistema_biometrico/configuracion
--------------------------------------------------------------------------------
[2026-03-05 15:30:57] [DEPRECATED] session_set_save_handler(): Providing individual callbacks instead of an object implementing SessionHandlerInterface is deprecated en C:\tools\nginx\html\sistema_biometrico\index.php línea 50
URI: /sistema_biometrico/assets/css/modals.css
--------------------------------------------------------------------------------
[2026-03-05 15:30:57] [DEPRECATED] session_set_save_handler(): Providing individual callbacks instead of an object implementing SessionHandlerInterface is deprecated en C:\tools\nginx\html\sistema_biometrico\index.php línea 50
URI: /sistema_biometrico/assets/css/empleados.css
--------------------------------------------------------------------------------
[2026-03-05 15:30:57] [DEPRECATED] session_set_save_handler(): Providing individual callbacks instead of an object implementing SessionHandlerInterface is deprecated en C:\tools\nginx\html\sistema_biometrico\index.php línea 50
URI: /sistema_biometrico/assets/css/colores-pantone.css
--------------------------------------------------------------------------------
[2026-03-05 15:30:57] [DEPRECATED] session_set_save_handler(): Providing individual callbacks instead of an object implementing SessionHandlerInterface is deprecated en C:\tools\nginx\html\sistema_biometrico\index.php línea 50
URI: /sistema_biometrico/assets/css/database.css
--------------------------------------------------------------------------------
[2026-03-05 15:30:57] [DEPRECATED] session_set_save_handler(): Providing individual callbacks instead of an object implementing SessionHandlerInterface is deprecated en C:\tools\nginx\html\sistema_biometrico\index.php línea 50
URI: /sistema_biometrico/assets/js/error-logger.js
--------------------------------------------------------------------------------
[2026-03-05 15:31:04] [DEPRECATED] session_set_save_handler(): Providing individual callbacks instead of an object implementing SessionHandlerInterface is deprecated en C:\tools\nginx\html\sistema_biometrico\index.php línea 50
URI: /sistema_biometrico/configuracion/uploadZkteco
--------------------------------------------------------------------------------
[2026-03-05 15:31:33] [DEPRECATED] session_set_save_handler(): Providing individual callbacks instead of an object implementing SessionHandlerInterface is deprecated en C:\tools\nginx\html\sistema_biometrico\index.php línea 50
URI: /sistema_biometrico/configuracion/uploadZkteco
--------------------------------------------------------------------------------
[2026-03-05 15:33:57] [DEPRECATED] session_set_save_handler(): Providing individual callbacks instead of an object implementing SessionHandlerInterface is deprecated en C:\tools\nginx\html\sistema_biometrico\index.php línea 50
URI: /sistema_biometrico/assets/css/modals.css
--------------------------------------------------------------------------------
[2026-03-05 15:33:57] [DEPRECATED] session_set_save_handler(): Providing individual callbacks instead of an object implementing SessionHandlerInterface is deprecated en C:\tools\nginx\html\sistema_biometrico\index.php línea 50
URI: /sistema_biometrico/assets/css/empleados.css
--------------------------------------------------------------------------------
[2026-03-05 15:33:57] [DEPRECATED] session_set_save_handler(): Providing individual callbacks instead of an object implementing SessionHandlerInterface is deprecated en C:\tools\nginx\html\sistema_biometrico\index.php línea 50
URI: /sistema_biometrico/assets/css/colores-pantone.css
--------------------------------------------------------------------------------
[2026-03-05 15:33:57] [DEPRECATED] session_set_save_handler(): Providing individual callbacks instead of an object implementing SessionHandlerInterface is deprecated en C:\tools\nginx\html\sistema_biometrico\index.php línea 50
URI: /sistema_biometrico/assets/css/database.css
--------------------------------------------------------------------------------
[2026-03-05 15:33:57] [DEPRECATED] session_set_save_handler(): Providing individual callbacks instead of an object implementing SessionHandlerInterface is deprecated en C:\tools\nginx\html\sistema_biometrico\index.php línea 50
URI: /.well-known/appspecific/com.chrome.devtools.json
--------------------------------------------------------------------------------
[2026-03-05 15:35:11] [DEPRECATED] session_set_save_handler(): Providing individual callbacks instead of an object implementing SessionHandlerInterface is deprecated en C:\tools\nginx\html\sistema_biometrico\index.php línea 50
URI: /sistema_biometrico/configuracion
--------------------------------------------------------------------------------
[2026-03-05 15:35:11] [DEPRECATED] session_set_save_handler(): Providing individual callbacks instead of an object implementing SessionHandlerInterface is deprecated en C:\tools\nginx\html\sistema_biometrico\index.php línea 50
URI: /.well-known/appspecific/com.chrome.devtools.json
--------------------------------------------------------------------------------
[2026-03-05 15:35:12] [DEPRECATED] session_set_save_handler(): Providing individual callbacks instead of an object implementing SessionHandlerInterface is deprecated en C:\tools\nginx\html\sistema_biometrico\index.php línea 50
URI: /sistema_biometrico/configuracion
--------------------------------------------------------------------------------
[2026-03-05 15:35:12] [DEPRECATED] session_set_save_handler(): Providing individual callbacks instead of an object implementing SessionHandlerInterface is deprecated en C:\tools\nginx\html\sistema_biometrico\index.php línea 50
URI: /.well-known/appspecific/com.chrome.devtools.json
--------------------------------------------------------------------------------
[2026-03-05 15:35:32] [DEPRECATED] session_set_save_handler(): Providing individual callbacks instead of an object implementing SessionHandlerInterface is deprecated en C:\tools\nginx\html\sistema_biometrico\index.php línea 50
URI: /sistema_biometrico/empleados
--------------------------------------------------------------------------------
[2026-03-05 15:35:32] [DEPRECATED] session_set_save_handler(): Providing individual callbacks instead of an object implementing SessionHandlerInterface is deprecated en C:\tools\nginx\html\sistema_biometrico\index.php línea 50
URI: /.well-known/appspecific/com.chrome.devtools.json
--------------------------------------------------------------------------------
[2026-03-05 15:35:36] [DEPRECATED] session_set_save_handler(): Providing individual callbacks instead of an object implementing SessionHandlerInterface is deprecated en C:\tools\nginx\html\sistema_biometrico\index.php línea 50
URI: /sistema_biometrico/empleados?search=106
--------------------------------------------------------------------------------
[2026-03-05 15:35:36] [DEPRECATED] session_set_save_handler(): Providing individual callbacks instead of an object implementing SessionHandlerInterface is deprecated en C:\tools\nginx\html\sistema_biometrico\index.php línea 50
URI: /.well-known/appspecific/com.chrome.devtools.json
--------------------------------------------------------------------------------
[2026-03-05 15:35:38] [DEPRECATED] session_set_save_handler(): Providing individual callbacks instead of an object implementing SessionHandlerInterface is deprecated en C:\tools\nginx\html\sistema_biometrico\index.php línea 50
URI: /sistema_biometrico/empleados/datos-completos/106
--------------------------------------------------------------------------------
[2026-03-05 15:35:38] [DEPRECATED] session_set_save_handler(): Providing individual callbacks instead of an object implementing SessionHandlerInterface is deprecated en C:\tools\nginx\html\sistema_biometrico\index.php línea 50
URI: /sistema_biometrico/api/log-error
--------------------------------------------------------------------------------
[2026-03-05 15:35:38] [EXCEPTION] Error
Mensaje: Cannot use object of type Closure as array
URI: /sistema_biometrico/api/log-error
#0 {main}
[2026-03-05 15:38:31] [DEPRECATED] session_set_save_handler(): Providing individual callbacks instead of an object implementing SessionHandlerInterface is deprecated en C:\tools\nginx\html\sistema_biometrico\index.php línea 50
URI: /sistema_biometrico/empleados?search=106
--------------------------------------------------------------------------------
[2026-03-05 15:38:31] [DEPRECATED] session_set_save_handler(): Providing individual callbacks instead of an object implementing SessionHandlerInterface is deprecated en C:\tools\nginx\html\sistema_biometrico\index.php línea 50
URI: /.well-known/appspecific/com.chrome.devtools.json
--------------------------------------------------------------------------------
[2026-03-05 15:38:31] [DEPRECATED] session_set_save_handler(): Providing individual callbacks instead of an object implementing SessionHandlerInterface is deprecated en C:\tools\nginx\html\sistema_biometrico\index.php línea 50
URI: /favicon.ico
--------------------------------------------------------------------------------
[2026-03-05 15:52:53] [DEPRECATED] session_set_save_handler(): Providing individual callbacks instead of an object implementing SessionHandlerInterface is deprecated en C:\tools\nginx\html\sistema_biometrico\index.php línea 50
URI: /
--------------------------------------------------------------------------------
[2026-03-05 15:52:53] [DEPRECATED] session_set_save_handler(): Providing individual callbacks instead of an object implementing SessionHandlerInterface is deprecated en C:\tools\nginx\html\sistema_biometrico\index.php línea 50
URI: /login
--------------------------------------------------------------------------------
[2026-03-05 15:53:01] [DEPRECATED] session_set_save_handler(): Providing individual callbacks instead of an object implementing SessionHandlerInterface is deprecated en C:\tools\nginx\html\sistema_biometrico\index.php línea 50
URI: /login
--------------------------------------------------------------------------------
[2026-03-05 15:53:02] [DEPRECATED] session_set_save_handler(): Providing individual callbacks instead of an object implementing SessionHandlerInterface is deprecated en C:\tools\nginx\html\sistema_biometrico\index.php línea 50
URI: /dashboard
--------------------------------------------------------------------------------
[2026-03-05 15:53:05] [EXCEPTION] PDOException
Contexto: {"action":"index","section":"comisiones"}
Mensaje: SQLSTATE[42S22]: Column not found: 1054 Unknown column 'monto' in 'SELECT'
URI: /dashboard
Archivo: C:\tools\nginx\html\sistema_biometrico\models\Comision.php Línea: 136
#0 C:\tools\nginx\html\sistema_biometrico\models\Comision.php(136): PDO->prepare('SELECT SUM(mont...')
#1 C:\tools\nginx\html\sistema_biometrico\controllers\DashboardController.php(81): Comision->getTotalComisiones(NULL, '03', '2026')
#2 C:\tools\nginx\html\sistema_biometrico\index.php(167): DashboardController->index()
#3 {main}
--------------------------------------------------------------------------------
[2026-03-05 15:53:08] [DEPRECATED] session_set_save_handler(): Providing individual callbacks instead of an object implementing SessionHandlerInterface is deprecated en C:\tools\nginx\html\sistema_biometrico\index.php línea 50
URI: /configuracion
--------------------------------------------------------------------------------
[2026-03-05 15:53:08] [DEPRECATED] session_set_save_handler(): Providing individual callbacks instead of an object implementing SessionHandlerInterface is deprecated en C:\tools\nginx\html\sistema_biometrico\index.php línea 50
URI: /configuracion/getRecentHistory
--------------------------------------------------------------------------------
[2026-03-05 15:53:22] [DEPRECATED] session_set_save_handler(): Providing individual callbacks instead of an object implementing SessionHandlerInterface is deprecated en C:\tools\nginx\html\sistema_biometrico\index.php línea 50
URI: /configuracion/getRecentHistory
--------------------------------------------------------------------------------
[2026-03-05 15:53:44] [DEPRECATED] session_set_save_handler(): Providing individual callbacks instead of an object implementing SessionHandlerInterface is deprecated en C:\tools\nginx\html\sistema_biometrico\index.php línea 50
URI: /configuracion/limpiarLogs?dias=60
--------------------------------------------------------------------------------
[2026-03-05 15:53:44] [DEPRECATED] session_set_save_handler(): Providing individual callbacks instead of an object implementing SessionHandlerInterface is deprecated en C:\tools\nginx\html\sistema_biometrico\index.php línea 50
URI: /api/log-error
--------------------------------------------------------------------------------
[2026-03-05 15:53:44] [EXCEPTION] Error
Mensaje: Cannot use object of type Closure as array
URI: /api/log-error
#0 {main}
[2026-03-05 15:54:01] [DEPRECATED] session_set_save_handler(): Providing individual callbacks instead of an object implementing SessionHandlerInterface is deprecated en C:\tools\nginx\html\sistema_biometrico\index.php línea 50
URI: /configuracion/uploadZkteco
--------------------------------------------------------------------------------
[2026-03-05 15:54:04] [DEPRECATED] session_set_save_handler(): Providing individual callbacks instead of an object implementing SessionHandlerInterface is deprecated en C:\tools\nginx\html\sistema_biometrico\index.php línea 50
URI: /configuracion/getRecentHistory
--------------------------------------------------------------------------------
[2026-03-05 15:56:05] [DEPRECATED] session_set_save_handler(): Providing individual callbacks instead of an object implementing SessionHandlerInterface is deprecated en C:\tools\nginx\html\sistema_biometrico\index.php línea 50
URI: /configuracion/getRecentHistory
--------------------------------------------------------------------------------
[2026-03-05 15:56:06] [DEPRECATED] session_set_save_handler(): Providing individual callbacks instead of an object implementing SessionHandlerInterface is deprecated en C:\tools\nginx\html\sistema_biometrico\index.php línea 50
URI: /configuracion/getRecentHistory
--------------------------------------------------------------------------------
[2026-03-05 15:57:27] [DEPRECATED] session_set_save_handler(): Providing individual callbacks instead of an object implementing SessionHandlerInterface is deprecated en C:\tools\nginx\html\sistema_biometrico\index.php línea 50
URI: /catalogos
--------------------------------------------------------------------------------
[2026-03-05 15:57:42] [DEPRECATED] session_set_save_handler(): Providing individual callbacks instead of an object implementing SessionHandlerInterface is deprecated en C:\tools\nginx\html\sistema_biometrico\index.php línea 50
URI: /configuracion
--------------------------------------------------------------------------------
[2026-03-05 15:57:42] [DEPRECATED] session_set_save_handler(): Providing individual callbacks instead of an object implementing SessionHandlerInterface is deprecated en C:\tools\nginx\html\sistema_biometrico\index.php línea 50
URI: /configuracion/getRecentHistory
--------------------------------------------------------------------------------
[2026-03-05 15:58:19] [DEPRECATED] session_set_save_handler(): Providing individual callbacks instead of an object implementing SessionHandlerInterface is deprecated en C:\tools\nginx\html\sistema_biometrico\index.php línea 50
URI: /configuracion
--------------------------------------------------------------------------------
[2026-03-05 15:58:19] [DEPRECATED] session_set_save_handler(): Providing individual callbacks instead of an object implementing SessionHandlerInterface is deprecated en C:\tools\nginx\html\sistema_biometrico\index.php línea 50
URI: /configuracion/getRecentHistory
--------------------------------------------------------------------------------
[2026-03-05 15:59:55] [DEPRECATED] session_set_save_handler(): Providing individual callbacks instead of an object implementing SessionHandlerInterface is deprecated en C:\tools\nginx\html\sistema_biometrico\index.php línea 50
URI: /configuracion
--------------------------------------------------------------------------------
[2026-03-05 15:59:55] [DEPRECATED] session_set_save_handler(): Providing individual callbacks instead of an object implementing SessionHandlerInterface is deprecated en C:\tools\nginx\html\sistema_biometrico\index.php línea 50
URI: /configuracion/getRecentHistory
--------------------------------------------------------------------------------
[2026-03-05 15:59:56] [DEPRECATED] session_set_save_handler(): Providing individual callbacks instead of an object implementing SessionHandlerInterface is deprecated en C:\tools\nginx\html\sistema_biometrico\index.php línea 50
URI: /configuracion
--------------------------------------------------------------------------------
[2026-03-05 15:59:56] [DEPRECATED] session_set_save_handler(): Providing individual callbacks instead of an object implementing SessionHandlerInterface is deprecated en C:\tools\nginx\html\sistema_biometrico\index.php línea 50
URI: /configuracion/getRecentHistory
--------------------------------------------------------------------------------
[2026-03-05 15:59:56] [DEPRECATED] session_set_save_handler(): Providing individual callbacks instead of an object implementing SessionHandlerInterface is deprecated en C:\tools\nginx\html\sistema_biometrico\index.php línea 50
URI: /configuracion
--------------------------------------------------------------------------------
[2026-03-05 15:59:56] [DEPRECATED] session_set_save_handler(): Providing individual callbacks instead of an object implementing SessionHandlerInterface is deprecated en C:\tools\nginx\html\sistema_biometrico\index.php línea 50
URI: /configuracion/getRecentHistory
--------------------------------------------------------------------------------
[2026-03-05 15:59:56] [DEPRECATED] session_set_save_handler(): Providing individual callbacks instead of an object implementing SessionHandlerInterface is deprecated en C:\tools\nginx\html\sistema_biometrico\index.php línea 50
URI: /configuracion
--------------------------------------------------------------------------------
[2026-03-05 15:59:56] [DEPRECATED] session_set_save_handler(): Providing individual callbacks instead of an object implementing SessionHandlerInterface is deprecated en C:\tools\nginx\html\sistema_biometrico\index.php línea 50
URI: /configuracion/getRecentHistory
--------------------------------------------------------------------------------
[2026-03-05 16:00:01] [DEPRECATED] session_set_save_handler(): Providing individual callbacks instead of an object implementing SessionHandlerInterface is deprecated en C:\tools\nginx\html\sistema_biometrico\index.php línea 50
URI: /configuracion/limpiarLogs?dias=60
--------------------------------------------------------------------------------
[2026-03-05 16:00:01] [DEPRECATED] session_set_save_handler(): Providing individual callbacks instead of an object implementing SessionHandlerInterface is deprecated en C:\tools\nginx\html\sistema_biometrico\index.php línea 50
URI: /api/log-error
--------------------------------------------------------------------------------
[2026-03-05 16:00:01] [EXCEPTION] Error
Mensaje: Cannot use object of type Closure as array
URI: /api/log-error
#0 {main}
[2026-03-05 16:00:01] [DEPRECATED] session_set_save_handler(): Providing individual callbacks instead of an object implementing SessionHandlerInterface is deprecated en C:\tools\nginx\html\sistema_biometrico\index.php línea 50
URI: /api/log-error
--------------------------------------------------------------------------------
[2026-03-05 16:00:01] [EXCEPTION] Error
Mensaje: Cannot use object of type Closure as array
URI: /api/log-error
#0 {main}
