[2026-03-09 09:43:03] [DEPRECATED] session_set_save_handler(): Providing individual callbacks instead of an object implementing SessionHandlerInterface is deprecated en C:\tools\nginx\html\sistema_biometrico\index.php línea 50
URI: /
--------------------------------------------------------------------------------
[2026-03-09 09:43:03] [DEPRECATED] session_set_save_handler(): Providing individual callbacks instead of an object implementing SessionHandlerInterface is deprecated en C:\tools\nginx\html\sistema_biometrico\index.php línea 50
URI: /login
--------------------------------------------------------------------------------
[2026-03-09 09:43:04] [DEPRECATED] session_set_save_handler(): Providing individual callbacks instead of an object implementing SessionHandlerInterface is deprecated en C:\tools\nginx\html\sistema_biometrico\index.php línea 50
URI: /api/log-error
--------------------------------------------------------------------------------
[2026-03-09 09:43:06] [DEPRECATED] session_set_save_handler(): Providing individual callbacks instead of an object implementing SessionHandlerInterface is deprecated en C:\tools\nginx\html\sistema_biometrico\index.php línea 50
URI: /login
--------------------------------------------------------------------------------
[2026-03-09 09:43:17] [DEPRECATED] session_set_save_handler(): Providing individual callbacks instead of an object implementing SessionHandlerInterface is deprecated en C:\tools\nginx\html\sistema_biometrico\index.php línea 50
URI: /login
--------------------------------------------------------------------------------
[2026-03-09 09:43:18] [DEPRECATED] session_set_save_handler(): Providing individual callbacks instead of an object implementing SessionHandlerInterface is deprecated en C:\tools\nginx\html\sistema_biometrico\index.php línea 50
URI: /dashboard
--------------------------------------------------------------------------------
[2026-03-09 09:43:21] [EXCEPTION] PDOException
Contexto: {"action":"index","section":"comisiones"}
Mensaje: SQLSTATE[42S22]: Column not found: 1054 Unknown column 'monto' in 'SELECT'
URI: /dashboard
Archivo: C:\tools\nginx\html\sistema_biometrico\models\Comision.php Línea: 136
#0 C:\tools\nginx\html\sistema_biometrico\models\Comision.php(136): PDO->prepare('SELECT SUM(mont...')
#1 C:\tools\nginx\html\sistema_biometrico\controllers\DashboardController.php(81): Comision->getTotalComisiones(NULL, '03', '2026')
#2 C:\tools\nginx\html\sistema_biometrico\index.php(180): DashboardController->index()
#3 {main}
--------------------------------------------------------------------------------
[2026-03-09 09:43:33] [DEPRECATED] session_set_save_handler(): Providing individual callbacks instead of an object implementing SessionHandlerInterface is deprecated en C:\tools\nginx\html\sistema_biometrico\index.php línea 50
URI: /empleados
--------------------------------------------------------------------------------
[2026-03-09 09:43:37] [DEPRECATED] session_set_save_handler(): Providing individual callbacks instead of an object implementing SessionHandlerInterface is deprecated en C:\tools\nginx\html\sistema_biometrico\index.php línea 50
URI: /empleados?search=87
--------------------------------------------------------------------------------
[2026-03-09 09:43:40] [DEPRECATED] session_set_save_handler(): Providing individual callbacks instead of an object implementing SessionHandlerInterface is deprecated en C:\tools\nginx\html\sistema_biometrico\index.php línea 50
URI: /empleados/datos-completos/87
--------------------------------------------------------------------------------
[2026-03-09 09:43:40] [DEPRECATED] session_set_save_handler(): Providing individual callbacks instead of an object implementing SessionHandlerInterface is deprecated en C:\tools\nginx\html\sistema_biometrico\index.php línea 50
URI: /api/log-error
--------------------------------------------------------------------------------
[2026-03-09 09:43:46] [DEPRECATED] session_set_save_handler(): Providing individual callbacks instead of an object implementing SessionHandlerInterface is deprecated en C:\tools\nginx\html\sistema_biometrico\index.php línea 50
URI: /api/tipos-justificacion
--------------------------------------------------------------------------------
[2026-03-09 09:58:59] [DEPRECATED] session_set_save_handler(): Providing individual callbacks instead of an object implementing SessionHandlerInterface is deprecated en C:\tools\nginx\html\sistema_biometrico\index.php línea 50
URI: /empleados/create
--------------------------------------------------------------------------------
[2026-03-09 10:03:53] [DEPRECATED] session_set_save_handler(): Providing individual callbacks instead of an object implementing SessionHandlerInterface is deprecated en C:\tools\nginx\html\sistema_biometrico\index.php línea 50
URI: /empleados
--------------------------------------------------------------------------------
[2026-03-09 10:03:56] [DEPRECATED] session_set_save_handler(): Providing individual callbacks instead of an object implementing SessionHandlerInterface is deprecated en C:\tools\nginx\html\sistema_biometrico\index.php línea 50
URI: /empleados?search=565
--------------------------------------------------------------------------------
[2026-03-09 10:03:58] [DEPRECATED] session_set_save_handler(): Providing individual callbacks instead of an object implementing SessionHandlerInterface is deprecated en C:\tools\nginx\html\sistema_biometrico\index.php línea 50
URI: /empleados/datos-completos/565
--------------------------------------------------------------------------------
[2026-03-09 10:03:58] [DEPRECATED] session_set_save_handler(): Providing individual callbacks instead of an object implementing SessionHandlerInterface is deprecated en C:\tools\nginx\html\sistema_biometrico\index.php línea 50
URI: /api/log-error
--------------------------------------------------------------------------------
[2026-03-09 10:04:06] [DEPRECATED] session_set_save_handler(): Providing individual callbacks instead of an object implementing SessionHandlerInterface is deprecated en C:\tools\nginx\html\sistema_biometrico\index.php línea 50
URI: /api/tipos-justificacion
--------------------------------------------------------------------------------
[2026-03-09 10:04:48] [DEPRECATED] session_set_save_handler(): Providing individual callbacks instead of an object implementing SessionHandlerInterface is deprecated en C:\tools\nginx\html\sistema_biometrico\index.php línea 50
URI: /empleados/datos-completos/565
--------------------------------------------------------------------------------
[2026-03-09 10:04:48] [DEPRECATED] session_set_save_handler(): Providing individual callbacks instead of an object implementing SessionHandlerInterface is deprecated en C:\tools\nginx\html\sistema_biometrico\index.php línea 50
URI: /api/log-error
--------------------------------------------------------------------------------
[2026-03-09 10:14:54] [DEPRECATED] session_set_save_handler(): Providing individual callbacks instead of an object implementing SessionHandlerInterface is deprecated en C:\tools\nginx\html\sistema_biometrico\index.php línea 50
URI: /empleados/datos-completos/565
--------------------------------------------------------------------------------
[2026-03-09 10:14:54] [DEPRECATED] session_set_save_handler(): Providing individual callbacks instead of an object implementing SessionHandlerInterface is deprecated en C:\tools\nginx\html\sistema_biometrico\index.php línea 50
URI: /api/log-error
--------------------------------------------------------------------------------
[2026-03-09 10:15:03] [DEPRECATED] session_set_save_handler(): Providing individual callbacks instead of an object implementing SessionHandlerInterface is deprecated en C:\tools\nginx\html\sistema_biometrico\index.php línea 50
URI: /ciclos
--------------------------------------------------------------------------------
[2026-03-09 10:15:03] [DEPRECATED] session_set_save_handler(): Providing individual callbacks instead of an object implementing SessionHandlerInterface is deprecated en C:\tools\nginx\html\sistema_biometrico\index.php línea 50
URI: /ciclos/json
--------------------------------------------------------------------------------
[2026-03-09 10:15:03] [DEPRECATED] session_set_save_handler(): Providing individual callbacks instead of an object implementing SessionHandlerInterface is deprecated en C:\tools\nginx\html\sistema_biometrico\index.php línea 50
URI: /ciclos/horarios-catalogo
--------------------------------------------------------------------------------
[2026-03-09 10:15:06] [DEPRECATED] session_set_save_handler(): Providing individual callbacks instead of an object implementing SessionHandlerInterface is deprecated en C:\tools\nginx\html\sistema_biometrico\index.php línea 50
URI: /ciclos/bloques/json/13?_=1773072906211
--------------------------------------------------------------------------------
[2026-03-09 10:15:12] [DEPRECATED] session_set_save_handler(): Providing individual callbacks instead of an object implementing SessionHandlerInterface is deprecated en C:\tools\nginx\html\sistema_biometrico\index.php línea 50
URI: /ciclos/bloques/json/7?_=1773072912954
--------------------------------------------------------------------------------
[2026-03-09 10:15:14] [DEPRECATED] session_set_save_handler(): Providing individual callbacks instead of an object implementing SessionHandlerInterface is deprecated en C:\tools\nginx\html\sistema_biometrico\index.php línea 50
URI: /ciclos/bloques/json/9?_=1773072914355
--------------------------------------------------------------------------------
[2026-03-09 10:15:16] [DEPRECATED] session_set_save_handler(): Providing individual callbacks instead of an object implementing SessionHandlerInterface is deprecated en C:\tools\nginx\html\sistema_biometrico\index.php línea 50
URI: /ciclos/bloques/json/10?_=1773072916738
--------------------------------------------------------------------------------
[2026-03-09 10:15:19] [DEPRECATED] session_set_save_handler(): Providing individual callbacks instead of an object implementing SessionHandlerInterface is deprecated en C:\tools\nginx\html\sistema_biometrico\index.php línea 50
URI: /ciclos/bloques/json/21?_=1773072919298
--------------------------------------------------------------------------------
[2026-03-09 10:15:21] [DEPRECATED] session_set_save_handler(): Providing individual callbacks instead of an object implementing SessionHandlerInterface is deprecated en C:\tools\nginx\html\sistema_biometrico\index.php línea 50
URI: /ciclos/bloques/json/17?_=1773072921858
--------------------------------------------------------------------------------
[2026-03-09 10:15:26] [DEPRECATED] session_set_save_handler(): Providing individual callbacks instead of an object implementing SessionHandlerInterface is deprecated en C:\tools\nginx\html\sistema_biometrico\index.php línea 50
URI: /ciclos/bloques/json/20?_=1773072926906
--------------------------------------------------------------------------------
[2026-03-09 10:15:29] [DEPRECATED] session_set_save_handler(): Providing individual callbacks instead of an object implementing SessionHandlerInterface is deprecated en C:\tools\nginx\html\sistema_biometrico\index.php línea 50
URI: /ciclos/bloques/json/6?_=1773072929934
--------------------------------------------------------------------------------
[2026-03-09 10:15:32] [DEPRECATED] session_set_save_handler(): Providing individual callbacks instead of an object implementing SessionHandlerInterface is deprecated en C:\tools\nginx\html\sistema_biometrico\index.php línea 50
URI: /ciclos/bloques/json/12?_=1773072932166
--------------------------------------------------------------------------------
[2026-03-09 10:15:34] [DEPRECATED] session_set_save_handler(): Providing individual callbacks instead of an object implementing SessionHandlerInterface is deprecated en C:\tools\nginx\html\sistema_biometrico\index.php línea 50
URI: /ciclos/bloques/json/8?_=1773072934038
--------------------------------------------------------------------------------
[2026-03-09 10:15:36] [DEPRECATED] session_set_save_handler(): Providing individual callbacks instead of an object implementing SessionHandlerInterface is deprecated en C:\tools\nginx\html\sistema_biometrico\index.php línea 50
URI: /ciclos/bloques/json/19?_=1773072936358
--------------------------------------------------------------------------------
[2026-03-09 10:15:38] [DEPRECATED] session_set_save_handler(): Providing individual callbacks instead of an object implementing SessionHandlerInterface is deprecated en C:\tools\nginx\html\sistema_biometrico\index.php línea 50
URI: /ciclos/bloques/json/11?_=1773072938782
--------------------------------------------------------------------------------
[2026-03-09 10:15:47] [DEPRECATED] session_set_save_handler(): Providing individual callbacks instead of an object implementing SessionHandlerInterface is deprecated en C:\tools\nginx\html\sistema_biometrico\index.php línea 50
URI: /empleados
--------------------------------------------------------------------------------
[2026-03-09 10:15:53] [DEPRECATED] session_set_save_handler(): Providing individual callbacks instead of an object implementing SessionHandlerInterface is deprecated en C:\tools\nginx\html\sistema_biometrico\index.php línea 50
URI: /empleados?search=565
--------------------------------------------------------------------------------
[2026-03-09 10:15:54] [DEPRECATED] session_set_save_handler(): Providing individual callbacks instead of an object implementing SessionHandlerInterface is deprecated en C:\tools\nginx\html\sistema_biometrico\index.php línea 50
URI: /empleados/datos-completos/565
--------------------------------------------------------------------------------
[2026-03-09 10:15:55] [DEPRECATED] session_set_save_handler(): Providing individual callbacks instead of an object implementing SessionHandlerInterface is deprecated en C:\tools\nginx\html\sistema_biometrico\index.php línea 50
URI: /api/log-error
--------------------------------------------------------------------------------
[2026-03-09 10:16:15] [DEPRECATED] session_set_save_handler(): Providing individual callbacks instead of an object implementing SessionHandlerInterface is deprecated en C:\tools\nginx\html\sistema_biometrico\index.php línea 50
URI: /horarios/asignar-ciclo-empleado
--------------------------------------------------------------------------------
[2026-03-09 10:16:15] [DEPRECATED] session_set_save_handler(): Providing individual callbacks instead of an object implementing SessionHandlerInterface is deprecated en C:\tools\nginx\html\sistema_biometrico\index.php línea 50
URI: /empleados/datos-completos/565
--------------------------------------------------------------------------------
[2026-03-09 10:16:15] [DEPRECATED] session_set_save_handler(): Providing individual callbacks instead of an object implementing SessionHandlerInterface is deprecated en C:\tools\nginx\html\sistema_biometrico\index.php línea 50
URI: /api/log-error
--------------------------------------------------------------------------------
[2026-03-09 10:17:05] [DEPRECATED] session_set_save_handler(): Providing individual callbacks instead of an object implementing SessionHandlerInterface is deprecated en C:\tools\nginx\html\sistema_biometrico\index.php línea 50
URI: /empleados?search=565
--------------------------------------------------------------------------------
[2026-03-09 10:18:01] [DEPRECATED] session_set_save_handler(): Providing individual callbacks instead of an object implementing SessionHandlerInterface is deprecated en C:\tools\nginx\html\sistema_biometrico\index.php línea 50
URI: /empleados?search=565
--------------------------------------------------------------------------------
[2026-03-09 10:18:03] [DEPRECATED] session_set_save_handler(): Providing individual callbacks instead of an object implementing SessionHandlerInterface is deprecated en C:\tools\nginx\html\sistema_biometrico\index.php línea 50
URI: /empleados?search=565
--------------------------------------------------------------------------------
[2026-03-09 10:18:03] [DEPRECATED] session_set_save_handler(): Providing individual callbacks instead of an object implementing SessionHandlerInterface is deprecated en C:\tools\nginx\html\sistema_biometrico\index.php línea 50
URI: /empleados?search=565
--------------------------------------------------------------------------------
[2026-03-09 10:18:04] [DEPRECATED] session_set_save_handler(): Providing individual callbacks instead of an object implementing SessionHandlerInterface is deprecated en C:\tools\nginx\html\sistema_biometrico\index.php línea 50
URI: /empleados?search=565
--------------------------------------------------------------------------------
[2026-03-09 10:18:04] [DEPRECATED] session_set_save_handler(): Providing individual callbacks instead of an object implementing SessionHandlerInterface is deprecated en C:\tools\nginx\html\sistema_biometrico\index.php línea 50
URI: /empleados?search=565
--------------------------------------------------------------------------------
[2026-03-09 10:18:08] [DEPRECATED] session_set_save_handler(): Providing individual callbacks instead of an object implementing SessionHandlerInterface is deprecated en C:\tools\nginx\html\sistema_biometrico\index.php línea 50
URI: /configuracion
--------------------------------------------------------------------------------
[2026-03-09 10:18:08] [DEPRECATED] session_set_save_handler(): Providing individual callbacks instead of an object implementing SessionHandlerInterface is deprecated en C:\tools\nginx\html\sistema_biometrico\index.php línea 50
URI: /configuracion/getRecentHistory
--------------------------------------------------------------------------------
[2026-03-09 10:18:26] [DEPRECATED] session_set_save_handler(): Providing individual callbacks instead of an object implementing SessionHandlerInterface is deprecated en C:\tools\nginx\html\sistema_biometrico\index.php línea 50
URI: /configuracion/uploadZkteco
--------------------------------------------------------------------------------
[2026-03-09 10:18:44] [DEPRECATED] session_set_save_handler(): Providing individual callbacks instead of an object implementing SessionHandlerInterface is deprecated en C:\tools\nginx\html\sistema_biometrico\index.php línea 50
URI: /configuracion/getRecentHistory
--------------------------------------------------------------------------------
[2026-03-09 10:18:59] [DEPRECATED] session_set_save_handler(): Providing individual callbacks instead of an object implementing SessionHandlerInterface is deprecated en C:\tools\nginx\html\sistema_biometrico\index.php línea 50
URI: /empleados
--------------------------------------------------------------------------------
[2026-03-09 10:19:03] [DEPRECATED] session_set_save_handler(): Providing individual callbacks instead of an object implementing SessionHandlerInterface is deprecated en C:\tools\nginx\html\sistema_biometrico\index.php línea 50
URI: /empleados?search=565
--------------------------------------------------------------------------------
[2026-03-09 10:19:05] [DEPRECATED] session_set_save_handler(): Providing individual callbacks instead of an object implementing SessionHandlerInterface is deprecated en C:\tools\nginx\html\sistema_biometrico\index.php línea 50
URI: /empleados/datos-completos/565
--------------------------------------------------------------------------------
[2026-03-09 10:19:06] [DEPRECATED] session_set_save_handler(): Providing individual callbacks instead of an object implementing SessionHandlerInterface is deprecated en C:\tools\nginx\html\sistema_biometrico\index.php línea 50
URI: /api/log-error
--------------------------------------------------------------------------------
[2026-03-09 10:19:49] [DEPRECATED] session_set_save_handler(): Providing individual callbacks instead of an object implementing SessionHandlerInterface is deprecated en C:\tools\nginx\html\sistema_biometrico\index.php línea 50
URI: /api/tipos-justificacion
--------------------------------------------------------------------------------
[2026-03-09 10:41:03] [DEPRECATED] session_set_save_handler(): Providing individual callbacks instead of an object implementing SessionHandlerInterface is deprecated en C:\tools\nginx\html\sistema_biometrico\index.php línea 50
URI: /logout
--------------------------------------------------------------------------------
[2026-03-09 10:41:03] [DEPRECATED] session_set_save_handler(): Providing individual callbacks instead of an object implementing SessionHandlerInterface is deprecated en C:\tools\nginx\html\sistema_biometrico\index.php línea 50
URI: /login
--------------------------------------------------------------------------------
[2026-03-09 10:41:11] [DEPRECATED] session_set_save_handler(): Providing individual callbacks instead of an object implementing SessionHandlerInterface is deprecated en C:\tools\nginx\html\sistema_biometrico\index.php línea 50
URI: /login
--------------------------------------------------------------------------------
[2026-03-09 10:41:11] [DEPRECATED] session_set_save_handler(): Providing individual callbacks instead of an object implementing SessionHandlerInterface is deprecated en C:\tools\nginx\html\sistema_biometrico\index.php línea 50
URI: /dashboard
--------------------------------------------------------------------------------
[2026-03-09 10:41:15] [EXCEPTION] PDOException
Contexto: {"action":"index","section":"comisiones"}
Mensaje: SQLSTATE[42S22]: Column not found: 1054 Unknown column 'monto' in 'SELECT'
URI: /dashboard
Archivo: C:\tools\nginx\html\sistema_biometrico\models\Comision.php Línea: 136
#0 C:\tools\nginx\html\sistema_biometrico\models\Comision.php(136): PDO->prepare('SELECT SUM(mont...')
#1 C:\tools\nginx\html\sistema_biometrico\controllers\DashboardController.php(81): Comision->getTotalComisiones(NULL, '03', '2026')
#2 C:\tools\nginx\html\sistema_biometrico\index.php(180): DashboardController->index()
#3 {main}
--------------------------------------------------------------------------------
[2026-03-09 10:41:18] [DEPRECATED] session_set_save_handler(): Providing individual callbacks instead of an object implementing SessionHandlerInterface is deprecated en C:\tools\nginx\html\sistema_biometrico\index.php línea 50
URI: /empleados
--------------------------------------------------------------------------------
[2026-03-09 10:41:25] [DEPRECATED] session_set_save_handler(): Providing individual callbacks instead of an object implementing SessionHandlerInterface is deprecated en C:\tools\nginx\html\sistema_biometrico\index.php línea 50
URI: /empleados?search=565
--------------------------------------------------------------------------------
[2026-03-09 10:41:27] [DEPRECATED] session_set_save_handler(): Providing individual callbacks instead of an object implementing SessionHandlerInterface is deprecated en C:\tools\nginx\html\sistema_biometrico\index.php línea 50
URI: /api/log-error
--------------------------------------------------------------------------------
[2026-03-09 10:41:38] [DEPRECATED] session_set_save_handler(): Providing individual callbacks instead of an object implementing SessionHandlerInterface is deprecated en C:\tools\nginx\html\sistema_biometrico\index.php línea 50
URI: /.well-known/appspecific/com.chrome.devtools.json
--------------------------------------------------------------------------------
[2026-03-09 10:50:33] [DEPRECATED] session_set_save_handler(): Providing individual callbacks instead of an object implementing SessionHandlerInterface is deprecated en C:\tools\nginx\html\sistema_biometrico\index.php línea 50
URI: /empleados?search=565
--------------------------------------------------------------------------------
[2026-03-09 10:50:34] [DEPRECATED] session_set_save_handler(): Providing individual callbacks instead of an object implementing SessionHandlerInterface is deprecated en C:\tools\nginx\html\sistema_biometrico\index.php línea 50
URI: /.well-known/appspecific/com.chrome.devtools.json
--------------------------------------------------------------------------------
[2026-03-09 10:50:34] [DEPRECATED] session_set_save_handler(): Providing individual callbacks instead of an object implementing SessionHandlerInterface is deprecated en C:\tools\nginx\html\sistema_biometrico\index.php línea 50
URI: /api/log-error
--------------------------------------------------------------------------------
[2026-03-09 10:50:36] [DEPRECATED] session_set_save_handler(): Providing individual callbacks instead of an object implementing SessionHandlerInterface is deprecated en C:\tools\nginx\html\sistema_biometrico\index.php línea 50
URI: /empleados?search=565
--------------------------------------------------------------------------------
[2026-03-09 10:50:36] [DEPRECATED] session_set_save_handler(): Providing individual callbacks instead of an object implementing SessionHandlerInterface is deprecated en C:\tools\nginx\html\sistema_biometrico\index.php línea 50
URI: /.well-known/appspecific/com.chrome.devtools.json
--------------------------------------------------------------------------------
[2026-03-09 10:50:40] [DEPRECATED] session_set_save_handler(): Providing individual callbacks instead of an object implementing SessionHandlerInterface is deprecated en C:\tools\nginx\html\sistema_biometrico\index.php línea 50
URI: /api/log-error
--------------------------------------------------------------------------------
[2026-03-09 10:51:03] [DEPRECATED] session_set_save_handler(): Providing individual callbacks instead of an object implementing SessionHandlerInterface is deprecated en C:\tools\nginx\html\sistema_biometrico\index.php línea 50
URI: /logout
--------------------------------------------------------------------------------
[2026-03-09 10:51:03] [DEPRECATED] session_set_save_handler(): Providing individual callbacks instead of an object implementing SessionHandlerInterface is deprecated en C:\tools\nginx\html\sistema_biometrico\index.php línea 50
URI: /login
--------------------------------------------------------------------------------
[2026-03-09 10:51:03] [DEPRECATED] session_set_save_handler(): Providing individual callbacks instead of an object implementing SessionHandlerInterface is deprecated en C:\tools\nginx\html\sistema_biometrico\index.php línea 50
URI: /.well-known/appspecific/com.chrome.devtools.json
--------------------------------------------------------------------------------
[2026-03-09 10:51:03] [DEPRECATED] session_set_save_handler(): Providing individual callbacks instead of an object implementing SessionHandlerInterface is deprecated en C:\tools\nginx\html\sistema_biometrico\index.php línea 50
URI: /login
--------------------------------------------------------------------------------
[2026-03-09 10:52:19] [DEPRECATED] session_set_save_handler(): Providing individual callbacks instead of an object implementing SessionHandlerInterface is deprecated en C:\tools\nginx\html\sistema_biometrico\index.php línea 50
URI: /login
--------------------------------------------------------------------------------
[2026-03-09 10:52:19] [DEPRECATED] session_set_save_handler(): Providing individual callbacks instead of an object implementing SessionHandlerInterface is deprecated en C:\tools\nginx\html\sistema_biometrico\index.php línea 50
URI: /dashboard
--------------------------------------------------------------------------------
[2026-03-09 10:52:23] [EXCEPTION] PDOException
Contexto: {"action":"index","section":"comisiones"}
Mensaje: SQLSTATE[42S22]: Column not found: 1054 Unknown column 'monto' in 'SELECT'
URI: /dashboard
Archivo: C:\tools\nginx\html\sistema_biometrico\models\Comision.php Línea: 136
#0 C:\tools\nginx\html\sistema_biometrico\models\Comision.php(136): PDO->prepare('SELECT SUM(mont...')
#1 C:\tools\nginx\html\sistema_biometrico\controllers\DashboardController.php(81): Comision->getTotalComisiones(NULL, '03', '2026')
#2 C:\tools\nginx\html\sistema_biometrico\index.php(180): DashboardController->index()
#3 {main}
--------------------------------------------------------------------------------
[2026-03-09 10:52:23] [DEPRECATED] session_set_save_handler(): Providing individual callbacks instead of an object implementing SessionHandlerInterface is deprecated en C:\tools\nginx\html\sistema_biometrico\index.php línea 50
URI: /.well-known/appspecific/com.chrome.devtools.json
--------------------------------------------------------------------------------
[2026-03-09 10:52:25] [DEPRECATED] session_set_save_handler(): Providing individual callbacks instead of an object implementing SessionHandlerInterface is deprecated en C:\tools\nginx\html\sistema_biometrico\index.php línea 50
URI: /empleados
--------------------------------------------------------------------------------
[2026-03-09 10:52:26] [DEPRECATED] session_set_save_handler(): Providing individual callbacks instead of an object implementing SessionHandlerInterface is deprecated en C:\tools\nginx\html\sistema_biometrico\index.php línea 50
URI: /.well-known/appspecific/com.chrome.devtools.json
--------------------------------------------------------------------------------
[2026-03-09 10:52:29] [DEPRECATED] session_set_save_handler(): Providing individual callbacks instead of an object implementing SessionHandlerInterface is deprecated en C:\tools\nginx\html\sistema_biometrico\index.php línea 50
URI: /empleados?search=565
--------------------------------------------------------------------------------
[2026-03-09 10:52:30] [DEPRECATED] session_set_save_handler(): Providing individual callbacks instead of an object implementing SessionHandlerInterface is deprecated en C:\tools\nginx\html\sistema_biometrico\index.php línea 50
URI: /.well-known/appspecific/com.chrome.devtools.json
--------------------------------------------------------------------------------
[2026-03-09 10:52:33] [DEPRECATED] session_set_save_handler(): Providing individual callbacks instead of an object implementing SessionHandlerInterface is deprecated en C:\tools\nginx\html\sistema_biometrico\index.php línea 50
URI: /api/log-error
--------------------------------------------------------------------------------
[2026-03-09 10:54:29] [DEPRECATED] session_set_save_handler(): Providing individual callbacks instead of an object implementing SessionHandlerInterface is deprecated en C:\tools\nginx\html\sistema_biometrico\index.php línea 50
URI: /
--------------------------------------------------------------------------------
[2026-03-09 10:54:29] [DEPRECATED] session_set_save_handler(): Providing individual callbacks instead of an object implementing SessionHandlerInterface is deprecated en C:\tools\nginx\html\sistema_biometrico\index.php línea 50
URI: /login
--------------------------------------------------------------------------------
[2026-03-09 10:54:39] [DEPRECATED] session_set_save_handler(): Providing individual callbacks instead of an object implementing SessionHandlerInterface is deprecated en C:\tools\nginx\html\sistema_biometrico\index.php línea 50
URI: /login
--------------------------------------------------------------------------------
[2026-03-09 10:54:40] [DEPRECATED] session_set_save_handler(): Providing individual callbacks instead of an object implementing SessionHandlerInterface is deprecated en C:\tools\nginx\html\sistema_biometrico\index.php línea 50
URI: /dashboard
--------------------------------------------------------------------------------
[2026-03-09 10:54:43] [EXCEPTION] PDOException
Contexto: {"action":"index","section":"comisiones"}
Mensaje: SQLSTATE[42S22]: Column not found: 1054 Unknown column 'monto' in 'SELECT'
URI: /dashboard
Archivo: C:\tools\nginx\html\sistema_biometrico\models\Comision.php Línea: 136
#0 C:\tools\nginx\html\sistema_biometrico\models\Comision.php(136): PDO->prepare('SELECT SUM(mont...')
#1 C:\tools\nginx\html\sistema_biometrico\controllers\DashboardController.php(81): Comision->getTotalComisiones(NULL, '03', '2026')
#2 C:\tools\nginx\html\sistema_biometrico\index.php(180): DashboardController->index()
#3 {main}
--------------------------------------------------------------------------------
[2026-03-09 10:54:45] [DEPRECATED] session_set_save_handler(): Providing individual callbacks instead of an object implementing SessionHandlerInterface is deprecated en C:\tools\nginx\html\sistema_biometrico\index.php línea 50
URI: /empleados
--------------------------------------------------------------------------------
[2026-03-09 10:54:49] [DEPRECATED] session_set_save_handler(): Providing individual callbacks instead of an object implementing SessionHandlerInterface is deprecated en C:\tools\nginx\html\sistema_biometrico\index.php línea 50
URI: /empleados?search=565
--------------------------------------------------------------------------------
[2026-03-09 10:54:51] [DEPRECATED] session_set_save_handler(): Providing individual callbacks instead of an object implementing SessionHandlerInterface is deprecated en C:\tools\nginx\html\sistema_biometrico\index.php línea 50
URI: /empleados/datos-completos/565
--------------------------------------------------------------------------------
[2026-03-09 10:54:51] [DEPRECATED] session_set_save_handler(): Providing individual callbacks instead of an object implementing SessionHandlerInterface is deprecated en C:\tools\nginx\html\sistema_biometrico\index.php línea 50
URI: /api/log-error
--------------------------------------------------------------------------------
[2026-03-09 10:54:51] [DEPRECATED] session_set_save_handler(): Providing individual callbacks instead of an object implementing SessionHandlerInterface is deprecated en C:\tools\nginx\html\sistema_biometrico\index.php línea 50
URI: /api/log-error
--------------------------------------------------------------------------------
[2026-03-09 10:59:44] [DEPRECATED] session_set_save_handler(): Providing individual callbacks instead of an object implementing SessionHandlerInterface is deprecated en C:\tools\nginx\html\sistema_biometrico\index.php línea 50
URI: /api/tipos-justificacion
--------------------------------------------------------------------------------
[2026-03-09 11:00:38] [DEPRECATED] session_set_save_handler(): Providing individual callbacks instead of an object implementing SessionHandlerInterface is deprecated en C:\tools\nginx\html\sistema_biometrico\index.php línea 50
URI: /empleados?search=565
--------------------------------------------------------------------------------
[2026-03-09 11:00:39] [DEPRECATED] session_set_save_handler(): Providing individual callbacks instead of an object implementing SessionHandlerInterface is deprecated en C:\tools\nginx\html\sistema_biometrico\index.php línea 50
URI: /empleados?search=565
--------------------------------------------------------------------------------
[2026-03-09 11:00:40] [DEPRECATED] session_set_save_handler(): Providing individual callbacks instead of an object implementing SessionHandlerInterface is deprecated en C:\tools\nginx\html\sistema_biometrico\index.php línea 50
URI: /empleados?search=565
--------------------------------------------------------------------------------
[2026-03-09 11:00:40] [DEPRECATED] session_set_save_handler(): Providing individual callbacks instead of an object implementing SessionHandlerInterface is deprecated en C:\tools\nginx\html\sistema_biometrico\index.php línea 50
URI: /empleados?search=565
--------------------------------------------------------------------------------
[2026-03-09 11:00:41] [DEPRECATED] session_set_save_handler(): Providing individual callbacks instead of an object implementing SessionHandlerInterface is deprecated en C:\tools\nginx\html\sistema_biometrico\index.php línea 50
URI: /empleados/datos-completos/565
--------------------------------------------------------------------------------
[2026-03-09 11:00:41] [DEPRECATED] session_set_save_handler(): Providing individual callbacks instead of an object implementing SessionHandlerInterface is deprecated en C:\tools\nginx\html\sistema_biometrico\index.php línea 50
URI: /api/log-error
--------------------------------------------------------------------------------
[2026-03-09 11:01:09] [DEPRECATED] session_set_save_handler(): Providing individual callbacks instead of an object implementing SessionHandlerInterface is deprecated en C:\tools\nginx\html\sistema_biometrico\index.php línea 50
URI: /.well-known/appspecific/com.chrome.devtools.json
--------------------------------------------------------------------------------
[2026-03-09 11:03:51] [DEPRECATED] session_set_save_handler(): Providing individual callbacks instead of an object implementing SessionHandlerInterface is deprecated en C:\tools\nginx\html\sistema_biometrico\index.php línea 50
URI: /empleados?search=565
--------------------------------------------------------------------------------
[2026-03-09 11:03:51] [DEPRECATED] session_set_save_handler(): Providing individual callbacks instead of an object implementing SessionHandlerInterface is deprecated en C:\tools\nginx\html\sistema_biometrico\index.php línea 50
URI: /.well-known/appspecific/com.chrome.devtools.json
--------------------------------------------------------------------------------
[2026-03-09 11:03:53] [DEPRECATED] session_set_save_handler(): Providing individual callbacks instead of an object implementing SessionHandlerInterface is deprecated en C:\tools\nginx\html\sistema_biometrico\index.php línea 50
URI: /empleados/datos-completos/565
--------------------------------------------------------------------------------
[2026-03-09 11:03:53] [DEPRECATED] session_set_save_handler(): Providing individual callbacks instead of an object implementing SessionHandlerInterface is deprecated en C:\tools\nginx\html\sistema_biometrico\index.php línea 50
URI: /api/log-error
--------------------------------------------------------------------------------
[2026-03-09 11:04:19] [DEPRECATED] session_set_save_handler(): Providing individual callbacks instead of an object implementing SessionHandlerInterface is deprecated en C:\tools\nginx\html\sistema_biometrico\index.php línea 50
URI: /logout
--------------------------------------------------------------------------------
[2026-03-09 11:04:19] [DEPRECATED] session_set_save_handler(): Providing individual callbacks instead of an object implementing SessionHandlerInterface is deprecated en C:\tools\nginx\html\sistema_biometrico\index.php línea 50
URI: /login
--------------------------------------------------------------------------------
[2026-03-09 11:04:19] [DEPRECATED] session_set_save_handler(): Providing individual callbacks instead of an object implementing SessionHandlerInterface is deprecated en C:\tools\nginx\html\sistema_biometrico\index.php línea 50
URI: /.well-known/appspecific/com.chrome.devtools.json
--------------------------------------------------------------------------------
[2026-03-09 11:04:19] [DEPRECATED] session_set_save_handler(): Providing individual callbacks instead of an object implementing SessionHandlerInterface is deprecated en C:\tools\nginx\html\sistema_biometrico\index.php línea 50
URI: /login
--------------------------------------------------------------------------------
[2026-03-09 11:04:30] [DEPRECATED] session_set_save_handler(): Providing individual callbacks instead of an object implementing SessionHandlerInterface is deprecated en C:\tools\nginx\html\sistema_biometrico\index.php línea 50
URI: /login
--------------------------------------------------------------------------------
[2026-03-09 11:04:31] [DEPRECATED] session_set_save_handler(): Providing individual callbacks instead of an object implementing SessionHandlerInterface is deprecated en C:\tools\nginx\html\sistema_biometrico\index.php línea 50
URI: /dashboard
--------------------------------------------------------------------------------
[2026-03-09 11:04:34] [EXCEPTION] PDOException
Contexto: {"action":"index","section":"comisiones"}
Mensaje: SQLSTATE[42S22]: Column not found: 1054 Unknown column 'monto' in 'SELECT'
URI: /dashboard
Archivo: C:\tools\nginx\html\sistema_biometrico\models\Comision.php Línea: 136
#0 C:\tools\nginx\html\sistema_biometrico\models\Comision.php(136): PDO->prepare('SELECT SUM(mont...')
#1 C:\tools\nginx\html\sistema_biometrico\controllers\DashboardController.php(81): Comision->getTotalComisiones(NULL, '03', '2026')
#2 C:\tools\nginx\html\sistema_biometrico\index.php(180): DashboardController->index()
#3 {main}
--------------------------------------------------------------------------------
[2026-03-09 11:04:34] [DEPRECATED] session_set_save_handler(): Providing individual callbacks instead of an object implementing SessionHandlerInterface is deprecated en C:\tools\nginx\html\sistema_biometrico\index.php línea 50
URI: /.well-known/appspecific/com.chrome.devtools.json
--------------------------------------------------------------------------------
[2026-03-09 11:04:40] [DEPRECATED] session_set_save_handler(): Providing individual callbacks instead of an object implementing SessionHandlerInterface is deprecated en C:\tools\nginx\html\sistema_biometrico\index.php línea 50
URI: /usuarios
--------------------------------------------------------------------------------
[2026-03-09 11:04:40] [DEPRECATED] session_set_save_handler(): Providing individual callbacks instead of an object implementing SessionHandlerInterface is deprecated en C:\tools\nginx\html\sistema_biometrico\index.php línea 50
URI: /.well-known/appspecific/com.chrome.devtools.json
--------------------------------------------------------------------------------
[2026-03-09 11:05:02] [DEPRECATED] session_set_save_handler(): Providing individual callbacks instead of an object implementing SessionHandlerInterface is deprecated en C:\tools\nginx\html\sistema_biometrico\index.php línea 50
URI: /usuarios/create-modal
--------------------------------------------------------------------------------
[2026-03-09 11:07:54] [DEPRECATED] session_set_save_handler(): Providing individual callbacks instead of an object implementing SessionHandlerInterface is deprecated en C:\tools\nginx\html\sistema_biometrico\index.php línea 50
URI: /usuarios/store
--------------------------------------------------------------------------------
[2026-03-09 11:07:57] [DEPRECATED] session_set_save_handler(): Providing individual callbacks instead of an object implementing SessionHandlerInterface is deprecated en C:\tools\nginx\html\sistema_biometrico\index.php línea 50
URI: /usuarios
--------------------------------------------------------------------------------
[2026-03-09 11:07:57] [DEPRECATED] session_set_save_handler(): Providing individual callbacks instead of an object implementing SessionHandlerInterface is deprecated en C:\tools\nginx\html\sistema_biometrico\index.php línea 50
URI: /.well-known/appspecific/com.chrome.devtools.json
--------------------------------------------------------------------------------
[2026-03-09 11:08:14] [DEPRECATED] session_set_save_handler(): Providing individual callbacks instead of an object implementing SessionHandlerInterface is deprecated en C:\tools\nginx\html\sistema_biometrico\index.php línea 50
URI: /logout
--------------------------------------------------------------------------------
[2026-03-09 11:08:14] [DEPRECATED] session_set_save_handler(): Providing individual callbacks instead of an object implementing SessionHandlerInterface is deprecated en C:\tools\nginx\html\sistema_biometrico\index.php línea 50
URI: /login
--------------------------------------------------------------------------------
[2026-03-09 11:08:14] [DEPRECATED] session_set_save_handler(): Providing individual callbacks instead of an object implementing SessionHandlerInterface is deprecated en C:\tools\nginx\html\sistema_biometrico\index.php línea 50
URI: /.well-known/appspecific/com.chrome.devtools.json
--------------------------------------------------------------------------------
[2026-03-09 11:08:14] [DEPRECATED] session_set_save_handler(): Providing individual callbacks instead of an object implementing SessionHandlerInterface is deprecated en C:\tools\nginx\html\sistema_biometrico\index.php línea 50
URI: /login
--------------------------------------------------------------------------------
[2026-03-09 11:08:23] [DEPRECATED] session_set_save_handler(): Providing individual callbacks instead of an object implementing SessionHandlerInterface is deprecated en C:\tools\nginx\html\sistema_biometrico\index.php línea 50
URI: /login
--------------------------------------------------------------------------------
[2026-03-09 11:08:23] [DEPRECATED] session_set_save_handler(): Providing individual callbacks instead of an object implementing SessionHandlerInterface is deprecated en C:\tools\nginx\html\sistema_biometrico\index.php línea 50
URI: /dashboard
--------------------------------------------------------------------------------
[2026-03-09 11:08:27] [EXCEPTION] PDOException
Contexto: {"action":"index","section":"comisiones"}
Mensaje: SQLSTATE[42S22]: Column not found: 1054 Unknown column 'monto' in 'SELECT'
URI: /dashboard
Archivo: C:\tools\nginx\html\sistema_biometrico\models\Comision.php Línea: 136
#0 C:\tools\nginx\html\sistema_biometrico\models\Comision.php(136): PDO->prepare('SELECT SUM(mont...')
#1 C:\tools\nginx\html\sistema_biometrico\controllers\DashboardController.php(81): Comision->getTotalComisiones(NULL, '03', '2026')
#2 C:\tools\nginx\html\sistema_biometrico\index.php(180): DashboardController->index()
#3 {main}
--------------------------------------------------------------------------------
[2026-03-09 11:08:27] [DEPRECATED] session_set_save_handler(): Providing individual callbacks instead of an object implementing SessionHandlerInterface is deprecated en C:\tools\nginx\html\sistema_biometrico\index.php línea 50
URI: /.well-known/appspecific/com.chrome.devtools.json
--------------------------------------------------------------------------------
[2026-03-09 11:08:30] [DEPRECATED] session_set_save_handler(): Providing individual callbacks instead of an object implementing SessionHandlerInterface is deprecated en C:\tools\nginx\html\sistema_biometrico\index.php línea 50
URI: /empleados
--------------------------------------------------------------------------------
[2026-03-09 11:08:30] [DEPRECATED] session_set_save_handler(): Providing individual callbacks instead of an object implementing SessionHandlerInterface is deprecated en C:\tools\nginx\html\sistema_biometrico\index.php línea 50
URI: /.well-known/appspecific/com.chrome.devtools.json
--------------------------------------------------------------------------------
[2026-03-09 11:13:57] [DEPRECATED] session_set_save_handler(): Providing individual callbacks instead of an object implementing SessionHandlerInterface is deprecated en C:\tools\nginx\html\sistema_biometrico\index.php línea 50
URI: /logout
--------------------------------------------------------------------------------
[2026-03-09 11:13:57] [DEPRECATED] session_set_save_handler(): Providing individual callbacks instead of an object implementing SessionHandlerInterface is deprecated en C:\tools\nginx\html\sistema_biometrico\index.php línea 50
URI: /login
--------------------------------------------------------------------------------
[2026-03-09 11:13:57] [DEPRECATED] session_set_save_handler(): Providing individual callbacks instead of an object implementing SessionHandlerInterface is deprecated en C:\tools\nginx\html\sistema_biometrico\index.php línea 50
URI: /.well-known/appspecific/com.chrome.devtools.json
--------------------------------------------------------------------------------
[2026-03-09 11:13:57] [DEPRECATED] session_set_save_handler(): Providing individual callbacks instead of an object implementing SessionHandlerInterface is deprecated en C:\tools\nginx\html\sistema_biometrico\index.php línea 50
URI: /login
--------------------------------------------------------------------------------
[2026-03-09 11:14:03] [DEPRECATED] session_set_save_handler(): Providing individual callbacks instead of an object implementing SessionHandlerInterface is deprecated en C:\tools\nginx\html\sistema_biometrico\index.php línea 50
URI: /login
--------------------------------------------------------------------------------
[2026-03-09 11:14:04] [DEPRECATED] session_set_save_handler(): Providing individual callbacks instead of an object implementing SessionHandlerInterface is deprecated en C:\tools\nginx\html\sistema_biometrico\index.php línea 50
URI: /dashboard
--------------------------------------------------------------------------------
[2026-03-09 11:14:07] [EXCEPTION] PDOException
Contexto: {"action":"index","section":"comisiones"}
Mensaje: SQLSTATE[42S22]: Column not found: 1054 Unknown column 'monto' in 'SELECT'
URI: /dashboard
Archivo: C:\tools\nginx\html\sistema_biometrico\models\Comision.php Línea: 136
#0 C:\tools\nginx\html\sistema_biometrico\models\Comision.php(136): PDO->prepare('SELECT SUM(mont...')
#1 C:\tools\nginx\html\sistema_biometrico\controllers\DashboardController.php(81): Comision->getTotalComisiones(NULL, '03', '2026')
#2 C:\tools\nginx\html\sistema_biometrico\index.php(180): DashboardController->index()
#3 {main}
--------------------------------------------------------------------------------
[2026-03-09 11:14:07] [DEPRECATED] session_set_save_handler(): Providing individual callbacks instead of an object implementing SessionHandlerInterface is deprecated en C:\tools\nginx\html\sistema_biometrico\index.php línea 50
URI: /.well-known/appspecific/com.chrome.devtools.json
--------------------------------------------------------------------------------
[2026-03-09 11:14:13] [DEPRECATED] session_set_save_handler(): Providing individual callbacks instead of an object implementing SessionHandlerInterface is deprecated en C:\tools\nginx\html\sistema_biometrico\index.php línea 50
URI: /empleados
--------------------------------------------------------------------------------
[2026-03-09 11:14:13] [DEPRECATED] session_set_save_handler(): Providing individual callbacks instead of an object implementing SessionHandlerInterface is deprecated en C:\tools\nginx\html\sistema_biometrico\index.php línea 50
URI: /.well-known/appspecific/com.chrome.devtools.json
--------------------------------------------------------------------------------
[2026-03-09 11:14:19] [DEPRECATED] session_set_save_handler(): Providing individual callbacks instead of an object implementing SessionHandlerInterface is deprecated en C:\tools\nginx\html\sistema_biometrico\index.php línea 50
URI: /empleados/datos-completos/565
--------------------------------------------------------------------------------
[2026-03-09 11:14:19] [DEPRECATED] session_set_save_handler(): Providing individual callbacks instead of an object implementing SessionHandlerInterface is deprecated en C:\tools\nginx\html\sistema_biometrico\index.php línea 50
URI: /api/log-error
--------------------------------------------------------------------------------
[2026-03-09 11:14:28] [DEPRECATED] session_set_save_handler(): Providing individual callbacks instead of an object implementing SessionHandlerInterface is deprecated en C:\tools\nginx\html\sistema_biometrico\index.php línea 50
URI: /empleados/datos-completos/565
--------------------------------------------------------------------------------
[2026-03-09 11:14:28] [DEPRECATED] session_set_save_handler(): Providing individual callbacks instead of an object implementing SessionHandlerInterface is deprecated en C:\tools\nginx\html\sistema_biometrico\index.php línea 50
URI: /api/log-error
--------------------------------------------------------------------------------
[2026-03-09 11:14:40] [DEPRECATED] session_set_save_handler(): Providing individual callbacks instead of an object implementing SessionHandlerInterface is deprecated en C:\tools\nginx\html\sistema_biometrico\index.php línea 50
URI: /logout
--------------------------------------------------------------------------------
[2026-03-09 11:14:40] [DEPRECATED] session_set_save_handler(): Providing individual callbacks instead of an object implementing SessionHandlerInterface is deprecated en C:\tools\nginx\html\sistema_biometrico\index.php línea 50
URI: /login
--------------------------------------------------------------------------------
[2026-03-09 11:14:40] [DEPRECATED] session_set_save_handler(): Providing individual callbacks instead of an object implementing SessionHandlerInterface is deprecated en C:\tools\nginx\html\sistema_biometrico\index.php línea 50
URI: /.well-known/appspecific/com.chrome.devtools.json
--------------------------------------------------------------------------------
[2026-03-09 11:14:40] [DEPRECATED] session_set_save_handler(): Providing individual callbacks instead of an object implementing SessionHandlerInterface is deprecated en C:\tools\nginx\html\sistema_biometrico\index.php línea 50
URI: /login
--------------------------------------------------------------------------------
[2026-03-09 11:14:48] [DEPRECATED] session_set_save_handler(): Providing individual callbacks instead of an object implementing SessionHandlerInterface is deprecated en C:\tools\nginx\html\sistema_biometrico\index.php línea 50
URI: /login
--------------------------------------------------------------------------------
[2026-03-09 11:14:48] [DEPRECATED] session_set_save_handler(): Providing individual callbacks instead of an object implementing SessionHandlerInterface is deprecated en C:\tools\nginx\html\sistema_biometrico\index.php línea 50
URI: /.well-known/appspecific/com.chrome.devtools.json
--------------------------------------------------------------------------------
[2026-03-09 11:14:48] [DEPRECATED] session_set_save_handler(): Providing individual callbacks instead of an object implementing SessionHandlerInterface is deprecated en C:\tools\nginx\html\sistema_biometrico\index.php línea 50
URI: /login
--------------------------------------------------------------------------------
[2026-03-09 11:15:08] [DEPRECATED] session_set_save_handler(): Providing individual callbacks instead of an object implementing SessionHandlerInterface is deprecated en C:\tools\nginx\html\sistema_biometrico\index.php línea 50
URI: /login
--------------------------------------------------------------------------------
[2026-03-09 11:15:09] [DEPRECATED] session_set_save_handler(): Providing individual callbacks instead of an object implementing SessionHandlerInterface is deprecated en C:\tools\nginx\html\sistema_biometrico\index.php línea 50
URI: /dashboard
--------------------------------------------------------------------------------
[2026-03-09 11:15:12] [EXCEPTION] PDOException
Contexto: {"action":"index","section":"comisiones"}
Mensaje: SQLSTATE[42S22]: Column not found: 1054 Unknown column 'monto' in 'SELECT'
URI: /dashboard
Archivo: C:\tools\nginx\html\sistema_biometrico\models\Comision.php Línea: 136
#0 C:\tools\nginx\html\sistema_biometrico\models\Comision.php(136): PDO->prepare('SELECT SUM(mont...')
#1 C:\tools\nginx\html\sistema_biometrico\controllers\DashboardController.php(81): Comision->getTotalComisiones(NULL, '03', '2026')
#2 C:\tools\nginx\html\sistema_biometrico\index.php(180): DashboardController->index()
#3 {main}
--------------------------------------------------------------------------------
[2026-03-09 11:15:12] [DEPRECATED] session_set_save_handler(): Providing individual callbacks instead of an object implementing SessionHandlerInterface is deprecated en C:\tools\nginx\html\sistema_biometrico\index.php línea 50
URI: /.well-known/appspecific/com.chrome.devtools.json
--------------------------------------------------------------------------------
[2026-03-09 11:15:15] [DEPRECATED] session_set_save_handler(): Providing individual callbacks instead of an object implementing SessionHandlerInterface is deprecated en C:\tools\nginx\html\sistema_biometrico\index.php línea 50
URI: /empleados
--------------------------------------------------------------------------------
[2026-03-09 11:15:15] [DEPRECATED] session_set_save_handler(): Providing individual callbacks instead of an object implementing SessionHandlerInterface is deprecated en C:\tools\nginx\html\sistema_biometrico\index.php línea 50
URI: /.well-known/appspecific/com.chrome.devtools.json
--------------------------------------------------------------------------------
[2026-03-09 11:15:21] [DEPRECATED] session_set_save_handler(): Providing individual callbacks instead of an object implementing SessionHandlerInterface is deprecated en C:\tools\nginx\html\sistema_biometrico\index.php línea 50
URI: /logout
--------------------------------------------------------------------------------
[2026-03-09 11:15:21] [DEPRECATED] session_set_save_handler(): Providing individual callbacks instead of an object implementing SessionHandlerInterface is deprecated en C:\tools\nginx\html\sistema_biometrico\index.php línea 50
URI: /login
--------------------------------------------------------------------------------
[2026-03-09 11:15:21] [DEPRECATED] session_set_save_handler(): Providing individual callbacks instead of an object implementing SessionHandlerInterface is deprecated en C:\tools\nginx\html\sistema_biometrico\index.php línea 50
URI: /.well-known/appspecific/com.chrome.devtools.json
--------------------------------------------------------------------------------
[2026-03-09 11:15:21] [DEPRECATED] session_set_save_handler(): Providing individual callbacks instead of an object implementing SessionHandlerInterface is deprecated en C:\tools\nginx\html\sistema_biometrico\index.php línea 50
URI: /login
--------------------------------------------------------------------------------
[2026-03-09 11:15:49] [DEPRECATED] session_set_save_handler(): Providing individual callbacks instead of an object implementing SessionHandlerInterface is deprecated en C:\tools\nginx\html\sistema_biometrico\index.php línea 50
URI: /login
--------------------------------------------------------------------------------
[2026-03-09 11:15:49] [DEPRECATED] session_set_save_handler(): Providing individual callbacks instead of an object implementing SessionHandlerInterface is deprecated en C:\tools\nginx\html\sistema_biometrico\index.php línea 50
URI: /dashboard
--------------------------------------------------------------------------------
[2026-03-09 11:15:52] [EXCEPTION] PDOException
Contexto: {"action":"index","section":"comisiones"}
Mensaje: SQLSTATE[42S22]: Column not found: 1054 Unknown column 'monto' in 'SELECT'
URI: /dashboard
Archivo: C:\tools\nginx\html\sistema_biometrico\models\Comision.php Línea: 136
#0 C:\tools\nginx\html\sistema_biometrico\models\Comision.php(136): PDO->prepare('SELECT SUM(mont...')
#1 C:\tools\nginx\html\sistema_biometrico\controllers\DashboardController.php(81): Comision->getTotalComisiones(NULL, '03', '2026')
#2 C:\tools\nginx\html\sistema_biometrico\index.php(180): DashboardController->index()
#3 {main}
--------------------------------------------------------------------------------
[2026-03-09 11:15:53] [DEPRECATED] session_set_save_handler(): Providing individual callbacks instead of an object implementing SessionHandlerInterface is deprecated en C:\tools\nginx\html\sistema_biometrico\index.php línea 50
URI: /.well-known/appspecific/com.chrome.devtools.json
--------------------------------------------------------------------------------
[2026-03-09 11:15:55] [DEPRECATED] session_set_save_handler(): Providing individual callbacks instead of an object implementing SessionHandlerInterface is deprecated en C:\tools\nginx\html\sistema_biometrico\index.php línea 50
URI: /empleados
--------------------------------------------------------------------------------
[2026-03-09 11:15:55] [DEPRECATED] session_set_save_handler(): Providing individual callbacks instead of an object implementing SessionHandlerInterface is deprecated en C:\tools\nginx\html\sistema_biometrico\index.php línea 50
URI: /.well-known/appspecific/com.chrome.devtools.json
--------------------------------------------------------------------------------
[2026-03-09 11:15:59] [DEPRECATED] session_set_save_handler(): Providing individual callbacks instead of an object implementing SessionHandlerInterface is deprecated en C:\tools\nginx\html\sistema_biometrico\index.php línea 50
URI: /validaciones
--------------------------------------------------------------------------------
[2026-03-09 11:16:00] [DEPRECATED] session_set_save_handler(): Providing individual callbacks instead of an object implementing SessionHandlerInterface is deprecated en C:\tools\nginx\html\sistema_biometrico\index.php línea 50
URI: /.well-known/appspecific/com.chrome.devtools.json
--------------------------------------------------------------------------------
[2026-03-09 11:16:00] [DEPRECATED] session_set_save_handler(): Providing individual callbacks instead of an object implementing SessionHandlerInterface is deprecated en C:\tools\nginx\html\sistema_biometrico\index.php línea 50
URI: /validaciones/buscar-empleados
--------------------------------------------------------------------------------
[2026-03-09 11:16:00] [DEPRECATED] session_set_save_handler(): Providing individual callbacks instead of an object implementing SessionHandlerInterface is deprecated en C:\tools\nginx\html\sistema_biometrico\index.php línea 50
URI: /validaciones/obtener-areas
--------------------------------------------------------------------------------
[2026-03-09 11:16:00] [DEPRECATED] session_set_save_handler(): Providing individual callbacks instead of an object implementing SessionHandlerInterface is deprecated en C:\tools\nginx\html\sistema_biometrico\index.php línea 50
URI: /validaciones/estadisticas
--------------------------------------------------------------------------------
[2026-03-09 11:16:25] [DEPRECATED] session_set_save_handler(): Providing individual callbacks instead of an object implementing SessionHandlerInterface is deprecated en C:\tools\nginx\html\sistema_biometrico\index.php línea 50
URI: /logout
--------------------------------------------------------------------------------
[2026-03-09 11:16:25] [DEPRECATED] session_set_save_handler(): Providing individual callbacks instead of an object implementing SessionHandlerInterface is deprecated en C:\tools\nginx\html\sistema_biometrico\index.php línea 50
URI: /login
--------------------------------------------------------------------------------
[2026-03-09 11:16:25] [DEPRECATED] session_set_save_handler(): Providing individual callbacks instead of an object implementing SessionHandlerInterface is deprecated en C:\tools\nginx\html\sistema_biometrico\index.php línea 50
URI: /.well-known/appspecific/com.chrome.devtools.json
--------------------------------------------------------------------------------
[2026-03-09 11:16:25] [DEPRECATED] session_set_save_handler(): Providing individual callbacks instead of an object implementing SessionHandlerInterface is deprecated en C:\tools\nginx\html\sistema_biometrico\index.php línea 50
URI: /login
--------------------------------------------------------------------------------
[2026-03-09 11:16:35] [DEPRECATED] session_set_save_handler(): Providing individual callbacks instead of an object implementing SessionHandlerInterface is deprecated en C:\tools\nginx\html\sistema_biometrico\index.php línea 50
URI: /login
--------------------------------------------------------------------------------
[2026-03-09 11:16:35] [DEPRECATED] session_set_save_handler(): Providing individual callbacks instead of an object implementing SessionHandlerInterface is deprecated en C:\tools\nginx\html\sistema_biometrico\index.php línea 50
URI: /dashboard
--------------------------------------------------------------------------------
[2026-03-09 11:16:38] [EXCEPTION] PDOException
Contexto: {"action":"index","section":"comisiones"}
Mensaje: SQLSTATE[42S22]: Column not found: 1054 Unknown column 'monto' in 'SELECT'
URI: /dashboard
Archivo: C:\tools\nginx\html\sistema_biometrico\models\Comision.php Línea: 136
#0 C:\tools\nginx\html\sistema_biometrico\models\Comision.php(136): PDO->prepare('SELECT SUM(mont...')
#1 C:\tools\nginx\html\sistema_biometrico\controllers\DashboardController.php(81): Comision->getTotalComisiones(NULL, '03', '2026')
#2 C:\tools\nginx\html\sistema_biometrico\index.php(180): DashboardController->index()
#3 {main}
--------------------------------------------------------------------------------
[2026-03-09 11:16:38] [DEPRECATED] session_set_save_handler(): Providing individual callbacks instead of an object implementing SessionHandlerInterface is deprecated en C:\tools\nginx\html\sistema_biometrico\index.php línea 50
URI: /.well-known/appspecific/com.chrome.devtools.json
--------------------------------------------------------------------------------
[2026-03-09 11:16:41] [DEPRECATED] session_set_save_handler(): Providing individual callbacks instead of an object implementing SessionHandlerInterface is deprecated en C:\tools\nginx\html\sistema_biometrico\index.php línea 50
URI: /empleados
--------------------------------------------------------------------------------
[2026-03-09 11:16:41] [DEPRECATED] session_set_save_handler(): Providing individual callbacks instead of an object implementing SessionHandlerInterface is deprecated en C:\tools\nginx\html\sistema_biometrico\index.php línea 50
URI: /.well-known/appspecific/com.chrome.devtools.json
--------------------------------------------------------------------------------
[2026-03-09 11:16:52] [DEPRECATED] session_set_save_handler(): Providing individual callbacks instead of an object implementing SessionHandlerInterface is deprecated en C:\tools\nginx\html\sistema_biometrico\index.php línea 50
URI: /empleados?search=roberto
--------------------------------------------------------------------------------
[2026-03-09 11:16:52] [DEPRECATED] session_set_save_handler(): Providing individual callbacks instead of an object implementing SessionHandlerInterface is deprecated en C:\tools\nginx\html\sistema_biometrico\index.php línea 50
URI: /.well-known/appspecific/com.chrome.devtools.json
--------------------------------------------------------------------------------
[2026-03-09 11:16:57] [DEPRECATED] session_set_save_handler(): Providing individual callbacks instead of an object implementing SessionHandlerInterface is deprecated en C:\tools\nginx\html\sistema_biometrico\index.php línea 50
URI: /empleados/datos-completos/525
--------------------------------------------------------------------------------
[2026-03-09 11:16:57] [DEPRECATED] session_set_save_handler(): Providing individual callbacks instead of an object implementing SessionHandlerInterface is deprecated en C:\tools\nginx\html\sistema_biometrico\index.php línea 50
URI: /api/log-error
--------------------------------------------------------------------------------
[2026-03-09 11:18:03] [DEPRECATED] session_set_save_handler(): Providing individual callbacks instead of an object implementing SessionHandlerInterface is deprecated en C:\tools\nginx\html\sistema_biometrico\index.php línea 50
URI: /catalogos
--------------------------------------------------------------------------------
[2026-03-09 11:18:03] [DEPRECATED] session_set_save_handler(): Providing individual callbacks instead of an object implementing SessionHandlerInterface is deprecated en C:\tools\nginx\html\sistema_biometrico\index.php línea 50
URI: /.well-known/appspecific/com.chrome.devtools.json
--------------------------------------------------------------------------------
[2026-03-09 11:18:38] [DEPRECATED] session_set_save_handler(): Providing individual callbacks instead of an object implementing SessionHandlerInterface is deprecated en C:\tools\nginx\html\sistema_biometrico\index.php línea 50
URI: /empleados
--------------------------------------------------------------------------------
[2026-03-09 11:18:38] [DEPRECATED] session_set_save_handler(): Providing individual callbacks instead of an object implementing SessionHandlerInterface is deprecated en C:\tools\nginx\html\sistema_biometrico\index.php línea 50
URI: /.well-known/appspecific/com.chrome.devtools.json
--------------------------------------------------------------------------------
[2026-03-09 11:18:45] [DEPRECATED] session_set_save_handler(): Providing individual callbacks instead of an object implementing SessionHandlerInterface is deprecated en C:\tools\nginx\html\sistema_biometrico\index.php línea 50
URI: /empleados?search=phye
--------------------------------------------------------------------------------
[2026-03-09 11:18:45] [DEPRECATED] session_set_save_handler(): Providing individual callbacks instead of an object implementing SessionHandlerInterface is deprecated en C:\tools\nginx\html\sistema_biometrico\index.php línea 50
URI: /.well-known/appspecific/com.chrome.devtools.json
--------------------------------------------------------------------------------
[2026-03-09 11:18:47] [DEPRECATED] session_set_save_handler(): Providing individual callbacks instead of an object implementing SessionHandlerInterface is deprecated en C:\tools\nginx\html\sistema_biometrico\index.php línea 50
URI: /empleados/datos-completos/113
--------------------------------------------------------------------------------
[2026-03-09 11:18:47] [DEPRECATED] session_set_save_handler(): Providing individual callbacks instead of an object implementing SessionHandlerInterface is deprecated en C:\tools\nginx\html\sistema_biometrico\index.php línea 50
URI: /api/log-error
--------------------------------------------------------------------------------
[2026-03-09 11:18:53] [DEPRECATED] session_set_save_handler(): Providing individual callbacks instead of an object implementing SessionHandlerInterface is deprecated en C:\tools\nginx\html\sistema_biometrico\index.php línea 50
URI: /empleados/edit/113
--------------------------------------------------------------------------------
[2026-03-09 11:18:53] [DEPRECATED] session_set_save_handler(): Providing individual callbacks instead of an object implementing SessionHandlerInterface is deprecated en C:\tools\nginx\html\sistema_biometrico\index.php línea 50
URI: /.well-known/appspecific/com.chrome.devtools.json
--------------------------------------------------------------------------------
[2026-03-09 11:18:53] [DEPRECATED] session_set_save_handler(): Providing individual callbacks instead of an object implementing SessionHandlerInterface is deprecated en C:\tools\nginx\html\sistema_biometrico\index.php línea 50
URI: /favicon.ico
--------------------------------------------------------------------------------
[2026-03-09 11:19:51] [DEPRECATED] session_set_save_handler(): Providing individual callbacks instead of an object implementing SessionHandlerInterface is deprecated en C:\tools\nginx\html\sistema_biometrico\index.php línea 50
URI: /empleados?search=phye
--------------------------------------------------------------------------------
[2026-03-09 11:19:51] [DEPRECATED] session_set_save_handler(): Providing individual callbacks instead of an object implementing SessionHandlerInterface is deprecated en C:\tools\nginx\html\sistema_biometrico\index.php línea 50
URI: /.well-known/appspecific/com.chrome.devtools.json
--------------------------------------------------------------------------------
[2026-03-09 11:20:39] [DEPRECATED] session_set_save_handler(): Providing individual callbacks instead of an object implementing SessionHandlerInterface is deprecated en C:\tools\nginx\html\sistema_biometrico\index.php línea 50
URI: /empleados?search=roberto
--------------------------------------------------------------------------------
[2026-03-09 11:20:39] [DEPRECATED] session_set_save_handler(): Providing individual callbacks instead of an object implementing SessionHandlerInterface is deprecated en C:\tools\nginx\html\sistema_biometrico\index.php línea 50
URI: /.well-known/appspecific/com.chrome.devtools.json
--------------------------------------------------------------------------------
[2026-03-09 11:20:51] [DEPRECATED] session_set_save_handler(): Providing individual callbacks instead of an object implementing SessionHandlerInterface is deprecated en C:\tools\nginx\html\sistema_biometrico\index.php línea 50
URI: /empleados/datos-completos/525
--------------------------------------------------------------------------------
[2026-03-09 11:20:51] [DEPRECATED] session_set_save_handler(): Providing individual callbacks instead of an object implementing SessionHandlerInterface is deprecated en C:\tools\nginx\html\sistema_biometrico\index.php línea 50
URI: /api/log-error
--------------------------------------------------------------------------------
[2026-03-09 11:21:54] [DEPRECATED] session_set_save_handler(): Providing individual callbacks instead of an object implementing SessionHandlerInterface is deprecated en C:\tools\nginx\html\sistema_biometrico\index.php línea 50
URI: /empleados?search=roberto
--------------------------------------------------------------------------------
[2026-03-09 11:21:55] [DEPRECATED] session_set_save_handler(): Providing individual callbacks instead of an object implementing SessionHandlerInterface is deprecated en C:\tools\nginx\html\sistema_biometrico\index.php línea 50
URI: /.well-known/appspecific/com.chrome.devtools.json
--------------------------------------------------------------------------------
[2026-03-09 11:21:55] [DEPRECATED] session_set_save_handler(): Providing individual callbacks instead of an object implementing SessionHandlerInterface is deprecated en C:\tools\nginx\html\sistema_biometrico\index.php línea 50
URI: /empleados?search=roberto
--------------------------------------------------------------------------------
[2026-03-09 11:21:55] [DEPRECATED] session_set_save_handler(): Providing individual callbacks instead of an object implementing SessionHandlerInterface is deprecated en C:\tools\nginx\html\sistema_biometrico\index.php línea 50
URI: /.well-known/appspecific/com.chrome.devtools.json
--------------------------------------------------------------------------------
[2026-03-09 11:21:55] [DEPRECATED] session_set_save_handler(): Providing individual callbacks instead of an object implementing SessionHandlerInterface is deprecated en C:\tools\nginx\html\sistema_biometrico\index.php línea 50
URI: /empleados?search=roberto
--------------------------------------------------------------------------------
[2026-03-09 11:21:55] [DEPRECATED] session_set_save_handler(): Providing individual callbacks instead of an object implementing SessionHandlerInterface is deprecated en C:\tools\nginx\html\sistema_biometrico\index.php línea 50
URI: /.well-known/appspecific/com.chrome.devtools.json
--------------------------------------------------------------------------------
[2026-03-09 11:21:56] [DEPRECATED] session_set_save_handler(): Providing individual callbacks instead of an object implementing SessionHandlerInterface is deprecated en C:\tools\nginx\html\sistema_biometrico\index.php línea 50
URI: /empleados?search=roberto
--------------------------------------------------------------------------------
[2026-03-09 11:21:56] [DEPRECATED] session_set_save_handler(): Providing individual callbacks instead of an object implementing SessionHandlerInterface is deprecated en C:\tools\nginx\html\sistema_biometrico\index.php línea 50
URI: /.well-known/appspecific/com.chrome.devtools.json
--------------------------------------------------------------------------------
[2026-03-09 11:21:56] [DEPRECATED] session_set_save_handler(): Providing individual callbacks instead of an object implementing SessionHandlerInterface is deprecated en C:\tools\nginx\html\sistema_biometrico\index.php línea 50
URI: /empleados?search=roberto
--------------------------------------------------------------------------------
[2026-03-09 11:21:56] [DEPRECATED] session_set_save_handler(): Providing individual callbacks instead of an object implementing SessionHandlerInterface is deprecated en C:\tools\nginx\html\sistema_biometrico\index.php línea 50
URI: /.well-known/appspecific/com.chrome.devtools.json
--------------------------------------------------------------------------------
[2026-03-09 11:21:56] [DEPRECATED] session_set_save_handler(): Providing individual callbacks instead of an object implementing SessionHandlerInterface is deprecated en C:\tools\nginx\html\sistema_biometrico\index.php línea 50
URI: /empleados?search=roberto
--------------------------------------------------------------------------------
[2026-03-09 11:21:56] [DEPRECATED] session_set_save_handler(): Providing individual callbacks instead of an object implementing SessionHandlerInterface is deprecated en C:\tools\nginx\html\sistema_biometrico\index.php línea 50
URI: /.well-known/appspecific/com.chrome.devtools.json
--------------------------------------------------------------------------------
[2026-03-09 11:21:56] [DEPRECATED] session_set_save_handler(): Providing individual callbacks instead of an object implementing SessionHandlerInterface is deprecated en C:\tools\nginx\html\sistema_biometrico\index.php línea 50
URI: /empleados?search=roberto
--------------------------------------------------------------------------------
[2026-03-09 11:21:56] [DEPRECATED] session_set_save_handler(): Providing individual callbacks instead of an object implementing SessionHandlerInterface is deprecated en C:\tools\nginx\html\sistema_biometrico\index.php línea 50
URI: /.well-known/appspecific/com.chrome.devtools.json
--------------------------------------------------------------------------------
[2026-03-09 11:21:56] [DEPRECATED] session_set_save_handler(): Providing individual callbacks instead of an object implementing SessionHandlerInterface is deprecated en C:\tools\nginx\html\sistema_biometrico\index.php línea 50
URI: /empleados?search=roberto
--------------------------------------------------------------------------------
[2026-03-09 11:21:56] [DEPRECATED] session_set_save_handler(): Providing individual callbacks instead of an object implementing SessionHandlerInterface is deprecated en C:\tools\nginx\html\sistema_biometrico\index.php línea 50
URI: /.well-known/appspecific/com.chrome.devtools.json
--------------------------------------------------------------------------------
[2026-03-09 11:21:56] [DEPRECATED] session_set_save_handler(): Providing individual callbacks instead of an object implementing SessionHandlerInterface is deprecated en C:\tools\nginx\html\sistema_biometrico\index.php línea 50
URI: /empleados?search=roberto
--------------------------------------------------------------------------------
[2026-03-09 11:21:57] [DEPRECATED] session_set_save_handler(): Providing individual callbacks instead of an object implementing SessionHandlerInterface is deprecated en C:\tools\nginx\html\sistema_biometrico\index.php línea 50
URI: /.well-known/appspecific/com.chrome.devtools.json
--------------------------------------------------------------------------------
[2026-03-09 11:21:57] [DEPRECATED] session_set_save_handler(): Providing individual callbacks instead of an object implementing SessionHandlerInterface is deprecated en C:\tools\nginx\html\sistema_biometrico\index.php línea 50
URI: /empleados?search=roberto
--------------------------------------------------------------------------------
[2026-03-09 11:21:57] [DEPRECATED] session_set_save_handler(): Providing individual callbacks instead of an object implementing SessionHandlerInterface is deprecated en C:\tools\nginx\html\sistema_biometrico\index.php línea 50
URI: /.well-known/appspecific/com.chrome.devtools.json
--------------------------------------------------------------------------------
[2026-03-09 11:21:57] [DEPRECATED] session_set_save_handler(): Providing individual callbacks instead of an object implementing SessionHandlerInterface is deprecated en C:\tools\nginx\html\sistema_biometrico\index.php línea 50
URI: /empleados?search=roberto
--------------------------------------------------------------------------------
[2026-03-09 11:21:57] [DEPRECATED] session_set_save_handler(): Providing individual callbacks instead of an object implementing SessionHandlerInterface is deprecated en C:\tools\nginx\html\sistema_biometrico\index.php línea 50
URI: /.well-known/appspecific/com.chrome.devtools.json
--------------------------------------------------------------------------------
[2026-03-09 11:21:57] [DEPRECATED] session_set_save_handler(): Providing individual callbacks instead of an object implementing SessionHandlerInterface is deprecated en C:\tools\nginx\html\sistema_biometrico\index.php línea 50
URI: /empleados?search=roberto
--------------------------------------------------------------------------------
[2026-03-09 11:21:57] [DEPRECATED] session_set_save_handler(): Providing individual callbacks instead of an object implementing SessionHandlerInterface is deprecated en C:\tools\nginx\html\sistema_biometrico\index.php línea 50
URI: /.well-known/appspecific/com.chrome.devtools.json
--------------------------------------------------------------------------------
[2026-03-09 11:22:01] [DEPRECATED] session_set_save_handler(): Providing individual callbacks instead of an object implementing SessionHandlerInterface is deprecated en C:\tools\nginx\html\sistema_biometrico\index.php línea 50
URI: /empleados/525/edit
--------------------------------------------------------------------------------
[2026-03-09 11:22:01] [DEPRECATED] session_set_save_handler(): Providing individual callbacks instead of an object implementing SessionHandlerInterface is deprecated en C:\tools\nginx\html\sistema_biometrico\index.php línea 50
URI: /.well-known/appspecific/com.chrome.devtools.json
--------------------------------------------------------------------------------
[2026-03-09 11:22:28] [DEPRECATED] session_set_save_handler(): Providing individual callbacks instead of an object implementing SessionHandlerInterface is deprecated en C:\tools\nginx\html\sistema_biometrico\index.php línea 50
URI: /empleados
--------------------------------------------------------------------------------
[2026-03-09 11:22:28] [DEPRECATED] session_set_save_handler(): Providing individual callbacks instead of an object implementing SessionHandlerInterface is deprecated en C:\tools\nginx\html\sistema_biometrico\index.php línea 50
URI: /.well-known/appspecific/com.chrome.devtools.json
--------------------------------------------------------------------------------
[2026-03-09 11:24:21] [DEPRECATED] session_set_save_handler(): Providing individual callbacks instead of an object implementing SessionHandlerInterface is deprecated en C:\tools\nginx\html\sistema_biometrico\index.php línea 50
URI: /logout
--------------------------------------------------------------------------------
[2026-03-09 11:24:21] [DEPRECATED] session_set_save_handler(): Providing individual callbacks instead of an object implementing SessionHandlerInterface is deprecated en C:\tools\nginx\html\sistema_biometrico\index.php línea 50
URI: /login
--------------------------------------------------------------------------------
[2026-03-09 11:24:21] [DEPRECATED] session_set_save_handler(): Providing individual callbacks instead of an object implementing SessionHandlerInterface is deprecated en C:\tools\nginx\html\sistema_biometrico\index.php línea 50
URI: /.well-known/appspecific/com.chrome.devtools.json
--------------------------------------------------------------------------------
[2026-03-09 11:24:21] [DEPRECATED] session_set_save_handler(): Providing individual callbacks instead of an object implementing SessionHandlerInterface is deprecated en C:\tools\nginx\html\sistema_biometrico\index.php línea 50
URI: /login
--------------------------------------------------------------------------------
[2026-03-09 11:24:28] [DEPRECATED] session_set_save_handler(): Providing individual callbacks instead of an object implementing SessionHandlerInterface is deprecated en C:\tools\nginx\html\sistema_biometrico\index.php línea 50
URI: /login
--------------------------------------------------------------------------------
[2026-03-09 11:24:28] [DEPRECATED] session_set_save_handler(): Providing individual callbacks instead of an object implementing SessionHandlerInterface is deprecated en C:\tools\nginx\html\sistema_biometrico\index.php línea 50
URI: /dashboard
--------------------------------------------------------------------------------
[2026-03-09 11:24:32] [EXCEPTION] PDOException
Contexto: {"action":"index","section":"comisiones"}
Mensaje: SQLSTATE[42S22]: Column not found: 1054 Unknown column 'monto' in 'SELECT'
URI: /dashboard
Archivo: C:\tools\nginx\html\sistema_biometrico\models\Comision.php Línea: 136
#0 C:\tools\nginx\html\sistema_biometrico\models\Comision.php(136): PDO->prepare('SELECT SUM(mont...')
#1 C:\tools\nginx\html\sistema_biometrico\controllers\DashboardController.php(81): Comision->getTotalComisiones(NULL, '03', '2026')
#2 C:\tools\nginx\html\sistema_biometrico\index.php(180): DashboardController->index()
#3 {main}
--------------------------------------------------------------------------------
[2026-03-09 11:24:32] [DEPRECATED] session_set_save_handler(): Providing individual callbacks instead of an object implementing SessionHandlerInterface is deprecated en C:\tools\nginx\html\sistema_biometrico\index.php línea 50
URI: /.well-known/appspecific/com.chrome.devtools.json
--------------------------------------------------------------------------------
[2026-03-09 11:24:37] [DEPRECATED] session_set_save_handler(): Providing individual callbacks instead of an object implementing SessionHandlerInterface is deprecated en C:\tools\nginx\html\sistema_biometrico\index.php línea 50
URI: /empleados
--------------------------------------------------------------------------------
[2026-03-09 11:24:37] [DEPRECATED] session_set_save_handler(): Providing individual callbacks instead of an object implementing SessionHandlerInterface is deprecated en C:\tools\nginx\html\sistema_biometrico\index.php línea 50
URI: /.well-known/appspecific/com.chrome.devtools.json
--------------------------------------------------------------------------------
[2026-03-09 11:24:40] [DEPRECATED] session_set_save_handler(): Providing individual callbacks instead of an object implementing SessionHandlerInterface is deprecated en C:\tools\nginx\html\sistema_biometrico\index.php línea 50
URI: /empleados/datos-completos/565
--------------------------------------------------------------------------------
[2026-03-09 11:24:41] [DEPRECATED] session_set_save_handler(): Providing individual callbacks instead of an object implementing SessionHandlerInterface is deprecated en C:\tools\nginx\html\sistema_biometrico\index.php línea 50
URI: /api/log-error
--------------------------------------------------------------------------------
[2026-03-09 11:24:45] [DEPRECATED] session_set_save_handler(): Providing individual callbacks instead of an object implementing SessionHandlerInterface is deprecated en C:\tools\nginx\html\sistema_biometrico\index.php línea 50
URI: /api/tipos-justificacion
--------------------------------------------------------------------------------
[2026-03-09 11:25:46] [DEPRECATED] session_set_save_handler(): Providing individual callbacks instead of an object implementing SessionHandlerInterface is deprecated en C:\tools\nginx\html\sistema_biometrico\index.php línea 50
URI: /logout
--------------------------------------------------------------------------------
[2026-03-09 11:25:46] [DEPRECATED] session_set_save_handler(): Providing individual callbacks instead of an object implementing SessionHandlerInterface is deprecated en C:\tools\nginx\html\sistema_biometrico\index.php línea 50
URI: /login
--------------------------------------------------------------------------------
[2026-03-09 11:25:46] [DEPRECATED] session_set_save_handler(): Providing individual callbacks instead of an object implementing SessionHandlerInterface is deprecated en C:\tools\nginx\html\sistema_biometrico\index.php línea 50
URI: /.well-known/appspecific/com.chrome.devtools.json
--------------------------------------------------------------------------------
[2026-03-09 11:25:47] [DEPRECATED] session_set_save_handler(): Providing individual callbacks instead of an object implementing SessionHandlerInterface is deprecated en C:\tools\nginx\html\sistema_biometrico\index.php línea 50
URI: /login
--------------------------------------------------------------------------------
[2026-03-09 11:25:56] [DEPRECATED] session_set_save_handler(): Providing individual callbacks instead of an object implementing SessionHandlerInterface is deprecated en C:\tools\nginx\html\sistema_biometrico\index.php línea 50
URI: /login
--------------------------------------------------------------------------------
[2026-03-09 11:25:57] [DEPRECATED] session_set_save_handler(): Providing individual callbacks instead of an object implementing SessionHandlerInterface is deprecated en C:\tools\nginx\html\sistema_biometrico\index.php línea 50
URI: /dashboard
--------------------------------------------------------------------------------
[2026-03-09 11:25:59] [EXCEPTION] PDOException
Contexto: {"action":"index","section":"comisiones"}
Mensaje: SQLSTATE[42S22]: Column not found: 1054 Unknown column 'monto' in 'SELECT'
URI: /dashboard
Archivo: C:\tools\nginx\html\sistema_biometrico\models\Comision.php Línea: 136
#0 C:\tools\nginx\html\sistema_biometrico\models\Comision.php(136): PDO->prepare('SELECT SUM(mont...')
#1 C:\tools\nginx\html\sistema_biometrico\controllers\DashboardController.php(81): Comision->getTotalComisiones(NULL, '03', '2026')
#2 C:\tools\nginx\html\sistema_biometrico\index.php(180): DashboardController->index()
#3 {main}
--------------------------------------------------------------------------------
[2026-03-09 11:25:59] [DEPRECATED] session_set_save_handler(): Providing individual callbacks instead of an object implementing SessionHandlerInterface is deprecated en C:\tools\nginx\html\sistema_biometrico\index.php línea 50
URI: /.well-known/appspecific/com.chrome.devtools.json
--------------------------------------------------------------------------------
[2026-03-09 11:26:13] [DEPRECATED] session_set_save_handler(): Providing individual callbacks instead of an object implementing SessionHandlerInterface is deprecated en C:\tools\nginx\html\sistema_biometrico\index.php línea 50
URI: /empleados
--------------------------------------------------------------------------------
[2026-03-09 11:26:13] [DEPRECATED] session_set_save_handler(): Providing individual callbacks instead of an object implementing SessionHandlerInterface is deprecated en C:\tools\nginx\html\sistema_biometrico\index.php línea 50
URI: /.well-known/appspecific/com.chrome.devtools.json
--------------------------------------------------------------------------------
[2026-03-09 11:33:27] [DEPRECATED] session_set_save_handler(): Providing individual callbacks instead of an object implementing SessionHandlerInterface is deprecated en C:\tools\nginx\html\sistema_biometrico\index.php línea 50
URI: /empleados?search=565
--------------------------------------------------------------------------------
[2026-03-09 11:33:27] [DEPRECATED] session_set_save_handler(): Providing individual callbacks instead of an object implementing SessionHandlerInterface is deprecated en C:\tools\nginx\html\sistema_biometrico\index.php línea 50
URI: /.well-known/appspecific/com.chrome.devtools.json
--------------------------------------------------------------------------------
[2026-03-09 11:33:29] [DEPRECATED] session_set_save_handler(): Providing individual callbacks instead of an object implementing SessionHandlerInterface is deprecated en C:\tools\nginx\html\sistema_biometrico\index.php línea 50
URI: /empleados/datos-completos/565
--------------------------------------------------------------------------------
[2026-03-09 11:33:46] [DEPRECATED] session_set_save_handler(): Providing individual callbacks instead of an object implementing SessionHandlerInterface is deprecated en C:\tools\nginx\html\sistema_biometrico\index.php línea 50
URI: /empleados?search=roberto
--------------------------------------------------------------------------------
[2026-03-09 11:33:46] [DEPRECATED] session_set_save_handler(): Providing individual callbacks instead of an object implementing SessionHandlerInterface is deprecated en C:\tools\nginx\html\sistema_biometrico\index.php línea 50
URI: /.well-known/appspecific/com.chrome.devtools.json
--------------------------------------------------------------------------------
[2026-03-09 11:33:48] [DEPRECATED] session_set_save_handler(): Providing individual callbacks instead of an object implementing SessionHandlerInterface is deprecated en C:\tools\nginx\html\sistema_biometrico\index.php línea 50
URI: /empleados/datos-completos/525
--------------------------------------------------------------------------------
[2026-03-09 11:33:48] [DEPRECATED] session_set_save_handler(): Providing individual callbacks instead of an object implementing SessionHandlerInterface is deprecated en C:\tools\nginx\html\sistema_biometrico\index.php línea 50
URI: /api/log-error
--------------------------------------------------------------------------------
[2026-03-09 11:33:53] [DEPRECATED] session_set_save_handler(): Providing individual callbacks instead of an object implementing SessionHandlerInterface is deprecated en C:\tools\nginx\html\sistema_biometrico\index.php línea 50
URI: /empleados/datos-completos/525
--------------------------------------------------------------------------------
[2026-03-09 11:36:27] [DEPRECATED] session_set_save_handler(): Providing individual callbacks instead of an object implementing SessionHandlerInterface is deprecated en C:\tools\nginx\html\sistema_biometrico\index.php línea 50
URI: /empleados/edit
--------------------------------------------------------------------------------
[2026-03-09 11:37:26] [DEPRECATED] session_set_save_handler(): Providing individual callbacks instead of an object implementing SessionHandlerInterface is deprecated en C:\tools\nginx\html\sistema_biometrico\index.php línea 50
URI: /empleados/edit
--------------------------------------------------------------------------------
[2026-03-09 11:38:41] [DEPRECATED] session_set_save_handler(): Providing individual callbacks instead of an object implementing SessionHandlerInterface is deprecated en C:\tools\nginx\html\sistema_biometrico\index.php línea 50
URI: /empleados/edit
--------------------------------------------------------------------------------
[2026-03-09 11:40:45] [DEPRECATED] session_set_save_handler(): Providing individual callbacks instead of an object implementing SessionHandlerInterface is deprecated en C:\tools\nginx\html\sistema_biometrico\index.php línea 50
URI: /empleados?search=roberto
--------------------------------------------------------------------------------
[2026-03-09 11:40:46] [DEPRECATED] session_set_save_handler(): Providing individual callbacks instead of an object implementing SessionHandlerInterface is deprecated en C:\tools\nginx\html\sistema_biometrico\index.php línea 50
URI: /.well-known/appspecific/com.chrome.devtools.json
--------------------------------------------------------------------------------
[2026-03-09 11:40:46] [DEPRECATED] session_set_save_handler(): Providing individual callbacks instead of an object implementing SessionHandlerInterface is deprecated en C:\tools\nginx\html\sistema_biometrico\index.php línea 50
URI: /empleados?search=roberto
--------------------------------------------------------------------------------
[2026-03-09 11:40:46] [DEPRECATED] session_set_save_handler(): Providing individual callbacks instead of an object implementing SessionHandlerInterface is deprecated en C:\tools\nginx\html\sistema_biometrico\index.php línea 50
URI: /.well-known/appspecific/com.chrome.devtools.json
--------------------------------------------------------------------------------
[2026-03-09 11:40:46] [DEPRECATED] session_set_save_handler(): Providing individual callbacks instead of an object implementing SessionHandlerInterface is deprecated en C:\tools\nginx\html\sistema_biometrico\index.php línea 50
URI: /empleados?search=roberto
--------------------------------------------------------------------------------
[2026-03-09 11:40:46] [DEPRECATED] session_set_save_handler(): Providing individual callbacks instead of an object implementing SessionHandlerInterface is deprecated en C:\tools\nginx\html\sistema_biometrico\index.php línea 50
URI: /.well-known/appspecific/com.chrome.devtools.json
--------------------------------------------------------------------------------
[2026-03-09 11:40:46] [DEPRECATED] session_set_save_handler(): Providing individual callbacks instead of an object implementing SessionHandlerInterface is deprecated en C:\tools\nginx\html\sistema_biometrico\index.php línea 50
URI: /empleados?search=roberto
--------------------------------------------------------------------------------
[2026-03-09 11:40:47] [DEPRECATED] session_set_save_handler(): Providing individual callbacks instead of an object implementing SessionHandlerInterface is deprecated en C:\tools\nginx\html\sistema_biometrico\index.php línea 50
URI: /.well-known/appspecific/com.chrome.devtools.json
--------------------------------------------------------------------------------
[2026-03-09 11:40:47] [DEPRECATED] session_set_save_handler(): Providing individual callbacks instead of an object implementing SessionHandlerInterface is deprecated en C:\tools\nginx\html\sistema_biometrico\index.php línea 50
URI: /empleados?search=roberto
--------------------------------------------------------------------------------
[2026-03-09 11:40:47] [DEPRECATED] session_set_save_handler(): Providing individual callbacks instead of an object implementing SessionHandlerInterface is deprecated en C:\tools\nginx\html\sistema_biometrico\index.php línea 50
URI: /.well-known/appspecific/com.chrome.devtools.json
--------------------------------------------------------------------------------
[2026-03-09 11:40:47] [DEPRECATED] session_set_save_handler(): Providing individual callbacks instead of an object implementing SessionHandlerInterface is deprecated en C:\tools\nginx\html\sistema_biometrico\index.php línea 50
URI: /empleados?search=roberto
--------------------------------------------------------------------------------
[2026-03-09 11:40:47] [DEPRECATED] session_set_save_handler(): Providing individual callbacks instead of an object implementing SessionHandlerInterface is deprecated en C:\tools\nginx\html\sistema_biometrico\index.php línea 50
URI: /.well-known/appspecific/com.chrome.devtools.json
--------------------------------------------------------------------------------
[2026-03-09 11:40:49] [DEPRECATED] session_set_save_handler(): Providing individual callbacks instead of an object implementing SessionHandlerInterface is deprecated en C:\tools\nginx\html\sistema_biometrico\index.php línea 50
URI: /empleados/datos-completos/525
--------------------------------------------------------------------------------
[2026-03-09 11:40:49] [DEPRECATED] session_set_save_handler(): Providing individual callbacks instead of an object implementing SessionHandlerInterface is deprecated en C:\tools\nginx\html\sistema_biometrico\index.php línea 50
URI: /api/log-error
--------------------------------------------------------------------------------
[2026-03-09 11:40:52] [DEPRECATED] session_set_save_handler(): Providing individual callbacks instead of an object implementing SessionHandlerInterface is deprecated en C:\tools\nginx\html\sistema_biometrico\index.php línea 50
URI: /empleados/datos-completos/525
--------------------------------------------------------------------------------
[2026-03-09 11:41:34] [DEPRECATED] session_set_save_handler(): Providing individual callbacks instead of an object implementing SessionHandlerInterface is deprecated en C:\tools\nginx\html\sistema_biometrico\index.php línea 50
URI: /empleados/generate_rfc
--------------------------------------------------------------------------------
[2026-03-09 11:41:34] [DEPRECATED] session_set_save_handler(): Providing individual callbacks instead of an object implementing SessionHandlerInterface is deprecated en C:\tools\nginx\html\sistema_biometrico\index.php línea 50
URI: /empleados/generate_curp
--------------------------------------------------------------------------------
[2026-03-09 11:42:49] [DEPRECATED] session_set_save_handler(): Providing individual callbacks instead of an object implementing SessionHandlerInterface is deprecated en C:\tools\nginx\html\sistema_biometrico\index.php línea 50
URI: /empleados/edit
--------------------------------------------------------------------------------
[2026-03-09 11:42:54] [DEPRECATED] session_set_save_handler(): Providing individual callbacks instead of an object implementing SessionHandlerInterface is deprecated en C:\tools\nginx\html\sistema_biometrico\index.php línea 50
URI: /api/log-error
--------------------------------------------------------------------------------
[2026-03-09 11:43:06] [DEPRECATED] session_set_save_handler(): Providing individual callbacks instead of an object implementing SessionHandlerInterface is deprecated en C:\tools\nginx\html\sistema_biometrico\index.php línea 50
URI: /empleados/edit
--------------------------------------------------------------------------------
[2026-03-09 11:43:21] [DEPRECATED] session_set_save_handler(): Providing individual callbacks instead of an object implementing SessionHandlerInterface is deprecated en C:\tools\nginx\html\sistema_biometrico\index.php línea 50
URI: /api/log-error
--------------------------------------------------------------------------------
[2026-03-09 11:44:10] [DEPRECATED] session_set_save_handler(): Providing individual callbacks instead of an object implementing SessionHandlerInterface is deprecated en C:\tools\nginx\html\sistema_biometrico\index.php línea 50
URI: /empleados?search=roberto
--------------------------------------------------------------------------------
[2026-03-09 11:44:10] [DEPRECATED] session_set_save_handler(): Providing individual callbacks instead of an object implementing SessionHandlerInterface is deprecated en C:\tools\nginx\html\sistema_biometrico\index.php línea 50
URI: /.well-known/appspecific/com.chrome.devtools.json
--------------------------------------------------------------------------------
[2026-03-09 11:45:12] [DEPRECATED] session_set_save_handler(): Providing individual callbacks instead of an object implementing SessionHandlerInterface is deprecated en C:\tools\nginx\html\sistema_biometrico\index.php línea 50
URI: /empleados/datos-completos/525
--------------------------------------------------------------------------------
[2026-03-09 11:45:12] [DEPRECATED] session_set_save_handler(): Providing individual callbacks instead of an object implementing SessionHandlerInterface is deprecated en C:\tools\nginx\html\sistema_biometrico\index.php línea 50
URI: /api/log-error
--------------------------------------------------------------------------------
[2026-03-09 11:45:15] [DEPRECATED] session_set_save_handler(): Providing individual callbacks instead of an object implementing SessionHandlerInterface is deprecated en C:\tools\nginx\html\sistema_biometrico\index.php línea 50
URI: /empleados?search=roberto
--------------------------------------------------------------------------------
[2026-03-09 11:45:15] [DEPRECATED] session_set_save_handler(): Providing individual callbacks instead of an object implementing SessionHandlerInterface is deprecated en C:\tools\nginx\html\sistema_biometrico\index.php línea 50
URI: /.well-known/appspecific/com.chrome.devtools.json
--------------------------------------------------------------------------------
[2026-03-09 11:45:16] [DEPRECATED] session_set_save_handler(): Providing individual callbacks instead of an object implementing SessionHandlerInterface is deprecated en C:\tools\nginx\html\sistema_biometrico\index.php línea 50
URI: /empleados?search=roberto
--------------------------------------------------------------------------------
[2026-03-09 11:45:16] [DEPRECATED] session_set_save_handler(): Providing individual callbacks instead of an object implementing SessionHandlerInterface is deprecated en C:\tools\nginx\html\sistema_biometrico\index.php línea 50
URI: /.well-known/appspecific/com.chrome.devtools.json
--------------------------------------------------------------------------------
[2026-03-09 11:45:16] [DEPRECATED] session_set_save_handler(): Providing individual callbacks instead of an object implementing SessionHandlerInterface is deprecated en C:\tools\nginx\html\sistema_biometrico\index.php línea 50
URI: /empleados?search=roberto
--------------------------------------------------------------------------------
[2026-03-09 11:45:16] [DEPRECATED] session_set_save_handler(): Providing individual callbacks instead of an object implementing SessionHandlerInterface is deprecated en C:\tools\nginx\html\sistema_biometrico\index.php línea 50
URI: /.well-known/appspecific/com.chrome.devtools.json
--------------------------------------------------------------------------------
[2026-03-09 11:45:18] [DEPRECATED] session_set_save_handler(): Providing individual callbacks instead of an object implementing SessionHandlerInterface is deprecated en C:\tools\nginx\html\sistema_biometrico\index.php línea 50
URI: /empleados/datos-completos/525
--------------------------------------------------------------------------------
[2026-03-09 11:45:54] [DEPRECATED] session_set_save_handler(): Providing individual callbacks instead of an object implementing SessionHandlerInterface is deprecated en C:\tools\nginx\html\sistema_biometrico\index.php línea 50
URI: /empleados/generate_rfc
--------------------------------------------------------------------------------
[2026-03-09 11:45:54] [DEPRECATED] session_set_save_handler(): Providing individual callbacks instead of an object implementing SessionHandlerInterface is deprecated en C:\tools\nginx\html\sistema_biometrico\index.php línea 50
URI: /empleados/generate_curp
--------------------------------------------------------------------------------
[2026-03-09 11:46:01] [DEPRECATED] session_set_save_handler(): Providing individual callbacks instead of an object implementing SessionHandlerInterface is deprecated en C:\tools\nginx\html\sistema_biometrico\index.php línea 50
URI: /empleados/edit
--------------------------------------------------------------------------------
[2026-03-09 11:46:26] [DEPRECATED] session_set_save_handler(): Providing individual callbacks instead of an object implementing SessionHandlerInterface is deprecated en C:\tools\nginx\html\sistema_biometrico\index.php línea 50
URI: /api/log-error
--------------------------------------------------------------------------------
[2026-03-09 11:48:58] [DEPRECATED] session_set_save_handler(): Providing individual callbacks instead of an object implementing SessionHandlerInterface is deprecated en C:\tools\nginx\html\sistema_biometrico\index.php línea 50
URI: /empleados?search=roberto
--------------------------------------------------------------------------------
[2026-03-09 11:48:58] [DEPRECATED] session_set_save_handler(): Providing individual callbacks instead of an object implementing SessionHandlerInterface is deprecated en C:\tools\nginx\html\sistema_biometrico\index.php línea 50
URI: /.well-known/appspecific/com.chrome.devtools.json
--------------------------------------------------------------------------------
[2026-03-09 11:48:59] [DEPRECATED] session_set_save_handler(): Providing individual callbacks instead of an object implementing SessionHandlerInterface is deprecated en C:\tools\nginx\html\sistema_biometrico\index.php línea 50
URI: /empleados?search=roberto
--------------------------------------------------------------------------------
[2026-03-09 11:48:59] [DEPRECATED] session_set_save_handler(): Providing individual callbacks instead of an object implementing SessionHandlerInterface is deprecated en C:\tools\nginx\html\sistema_biometrico\index.php línea 50
URI: /.well-known/appspecific/com.chrome.devtools.json
--------------------------------------------------------------------------------
[2026-03-09 11:48:59] [DEPRECATED] session_set_save_handler(): Providing individual callbacks instead of an object implementing SessionHandlerInterface is deprecated en C:\tools\nginx\html\sistema_biometrico\index.php línea 50
URI: /empleados?search=roberto
--------------------------------------------------------------------------------
[2026-03-09 11:49:00] [DEPRECATED] session_set_save_handler(): Providing individual callbacks instead of an object implementing SessionHandlerInterface is deprecated en C:\tools\nginx\html\sistema_biometrico\index.php línea 50
URI: /.well-known/appspecific/com.chrome.devtools.json
--------------------------------------------------------------------------------
[2026-03-09 11:49:00] [DEPRECATED] session_set_save_handler(): Providing individual callbacks instead of an object implementing SessionHandlerInterface is deprecated en C:\tools\nginx\html\sistema_biometrico\index.php línea 50
URI: /empleados?search=roberto
--------------------------------------------------------------------------------
[2026-03-09 11:49:00] [DEPRECATED] session_set_save_handler(): Providing individual callbacks instead of an object implementing SessionHandlerInterface is deprecated en C:\tools\nginx\html\sistema_biometrico\index.php línea 50
URI: /.well-known/appspecific/com.chrome.devtools.json
--------------------------------------------------------------------------------
[2026-03-09 11:49:00] [DEPRECATED] session_set_save_handler(): Providing individual callbacks instead of an object implementing SessionHandlerInterface is deprecated en C:\tools\nginx\html\sistema_biometrico\index.php línea 50
URI: /empleados?search=roberto
--------------------------------------------------------------------------------
[2026-03-09 11:49:00] [DEPRECATED] session_set_save_handler(): Providing individual callbacks instead of an object implementing SessionHandlerInterface is deprecated en C:\tools\nginx\html\sistema_biometrico\index.php línea 50
URI: /.well-known/appspecific/com.chrome.devtools.json
--------------------------------------------------------------------------------
[2026-03-09 11:49:00] [DEPRECATED] session_set_save_handler(): Providing individual callbacks instead of an object implementing SessionHandlerInterface is deprecated en C:\tools\nginx\html\sistema_biometrico\index.php línea 50
URI: /empleados?search=roberto
--------------------------------------------------------------------------------
[2026-03-09 11:49:00] [DEPRECATED] session_set_save_handler(): Providing individual callbacks instead of an object implementing SessionHandlerInterface is deprecated en C:\tools\nginx\html\sistema_biometrico\index.php línea 50
URI: /.well-known/appspecific/com.chrome.devtools.json
--------------------------------------------------------------------------------
[2026-03-09 11:49:00] [DEPRECATED] session_set_save_handler(): Providing individual callbacks instead of an object implementing SessionHandlerInterface is deprecated en C:\tools\nginx\html\sistema_biometrico\index.php línea 50
URI: /empleados?search=roberto
--------------------------------------------------------------------------------
[2026-03-09 11:49:00] [DEPRECATED] session_set_save_handler(): Providing individual callbacks instead of an object implementing SessionHandlerInterface is deprecated en C:\tools\nginx\html\sistema_biometrico\index.php línea 50
URI: /.well-known/appspecific/com.chrome.devtools.json
--------------------------------------------------------------------------------
[2026-03-09 11:49:00] [DEPRECATED] session_set_save_handler(): Providing individual callbacks instead of an object implementing SessionHandlerInterface is deprecated en C:\tools\nginx\html\sistema_biometrico\index.php línea 50
URI: /empleados?search=roberto
--------------------------------------------------------------------------------
[2026-03-09 11:49:00] [DEPRECATED] session_set_save_handler(): Providing individual callbacks instead of an object implementing SessionHandlerInterface is deprecated en C:\tools\nginx\html\sistema_biometrico\index.php línea 50
URI: /.well-known/appspecific/com.chrome.devtools.json
--------------------------------------------------------------------------------
[2026-03-09 11:49:23] [DEPRECATED] session_set_save_handler(): Providing individual callbacks instead of an object implementing SessionHandlerInterface is deprecated en C:\tools\nginx\html\sistema_biometrico\index.php línea 50
URI: /empleados/datos-completos/525
--------------------------------------------------------------------------------
[2026-03-09 11:49:52] [DEPRECATED] session_set_save_handler(): Providing individual callbacks instead of an object implementing SessionHandlerInterface is deprecated en C:\tools\nginx\html\sistema_biometrico\index.php línea 50
URI: /empleados/edit
--------------------------------------------------------------------------------
[2026-03-09 11:50:13] [DEPRECATED] session_set_save_handler(): Providing individual callbacks instead of an object implementing SessionHandlerInterface is deprecated en C:\tools\nginx\html\sistema_biometrico\index.php línea 50
URI: /empleados/edit
--------------------------------------------------------------------------------
[2026-03-09 11:50:21] [DEPRECATED] session_set_save_handler(): Providing individual callbacks instead of an object implementing SessionHandlerInterface is deprecated en C:\tools\nginx\html\sistema_biometrico\index.php línea 50
URI: /empleados/generate_rfc
--------------------------------------------------------------------------------
[2026-03-09 11:50:21] [DEPRECATED] session_set_save_handler(): Providing individual callbacks instead of an object implementing SessionHandlerInterface is deprecated en C:\tools\nginx\html\sistema_biometrico\index.php línea 50
URI: /empleados/generate_curp
--------------------------------------------------------------------------------
[2026-03-09 11:51:07] [DEPRECATED] session_set_save_handler(): Providing individual callbacks instead of an object implementing SessionHandlerInterface is deprecated en C:\tools\nginx\html\sistema_biometrico\index.php línea 50
URI: /empleados/edit
--------------------------------------------------------------------------------
[2026-03-09 11:54:05] [DEPRECATED] session_set_save_handler(): Providing individual callbacks instead of an object implementing SessionHandlerInterface is deprecated en C:\tools\nginx\html\sistema_biometrico\index.php línea 50
URI: /empleados/edit
--------------------------------------------------------------------------------
[2026-03-09 11:55:04] [DEPRECATED] session_set_save_handler(): Providing individual callbacks instead of an object implementing SessionHandlerInterface is deprecated en C:\tools\nginx\html\sistema_biometrico\index.php línea 50
URI: /empleados?search=roberto
--------------------------------------------------------------------------------
[2026-03-09 11:55:04] [DEPRECATED] session_set_save_handler(): Providing individual callbacks instead of an object implementing SessionHandlerInterface is deprecated en C:\tools\nginx\html\sistema_biometrico\index.php línea 50
URI: /.well-known/appspecific/com.chrome.devtools.json
--------------------------------------------------------------------------------
[2026-03-09 11:55:04] [DEPRECATED] session_set_save_handler(): Providing individual callbacks instead of an object implementing SessionHandlerInterface is deprecated en C:\tools\nginx\html\sistema_biometrico\index.php línea 50
URI: /empleados?search=roberto
--------------------------------------------------------------------------------
[2026-03-09 11:55:04] [DEPRECATED] session_set_save_handler(): Providing individual callbacks instead of an object implementing SessionHandlerInterface is deprecated en C:\tools\nginx\html\sistema_biometrico\index.php línea 50
URI: /.well-known/appspecific/com.chrome.devtools.json
--------------------------------------------------------------------------------
[2026-03-09 11:55:04] [DEPRECATED] session_set_save_handler(): Providing individual callbacks instead of an object implementing SessionHandlerInterface is deprecated en C:\tools\nginx\html\sistema_biometrico\index.php línea 50
URI: /empleados?search=roberto
--------------------------------------------------------------------------------
[2026-03-09 11:55:04] [DEPRECATED] session_set_save_handler(): Providing individual callbacks instead of an object implementing SessionHandlerInterface is deprecated en C:\tools\nginx\html\sistema_biometrico\index.php línea 50
URI: /.well-known/appspecific/com.chrome.devtools.json
--------------------------------------------------------------------------------
[2026-03-09 11:55:04] [DEPRECATED] session_set_save_handler(): Providing individual callbacks instead of an object implementing SessionHandlerInterface is deprecated en C:\tools\nginx\html\sistema_biometrico\index.php línea 50
URI: /empleados?search=roberto
--------------------------------------------------------------------------------
[2026-03-09 11:55:04] [DEPRECATED] session_set_save_handler(): Providing individual callbacks instead of an object implementing SessionHandlerInterface is deprecated en C:\tools\nginx\html\sistema_biometrico\index.php línea 50
URI: /.well-known/appspecific/com.chrome.devtools.json
--------------------------------------------------------------------------------
[2026-03-09 11:55:04] [DEPRECATED] session_set_save_handler(): Providing individual callbacks instead of an object implementing SessionHandlerInterface is deprecated en C:\tools\nginx\html\sistema_biometrico\index.php línea 50
URI: /empleados?search=roberto
--------------------------------------------------------------------------------
[2026-03-09 11:55:05] [DEPRECATED] session_set_save_handler(): Providing individual callbacks instead of an object implementing SessionHandlerInterface is deprecated en C:\tools\nginx\html\sistema_biometrico\index.php línea 50
URI: /.well-known/appspecific/com.chrome.devtools.json
--------------------------------------------------------------------------------
[2026-03-09 11:55:05] [DEPRECATED] session_set_save_handler(): Providing individual callbacks instead of an object implementing SessionHandlerInterface is deprecated en C:\tools\nginx\html\sistema_biometrico\index.php línea 50
URI: /empleados?search=roberto
--------------------------------------------------------------------------------
[2026-03-09 11:55:05] [DEPRECATED] session_set_save_handler(): Providing individual callbacks instead of an object implementing SessionHandlerInterface is deprecated en C:\tools\nginx\html\sistema_biometrico\index.php línea 50
URI: /.well-known/appspecific/com.chrome.devtools.json
--------------------------------------------------------------------------------
[2026-03-09 11:55:05] [DEPRECATED] session_set_save_handler(): Providing individual callbacks instead of an object implementing SessionHandlerInterface is deprecated en C:\tools\nginx\html\sistema_biometrico\index.php línea 50
URI: /empleados?search=roberto
--------------------------------------------------------------------------------
[2026-03-09 11:55:05] [DEPRECATED] session_set_save_handler(): Providing individual callbacks instead of an object implementing SessionHandlerInterface is deprecated en C:\tools\nginx\html\sistema_biometrico\index.php línea 50
URI: /.well-known/appspecific/com.chrome.devtools.json
--------------------------------------------------------------------------------
[2026-03-09 11:55:05] [DEPRECATED] session_set_save_handler(): Providing individual callbacks instead of an object implementing SessionHandlerInterface is deprecated en C:\tools\nginx\html\sistema_biometrico\index.php línea 50
URI: /empleados?search=roberto
--------------------------------------------------------------------------------
[2026-03-09 11:55:05] [DEPRECATED] session_set_save_handler(): Providing individual callbacks instead of an object implementing SessionHandlerInterface is deprecated en C:\tools\nginx\html\sistema_biometrico\index.php línea 50
URI: /.well-known/appspecific/com.chrome.devtools.json
--------------------------------------------------------------------------------
[2026-03-09 11:55:05] [DEPRECATED] session_set_save_handler(): Providing individual callbacks instead of an object implementing SessionHandlerInterface is deprecated en C:\tools\nginx\html\sistema_biometrico\index.php línea 50
URI: /empleados?search=roberto
--------------------------------------------------------------------------------
[2026-03-09 11:55:05] [DEPRECATED] session_set_save_handler(): Providing individual callbacks instead of an object implementing SessionHandlerInterface is deprecated en C:\tools\nginx\html\sistema_biometrico\index.php línea 50
URI: /.well-known/appspecific/com.chrome.devtools.json
--------------------------------------------------------------------------------
[2026-03-09 11:55:05] [DEPRECATED] session_set_save_handler(): Providing individual callbacks instead of an object implementing SessionHandlerInterface is deprecated en C:\tools\nginx\html\sistema_biometrico\index.php línea 50
URI: /empleados?search=roberto
--------------------------------------------------------------------------------
[2026-03-09 11:55:05] [DEPRECATED] session_set_save_handler(): Providing individual callbacks instead of an object implementing SessionHandlerInterface is deprecated en C:\tools\nginx\html\sistema_biometrico\index.php línea 50
URI: /.well-known/appspecific/com.chrome.devtools.json
--------------------------------------------------------------------------------
[2026-03-09 11:55:06] [DEPRECATED] session_set_save_handler(): Providing individual callbacks instead of an object implementing SessionHandlerInterface is deprecated en C:\tools\nginx\html\sistema_biometrico\index.php línea 50
URI: /empleados?search=roberto
--------------------------------------------------------------------------------
[2026-03-09 11:55:06] [DEPRECATED] session_set_save_handler(): Providing individual callbacks instead of an object implementing SessionHandlerInterface is deprecated en C:\tools\nginx\html\sistema_biometrico\index.php línea 50
URI: /.well-known/appspecific/com.chrome.devtools.json
--------------------------------------------------------------------------------
[2026-03-09 11:55:06] [DEPRECATED] session_set_save_handler(): Providing individual callbacks instead of an object implementing SessionHandlerInterface is deprecated en C:\tools\nginx\html\sistema_biometrico\index.php línea 50
URI: /empleados?search=roberto
--------------------------------------------------------------------------------
[2026-03-09 11:55:06] [DEPRECATED] session_set_save_handler(): Providing individual callbacks instead of an object implementing SessionHandlerInterface is deprecated en C:\tools\nginx\html\sistema_biometrico\index.php línea 50
URI: /.well-known/appspecific/com.chrome.devtools.json
--------------------------------------------------------------------------------
[2026-03-09 11:55:06] [DEPRECATED] session_set_save_handler(): Providing individual callbacks instead of an object implementing SessionHandlerInterface is deprecated en C:\tools\nginx\html\sistema_biometrico\index.php línea 50
URI: /empleados?search=roberto
--------------------------------------------------------------------------------
[2026-03-09 11:55:06] [DEPRECATED] session_set_save_handler(): Providing individual callbacks instead of an object implementing SessionHandlerInterface is deprecated en C:\tools\nginx\html\sistema_biometrico\index.php línea 50
URI: /.well-known/appspecific/com.chrome.devtools.json
--------------------------------------------------------------------------------
[2026-03-09 11:55:06] [DEPRECATED] session_set_save_handler(): Providing individual callbacks instead of an object implementing SessionHandlerInterface is deprecated en C:\tools\nginx\html\sistema_biometrico\index.php línea 50
URI: /empleados?search=roberto
--------------------------------------------------------------------------------
[2026-03-09 11:55:06] [DEPRECATED] session_set_save_handler(): Providing individual callbacks instead of an object implementing SessionHandlerInterface is deprecated en C:\tools\nginx\html\sistema_biometrico\index.php línea 50
URI: /.well-known/appspecific/com.chrome.devtools.json
--------------------------------------------------------------------------------
[2026-03-09 11:55:06] [DEPRECATED] session_set_save_handler(): Providing individual callbacks instead of an object implementing SessionHandlerInterface is deprecated en C:\tools\nginx\html\sistema_biometrico\index.php línea 50
URI: /empleados?search=roberto
--------------------------------------------------------------------------------
[2026-03-09 11:55:06] [DEPRECATED] session_set_save_handler(): Providing individual callbacks instead of an object implementing SessionHandlerInterface is deprecated en C:\tools\nginx\html\sistema_biometrico\index.php línea 50
URI: /.well-known/appspecific/com.chrome.devtools.json
--------------------------------------------------------------------------------
[2026-03-09 11:55:06] [DEPRECATED] session_set_save_handler(): Providing individual callbacks instead of an object implementing SessionHandlerInterface is deprecated en C:\tools\nginx\html\sistema_biometrico\index.php línea 50
URI: /empleados?search=roberto
--------------------------------------------------------------------------------
[2026-03-09 11:55:07] [DEPRECATED] session_set_save_handler(): Providing individual callbacks instead of an object implementing SessionHandlerInterface is deprecated en C:\tools\nginx\html\sistema_biometrico\index.php línea 50
URI: /.well-known/appspecific/com.chrome.devtools.json
--------------------------------------------------------------------------------
[2026-03-09 11:55:07] [DEPRECATED] session_set_save_handler(): Providing individual callbacks instead of an object implementing SessionHandlerInterface is deprecated en C:\tools\nginx\html\sistema_biometrico\index.php línea 50
URI: /empleados?search=roberto
--------------------------------------------------------------------------------
[2026-03-09 11:55:07] [DEPRECATED] session_set_save_handler(): Providing individual callbacks instead of an object implementing SessionHandlerInterface is deprecated en C:\tools\nginx\html\sistema_biometrico\index.php línea 50
URI: /.well-known/appspecific/com.chrome.devtools.json
--------------------------------------------------------------------------------
[2026-03-09 11:55:07] [DEPRECATED] session_set_save_handler(): Providing individual callbacks instead of an object implementing SessionHandlerInterface is deprecated en C:\tools\nginx\html\sistema_biometrico\index.php línea 50
URI: /empleados?search=roberto
--------------------------------------------------------------------------------
[2026-03-09 11:55:07] [DEPRECATED] session_set_save_handler(): Providing individual callbacks instead of an object implementing SessionHandlerInterface is deprecated en C:\tools\nginx\html\sistema_biometrico\index.php línea 50
URI: /.well-known/appspecific/com.chrome.devtools.json
--------------------------------------------------------------------------------
[2026-03-09 11:55:10] [DEPRECATED] session_set_save_handler(): Providing individual callbacks instead of an object implementing SessionHandlerInterface is deprecated en C:\tools\nginx\html\sistema_biometrico\index.php línea 50
URI: /empleados/datos-completos/525
--------------------------------------------------------------------------------
[2026-03-09 11:55:10] [DEPRECATED] session_set_save_handler(): Providing individual callbacks instead of an object implementing SessionHandlerInterface is deprecated en C:\tools\nginx\html\sistema_biometrico\index.php línea 50
URI: /api/log-error
--------------------------------------------------------------------------------
[2026-03-09 11:55:15] [DEPRECATED] session_set_save_handler(): Providing individual callbacks instead of an object implementing SessionHandlerInterface is deprecated en C:\tools\nginx\html\sistema_biometrico\index.php línea 50
URI: /empleados/datos-completos/525
--------------------------------------------------------------------------------
[2026-03-09 11:55:54] [DEPRECATED] session_set_save_handler(): Providing individual callbacks instead of an object implementing SessionHandlerInterface is deprecated en C:\tools\nginx\html\sistema_biometrico\index.php línea 50
URI: /empleados/generate_rfc
--------------------------------------------------------------------------------
[2026-03-09 11:55:54] [DEPRECATED] session_set_save_handler(): Providing individual callbacks instead of an object implementing SessionHandlerInterface is deprecated en C:\tools\nginx\html\sistema_biometrico\index.php línea 50
URI: /empleados/generate_curp
--------------------------------------------------------------------------------
[2026-03-09 11:56:07] [DEPRECATED] session_set_save_handler(): Providing individual callbacks instead of an object implementing SessionHandlerInterface is deprecated en C:\tools\nginx\html\sistema_biometrico\index.php línea 50
URI: /empleados/edit
--------------------------------------------------------------------------------
[2026-03-09 11:57:23] [DEPRECATED] session_set_save_handler(): Providing individual callbacks instead of an object implementing SessionHandlerInterface is deprecated en C:\tools\nginx\html\sistema_biometrico\index.php línea 50
URI: /empleados/edit
--------------------------------------------------------------------------------
[2026-03-09 12:00:44] [DEPRECATED] session_set_save_handler(): Providing individual callbacks instead of an object implementing SessionHandlerInterface is deprecated en C:\tools\nginx\html\sistema_biometrico\index.php línea 50
URI: /empleados?search=roberto
--------------------------------------------------------------------------------
[2026-03-09 12:00:44] [DEPRECATED] session_set_save_handler(): Providing individual callbacks instead of an object implementing SessionHandlerInterface is deprecated en C:\tools\nginx\html\sistema_biometrico\index.php línea 50
URI: /.well-known/appspecific/com.chrome.devtools.json
--------------------------------------------------------------------------------
[2026-03-09 12:00:46] [DEPRECATED] session_set_save_handler(): Providing individual callbacks instead of an object implementing SessionHandlerInterface is deprecated en C:\tools\nginx\html\sistema_biometrico\index.php línea 50
URI: /empleados/datos-completos/525
--------------------------------------------------------------------------------
[2026-03-09 12:01:18] [DEPRECATED] session_set_save_handler(): Providing individual callbacks instead of an object implementing SessionHandlerInterface is deprecated en C:\tools\nginx\html\sistema_biometrico\index.php línea 50
URI: /empleados/generate_rfc
--------------------------------------------------------------------------------
[2026-03-09 12:01:18] [DEPRECATED] session_set_save_handler(): Providing individual callbacks instead of an object implementing SessionHandlerInterface is deprecated en C:\tools\nginx\html\sistema_biometrico\index.php línea 50
URI: /empleados/generate_curp
--------------------------------------------------------------------------------
[2026-03-09 12:01:31] [DEPRECATED] session_set_save_handler(): Providing individual callbacks instead of an object implementing SessionHandlerInterface is deprecated en C:\tools\nginx\html\sistema_biometrico\index.php línea 50
URI: /empleados/edit
--------------------------------------------------------------------------------
[2026-03-09 12:05:22] [DEPRECATED] session_set_save_handler(): Providing individual callbacks instead of an object implementing SessionHandlerInterface is deprecated en C:\tools\nginx\html\sistema_biometrico\index.php línea 50
URI: /empleados?search=roberto
--------------------------------------------------------------------------------
[2026-03-09 12:05:22] [DEPRECATED] session_set_save_handler(): Providing individual callbacks instead of an object implementing SessionHandlerInterface is deprecated en C:\tools\nginx\html\sistema_biometrico\index.php línea 50
URI: /.well-known/appspecific/com.chrome.devtools.json
--------------------------------------------------------------------------------
[2026-03-09 12:05:24] [DEPRECATED] session_set_save_handler(): Providing individual callbacks instead of an object implementing SessionHandlerInterface is deprecated en C:\tools\nginx\html\sistema_biometrico\index.php línea 50
URI: /empleados/datos-completos/525
--------------------------------------------------------------------------------
[2026-03-09 12:05:53] [DEPRECATED] session_set_save_handler(): Providing individual callbacks instead of an object implementing SessionHandlerInterface is deprecated en C:\tools\nginx\html\sistema_biometrico\index.php línea 50
URI: /empleados/generate_rfc
--------------------------------------------------------------------------------
[2026-03-09 12:05:53] [DEPRECATED] session_set_save_handler(): Providing individual callbacks instead of an object implementing SessionHandlerInterface is deprecated en C:\tools\nginx\html\sistema_biometrico\index.php línea 50
URI: /empleados/generate_curp
--------------------------------------------------------------------------------
[2026-03-09 12:06:07] [DEPRECATED] session_set_save_handler(): Providing individual callbacks instead of an object implementing SessionHandlerInterface is deprecated en C:\tools\nginx\html\sistema_biometrico\index.php línea 50
URI: /empleados/edit
--------------------------------------------------------------------------------
[2026-03-09 12:06:08] [DEPRECATED] session_set_save_handler(): Providing individual callbacks instead of an object implementing SessionHandlerInterface is deprecated en C:\tools\nginx\html\sistema_biometrico\index.php línea 50
URI: /empleados?search=roberto
--------------------------------------------------------------------------------
[2026-03-09 12:06:08] [DEPRECATED] session_set_save_handler(): Providing individual callbacks instead of an object implementing SessionHandlerInterface is deprecated en C:\tools\nginx\html\sistema_biometrico\index.php línea 50
URI: /.well-known/appspecific/com.chrome.devtools.json
--------------------------------------------------------------------------------
[2026-03-09 12:08:15] [DEPRECATED] session_set_save_handler(): Providing individual callbacks instead of an object implementing SessionHandlerInterface is deprecated en C:\tools\nginx\html\sistema_biometrico\index.php línea 50
URI: /empleados?search=roberto
--------------------------------------------------------------------------------
[2026-03-09 12:08:15] [DEPRECATED] session_set_save_handler(): Providing individual callbacks instead of an object implementing SessionHandlerInterface is deprecated en C:\tools\nginx\html\sistema_biometrico\index.php línea 50
URI: /.well-known/appspecific/com.chrome.devtools.json
--------------------------------------------------------------------------------
[2026-03-09 12:08:17] [DEPRECATED] session_set_save_handler(): Providing individual callbacks instead of an object implementing SessionHandlerInterface is deprecated en C:\tools\nginx\html\sistema_biometrico\index.php línea 50
URI: /empleados/datos-completos/525
--------------------------------------------------------------------------------
[2026-03-09 12:08:31] [DEPRECATED] session_set_save_handler(): Providing individual callbacks instead of an object implementing SessionHandlerInterface is deprecated en C:\tools\nginx\html\sistema_biometrico\index.php línea 50
URI: /empleados/datos-completos/525
--------------------------------------------------------------------------------
[2026-03-09 12:08:57] [DEPRECATED] session_set_save_handler(): Providing individual callbacks instead of an object implementing SessionHandlerInterface is deprecated en C:\tools\nginx\html\sistema_biometrico\index.php línea 50
URI: /empleados/edit
--------------------------------------------------------------------------------
[2026-03-09 12:19:09] [DEPRECATED] session_set_save_handler(): Providing individual callbacks instead of an object implementing SessionHandlerInterface is deprecated en C:\tools\nginx\html\sistema_biometrico\index.php línea 50
URI: /empleados/datos-completos/525
--------------------------------------------------------------------------------
[2026-03-09 12:22:47] [DEPRECATED] session_set_save_handler(): Providing individual callbacks instead of an object implementing SessionHandlerInterface is deprecated en C:\tools\nginx\html\sistema_biometrico\index.php línea 50
URI: /empleados/datos-completos/525
--------------------------------------------------------------------------------
[2026-03-09 12:23:31] [DEPRECATED] session_set_save_handler(): Providing individual callbacks instead of an object implementing SessionHandlerInterface is deprecated en C:\tools\nginx\html\sistema_biometrico\index.php línea 50
URI: /empleados?search=phye
--------------------------------------------------------------------------------
[2026-03-09 12:23:31] [DEPRECATED] session_set_save_handler(): Providing individual callbacks instead of an object implementing SessionHandlerInterface is deprecated en C:\tools\nginx\html\sistema_biometrico\index.php línea 50
URI: /.well-known/appspecific/com.chrome.devtools.json
--------------------------------------------------------------------------------
[2026-03-09 12:23:35] [DEPRECATED] session_set_save_handler(): Providing individual callbacks instead of an object implementing SessionHandlerInterface is deprecated en C:\tools\nginx\html\sistema_biometrico\index.php línea 50
URI: /empleados/datos-completos/113
--------------------------------------------------------------------------------
[2026-03-09 12:24:01] [DEPRECATED] session_set_save_handler(): Providing individual callbacks instead of an object implementing SessionHandlerInterface is deprecated en C:\tools\nginx\html\sistema_biometrico\index.php línea 50
URI: /empleados/edit
--------------------------------------------------------------------------------
[2026-03-09 12:24:04] [DEPRECATED] session_set_save_handler(): Providing individual callbacks instead of an object implementing SessionHandlerInterface is deprecated en C:\tools\nginx\html\sistema_biometrico\index.php línea 50
URI: /empleados/generate_rfc
--------------------------------------------------------------------------------
[2026-03-09 12:24:04] [DEPRECATED] session_set_save_handler(): Providing individual callbacks instead of an object implementing SessionHandlerInterface is deprecated en C:\tools\nginx\html\sistema_biometrico\index.php línea 50
URI: /empleados/generate_curp
--------------------------------------------------------------------------------
[2026-03-09 12:24:06] [DEPRECATED] session_set_save_handler(): Providing individual callbacks instead of an object implementing SessionHandlerInterface is deprecated en C:\tools\nginx\html\sistema_biometrico\index.php línea 50
URI: /empleados/edit
--------------------------------------------------------------------------------
[2026-03-09 12:24:21] [DEPRECATED] session_set_save_handler(): Providing individual callbacks instead of an object implementing SessionHandlerInterface is deprecated en C:\tools\nginx\html\sistema_biometrico\index.php línea 50
URI: /empleados/edit
--------------------------------------------------------------------------------
[2026-03-09 12:26:48] [DEPRECATED] session_set_save_handler(): Providing individual callbacks instead of an object implementing SessionHandlerInterface is deprecated en C:\tools\nginx\html\sistema_biometrico\index.php línea 50
URI: /empleados/datos-completos/113
--------------------------------------------------------------------------------
[2026-03-09 12:26:48] [DEPRECATED] session_set_save_handler(): Providing individual callbacks instead of an object implementing SessionHandlerInterface is deprecated en C:\tools\nginx\html\sistema_biometrico\index.php línea 50
URI: /api/log-error
--------------------------------------------------------------------------------
[2026-03-09 12:27:56] [DEPRECATED] session_set_save_handler(): Providing individual callbacks instead of an object implementing SessionHandlerInterface is deprecated en C:\tools\nginx\html\sistema_biometrico\index.php línea 50
URI: /empleados/datos-completos/113
--------------------------------------------------------------------------------
[2026-03-09 12:28:20] [DEPRECATED] session_set_save_handler(): Providing individual callbacks instead of an object implementing SessionHandlerInterface is deprecated en C:\tools\nginx\html\sistema_biometrico\index.php línea 50
URI: /empleados/generate_rfc
--------------------------------------------------------------------------------
[2026-03-09 12:28:20] [DEPRECATED] session_set_save_handler(): Providing individual callbacks instead of an object implementing SessionHandlerInterface is deprecated en C:\tools\nginx\html\sistema_biometrico\index.php línea 50
URI: /empleados/generate_curp
--------------------------------------------------------------------------------
[2026-03-09 12:28:39] [DEPRECATED] session_set_save_handler(): Providing individual callbacks instead of an object implementing SessionHandlerInterface is deprecated en C:\tools\nginx\html\sistema_biometrico\index.php línea 50
URI: /empleados/generate_rfc
--------------------------------------------------------------------------------
[2026-03-09 12:28:39] [DEPRECATED] session_set_save_handler(): Providing individual callbacks instead of an object implementing SessionHandlerInterface is deprecated en C:\tools\nginx\html\sistema_biometrico\index.php línea 50
URI: /empleados/generate_curp
--------------------------------------------------------------------------------
[2026-03-09 12:28:56] [DEPRECATED] session_set_save_handler(): Providing individual callbacks instead of an object implementing SessionHandlerInterface is deprecated en C:\tools\nginx\html\sistema_biometrico\index.php línea 50
URI: /empleados/edit
--------------------------------------------------------------------------------
[2026-03-09 12:44:20] [DEPRECATED] session_set_save_handler(): Providing individual callbacks instead of an object implementing SessionHandlerInterface is deprecated en C:\tools\nginx\html\sistema_biometrico\index.php línea 50
URI: /
--------------------------------------------------------------------------------
[2026-03-09 12:44:20] [DEPRECATED] session_set_save_handler(): Providing individual callbacks instead of an object implementing SessionHandlerInterface is deprecated en C:\tools\nginx\html\sistema_biometrico\index.php línea 50
URI: /login
--------------------------------------------------------------------------------
[2026-03-09 12:44:20] [DEPRECATED] session_set_save_handler(): Providing individual callbacks instead of an object implementing SessionHandlerInterface is deprecated en C:\tools\nginx\html\sistema_biometrico\index.php línea 50
URI: /api/log-error
--------------------------------------------------------------------------------
[2026-03-09 12:44:23] [DEPRECATED] session_set_save_handler(): Providing individual callbacks instead of an object implementing SessionHandlerInterface is deprecated en C:\tools\nginx\html\sistema_biometrico\index.php línea 50
URI: /login
--------------------------------------------------------------------------------
[2026-03-09 12:44:38] [DEPRECATED] session_set_save_handler(): Providing individual callbacks instead of an object implementing SessionHandlerInterface is deprecated en C:\tools\nginx\html\sistema_biometrico\index.php línea 50
URI: /login
--------------------------------------------------------------------------------
[2026-03-09 12:44:38] [DEPRECATED] session_set_save_handler(): Providing individual callbacks instead of an object implementing SessionHandlerInterface is deprecated en C:\tools\nginx\html\sistema_biometrico\index.php línea 50
URI: /dashboard
--------------------------------------------------------------------------------
[2026-03-09 12:44:42] [EXCEPTION] PDOException
Contexto: {"action":"index","section":"comisiones"}
Mensaje: SQLSTATE[42S22]: Column not found: 1054 Unknown column 'monto' in 'SELECT'
URI: /dashboard
Archivo: C:\tools\nginx\html\sistema_biometrico\models\Comision.php Línea: 136
#0 C:\tools\nginx\html\sistema_biometrico\models\Comision.php(136): PDO->prepare('SELECT SUM(mont...')
#1 C:\tools\nginx\html\sistema_biometrico\controllers\DashboardController.php(81): Comision->getTotalComisiones(NULL, '03', '2026')
#2 C:\tools\nginx\html\sistema_biometrico\index.php(180): DashboardController->index()
#3 {main}
--------------------------------------------------------------------------------
[2026-03-09 12:44:45] [DEPRECATED] session_set_save_handler(): Providing individual callbacks instead of an object implementing SessionHandlerInterface is deprecated en C:\tools\nginx\html\sistema_biometrico\index.php línea 50
URI: /empleados
--------------------------------------------------------------------------------
[2026-03-09 12:44:53] [DEPRECATED] session_set_save_handler(): Providing individual callbacks instead of an object implementing SessionHandlerInterface is deprecated en C:\tools\nginx\html\sistema_biometrico\index.php línea 50
URI: /empleados?search=565
--------------------------------------------------------------------------------
[2026-03-09 12:44:55] [DEPRECATED] session_set_save_handler(): Providing individual callbacks instead of an object implementing SessionHandlerInterface is deprecated en C:\tools\nginx\html\sistema_biometrico\index.php línea 50
URI: /empleados/datos-completos/565
--------------------------------------------------------------------------------
[2026-03-09 12:44:55] [DEPRECATED] session_set_save_handler(): Providing individual callbacks instead of an object implementing SessionHandlerInterface is deprecated en C:\tools\nginx\html\sistema_biometrico\index.php línea 50
URI: /api/log-error
--------------------------------------------------------------------------------
[2026-03-09 12:46:00] [DEPRECATED] session_set_save_handler(): Providing individual callbacks instead of an object implementing SessionHandlerInterface is deprecated en C:\tools\nginx\html\sistema_biometrico\index.php línea 50
URI: /empleados/datos-completos/565
--------------------------------------------------------------------------------
[2026-03-09 12:46:00] [DEPRECATED] session_set_save_handler(): Providing individual callbacks instead of an object implementing SessionHandlerInterface is deprecated en C:\tools\nginx\html\sistema_biometrico\index.php línea 50
URI: /api/log-error
--------------------------------------------------------------------------------
[2026-03-09 12:46:04] [DEPRECATED] session_set_save_handler(): Providing individual callbacks instead of an object implementing SessionHandlerInterface is deprecated en C:\tools\nginx\html\sistema_biometrico\index.php línea 50
URI: /api/tipos-justificacion
--------------------------------------------------------------------------------
[2026-03-09 12:46:22] [DEPRECATED] session_set_save_handler(): Providing individual callbacks instead of an object implementing SessionHandlerInterface is deprecated en C:\tools\nginx\html\sistema_biometrico\index.php línea 50
URI: /empleados/datos-completos/565
--------------------------------------------------------------------------------
[2026-03-09 12:46:22] [DEPRECATED] session_set_save_handler(): Providing individual callbacks instead of an object implementing SessionHandlerInterface is deprecated en C:\tools\nginx\html\sistema_biometrico\index.php línea 50
URI: /api/log-error
--------------------------------------------------------------------------------
[2026-03-09 12:52:33] [DEPRECATED] session_set_save_handler(): Providing individual callbacks instead of an object implementing SessionHandlerInterface is deprecated en C:\tools\nginx\html\sistema_biometrico\index.php línea 50
URI: /configuracion
--------------------------------------------------------------------------------
[2026-03-09 12:52:33] [DEPRECATED] session_set_save_handler(): Providing individual callbacks instead of an object implementing SessionHandlerInterface is deprecated en C:\tools\nginx\html\sistema_biometrico\index.php línea 50
URI: /configuracion/getRecentHistory
--------------------------------------------------------------------------------
[2026-03-09 12:52:40] [DEPRECATED] session_set_save_handler(): Providing individual callbacks instead of an object implementing SessionHandlerInterface is deprecated en C:\tools\nginx\html\sistema_biometrico\index.php línea 50
URI: /configuracion/uploadZkteco
--------------------------------------------------------------------------------
[2026-03-09 12:54:59] [DEPRECATED] session_set_save_handler(): Providing individual callbacks instead of an object implementing SessionHandlerInterface is deprecated en C:\tools\nginx\html\sistema_biometrico\index.php línea 50
URI: /configuracion/getRecentHistory
--------------------------------------------------------------------------------
[2026-03-09 12:54:59] [DEPRECATED] session_set_save_handler(): Providing individual callbacks instead of an object implementing SessionHandlerInterface is deprecated en C:\tools\nginx\html\sistema_biometrico\index.php línea 50
URI: /configuracion/getRecentHistory
--------------------------------------------------------------------------------
[2026-03-09 12:55:15] [DEPRECATED] session_set_save_handler(): Providing individual callbacks instead of an object implementing SessionHandlerInterface is deprecated en C:\tools\nginx\html\sistema_biometrico\index.php línea 50
URI: /empleados
--------------------------------------------------------------------------------
[2026-03-09 12:56:38] [DEPRECATED] session_set_save_handler(): Providing individual callbacks instead of an object implementing SessionHandlerInterface is deprecated en C:\tools\nginx\html\sistema_biometrico\index.php línea 50
URI: /empleados?search=314
--------------------------------------------------------------------------------
[2026-03-09 12:56:50] [DEPRECATED] session_set_save_handler(): Providing individual callbacks instead of an object implementing SessionHandlerInterface is deprecated en C:\tools\nginx\html\sistema_biometrico\index.php línea 50
URI: /usuarios
--------------------------------------------------------------------------------
[2026-03-09 12:56:55] [DEPRECATED] session_set_save_handler(): Providing individual callbacks instead of an object implementing SessionHandlerInterface is deprecated en C:\tools\nginx\html\sistema_biometrico\index.php línea 50
URI: /usuarios/create-modal
--------------------------------------------------------------------------------
[2026-03-09 12:57:46] [DEPRECATED] session_set_save_handler(): Providing individual callbacks instead of an object implementing SessionHandlerInterface is deprecated en C:\tools\nginx\html\sistema_biometrico\index.php línea 50
URI: /usuarios/store
--------------------------------------------------------------------------------
[2026-03-09 12:57:49] [DEPRECATED] session_set_save_handler(): Providing individual callbacks instead of an object implementing SessionHandlerInterface is deprecated en C:\tools\nginx\html\sistema_biometrico\index.php línea 50
URI: /usuarios
--------------------------------------------------------------------------------
[2026-03-09 12:58:00] [DEPRECATED] session_set_save_handler(): Providing individual callbacks instead of an object implementing SessionHandlerInterface is deprecated en C:\tools\nginx\html\sistema_biometrico\index.php línea 50
URI: /logout
--------------------------------------------------------------------------------
[2026-03-09 12:58:00] [DEPRECATED] session_set_save_handler(): Providing individual callbacks instead of an object implementing SessionHandlerInterface is deprecated en C:\tools\nginx\html\sistema_biometrico\index.php línea 50
URI: /login
--------------------------------------------------------------------------------
[2026-03-09 12:58:10] [DEPRECATED] session_set_save_handler(): Providing individual callbacks instead of an object implementing SessionHandlerInterface is deprecated en C:\tools\nginx\html\sistema_biometrico\index.php línea 50
URI: /login
--------------------------------------------------------------------------------
[2026-03-09 12:58:10] [DEPRECATED] session_set_save_handler(): Providing individual callbacks instead of an object implementing SessionHandlerInterface is deprecated en C:\tools\nginx\html\sistema_biometrico\index.php línea 50
URI: /dashboard
--------------------------------------------------------------------------------
[2026-03-09 12:58:13] [EXCEPTION] PDOException
Contexto: {"action":"index","section":"comisiones"}
Mensaje: SQLSTATE[42S22]: Column not found: 1054 Unknown column 'monto' in 'SELECT'
URI: /dashboard
Archivo: C:\tools\nginx\html\sistema_biometrico\models\Comision.php Línea: 136
#0 C:\tools\nginx\html\sistema_biometrico\models\Comision.php(136): PDO->prepare('SELECT SUM(mont...')
#1 C:\tools\nginx\html\sistema_biometrico\controllers\DashboardController.php(81): Comision->getTotalComisiones(NULL, '03', '2026')
#2 C:\tools\nginx\html\sistema_biometrico\index.php(180): DashboardController->index()
#3 {main}
--------------------------------------------------------------------------------
[2026-03-09 12:58:16] [DEPRECATED] session_set_save_handler(): Providing individual callbacks instead of an object implementing SessionHandlerInterface is deprecated en C:\tools\nginx\html\sistema_biometrico\index.php línea 50
URI: /empleados
--------------------------------------------------------------------------------
[2026-03-09 12:58:27] [DEPRECATED] session_set_save_handler(): Providing individual callbacks instead of an object implementing SessionHandlerInterface is deprecated en C:\tools\nginx\html\sistema_biometrico\index.php línea 50
URI: /logout
--------------------------------------------------------------------------------
[2026-03-09 12:58:27] [DEPRECATED] session_set_save_handler(): Providing individual callbacks instead of an object implementing SessionHandlerInterface is deprecated en C:\tools\nginx\html\sistema_biometrico\index.php línea 50
URI: /login
--------------------------------------------------------------------------------
[2026-03-09 12:58:34] [DEPRECATED] session_set_save_handler(): Providing individual callbacks instead of an object implementing SessionHandlerInterface is deprecated en C:\tools\nginx\html\sistema_biometrico\index.php línea 50
URI: /login
--------------------------------------------------------------------------------
[2026-03-09 12:58:34] [DEPRECATED] session_set_save_handler(): Providing individual callbacks instead of an object implementing SessionHandlerInterface is deprecated en C:\tools\nginx\html\sistema_biometrico\index.php línea 50
URI: /dashboard
--------------------------------------------------------------------------------
[2026-03-09 12:58:38] [EXCEPTION] PDOException
Contexto: {"action":"index","section":"comisiones"}
Mensaje: SQLSTATE[42S22]: Column not found: 1054 Unknown column 'monto' in 'SELECT'
URI: /dashboard
Archivo: C:\tools\nginx\html\sistema_biometrico\models\Comision.php Línea: 136
#0 C:\tools\nginx\html\sistema_biometrico\models\Comision.php(136): PDO->prepare('SELECT SUM(mont...')
#1 C:\tools\nginx\html\sistema_biometrico\controllers\DashboardController.php(81): Comision->getTotalComisiones(NULL, '03', '2026')
#2 C:\tools\nginx\html\sistema_biometrico\index.php(180): DashboardController->index()
#3 {main}
--------------------------------------------------------------------------------
[2026-03-09 12:58:40] [DEPRECATED] session_set_save_handler(): Providing individual callbacks instead of an object implementing SessionHandlerInterface is deprecated en C:\tools\nginx\html\sistema_biometrico\index.php línea 50
URI: /empleados
--------------------------------------------------------------------------------
[2026-03-09 12:58:46] [DEPRECATED] session_set_save_handler(): Providing individual callbacks instead of an object implementing SessionHandlerInterface is deprecated en C:\tools\nginx\html\sistema_biometrico\index.php línea 50
URI: /empleados?search=leticia
--------------------------------------------------------------------------------
[2026-03-09 12:58:54] [DEPRECATED] session_set_save_handler(): Providing individual callbacks instead of an object implementing SessionHandlerInterface is deprecated en C:\tools\nginx\html\sistema_biometrico\index.php línea 50
URI: /empleados/datos-completos/44
--------------------------------------------------------------------------------
[2026-03-09 12:58:59] [DEPRECATED] session_set_save_handler(): Providing individual callbacks instead of an object implementing SessionHandlerInterface is deprecated en C:\tools\nginx\html\sistema_biometrico\index.php línea 50
URI: /empleados/datos-completos/44
--------------------------------------------------------------------------------
[2026-03-09 12:58:59] [DEPRECATED] session_set_save_handler(): Providing individual callbacks instead of an object implementing SessionHandlerInterface is deprecated en C:\tools\nginx\html\sistema_biometrico\index.php línea 50
URI: /api/log-error
--------------------------------------------------------------------------------
[2026-03-09 12:59:13] [DEPRECATED] session_set_save_handler(): Providing individual callbacks instead of an object implementing SessionHandlerInterface is deprecated en C:\tools\nginx\html\sistema_biometrico\index.php línea 50
URI: /usuarios
--------------------------------------------------------------------------------
[2026-03-09 12:59:21] [DEPRECATED] session_set_save_handler(): Providing individual callbacks instead of an object implementing SessionHandlerInterface is deprecated en C:\tools\nginx\html\sistema_biometrico\index.php línea 50
URI: /empleados
--------------------------------------------------------------------------------
[2026-03-09 12:59:26] [DEPRECATED] session_set_save_handler(): Providing individual callbacks instead of an object implementing SessionHandlerInterface is deprecated en C:\tools\nginx\html\sistema_biometrico\index.php línea 50
URI: /empleados?search=LAURA+LETICIA+GARCIA+MORALES
--------------------------------------------------------------------------------
[2026-03-09 12:59:31] [DEPRECATED] session_set_save_handler(): Providing individual callbacks instead of an object implementing SessionHandlerInterface is deprecated en C:\tools\nginx\html\sistema_biometrico\index.php línea 50
URI: /empleados?search=LAURA+LETICIA
--------------------------------------------------------------------------------
[2026-03-09 12:59:35] [DEPRECATED] session_set_save_handler(): Providing individual callbacks instead of an object implementing SessionHandlerInterface is deprecated en C:\tools\nginx\html\sistema_biometrico\index.php línea 50
URI: /empleados/datos-completos/314
--------------------------------------------------------------------------------
[2026-03-09 12:59:35] [DEPRECATED] session_set_save_handler(): Providing individual callbacks instead of an object implementing SessionHandlerInterface is deprecated en C:\tools\nginx\html\sistema_biometrico\index.php línea 50
URI: /api/log-error
--------------------------------------------------------------------------------
[2026-03-09 13:00:43] [DEPRECATED] session_set_save_handler(): Providing individual callbacks instead of an object implementing SessionHandlerInterface is deprecated en C:\tools\nginx\html\sistema_biometrico\index.php línea 50
URI: /logout
--------------------------------------------------------------------------------
[2026-03-09 13:00:44] [DEPRECATED] session_set_save_handler(): Providing individual callbacks instead of an object implementing SessionHandlerInterface is deprecated en C:\tools\nginx\html\sistema_biometrico\index.php línea 50
URI: /login
--------------------------------------------------------------------------------
[2026-03-09 13:00:51] [DEPRECATED] session_set_save_handler(): Providing individual callbacks instead of an object implementing SessionHandlerInterface is deprecated en C:\tools\nginx\html\sistema_biometrico\index.php línea 50
URI: /login
--------------------------------------------------------------------------------
[2026-03-09 13:00:51] [DEPRECATED] session_set_save_handler(): Providing individual callbacks instead of an object implementing SessionHandlerInterface is deprecated en C:\tools\nginx\html\sistema_biometrico\index.php línea 50
URI: /dashboard
--------------------------------------------------------------------------------
[2026-03-09 13:00:55] [EXCEPTION] PDOException
Contexto: {"action":"index","section":"comisiones"}
Mensaje: SQLSTATE[42S22]: Column not found: 1054 Unknown column 'monto' in 'SELECT'
URI: /dashboard
Archivo: C:\tools\nginx\html\sistema_biometrico\models\Comision.php Línea: 136
#0 C:\tools\nginx\html\sistema_biometrico\models\Comision.php(136): PDO->prepare('SELECT SUM(mont...')
#1 C:\tools\nginx\html\sistema_biometrico\controllers\DashboardController.php(81): Comision->getTotalComisiones(NULL, '03', '2026')
#2 C:\tools\nginx\html\sistema_biometrico\index.php(180): DashboardController->index()
#3 {main}
--------------------------------------------------------------------------------
[2026-03-09 13:00:59] [DEPRECATED] session_set_save_handler(): Providing individual callbacks instead of an object implementing SessionHandlerInterface is deprecated en C:\tools\nginx\html\sistema_biometrico\index.php línea 50
URI: /empleados
--------------------------------------------------------------------------------
[2026-03-09 13:01:06] [DEPRECATED] session_set_save_handler(): Providing individual callbacks instead of an object implementing SessionHandlerInterface is deprecated en C:\tools\nginx\html\sistema_biometrico\index.php línea 50
URI: /empleados/datos-completos/314
--------------------------------------------------------------------------------
[2026-03-09 13:01:06] [DEPRECATED] session_set_save_handler(): Providing individual callbacks instead of an object implementing SessionHandlerInterface is deprecated en C:\tools\nginx\html\sistema_biometrico\index.php línea 50
URI: /api/log-error
--------------------------------------------------------------------------------
[2026-03-09 13:01:30] [DEPRECATED] session_set_save_handler(): Providing individual callbacks instead of an object implementing SessionHandlerInterface is deprecated en C:\tools\nginx\html\sistema_biometrico\index.php línea 50
URI: /api/tipos-justificacion
--------------------------------------------------------------------------------
[2026-03-09 13:01:44] [DEPRECATED] session_set_save_handler(): Providing individual callbacks instead of an object implementing SessionHandlerInterface is deprecated en C:\tools\nginx\html\sistema_biometrico\index.php línea 50
URI: /justificaciones/ajax-justificar
--------------------------------------------------------------------------------
[2026-03-09 13:01:44] [DEPRECATED] session_set_save_handler(): Providing individual callbacks instead of an object implementing SessionHandlerInterface is deprecated en C:\tools\nginx\html\sistema_biometrico\index.php línea 50
URI: /api/log-error
--------------------------------------------------------------------------------
[2026-03-09 13:01:44] [DEPRECATED] session_set_save_handler(): Providing individual callbacks instead of an object implementing SessionHandlerInterface is deprecated en C:\tools\nginx\html\sistema_biometrico\index.php línea 50
URI: /api/log-error
--------------------------------------------------------------------------------
[2026-03-09 13:02:12] [DEPRECATED] session_set_save_handler(): Providing individual callbacks instead of an object implementing SessionHandlerInterface is deprecated en C:\tools\nginx\html\sistema_biometrico\index.php línea 50
URI: /empleados
--------------------------------------------------------------------------------
[2026-03-09 13:02:14] [DEPRECATED] session_set_save_handler(): Providing individual callbacks instead of an object implementing SessionHandlerInterface is deprecated en C:\tools\nginx\html\sistema_biometrico\index.php línea 50
URI: /empleados/datos-completos/314
--------------------------------------------------------------------------------
[2026-03-09 13:02:14] [DEPRECATED] session_set_save_handler(): Providing individual callbacks instead of an object implementing SessionHandlerInterface is deprecated en C:\tools\nginx\html\sistema_biometrico\index.php línea 50
URI: /api/log-error
--------------------------------------------------------------------------------
[2026-03-09 13:03:20] [DEPRECATED] session_set_save_handler(): Providing individual callbacks instead of an object implementing SessionHandlerInterface is deprecated en C:\tools\nginx\html\sistema_biometrico\index.php línea 50
URI: /reportes
--------------------------------------------------------------------------------
[2026-03-09 13:03:22] [DEPRECATED] session_set_save_handler(): Providing individual callbacks instead of an object implementing SessionHandlerInterface is deprecated en C:\tools\nginx\html\sistema_biometrico\index.php línea 50
URI: /asistencia
--------------------------------------------------------------------------------
[2026-03-09 13:03:22] [DEPRECATED] session_set_save_handler(): Providing individual callbacks instead of an object implementing SessionHandlerInterface is deprecated en C:\tools\nginx\html\sistema_biometrico\index.php línea 50
URI: /%3C?php%20echo%20BASE_URL;%20?%3E/asistencia/filtrar-asistencia
--------------------------------------------------------------------------------
[2026-03-09 13:03:23] [DEPRECATED] session_set_save_handler(): Providing individual callbacks instead of an object implementing SessionHandlerInterface is deprecated en C:\tools\nginx\html\sistema_biometrico\index.php línea 50
URI: /%3C?php%20echo%20BASE_URL;%20?%3E/asistencia/estado-dispositivos
--------------------------------------------------------------------------------
[2026-03-09 13:03:23] [DEPRECATED] session_set_save_handler(): Providing individual callbacks instead of an object implementing SessionHandlerInterface is deprecated en C:\tools\nginx\html\sistema_biometrico\index.php línea 50
URI: /api/log-error
--------------------------------------------------------------------------------
[2026-03-09 13:03:23] [DEPRECATED] session_set_save_handler(): Providing individual callbacks instead of an object implementing SessionHandlerInterface is deprecated en C:\tools\nginx\html\sistema_biometrico\index.php línea 50
URI: /api/log-error
--------------------------------------------------------------------------------
[2026-03-09 13:03:23] [DEPRECATED] session_set_save_handler(): Providing individual callbacks instead of an object implementing SessionHandlerInterface is deprecated en C:\tools\nginx\html\sistema_biometrico\index.php línea 50
URI: /api/log-error
--------------------------------------------------------------------------------
[2026-03-09 13:03:23] [DEPRECATED] session_set_save_handler(): Providing individual callbacks instead of an object implementing SessionHandlerInterface is deprecated en C:\tools\nginx\html\sistema_biometrico\index.php línea 50
URI: /api/log-error
--------------------------------------------------------------------------------
[2026-03-09 13:03:28] [DEPRECATED] session_set_save_handler(): Providing individual callbacks instead of an object implementing SessionHandlerInterface is deprecated en C:\tools\nginx\html\sistema_biometrico\index.php línea 50
URI: /empleados
--------------------------------------------------------------------------------
[2026-03-09 13:03:42] [DEPRECATED] session_set_save_handler(): Providing individual callbacks instead of an object implementing SessionHandlerInterface is deprecated en C:\tools\nginx\html\sistema_biometrico\index.php línea 50
URI: /logout
--------------------------------------------------------------------------------
[2026-03-09 13:03:42] [DEPRECATED] session_set_save_handler(): Providing individual callbacks instead of an object implementing SessionHandlerInterface is deprecated en C:\tools\nginx\html\sistema_biometrico\index.php línea 50
URI: /login
--------------------------------------------------------------------------------
[2026-03-09 13:03:53] [DEPRECATED] session_set_save_handler(): Providing individual callbacks instead of an object implementing SessionHandlerInterface is deprecated en C:\tools\nginx\html\sistema_biometrico\index.php línea 50
URI: /login
--------------------------------------------------------------------------------
[2026-03-09 13:03:54] [DEPRECATED] session_set_save_handler(): Providing individual callbacks instead of an object implementing SessionHandlerInterface is deprecated en C:\tools\nginx\html\sistema_biometrico\index.php línea 50
URI: /dashboard
--------------------------------------------------------------------------------
[2026-03-09 13:03:56] [EXCEPTION] PDOException
Contexto: {"action":"index","section":"comisiones"}
Mensaje: SQLSTATE[42S22]: Column not found: 1054 Unknown column 'monto' in 'SELECT'
URI: /dashboard
Archivo: C:\tools\nginx\html\sistema_biometrico\models\Comision.php Línea: 136
#0 C:\tools\nginx\html\sistema_biometrico\models\Comision.php(136): PDO->prepare('SELECT SUM(mont...')
#1 C:\tools\nginx\html\sistema_biometrico\controllers\DashboardController.php(81): Comision->getTotalComisiones(NULL, '03', '2026')
#2 C:\tools\nginx\html\sistema_biometrico\index.php(180): DashboardController->index()
#3 {main}
--------------------------------------------------------------------------------
[2026-03-09 13:04:00] [DEPRECATED] session_set_save_handler(): Providing individual callbacks instead of an object implementing SessionHandlerInterface is deprecated en C:\tools\nginx\html\sistema_biometrico\index.php línea 50
URI: /usuarios
--------------------------------------------------------------------------------
[2026-03-09 13:04:07] [DEPRECATED] session_set_save_handler(): Providing individual callbacks instead of an object implementing SessionHandlerInterface is deprecated en C:\tools\nginx\html\sistema_biometrico\index.php línea 50
URI: /usuarios/125/edit-modal
--------------------------------------------------------------------------------
[2026-03-09 13:05:20] [DEPRECATED] session_set_save_handler(): Providing individual callbacks instead of an object implementing SessionHandlerInterface is deprecated en C:\tools\nginx\html\sistema_biometrico\index.php línea 50
URI: /usuarios/update
--------------------------------------------------------------------------------
[2026-03-09 13:05:21] [DEPRECATED] session_set_save_handler(): Providing individual callbacks instead of an object implementing SessionHandlerInterface is deprecated en C:\tools\nginx\html\sistema_biometrico\index.php línea 50
URI: /usuarios
--------------------------------------------------------------------------------
[2026-03-09 13:06:42] [DEPRECATED] session_set_save_handler(): Providing individual callbacks instead of an object implementing SessionHandlerInterface is deprecated en C:\tools\nginx\html\sistema_biometrico\index.php línea 50
URI: /validaciones
--------------------------------------------------------------------------------
[2026-03-09 13:06:42] [DEPRECATED] session_set_save_handler(): Providing individual callbacks instead of an object implementing SessionHandlerInterface is deprecated en C:\tools\nginx\html\sistema_biometrico\index.php línea 50
URI: /dashboard
--------------------------------------------------------------------------------
[2026-03-09 13:06:45] [EXCEPTION] PDOException
Contexto: {"action":"index","section":"comisiones"}
Mensaje: SQLSTATE[42S22]: Column not found: 1054 Unknown column 'monto' in 'SELECT'
URI: /dashboard
Archivo: C:\tools\nginx\html\sistema_biometrico\models\Comision.php Línea: 136
#0 C:\tools\nginx\html\sistema_biometrico\models\Comision.php(136): PDO->prepare('SELECT SUM(mont...')
#1 C:\tools\nginx\html\sistema_biometrico\controllers\DashboardController.php(81): Comision->getTotalComisiones(NULL, '03', '2026')
#2 C:\tools\nginx\html\sistema_biometrico\index.php(180): DashboardController->index()
#3 {main}
--------------------------------------------------------------------------------
[2026-03-09 13:06:46] [DEPRECATED] session_set_save_handler(): Providing individual callbacks instead of an object implementing SessionHandlerInterface is deprecated en C:\tools\nginx\html\sistema_biometrico\index.php línea 50
URI: /validaciones
--------------------------------------------------------------------------------
[2026-03-09 13:06:46] [DEPRECATED] session_set_save_handler(): Providing individual callbacks instead of an object implementing SessionHandlerInterface is deprecated en C:\tools\nginx\html\sistema_biometrico\index.php línea 50
URI: /dashboard
--------------------------------------------------------------------------------
[2026-03-09 13:06:49] [EXCEPTION] PDOException
Contexto: {"action":"index","section":"comisiones"}
Mensaje: SQLSTATE[42S22]: Column not found: 1054 Unknown column 'monto' in 'SELECT'
URI: /dashboard
Archivo: C:\tools\nginx\html\sistema_biometrico\models\Comision.php Línea: 136
#0 C:\tools\nginx\html\sistema_biometrico\models\Comision.php(136): PDO->prepare('SELECT SUM(mont...')
#1 C:\tools\nginx\html\sistema_biometrico\controllers\DashboardController.php(81): Comision->getTotalComisiones(NULL, '03', '2026')
#2 C:\tools\nginx\html\sistema_biometrico\index.php(180): DashboardController->index()
#3 {main}
--------------------------------------------------------------------------------
[2026-03-09 13:07:19] [DEPRECATED] session_set_save_handler(): Providing individual callbacks instead of an object implementing SessionHandlerInterface is deprecated en C:\tools\nginx\html\sistema_biometrico\index.php línea 50
URI: /empleados
--------------------------------------------------------------------------------
[2026-03-09 13:07:46] [DEPRECATED] session_set_save_handler(): Providing individual callbacks instead of an object implementing SessionHandlerInterface is deprecated en C:\tools\nginx\html\sistema_biometrico\index.php línea 50
URI: /empleados?search=565
--------------------------------------------------------------------------------
[2026-03-09 13:07:56] [DEPRECATED] session_set_save_handler(): Providing individual callbacks instead of an object implementing SessionHandlerInterface is deprecated en C:\tools\nginx\html\sistema_biometrico\index.php línea 50
URI: /usuarios
--------------------------------------------------------------------------------
[2026-03-09 13:08:17] [DEPRECATED] session_set_save_handler(): Providing individual callbacks instead of an object implementing SessionHandlerInterface is deprecated en C:\tools\nginx\html\sistema_biometrico\index.php línea 50
URI: /usuarios/125/edit-modal
--------------------------------------------------------------------------------
[2026-03-09 13:08:42] [DEPRECATED] session_set_save_handler(): Providing individual callbacks instead of an object implementing SessionHandlerInterface is deprecated en C:\tools\nginx\html\sistema_biometrico\index.php línea 50
URI: /logout
--------------------------------------------------------------------------------
[2026-03-09 13:08:43] [DEPRECATED] session_set_save_handler(): Providing individual callbacks instead of an object implementing SessionHandlerInterface is deprecated en C:\tools\nginx\html\sistema_biometrico\index.php línea 50
URI: /login
--------------------------------------------------------------------------------
[2026-03-09 13:08:52] [DEPRECATED] session_set_save_handler(): Providing individual callbacks instead of an object implementing SessionHandlerInterface is deprecated en C:\tools\nginx\html\sistema_biometrico\index.php línea 50
URI: /login
--------------------------------------------------------------------------------
[2026-03-09 13:08:53] [DEPRECATED] session_set_save_handler(): Providing individual callbacks instead of an object implementing SessionHandlerInterface is deprecated en C:\tools\nginx\html\sistema_biometrico\index.php línea 50
URI: /dashboard
--------------------------------------------------------------------------------
[2026-03-09 13:08:55] [EXCEPTION] PDOException
Contexto: {"action":"index","section":"comisiones"}
Mensaje: SQLSTATE[42S22]: Column not found: 1054 Unknown column 'monto' in 'SELECT'
URI: /dashboard
Archivo: C:\tools\nginx\html\sistema_biometrico\models\Comision.php Línea: 136
#0 C:\tools\nginx\html\sistema_biometrico\models\Comision.php(136): PDO->prepare('SELECT SUM(mont...')
#1 C:\tools\nginx\html\sistema_biometrico\controllers\DashboardController.php(81): Comision->getTotalComisiones(NULL, '03', '2026')
#2 C:\tools\nginx\html\sistema_biometrico\index.php(180): DashboardController->index()
#3 {main}
--------------------------------------------------------------------------------
[2026-03-09 13:08:57] [DEPRECATED] session_set_save_handler(): Providing individual callbacks instead of an object implementing SessionHandlerInterface is deprecated en C:\tools\nginx\html\sistema_biometrico\index.php línea 50
URI: /empleados
--------------------------------------------------------------------------------
[2026-03-09 13:09:00] [DEPRECATED] session_set_save_handler(): Providing individual callbacks instead of an object implementing SessionHandlerInterface is deprecated en C:\tools\nginx\html\sistema_biometrico\index.php línea 50
URI: /empleados/datos-completos/314
--------------------------------------------------------------------------------
[2026-03-09 13:09:00] [DEPRECATED] session_set_save_handler(): Providing individual callbacks instead of an object implementing SessionHandlerInterface is deprecated en C:\tools\nginx\html\sistema_biometrico\index.php línea 50
URI: /api/log-error
--------------------------------------------------------------------------------
[2026-03-09 13:09:15] [DEPRECATED] session_set_save_handler(): Providing individual callbacks instead of an object implementing SessionHandlerInterface is deprecated en C:\tools\nginx\html\sistema_biometrico\index.php línea 50
URI: /empleados/datos-completos/314
--------------------------------------------------------------------------------
[2026-03-09 13:09:15] [DEPRECATED] session_set_save_handler(): Providing individual callbacks instead of an object implementing SessionHandlerInterface is deprecated en C:\tools\nginx\html\sistema_biometrico\index.php línea 50
URI: /api/log-error
--------------------------------------------------------------------------------
[2026-03-09 13:10:54] [DEPRECATED] session_set_save_handler(): Providing individual callbacks instead of an object implementing SessionHandlerInterface is deprecated en C:\tools\nginx\html\sistema_biometrico\index.php línea 50
URI: /empleados/datos-completos/314
--------------------------------------------------------------------------------
[2026-03-09 13:10:54] [DEPRECATED] session_set_save_handler(): Providing individual callbacks instead of an object implementing SessionHandlerInterface is deprecated en C:\tools\nginx\html\sistema_biometrico\index.php línea 50
URI: /api/log-error
--------------------------------------------------------------------------------
[2026-03-09 13:11:05] [DEPRECATED] session_set_save_handler(): Providing individual callbacks instead of an object implementing SessionHandlerInterface is deprecated en C:\tools\nginx\html\sistema_biometrico\index.php línea 50
URI: /api/tipos-justificacion
--------------------------------------------------------------------------------
[2026-03-09 13:11:16] [DEPRECATED] session_set_save_handler(): Providing individual callbacks instead of an object implementing SessionHandlerInterface is deprecated en C:\tools\nginx\html\sistema_biometrico\index.php línea 50
URI: /justificaciones/ajax-justificar
--------------------------------------------------------------------------------
[2026-03-09 13:11:16] [DEPRECATED] session_set_save_handler(): Providing individual callbacks instead of an object implementing SessionHandlerInterface is deprecated en C:\tools\nginx\html\sistema_biometrico\index.php línea 50
URI: /api/log-error
--------------------------------------------------------------------------------
[2026-03-09 13:11:16] [DEPRECATED] session_set_save_handler(): Providing individual callbacks instead of an object implementing SessionHandlerInterface is deprecated en C:\tools\nginx\html\sistema_biometrico\index.php línea 50
URI: /api/log-error
--------------------------------------------------------------------------------
[2026-03-09 13:12:44] [DEPRECATED] session_set_save_handler(): Providing individual callbacks instead of an object implementing SessionHandlerInterface is deprecated en C:\tools\nginx\html\sistema_biometrico\index.php línea 50
URI: /logout
--------------------------------------------------------------------------------
[2026-03-09 13:12:44] [DEPRECATED] session_set_save_handler(): Providing individual callbacks instead of an object implementing SessionHandlerInterface is deprecated en C:\tools\nginx\html\sistema_biometrico\index.php línea 50
URI: /login
--------------------------------------------------------------------------------
[2026-03-09 13:23:05] [DEPRECATED] session_set_save_handler(): Providing individual callbacks instead of an object implementing SessionHandlerInterface is deprecated en C:\tools\nginx\html\sistema_biometrico\index.php línea 50
URI: /
--------------------------------------------------------------------------------
[2026-03-09 13:23:05] [DEPRECATED] session_set_save_handler(): Providing individual callbacks instead of an object implementing SessionHandlerInterface is deprecated en C:\tools\nginx\html\sistema_biometrico\index.php línea 50
URI: /login
--------------------------------------------------------------------------------
[2026-03-09 13:23:05] [DEPRECATED] session_set_save_handler(): Providing individual callbacks instead of an object implementing SessionHandlerInterface is deprecated en C:\tools\nginx\html\sistema_biometrico\index.php línea 50
URI: /api/log-error
--------------------------------------------------------------------------------
[2026-03-09 13:23:07] [DEPRECATED] session_set_save_handler(): Providing individual callbacks instead of an object implementing SessionHandlerInterface is deprecated en C:\tools\nginx\html\sistema_biometrico\index.php línea 50
URI: /login
--------------------------------------------------------------------------------
[2026-03-09 13:23:22] [DEPRECATED] session_set_save_handler(): Providing individual callbacks instead of an object implementing SessionHandlerInterface is deprecated en C:\tools\nginx\html\sistema_biometrico\index.php línea 50
URI: /login
--------------------------------------------------------------------------------
[2026-03-09 13:23:23] [DEPRECATED] session_set_save_handler(): Providing individual callbacks instead of an object implementing SessionHandlerInterface is deprecated en C:\tools\nginx\html\sistema_biometrico\index.php línea 50
URI: /dashboard
--------------------------------------------------------------------------------
[2026-03-09 13:23:25] [EXCEPTION] PDOException
Contexto: {"action":"index","section":"comisiones"}
Mensaje: SQLSTATE[42S22]: Column not found: 1054 Unknown column 'monto' in 'SELECT'
URI: /dashboard
Archivo: C:\tools\nginx\html\sistema_biometrico\models\Comision.php Línea: 136
#0 C:\tools\nginx\html\sistema_biometrico\models\Comision.php(136): PDO->prepare('SELECT SUM(mont...')
#1 C:\tools\nginx\html\sistema_biometrico\controllers\DashboardController.php(81): Comision->getTotalComisiones(NULL, '03', '2026')
#2 C:\tools\nginx\html\sistema_biometrico\index.php(180): DashboardController->index()
#3 {main}
--------------------------------------------------------------------------------
[2026-03-09 13:23:38] [DEPRECATED] session_set_save_handler(): Providing individual callbacks instead of an object implementing SessionHandlerInterface is deprecated en C:\tools\nginx\html\sistema_biometrico\index.php línea 50
URI: /notas-malas
--------------------------------------------------------------------------------
[2026-03-09 13:23:40] [DEPRECATED] session_set_save_handler(): Providing individual callbacks instead of an object implementing SessionHandlerInterface is deprecated en C:\tools\nginx\html\sistema_biometrico\index.php línea 50
URI: /reportes
--------------------------------------------------------------------------------
[2026-03-09 13:23:43] [DEPRECATED] session_set_save_handler(): Providing individual callbacks instead of an object implementing SessionHandlerInterface is deprecated en C:\tools\nginx\html\sistema_biometrico\index.php línea 50
URI: /empleados
--------------------------------------------------------------------------------
[2026-03-09 13:23:50] [DEPRECATED] session_set_save_handler(): Providing individual callbacks instead of an object implementing SessionHandlerInterface is deprecated en C:\tools\nginx\html\sistema_biometrico\index.php línea 50
URI: /empleados?search=526
--------------------------------------------------------------------------------
[2026-03-09 13:23:54] [DEPRECATED] session_set_save_handler(): Providing individual callbacks instead of an object implementing SessionHandlerInterface is deprecated en C:\tools\nginx\html\sistema_biometrico\index.php línea 50
URI: /empleados/datos-completos/526
--------------------------------------------------------------------------------
[2026-03-09 13:23:54] [DEPRECATED] session_set_save_handler(): Providing individual callbacks instead of an object implementing SessionHandlerInterface is deprecated en C:\tools\nginx\html\sistema_biometrico\index.php línea 50
URI: /api/log-error
--------------------------------------------------------------------------------
[2026-03-09 13:24:01] [DEPRECATED] session_set_save_handler(): Providing individual callbacks instead of an object implementing SessionHandlerInterface is deprecated en C:\tools\nginx\html\sistema_biometrico\index.php línea 50
URI: /api/tipos-justificacion
--------------------------------------------------------------------------------
[2026-03-09 13:24:05] [DEPRECATED] session_set_save_handler(): Providing individual callbacks instead of an object implementing SessionHandlerInterface is deprecated en C:\tools\nginx\html\sistema_biometrico\index.php línea 50
URI: /justificaciones/ajax-justificar
--------------------------------------------------------------------------------
[2026-03-09 13:24:05] [DEPRECATED] session_set_save_handler(): Providing individual callbacks instead of an object implementing SessionHandlerInterface is deprecated en C:\tools\nginx\html\sistema_biometrico\index.php línea 50
URI: /api/log-error
--------------------------------------------------------------------------------
[2026-03-09 13:24:05] [DEPRECATED] session_set_save_handler(): Providing individual callbacks instead of an object implementing SessionHandlerInterface is deprecated en C:\tools\nginx\html\sistema_biometrico\index.php línea 50
URI: /api/log-error
--------------------------------------------------------------------------------
[2026-03-09 13:26:12] [DEPRECATED] session_set_save_handler(): Providing individual callbacks instead of an object implementing SessionHandlerInterface is deprecated en C:\tools\nginx\html\sistema_biometrico\index.php línea 50
URI: /reportes
--------------------------------------------------------------------------------
[2026-03-09 13:26:14] [DEPRECATED] session_set_save_handler(): Providing individual callbacks instead of an object implementing SessionHandlerInterface is deprecated en C:\tools\nginx\html\sistema_biometrico\index.php línea 50
URI: /validaciones
--------------------------------------------------------------------------------
[2026-03-09 13:26:14] [DEPRECATED] session_set_save_handler(): Providing individual callbacks instead of an object implementing SessionHandlerInterface is deprecated en C:\tools\nginx\html\sistema_biometrico\index.php línea 50
URI: /dashboard
--------------------------------------------------------------------------------
[2026-03-09 13:26:17] [EXCEPTION] PDOException
Contexto: {"action":"index","section":"comisiones"}
Mensaje: SQLSTATE[42S22]: Column not found: 1054 Unknown column 'monto' in 'SELECT'
URI: /dashboard
Archivo: C:\tools\nginx\html\sistema_biometrico\models\Comision.php Línea: 136
#0 C:\tools\nginx\html\sistema_biometrico\models\Comision.php(136): PDO->prepare('SELECT SUM(mont...')
#1 C:\tools\nginx\html\sistema_biometrico\controllers\DashboardController.php(81): Comision->getTotalComisiones(NULL, '03', '2026')
#2 C:\tools\nginx\html\sistema_biometrico\index.php(180): DashboardController->index()
#3 {main}
--------------------------------------------------------------------------------
[2026-03-09 13:26:17] [DEPRECATED] session_set_save_handler(): Providing individual callbacks instead of an object implementing SessionHandlerInterface is deprecated en C:\tools\nginx\html\sistema_biometrico\index.php línea 50
URI: /ciclos
--------------------------------------------------------------------------------
[2026-03-09 13:26:17] [DEPRECATED] session_set_save_handler(): Providing individual callbacks instead of an object implementing SessionHandlerInterface is deprecated en C:\tools\nginx\html\sistema_biometrico\index.php línea 50
URI: /ciclos/json
--------------------------------------------------------------------------------
[2026-03-09 13:26:17] [DEPRECATED] session_set_save_handler(): Providing individual callbacks instead of an object implementing SessionHandlerInterface is deprecated en C:\tools\nginx\html\sistema_biometrico\index.php línea 50
URI: /ciclos/horarios-catalogo
--------------------------------------------------------------------------------
[2026-03-09 13:26:18] [DEPRECATED] session_set_save_handler(): Providing individual callbacks instead of an object implementing SessionHandlerInterface is deprecated en C:\tools\nginx\html\sistema_biometrico\index.php línea 50
URI: /horarios
--------------------------------------------------------------------------------
[2026-03-09 13:26:21] [DEPRECATED] session_set_save_handler(): Providing individual callbacks instead of an object implementing SessionHandlerInterface is deprecated en C:\tools\nginx\html\sistema_biometrico\index.php línea 50
URI: /empleados
--------------------------------------------------------------------------------
[2026-03-09 13:28:30] [DEPRECATED] session_set_save_handler(): Providing individual callbacks instead of an object implementing SessionHandlerInterface is deprecated en C:\tools\nginx\html\sistema_biometrico\index.php línea 50
URI: /empleados?search=106
--------------------------------------------------------------------------------
[2026-03-09 13:28:33] [DEPRECATED] session_set_save_handler(): Providing individual callbacks instead of an object implementing SessionHandlerInterface is deprecated en C:\tools\nginx\html\sistema_biometrico\index.php línea 50
URI: /empleados/datos-completos/106
--------------------------------------------------------------------------------
[2026-03-09 13:28:34] [DEPRECATED] session_set_save_handler(): Providing individual callbacks instead of an object implementing SessionHandlerInterface is deprecated en C:\tools\nginx\html\sistema_biometrico\index.php línea 50
URI: /api/log-error
--------------------------------------------------------------------------------
[2026-03-09 13:31:09] [DEPRECATED] session_set_save_handler(): Providing individual callbacks instead of an object implementing SessionHandlerInterface is deprecated en C:\tools\nginx\html\sistema_biometrico\index.php línea 50
URI: /empleados/datos-completos/106
--------------------------------------------------------------------------------
[2026-03-09 13:31:09] [DEPRECATED] session_set_save_handler(): Providing individual callbacks instead of an object implementing SessionHandlerInterface is deprecated en C:\tools\nginx\html\sistema_biometrico\index.php línea 50
URI: /api/log-error
--------------------------------------------------------------------------------
[2026-03-09 13:34:45] [DEPRECATED] session_set_save_handler(): Providing individual callbacks instead of an object implementing SessionHandlerInterface is deprecated en C:\tools\nginx\html\sistema_biometrico\index.php línea 50
URI: /api/tipos-justificacion
--------------------------------------------------------------------------------
[2026-03-09 13:37:43] [DEPRECATED] session_set_save_handler(): Providing individual callbacks instead of an object implementing SessionHandlerInterface is deprecated en C:\tools\nginx\html\sistema_biometrico\index.php línea 50
URI: /empleados/datos-completos/106
--------------------------------------------------------------------------------
[2026-03-09 13:37:43] [DEPRECATED] session_set_save_handler(): Providing individual callbacks instead of an object implementing SessionHandlerInterface is deprecated en C:\tools\nginx\html\sistema_biometrico\index.php línea 50
URI: /api/log-error
--------------------------------------------------------------------------------
[2026-03-09 13:39:35] [DEPRECATED] session_set_save_handler(): Providing individual callbacks instead of an object implementing SessionHandlerInterface is deprecated en C:\tools\nginx\html\sistema_biometrico\index.php línea 50
URI: /empleados?search=roberto
--------------------------------------------------------------------------------
[2026-03-09 13:39:37] [DEPRECATED] session_set_save_handler(): Providing individual callbacks instead of an object implementing SessionHandlerInterface is deprecated en C:\tools\nginx\html\sistema_biometrico\index.php línea 50
URI: /empleados/datos-completos/525
--------------------------------------------------------------------------------
[2026-03-09 13:39:37] [DEPRECATED] session_set_save_handler(): Providing individual callbacks instead of an object implementing SessionHandlerInterface is deprecated en C:\tools\nginx\html\sistema_biometrico\index.php línea 50
URI: /api/log-error
--------------------------------------------------------------------------------
[2026-03-09 13:40:06] [DEPRECATED] session_set_save_handler(): Providing individual callbacks instead of an object implementing SessionHandlerInterface is deprecated en C:\tools\nginx\html\sistema_biometrico\index.php línea 50
URI: /empleados/datos-completos/525
--------------------------------------------------------------------------------
[2026-03-09 13:40:13] [DEPRECATED] session_set_save_handler(): Providing individual callbacks instead of an object implementing SessionHandlerInterface is deprecated en C:\tools\nginx\html\sistema_biometrico\index.php línea 50
URI: /empleados/edit
--------------------------------------------------------------------------------
[2026-03-09 13:41:53] [DEPRECATED] session_set_save_handler(): Providing individual callbacks instead of an object implementing SessionHandlerInterface is deprecated en C:\tools\nginx\html\sistema_biometrico\index.php línea 50
URI: /empleados/datos-completos/525
--------------------------------------------------------------------------------
[2026-03-09 13:42:07] [DEPRECATED] session_set_save_handler(): Providing individual callbacks instead of an object implementing SessionHandlerInterface is deprecated en C:\tools\nginx\html\sistema_biometrico\index.php línea 50
URI: /empleados/create
--------------------------------------------------------------------------------
[2026-03-09 13:42:13] [DEPRECATED] session_set_save_handler(): Providing individual callbacks instead of an object implementing SessionHandlerInterface is deprecated en C:\tools\nginx\html\sistema_biometrico\index.php línea 50
URI: /empleados
--------------------------------------------------------------------------------
[2026-03-09 13:46:33] [DEPRECATED] session_set_save_handler(): Providing individual callbacks instead of an object implementing SessionHandlerInterface is deprecated en C:\tools\nginx\html\sistema_biometrico\index.php línea 50
URI: /database
--------------------------------------------------------------------------------
[2026-03-09 13:46:34] [DEPRECATED] session_set_save_handler(): Providing individual callbacks instead of an object implementing SessionHandlerInterface is deprecated en C:\tools\nginx\html\sistema_biometrico\index.php línea 50
URI: /database/foreignKeys
--------------------------------------------------------------------------------
[2026-03-09 13:46:34] [DEPRECATED] session_set_save_handler(): Providing individual callbacks instead of an object implementing SessionHandlerInterface is deprecated en C:\tools\nginx\html\sistema_biometrico\index.php línea 50
URI: /database/listBackups
--------------------------------------------------------------------------------
[2026-03-09 13:46:46] [DEPRECATED] session_set_save_handler(): Providing individual callbacks instead of an object implementing SessionHandlerInterface is deprecated en C:\tools\nginx\html\sistema_biometrico\index.php línea 50
URI: /database
--------------------------------------------------------------------------------
[2026-03-09 13:46:46] [DEPRECATED] session_set_save_handler(): Providing individual callbacks instead of an object implementing SessionHandlerInterface is deprecated en C:\tools\nginx\html\sistema_biometrico\index.php línea 50
URI: /database/listBackups
--------------------------------------------------------------------------------
[2026-03-09 13:46:46] [DEPRECATED] session_set_save_handler(): Providing individual callbacks instead of an object implementing SessionHandlerInterface is deprecated en C:\tools\nginx\html\sistema_biometrico\index.php línea 50
URI: /database/foreignKeys
--------------------------------------------------------------------------------
[2026-03-09 13:46:47] [DEPRECATED] session_set_save_handler(): Providing individual callbacks instead of an object implementing SessionHandlerInterface is deprecated en C:\tools\nginx\html\sistema_biometrico\index.php línea 50
URI: /database
--------------------------------------------------------------------------------
[2026-03-09 13:46:47] [DEPRECATED] session_set_save_handler(): Providing individual callbacks instead of an object implementing SessionHandlerInterface is deprecated en C:\tools\nginx\html\sistema_biometrico\index.php línea 50
URI: /database/foreignKeys
--------------------------------------------------------------------------------
[2026-03-09 13:46:47] [DEPRECATED] session_set_save_handler(): Providing individual callbacks instead of an object implementing SessionHandlerInterface is deprecated en C:\tools\nginx\html\sistema_biometrico\index.php línea 50
URI: /database/listBackups
--------------------------------------------------------------------------------
[2026-03-09 13:49:58] [DEPRECATED] session_set_save_handler(): Providing individual callbacks instead of an object implementing SessionHandlerInterface is deprecated en C:\tools\nginx\html\sistema_biometrico\index.php línea 50
URI: /
--------------------------------------------------------------------------------
[2026-03-09 13:49:58] [DEPRECATED] session_set_save_handler(): Providing individual callbacks instead of an object implementing SessionHandlerInterface is deprecated en C:\tools\nginx\html\sistema_biometrico\index.php línea 50
URI: /login
--------------------------------------------------------------------------------
[2026-03-09 13:50:07] [DEPRECATED] session_set_save_handler(): Providing individual callbacks instead of an object implementing SessionHandlerInterface is deprecated en C:\tools\nginx\html\sistema_biometrico\index.php línea 50
URI: /login
--------------------------------------------------------------------------------
[2026-03-09 13:50:07] [DEPRECATED] session_set_save_handler(): Providing individual callbacks instead of an object implementing SessionHandlerInterface is deprecated en C:\tools\nginx\html\sistema_biometrico\index.php línea 50
URI: /dashboard
--------------------------------------------------------------------------------
[2026-03-09 13:50:10] [EXCEPTION] PDOException
Contexto: {"action":"index","section":"comisiones"}
Mensaje: SQLSTATE[42S22]: Column not found: 1054 Unknown column 'monto' in 'SELECT'
URI: /dashboard
Archivo: C:\tools\nginx\html\sistema_biometrico\models\Comision.php Línea: 136
#0 C:\tools\nginx\html\sistema_biometrico\models\Comision.php(136): PDO->prepare('SELECT SUM(mont...')
#1 C:\tools\nginx\html\sistema_biometrico\controllers\DashboardController.php(81): Comision->getTotalComisiones(NULL, '03', '2026')
#2 C:\tools\nginx\html\sistema_biometrico\index.php(180): DashboardController->index()
#3 {main}
--------------------------------------------------------------------------------
[2026-03-09 13:50:12] [DEPRECATED] session_set_save_handler(): Providing individual callbacks instead of an object implementing SessionHandlerInterface is deprecated en C:\tools\nginx\html\sistema_biometrico\index.php línea 50
URI: /database
--------------------------------------------------------------------------------
[2026-03-09 13:50:12] [DEPRECATED] session_set_save_handler(): Providing individual callbacks instead of an object implementing SessionHandlerInterface is deprecated en C:\tools\nginx\html\sistema_biometrico\index.php línea 50
URI: /database/foreignKeys
--------------------------------------------------------------------------------
[2026-03-09 13:50:12] [DEPRECATED] session_set_save_handler(): Providing individual callbacks instead of an object implementing SessionHandlerInterface is deprecated en C:\tools\nginx\html\sistema_biometrico\index.php línea 50
URI: /database/listBackups
--------------------------------------------------------------------------------
[2026-03-09 13:51:10] [DEPRECATED] session_set_save_handler(): Providing individual callbacks instead of an object implementing SessionHandlerInterface is deprecated en C:\tools\nginx\html\sistema_biometrico\index.php línea 50
URI: /database
--------------------------------------------------------------------------------
[2026-03-09 13:51:10] [DEPRECATED] session_set_save_handler(): Providing individual callbacks instead of an object implementing SessionHandlerInterface is deprecated en C:\tools\nginx\html\sistema_biometrico\index.php línea 50
URI: /database/foreignKeys
--------------------------------------------------------------------------------
[2026-03-09 13:51:10] [DEPRECATED] session_set_save_handler(): Providing individual callbacks instead of an object implementing SessionHandlerInterface is deprecated en C:\tools\nginx\html\sistema_biometrico\index.php línea 50
URI: /database/listBackups
--------------------------------------------------------------------------------
[2026-03-09 13:51:15] [DEPRECATED] session_set_save_handler(): Providing individual callbacks instead of an object implementing SessionHandlerInterface is deprecated en C:\tools\nginx\html\sistema_biometrico\index.php línea 50
URI: /database/backup
--------------------------------------------------------------------------------
[2026-03-09 13:51:18] [DEPRECATED] session_set_save_handler(): Providing individual callbacks instead of an object implementing SessionHandlerInterface is deprecated en C:\tools\nginx\html\sistema_biometrico\index.php línea 50
URI: /database
--------------------------------------------------------------------------------
[2026-03-09 13:51:18] [DEPRECATED] session_set_save_handler(): Providing individual callbacks instead of an object implementing SessionHandlerInterface is deprecated en C:\tools\nginx\html\sistema_biometrico\index.php línea 50
URI: /database/listBackups
--------------------------------------------------------------------------------
[2026-03-09 13:51:18] [DEPRECATED] session_set_save_handler(): Providing individual callbacks instead of an object implementing SessionHandlerInterface is deprecated en C:\tools\nginx\html\sistema_biometrico\index.php línea 50
URI: /database/foreignKeys
--------------------------------------------------------------------------------
[2026-03-09 13:51:35] [DEPRECATED] session_set_save_handler(): Providing individual callbacks instead of an object implementing SessionHandlerInterface is deprecated en C:\tools\nginx\html\sistema_biometrico\index.php línea 50
URI: /database/backup
--------------------------------------------------------------------------------
[2026-03-09 13:51:38] [DEPRECATED] session_set_save_handler(): Providing individual callbacks instead of an object implementing SessionHandlerInterface is deprecated en C:\tools\nginx\html\sistema_biometrico\index.php línea 50
URI: /database
--------------------------------------------------------------------------------
[2026-03-09 13:51:38] [DEPRECATED] session_set_save_handler(): Providing individual callbacks instead of an object implementing SessionHandlerInterface is deprecated en C:\tools\nginx\html\sistema_biometrico\index.php línea 50
URI: /database/foreignKeys
--------------------------------------------------------------------------------
[2026-03-09 13:51:38] [DEPRECATED] session_set_save_handler(): Providing individual callbacks instead of an object implementing SessionHandlerInterface is deprecated en C:\tools\nginx\html\sistema_biometrico\index.php línea 50
URI: /database/listBackups
--------------------------------------------------------------------------------
[2026-03-09 13:52:04] [DEPRECATED] session_set_save_handler(): Providing individual callbacks instead of an object implementing SessionHandlerInterface is deprecated en C:\tools\nginx\html\sistema_biometrico\index.php línea 50
URI: /usuarios
--------------------------------------------------------------------------------
[2026-03-09 13:52:11] [DEPRECATED] session_set_save_handler(): Providing individual callbacks instead of an object implementing SessionHandlerInterface is deprecated en C:\tools\nginx\html\sistema_biometrico\index.php línea 50
URI: /logout
--------------------------------------------------------------------------------
[2026-03-09 13:52:11] [DEPRECATED] session_set_save_handler(): Providing individual callbacks instead of an object implementing SessionHandlerInterface is deprecated en C:\tools\nginx\html\sistema_biometrico\index.php línea 50
URI: /login
--------------------------------------------------------------------------------
