[2026-03-23 09:39:35] [DEPRECATED] session_set_save_handler(): Providing individual callbacks instead of an object implementing SessionHandlerInterface is deprecated en C:\tools\nginx\html\sistema_biometrico\index.php línea 52
URI: /
--------------------------------------------------------------------------------
[2026-03-23 09:39:35] [DEPRECATED] session_set_save_handler(): Providing individual callbacks instead of an object implementing SessionHandlerInterface is deprecated en C:\tools\nginx\html\sistema_biometrico\index.php línea 52
URI: /login
--------------------------------------------------------------------------------
[2026-03-23 09:39:47] [DEPRECATED] session_set_save_handler(): Providing individual callbacks instead of an object implementing SessionHandlerInterface is deprecated en C:\tools\nginx\html\sistema_biometrico\index.php línea 52
URI: /login
--------------------------------------------------------------------------------
[2026-03-23 09:39:47] [DEPRECATED] session_set_save_handler(): Providing individual callbacks instead of an object implementing SessionHandlerInterface is deprecated en C:\tools\nginx\html\sistema_biometrico\index.php línea 52
URI: /dashboard
--------------------------------------------------------------------------------
[2026-03-23 09:41:16] [DEPRECATED] session_set_save_handler(): Providing individual callbacks instead of an object implementing SessionHandlerInterface is deprecated en C:\tools\nginx\html\sistema_biometrico\index.php línea 52
URI: /
--------------------------------------------------------------------------------
[2026-03-23 09:43:27] [DEPRECATED] session_set_save_handler(): Providing individual callbacks instead of an object implementing SessionHandlerInterface is deprecated en C:\tools\nginx\html\sistema_biometrico\index.php línea 52
URI: /dashboard
--------------------------------------------------------------------------------
[2026-03-23 09:45:48] [DEPRECATED] session_set_save_handler(): Providing individual callbacks instead of an object implementing SessionHandlerInterface is deprecated en C:\tools\nginx\html\sistema_biometrico\index.php línea 52
URI: /reportes/excel
--------------------------------------------------------------------------------
[2026-03-23 09:45:55] [DEPRECATED] session_set_save_handler(): Providing individual callbacks instead of an object implementing SessionHandlerInterface is deprecated en C:\tools\nginx\html\sistema_biometrico\index.php línea 52
URI: /reportes/excel?ajax=1&tipo_registro=Retardo&departamento=&empleado_id=&estado=&fecha_inicio=2026-03-01&fecha_fin=2026-03-31
--------------------------------------------------------------------------------
[2026-03-23 09:46:17] [DEPRECATED] session_set_save_handler(): Providing individual callbacks instead of an object implementing SessionHandlerInterface is deprecated en C:\tools\nginx\html\sistema_biometrico\index.php línea 52
URI: /empleados
--------------------------------------------------------------------------------
[2026-03-23 09:47:20] [DEPRECATED] session_set_save_handler(): Providing individual callbacks instead of an object implementing SessionHandlerInterface is deprecated en C:\tools\nginx\html\sistema_biometrico\index.php línea 52
URI: /empleados?search=87
--------------------------------------------------------------------------------
[2026-03-23 09:47:21] [DEPRECATED] session_set_save_handler(): Providing individual callbacks instead of an object implementing SessionHandlerInterface is deprecated en C:\tools\nginx\html\sistema_biometrico\index.php línea 52
URI: /empleados/datos-completos/87
--------------------------------------------------------------------------------
[2026-03-23 09:49:19] [DEPRECATED] session_set_save_handler(): Providing individual callbacks instead of an object implementing SessionHandlerInterface is deprecated en C:\tools\nginx\html\sistema_biometrico\index.php línea 52
URI: /empleados?search=10
--------------------------------------------------------------------------------
[2026-03-23 09:49:22] [DEPRECATED] session_set_save_handler(): Providing individual callbacks instead of an object implementing SessionHandlerInterface is deprecated en C:\tools\nginx\html\sistema_biometrico\index.php línea 52
URI: /empleados/datos-completos/10
--------------------------------------------------------------------------------
[2026-03-23 09:50:25] [DEPRECATED] session_set_save_handler(): Providing individual callbacks instead of an object implementing SessionHandlerInterface is deprecated en C:\tools\nginx\html\sistema_biometrico\index.php línea 52
URI: /validaciones
--------------------------------------------------------------------------------
[2026-03-23 09:50:27] [DEPRECATED] session_set_save_handler(): Providing individual callbacks instead of an object implementing SessionHandlerInterface is deprecated en C:\tools\nginx\html\sistema_biometrico\index.php línea 52
URI: /validaciones/buscar-empleados?solo_con_incidencias=1
--------------------------------------------------------------------------------
[2026-03-23 09:50:27] [DEPRECATED] session_set_save_handler(): Providing individual callbacks instead of an object implementing SessionHandlerInterface is deprecated en C:\tools\nginx\html\sistema_biometrico\index.php línea 52
URI: /validaciones/obtener-areas
--------------------------------------------------------------------------------
[2026-03-23 09:50:27] [DEPRECATED] session_set_save_handler(): Providing individual callbacks instead of an object implementing SessionHandlerInterface is deprecated en C:\tools\nginx\html\sistema_biometrico\index.php línea 52
URI: /validaciones/estadisticas
--------------------------------------------------------------------------------
[2026-03-23 09:50:43] [DEPRECATED] session_set_save_handler(): Providing individual callbacks instead of an object implementing SessionHandlerInterface is deprecated en C:\tools\nginx\html\sistema_biometrico\index.php línea 52
URI: /notas-malas
--------------------------------------------------------------------------------
[2026-03-23 10:10:09] [DEPRECATED] session_set_save_handler(): Providing individual callbacks instead of an object implementing SessionHandlerInterface is deprecated en C:\tools\nginx\html\sistema_biometrico\index.php línea 52
URI: /reportes/excel
--------------------------------------------------------------------------------
[2026-03-23 10:10:16] [DEPRECATED] session_set_save_handler(): Providing individual callbacks instead of an object implementing SessionHandlerInterface is deprecated en C:\tools\nginx\html\sistema_biometrico\index.php línea 52
URI: /reportes/excel?ajax=1&tipo_registro=&departamento=&empleado_id=&estado=&fecha_inicio=2026-02-01&fecha_fin=2026-03-31
--------------------------------------------------------------------------------
[2026-03-23 10:10:27] [DEPRECATED] session_set_save_handler(): Providing individual callbacks instead of an object implementing SessionHandlerInterface is deprecated en C:\tools\nginx\html\sistema_biometrico\index.php línea 52
URI: /reportes/excel?ajax=1&tipo_registro=&departamento=&empleado_id=&estado=&fecha_inicio=2026-02-01&fecha_fin=2026-03-31
--------------------------------------------------------------------------------
[2026-03-23 10:10:30] [DEPRECATED] session_set_save_handler(): Providing individual callbacks instead of an object implementing SessionHandlerInterface is deprecated en C:\tools\nginx\html\sistema_biometrico\index.php línea 52
URI: /configuracion
--------------------------------------------------------------------------------
[2026-03-23 10:10:31] [DEPRECATED] session_set_save_handler(): Providing individual callbacks instead of an object implementing SessionHandlerInterface is deprecated en C:\tools\nginx\html\sistema_biometrico\index.php línea 52
URI: /configuracion/getRecentHistory?t=1774282231035
--------------------------------------------------------------------------------
[2026-03-23 10:10:31] [DEPRECATED] session_set_save_handler(): Providing individual callbacks instead of an object implementing SessionHandlerInterface is deprecated en C:\tools\nginx\html\sistema_biometrico\index.php línea 52
URI: /api/log-error
--------------------------------------------------------------------------------
[2026-03-23 10:18:43] [DEPRECATED] session_set_save_handler(): Providing individual callbacks instead of an object implementing SessionHandlerInterface is deprecated en C:\tools\nginx\html\sistema_biometrico\index.php línea 52
URI: /configuracion/uploadZkteco
--------------------------------------------------------------------------------
[2026-03-23 10:19:14] [DEPRECATED] session_set_save_handler(): Providing individual callbacks instead of an object implementing SessionHandlerInterface is deprecated en C:\tools\nginx\html\sistema_biometrico\index.php línea 52
URI: /configuracion/getRecentHistory?t=1774282754506
--------------------------------------------------------------------------------
[2026-03-23 10:19:14] [DEPRECATED] session_set_save_handler(): Providing individual callbacks instead of an object implementing SessionHandlerInterface is deprecated en C:\tools\nginx\html\sistema_biometrico\index.php línea 52
URI: /api/log-error
--------------------------------------------------------------------------------
[2026-03-23 10:19:23] [DEPRECATED] session_set_save_handler(): Providing individual callbacks instead of an object implementing SessionHandlerInterface is deprecated en C:\tools\nginx\html\sistema_biometrico\index.php línea 52
URI: /configuracion/getProcesamientoDetalle?id=32&t=1774282763078
--------------------------------------------------------------------------------
[2026-03-23 10:19:41] [DEPRECATED] session_set_save_handler(): Providing individual callbacks instead of an object implementing SessionHandlerInterface is deprecated en C:\tools\nginx\html\sistema_biometrico\index.php línea 52
URI: /configuracion/limpiarLogs?dias=365
--------------------------------------------------------------------------------
[2026-03-23 10:19:50] [DEPRECATED] session_set_save_handler(): Providing individual callbacks instead of an object implementing SessionHandlerInterface is deprecated en C:\tools\nginx\html\sistema_biometrico\index.php línea 52
URI: /configuracion/getRecentHistory?t=1774282790188
--------------------------------------------------------------------------------
[2026-03-23 10:19:50] [DEPRECATED] session_set_save_handler(): Providing individual callbacks instead of an object implementing SessionHandlerInterface is deprecated en C:\tools\nginx\html\sistema_biometrico\index.php línea 52
URI: /api/log-error
--------------------------------------------------------------------------------
[2026-03-23 10:20:58] [DEPRECATED] session_set_save_handler(): Providing individual callbacks instead of an object implementing SessionHandlerInterface is deprecated en C:\tools\nginx\html\sistema_biometrico\index.php línea 52
URI: /configuracion/uploadZkteco
--------------------------------------------------------------------------------
[2026-03-23 10:21:05] [DEPRECATED] session_set_save_handler(): Providing individual callbacks instead of an object implementing SessionHandlerInterface is deprecated en C:\tools\nginx\html\sistema_biometrico\index.php línea 52
URI: /configuracion/getRecentHistory?t=1774282865912
--------------------------------------------------------------------------------
[2026-03-23 10:21:05] [DEPRECATED] session_set_save_handler(): Providing individual callbacks instead of an object implementing SessionHandlerInterface is deprecated en C:\tools\nginx\html\sistema_biometrico\index.php línea 52
URI: /api/log-error
--------------------------------------------------------------------------------
[2026-03-23 10:21:33] [DEPRECATED] session_set_save_handler(): Providing individual callbacks instead of an object implementing SessionHandlerInterface is deprecated en C:\tools\nginx\html\sistema_biometrico\index.php línea 52
URI: /configuracion/getProcesamientoDetalle?id=28&t=1774282893621
--------------------------------------------------------------------------------
[2026-03-23 10:21:57] [DEPRECATED] session_set_save_handler(): Providing individual callbacks instead of an object implementing SessionHandlerInterface is deprecated en C:\tools\nginx\html\sistema_biometrico\index.php línea 52
URI: /configuracion/uploadZkteco
--------------------------------------------------------------------------------
[2026-03-23 10:21:57] [DEPRECATED] session_set_save_handler(): Providing individual callbacks instead of an object implementing SessionHandlerInterface is deprecated en C:\tools\nginx\html\sistema_biometrico\index.php línea 52
URI: /configuracion/uploadZkteco
--------------------------------------------------------------------------------
[2026-03-23 10:21:57] [DEPRECATED] session_set_save_handler(): Providing individual callbacks instead of an object implementing SessionHandlerInterface is deprecated en C:\tools\nginx\html\sistema_biometrico\index.php línea 52
URI: /api/log-error
--------------------------------------------------------------------------------
[2026-03-23 10:22:22] [DEPRECATED] session_set_save_handler(): Providing individual callbacks instead of an object implementing SessionHandlerInterface is deprecated en C:\tools\nginx\html\sistema_biometrico\index.php línea 52
URI: /.well-known/appspecific/com.chrome.devtools.json
--------------------------------------------------------------------------------
[2026-03-23 10:22:53] [DEPRECATED] session_set_save_handler(): Providing individual callbacks instead of an object implementing SessionHandlerInterface is deprecated en C:\tools\nginx\html\sistema_biometrico\index.php línea 52
URI: /configuracion
--------------------------------------------------------------------------------
[2026-03-23 10:22:53] [DEPRECATED] session_set_save_handler(): Providing individual callbacks instead of an object implementing SessionHandlerInterface is deprecated en C:\tools\nginx\html\sistema_biometrico\index.php línea 52
URI: /.well-known/appspecific/com.chrome.devtools.json
--------------------------------------------------------------------------------
[2026-03-23 10:22:53] [DEPRECATED] session_set_save_handler(): Providing individual callbacks instead of an object implementing SessionHandlerInterface is deprecated en C:\tools\nginx\html\sistema_biometrico\index.php línea 52
URI: /configuracion/getRecentHistory?t=1774282973510
--------------------------------------------------------------------------------
[2026-03-23 10:22:53] [DEPRECATED] session_set_save_handler(): Providing individual callbacks instead of an object implementing SessionHandlerInterface is deprecated en C:\tools\nginx\html\sistema_biometrico\index.php línea 52
URI: /api/log-error
--------------------------------------------------------------------------------
[2026-03-23 10:23:38] [DEPRECATED] session_set_save_handler(): Providing individual callbacks instead of an object implementing SessionHandlerInterface is deprecated en C:\tools\nginx\html\sistema_biometrico\index.php línea 52
URI: /dashboard
--------------------------------------------------------------------------------
[2026-03-23 10:23:42] [DEPRECATED] session_set_save_handler(): Providing individual callbacks instead of an object implementing SessionHandlerInterface is deprecated en C:\tools\nginx\html\sistema_biometrico\index.php línea 52
URI: /dashboard
--------------------------------------------------------------------------------
[2026-03-23 10:26:40] [DEPRECATED] session_set_save_handler(): Providing individual callbacks instead of an object implementing SessionHandlerInterface is deprecated en C:\tools\nginx\html\sistema_biometrico\index.php línea 52
URI: /empleados
--------------------------------------------------------------------------------
[2026-03-23 10:26:42] [DEPRECATED] session_set_save_handler(): Providing individual callbacks instead of an object implementing SessionHandlerInterface is deprecated en C:\tools\nginx\html\sistema_biometrico\index.php línea 52
URI: /
--------------------------------------------------------------------------------
[2026-03-23 10:26:47] [DEPRECATED] session_set_save_handler(): Providing individual callbacks instead of an object implementing SessionHandlerInterface is deprecated en C:\tools\nginx\html\sistema_biometrico\index.php línea 52
URI: /dashboard
--------------------------------------------------------------------------------
[2026-03-23 10:26:50] [DEPRECATED] session_set_save_handler(): Providing individual callbacks instead of an object implementing SessionHandlerInterface is deprecated en C:\tools\nginx\html\sistema_biometrico\index.php línea 52
URI: /empleados
--------------------------------------------------------------------------------
[2026-03-23 10:26:52] [DEPRECATED] session_set_save_handler(): Providing individual callbacks instead of an object implementing SessionHandlerInterface is deprecated en C:\tools\nginx\html\sistema_biometrico\index.php línea 52
URI: /empleados
--------------------------------------------------------------------------------
[2026-03-23 10:26:59] [DEPRECATED] session_set_save_handler(): Providing individual callbacks instead of an object implementing SessionHandlerInterface is deprecated en C:\tools\nginx\html\sistema_biometrico\index.php línea 52
URI: /empleados?search=colin
--------------------------------------------------------------------------------
[2026-03-23 10:27:02] [DEPRECATED] session_set_save_handler(): Providing individual callbacks instead of an object implementing SessionHandlerInterface is deprecated en C:\tools\nginx\html\sistema_biometrico\index.php línea 52
URI: /empleados/datos-completos/65
--------------------------------------------------------------------------------
[2026-03-23 10:27:51] [DEPRECATED] session_set_save_handler(): Providing individual callbacks instead of an object implementing SessionHandlerInterface is deprecated en C:\tools\nginx\html\sistema_biometrico\index.php línea 52
URI: /configuracion
--------------------------------------------------------------------------------
[2026-03-23 10:27:51] [DEPRECATED] session_set_save_handler(): Providing individual callbacks instead of an object implementing SessionHandlerInterface is deprecated en C:\tools\nginx\html\sistema_biometrico\index.php línea 52
URI: /configuracion/getRecentHistory?t=1774283271929
--------------------------------------------------------------------------------
[2026-03-23 10:27:52] [DEPRECATED] session_set_save_handler(): Providing individual callbacks instead of an object implementing SessionHandlerInterface is deprecated en C:\tools\nginx\html\sistema_biometrico\index.php línea 52
URI: /api/log-error
--------------------------------------------------------------------------------
[2026-03-23 10:28:03] [DEPRECATED] session_set_save_handler(): Providing individual callbacks instead of an object implementing SessionHandlerInterface is deprecated en C:\tools\nginx\html\sistema_biometrico\index.php línea 52
URI: /configuracion/uploadZkteco
--------------------------------------------------------------------------------
[2026-03-23 10:28:10] [DEPRECATED] session_set_save_handler(): Providing individual callbacks instead of an object implementing SessionHandlerInterface is deprecated en C:\tools\nginx\html\sistema_biometrico\index.php línea 52
URI: /configuracion/getRecentHistory?t=1774283290218
--------------------------------------------------------------------------------
[2026-03-23 10:28:10] [DEPRECATED] session_set_save_handler(): Providing individual callbacks instead of an object implementing SessionHandlerInterface is deprecated en C:\tools\nginx\html\sistema_biometrico\index.php línea 52
URI: /api/log-error
--------------------------------------------------------------------------------
[2026-03-23 10:28:20] [DEPRECATED] session_set_save_handler(): Providing individual callbacks instead of an object implementing SessionHandlerInterface is deprecated en C:\tools\nginx\html\sistema_biometrico\index.php línea 52
URI: /configuracion/getProcesamientoDetalle?id=35&t=1774283300637
--------------------------------------------------------------------------------
[2026-03-23 10:47:09] [DEPRECATED] session_set_save_handler(): Providing individual callbacks instead of an object implementing SessionHandlerInterface is deprecated en C:\tools\nginx\html\sistema_biometrico\index.php línea 52
URI: /empleados
--------------------------------------------------------------------------------
[2026-03-23 10:47:11] [DEPRECATED] session_set_save_handler(): Providing individual callbacks instead of an object implementing SessionHandlerInterface is deprecated en C:\tools\nginx\html\sistema_biometrico\index.php línea 52
URI: /empleados/datos-completos/1
--------------------------------------------------------------------------------
[2026-03-23 10:47:33] [DEPRECATED] session_set_save_handler(): Providing individual callbacks instead of an object implementing SessionHandlerInterface is deprecated en C:\tools\nginx\html\sistema_biometrico\index.php línea 52
URI: /empleados/datos-completos/1
--------------------------------------------------------------------------------
[2026-03-23 10:50:56] [WARNING] Trying to access array offset on false en Command line code línea 13
URI: N/A
--------------------------------------------------------------------------------
[2026-03-23 10:50:56] [WARNING] Trying to access array offset on false en Command line code línea 13
URI: N/A
--------------------------------------------------------------------------------
[2026-03-23 10:50:56] [WARNING] Trying to access array offset on false en Command line code línea 13
URI: N/A
--------------------------------------------------------------------------------
[2026-03-23 10:50:56] [WARNING] Trying to access array offset on false en Command line code línea 13
URI: N/A
--------------------------------------------------------------------------------
[2026-03-23 10:52:24] [FATAL_ERROR] Uncaught PDOException: SQLSTATE[42S22]: Column not found: 1054 Unknown column 'total_horas_semanales' in 'SELECT' in Command line code:1
Stack trace:
#0 Command line code(1): PDO->query('SELECT id, nomb...')
#1 {main}
  thrown en Command line code línea 1
URI: N/A
--------------------------------------------------------------------------------
[2026-03-23 11:05:35] [DEPRECATED] session_set_save_handler(): Providing individual callbacks instead of an object implementing SessionHandlerInterface is deprecated en C:\tools\nginx\html\sistema_biometrico\index.php línea 52
URI: /empleados?search=87
--------------------------------------------------------------------------------
[2026-03-23 11:05:37] [DEPRECATED] session_set_save_handler(): Providing individual callbacks instead of an object implementing SessionHandlerInterface is deprecated en C:\tools\nginx\html\sistema_biometrico\index.php línea 52
URI: /empleados/datos-completos/87
--------------------------------------------------------------------------------
[2026-03-23 11:14:49] [DEPRECATED] session_set_save_handler(): Providing individual callbacks instead of an object implementing SessionHandlerInterface is deprecated en C:\tools\nginx\html\sistema_biometrico\index.php línea 52
URI: /justificaciones/get-asistencia-ajax/90894
--------------------------------------------------------------------------------
[2026-03-23 11:31:20] [DEPRECATED] session_set_save_handler(): Providing individual callbacks instead of an object implementing SessionHandlerInterface is deprecated en C:\tools\nginx\html\sistema_biometrico\index.php línea 52
URI: /empleados?search=87
--------------------------------------------------------------------------------
[2026-03-23 11:31:23] [DEPRECATED] session_set_save_handler(): Providing individual callbacks instead of an object implementing SessionHandlerInterface is deprecated en C:\tools\nginx\html\sistema_biometrico\index.php línea 52
URI: /empleados?search=87
--------------------------------------------------------------------------------
[2026-03-23 11:31:33] [DEPRECATED] session_set_save_handler(): Providing individual callbacks instead of an object implementing SessionHandlerInterface is deprecated en C:\tools\nginx\html\sistema_biometrico\index.php línea 52
URI: /empleados/datos-completos/87
--------------------------------------------------------------------------------
[2026-03-23 11:31:41] [DEPRECATED] session_set_save_handler(): Providing individual callbacks instead of an object implementing SessionHandlerInterface is deprecated en C:\tools\nginx\html\sistema_biometrico\index.php línea 52
URI: /api/log-error
--------------------------------------------------------------------------------
[2026-03-23 11:31:43] [DEPRECATED] session_set_save_handler(): Providing individual callbacks instead of an object implementing SessionHandlerInterface is deprecated en C:\tools\nginx\html\sistema_biometrico\index.php línea 52
URI: /api/log-error
--------------------------------------------------------------------------------
[2026-03-23 11:32:10] [DEPRECATED] session_set_save_handler(): Providing individual callbacks instead of an object implementing SessionHandlerInterface is deprecated en C:\tools\nginx\html\sistema_biometrico\index.php línea 52
URI: /.well-known/appspecific/com.chrome.devtools.json
--------------------------------------------------------------------------------
[2026-03-23 11:32:50] [DEPRECATED] session_set_save_handler(): Providing individual callbacks instead of an object implementing SessionHandlerInterface is deprecated en C:\tools\nginx\html\sistema_biometrico\index.php línea 52
URI: /empleados?search=87
--------------------------------------------------------------------------------
[2026-03-23 11:32:50] [DEPRECATED] session_set_save_handler(): Providing individual callbacks instead of an object implementing SessionHandlerInterface is deprecated en C:\tools\nginx\html\sistema_biometrico\index.php línea 52
URI: /.well-known/appspecific/com.chrome.devtools.json
--------------------------------------------------------------------------------
[2026-03-23 11:34:23] [DEPRECATED] session_set_save_handler(): Providing individual callbacks instead of an object implementing SessionHandlerInterface is deprecated en C:\tools\nginx\html\sistema_biometrico\index.php línea 52
URI: /empleados?search=87
--------------------------------------------------------------------------------
[2026-03-23 11:34:41] [DEPRECATED] session_set_save_handler(): Providing individual callbacks instead of an object implementing SessionHandlerInterface is deprecated en C:\tools\nginx\html\sistema_biometrico\index.php línea 52
URI: /empleados/datos-completos/87
--------------------------------------------------------------------------------
[2026-03-23 11:45:04] [DEPRECATED] session_set_save_handler(): Providing individual callbacks instead of an object implementing SessionHandlerInterface is deprecated en C:\tools\nginx\html\sistema_biometrico\index.php línea 52
URI: /empleados?search=87
--------------------------------------------------------------------------------
[2026-03-23 11:45:05] [DEPRECATED] session_set_save_handler(): Providing individual callbacks instead of an object implementing SessionHandlerInterface is deprecated en C:\tools\nginx\html\sistema_biometrico\index.php línea 52
URI: /empleados?search=87
--------------------------------------------------------------------------------
[2026-03-23 11:45:06] [DEPRECATED] session_set_save_handler(): Providing individual callbacks instead of an object implementing SessionHandlerInterface is deprecated en C:\tools\nginx\html\sistema_biometrico\index.php línea 52
URI: /empleados?search=87
--------------------------------------------------------------------------------
[2026-03-23 11:45:06] [DEPRECATED] session_set_save_handler(): Providing individual callbacks instead of an object implementing SessionHandlerInterface is deprecated en C:\tools\nginx\html\sistema_biometrico\index.php línea 52
URI: /empleados?search=87
--------------------------------------------------------------------------------
[2026-03-23 11:45:06] [DEPRECATED] session_set_save_handler(): Providing individual callbacks instead of an object implementing SessionHandlerInterface is deprecated en C:\tools\nginx\html\sistema_biometrico\index.php línea 52
URI: /empleados?search=87
--------------------------------------------------------------------------------
[2026-03-23 11:45:16] [DEPRECATED] session_set_save_handler(): Providing individual callbacks instead of an object implementing SessionHandlerInterface is deprecated en C:\tools\nginx\html\sistema_biometrico\index.php línea 52
URI: /empleados?search=87
--------------------------------------------------------------------------------
[2026-03-23 11:45:18] [DEPRECATED] session_set_save_handler(): Providing individual callbacks instead of an object implementing SessionHandlerInterface is deprecated en C:\tools\nginx\html\sistema_biometrico\index.php línea 52
URI: /empleados/datos-completos/87
--------------------------------------------------------------------------------
[2026-03-23 11:49:00] [DEPRECATED] session_set_save_handler(): Providing individual callbacks instead of an object implementing SessionHandlerInterface is deprecated en C:\tools\nginx\html\sistema_biometrico\index.php línea 52
URI: /empleados?search=87
--------------------------------------------------------------------------------
[2026-03-23 11:49:01] [DEPRECATED] session_set_save_handler(): Providing individual callbacks instead of an object implementing SessionHandlerInterface is deprecated en C:\tools\nginx\html\sistema_biometrico\index.php línea 52
URI: /empleados?search=87
--------------------------------------------------------------------------------
[2026-03-23 11:49:02] [DEPRECATED] session_set_save_handler(): Providing individual callbacks instead of an object implementing SessionHandlerInterface is deprecated en C:\tools\nginx\html\sistema_biometrico\index.php línea 52
URI: /empleados?search=87
--------------------------------------------------------------------------------
[2026-03-23 11:49:03] [DEPRECATED] session_set_save_handler(): Providing individual callbacks instead of an object implementing SessionHandlerInterface is deprecated en C:\tools\nginx\html\sistema_biometrico\index.php línea 52
URI: /empleados?search=87
--------------------------------------------------------------------------------
[2026-03-23 11:49:03] [DEPRECATED] session_set_save_handler(): Providing individual callbacks instead of an object implementing SessionHandlerInterface is deprecated en C:\tools\nginx\html\sistema_biometrico\index.php línea 52
URI: /empleados?search=87
--------------------------------------------------------------------------------
[2026-03-23 11:49:03] [DEPRECATED] session_set_save_handler(): Providing individual callbacks instead of an object implementing SessionHandlerInterface is deprecated en C:\tools\nginx\html\sistema_biometrico\index.php línea 52
URI: /empleados?search=87
--------------------------------------------------------------------------------
[2026-03-23 11:49:03] [DEPRECATED] session_set_save_handler(): Providing individual callbacks instead of an object implementing SessionHandlerInterface is deprecated en C:\tools\nginx\html\sistema_biometrico\index.php línea 52
URI: /empleados?search=87
--------------------------------------------------------------------------------
[2026-03-23 11:49:03] [DEPRECATED] session_set_save_handler(): Providing individual callbacks instead of an object implementing SessionHandlerInterface is deprecated en C:\tools\nginx\html\sistema_biometrico\index.php línea 52
URI: /empleados?search=87
--------------------------------------------------------------------------------
[2026-03-23 11:49:04] [DEPRECATED] session_set_save_handler(): Providing individual callbacks instead of an object implementing SessionHandlerInterface is deprecated en C:\tools\nginx\html\sistema_biometrico\index.php línea 52
URI: /empleados?search=87
--------------------------------------------------------------------------------
[2026-03-23 11:49:06] [DEPRECATED] session_set_save_handler(): Providing individual callbacks instead of an object implementing SessionHandlerInterface is deprecated en C:\tools\nginx\html\sistema_biometrico\index.php línea 52
URI: /empleados/datos-completos/87
--------------------------------------------------------------------------------
[2026-03-23 11:52:20] [DEPRECATED] session_set_save_handler(): Providing individual callbacks instead of an object implementing SessionHandlerInterface is deprecated en C:\tools\nginx\html\sistema_biometrico\index.php línea 52
URI: /empleados?search=87
--------------------------------------------------------------------------------
[2026-03-23 11:52:22] [DEPRECATED] session_set_save_handler(): Providing individual callbacks instead of an object implementing SessionHandlerInterface is deprecated en C:\tools\nginx\html\sistema_biometrico\index.php línea 52
URI: /empleados?search=87
--------------------------------------------------------------------------------
[2026-03-23 11:52:22] [DEPRECATED] session_set_save_handler(): Providing individual callbacks instead of an object implementing SessionHandlerInterface is deprecated en C:\tools\nginx\html\sistema_biometrico\index.php línea 52
URI: /empleados?search=87
--------------------------------------------------------------------------------
[2026-03-23 11:52:22] [DEPRECATED] session_set_save_handler(): Providing individual callbacks instead of an object implementing SessionHandlerInterface is deprecated en C:\tools\nginx\html\sistema_biometrico\index.php línea 52
URI: /empleados?search=87
--------------------------------------------------------------------------------
[2026-03-23 11:52:24] [DEPRECATED] session_set_save_handler(): Providing individual callbacks instead of an object implementing SessionHandlerInterface is deprecated en C:\tools\nginx\html\sistema_biometrico\index.php línea 52
URI: /empleados/datos-completos/87
--------------------------------------------------------------------------------
[2026-03-23 11:59:31] [DEPRECATED] session_set_save_handler(): Providing individual callbacks instead of an object implementing SessionHandlerInterface is deprecated en C:\tools\nginx\html\sistema_biometrico\index.php línea 52
URI: /empleados?search=87
--------------------------------------------------------------------------------
[2026-03-23 11:59:34] [DEPRECATED] session_set_save_handler(): Providing individual callbacks instead of an object implementing SessionHandlerInterface is deprecated en C:\tools\nginx\html\sistema_biometrico\index.php línea 52
URI: /empleados/datos-completos/87
--------------------------------------------------------------------------------
[2026-03-23 12:01:32] [DEPRECATED] session_set_save_handler(): Providing individual callbacks instead of an object implementing SessionHandlerInterface is deprecated en C:\tools\nginx\html\sistema_biometrico\index.php línea 52
URI: /empleados/datos-completos/87
--------------------------------------------------------------------------------
[2026-03-23 12:06:55] [DEPRECATED] session_set_save_handler(): Providing individual callbacks instead of an object implementing SessionHandlerInterface is deprecated en C:\tools\nginx\html\sistema_biometrico\index.php línea 52
URI: /empleados?search=87
--------------------------------------------------------------------------------
[2026-03-23 12:06:58] [DEPRECATED] session_set_save_handler(): Providing individual callbacks instead of an object implementing SessionHandlerInterface is deprecated en C:\tools\nginx\html\sistema_biometrico\index.php línea 52
URI: /empleados/datos-completos/87
--------------------------------------------------------------------------------
[2026-03-23 12:10:45] [DEPRECATED] session_set_save_handler(): Providing individual callbacks instead of an object implementing SessionHandlerInterface is deprecated en C:\tools\nginx\html\sistema_biometrico\index.php línea 52
URI: /empleados/datos-completos/87
--------------------------------------------------------------------------------
[2026-03-23 12:11:29] [DEPRECATED] session_set_save_handler(): Providing individual callbacks instead of an object implementing SessionHandlerInterface is deprecated en C:\tools\nginx\html\sistema_biometrico\index.php línea 52
URI: /asistencia
--------------------------------------------------------------------------------
[2026-03-23 12:11:29] [DEPRECATED] session_set_save_handler(): Providing individual callbacks instead of an object implementing SessionHandlerInterface is deprecated en C:\tools\nginx\html\sistema_biometrico\index.php línea 52
URI: /asistencia/filtrar-asistencia
--------------------------------------------------------------------------------
[2026-03-23 12:11:29] [DEPRECATED] session_set_save_handler(): Providing individual callbacks instead of an object implementing SessionHandlerInterface is deprecated en C:\tools\nginx\html\sistema_biometrico\index.php línea 52
URI: /asistencia/estado-dispositivos
--------------------------------------------------------------------------------
[2026-03-23 12:11:36] [DEPRECATED] session_set_save_handler(): Providing individual callbacks instead of an object implementing SessionHandlerInterface is deprecated en C:\tools\nginx\html\sistema_biometrico\index.php línea 52
URI: /empleados
--------------------------------------------------------------------------------
[2026-03-23 12:11:37] [DEPRECATED] session_set_save_handler(): Providing individual callbacks instead of an object implementing SessionHandlerInterface is deprecated en C:\tools\nginx\html\sistema_biometrico\index.php línea 52
URI: /asistencia
--------------------------------------------------------------------------------
[2026-03-23 12:11:38] [DEPRECATED] session_set_save_handler(): Providing individual callbacks instead of an object implementing SessionHandlerInterface is deprecated en C:\tools\nginx\html\sistema_biometrico\index.php línea 52
URI: /asistencia/filtrar-asistencia
--------------------------------------------------------------------------------
[2026-03-23 12:11:38] [DEPRECATED] session_set_save_handler(): Providing individual callbacks instead of an object implementing SessionHandlerInterface is deprecated en C:\tools\nginx\html\sistema_biometrico\index.php línea 52
URI: /asistencia/estado-dispositivos
--------------------------------------------------------------------------------
[2026-03-23 12:22:56] [DEPRECATED] session_set_save_handler(): Providing individual callbacks instead of an object implementing SessionHandlerInterface is deprecated en C:\tools\nginx\html\sistema_biometrico\index.php línea 52
URI: /asistencia
--------------------------------------------------------------------------------
[2026-03-23 12:22:56] [DEPRECATED] session_set_save_handler(): Providing individual callbacks instead of an object implementing SessionHandlerInterface is deprecated en C:\tools\nginx\html\sistema_biometrico\index.php línea 52
URI: /asistencia/estado-dispositivos
--------------------------------------------------------------------------------
[2026-03-23 12:23:00] [DEPRECATED] session_set_save_handler(): Providing individual callbacks instead of an object implementing SessionHandlerInterface is deprecated en C:\tools\nginx\html\sistema_biometrico\index.php línea 52
URI: /asistencia/filtrar-asistencia
--------------------------------------------------------------------------------
[2026-03-23 12:23:02] [DEPRECATED] session_set_save_handler(): Providing individual callbacks instead of an object implementing SessionHandlerInterface is deprecated en C:\tools\nginx\html\sistema_biometrico\index.php línea 52
URI: /configuracion
--------------------------------------------------------------------------------
[2026-03-23 12:23:02] [DEPRECATED] session_set_save_handler(): Providing individual callbacks instead of an object implementing SessionHandlerInterface is deprecated en C:\tools\nginx\html\sistema_biometrico\index.php línea 52
URI: /configuracion/getRecentHistory?t=1774290182816
--------------------------------------------------------------------------------
[2026-03-23 12:23:05] [DEPRECATED] session_set_save_handler(): Providing individual callbacks instead of an object implementing SessionHandlerInterface is deprecated en C:\tools\nginx\html\sistema_biometrico\index.php línea 52
URI: /notas-malas
--------------------------------------------------------------------------------
[2026-03-23 12:23:07] [DEPRECATED] session_set_save_handler(): Providing individual callbacks instead of an object implementing SessionHandlerInterface is deprecated en C:\tools\nginx\html\sistema_biometrico\index.php línea 52
URI: /configuracion
--------------------------------------------------------------------------------
[2026-03-23 12:23:07] [DEPRECATED] session_set_save_handler(): Providing individual callbacks instead of an object implementing SessionHandlerInterface is deprecated en C:\tools\nginx\html\sistema_biometrico\index.php línea 52
URI: /configuracion/getRecentHistory?t=1774290187317
--------------------------------------------------------------------------------
[2026-03-23 12:23:29] [DEPRECATED] session_set_save_handler(): Providing individual callbacks instead of an object implementing SessionHandlerInterface is deprecated en C:\tools\nginx\html\sistema_biometrico\index.php línea 52
URI: /configuracion/uploadZkteco
--------------------------------------------------------------------------------
[2026-03-23 12:23:46] [DEPRECATED] session_set_save_handler(): Providing individual callbacks instead of an object implementing SessionHandlerInterface is deprecated en C:\tools\nginx\html\sistema_biometrico\index.php línea 52
URI: /configuracion/getRecentHistory?t=1774290226684
--------------------------------------------------------------------------------
[2026-03-23 12:23:46] [DEPRECATED] session_set_save_handler(): Providing individual callbacks instead of an object implementing SessionHandlerInterface is deprecated en C:\tools\nginx\html\sistema_biometrico\index.php línea 52
URI: /api/log-error
--------------------------------------------------------------------------------
[2026-03-23 12:24:28] [DEPRECATED] session_set_save_handler(): Providing individual callbacks instead of an object implementing SessionHandlerInterface is deprecated en C:\tools\nginx\html\sistema_biometrico\index.php línea 52
URI: /configuracion/getProcesamientoDetalle?id=36&t=1774290268441
--------------------------------------------------------------------------------
[2026-03-23 12:25:00] [WARNING] Undefined array key "archivo" en Command line code línea 18
URI: N/A
--------------------------------------------------------------------------------
[2026-03-23 12:28:00] [FATAL_ERROR] Uncaught PDOException: SQLSTATE[01000]: Warning: 1265 Data truncated for column 'estado' at row 1 in Command line code:17
Stack trace:
#0 Command line code(17): PDOStatement->execute()
#1 {main}
  thrown en Command line code línea 17
URI: N/A
--------------------------------------------------------------------------------
[2026-03-23 12:28:33] [DEPRECATED] session_set_save_handler(): Providing individual callbacks instead of an object implementing SessionHandlerInterface is deprecated en C:\tools\nginx\html\sistema_biometrico\index.php línea 52
URI: /configuracion
--------------------------------------------------------------------------------
[2026-03-23 12:28:33] [DEPRECATED] session_set_save_handler(): Providing individual callbacks instead of an object implementing SessionHandlerInterface is deprecated en C:\tools\nginx\html\sistema_biometrico\index.php línea 52
URI: /configuracion/getRecentHistory?t=1774290513869
--------------------------------------------------------------------------------
[2026-03-23 12:28:34] [DEPRECATED] session_set_save_handler(): Providing individual callbacks instead of an object implementing SessionHandlerInterface is deprecated en C:\tools\nginx\html\sistema_biometrico\index.php línea 52
URI: /api/log-error
--------------------------------------------------------------------------------
[2026-03-23 12:29:13] [DEPRECATED] session_set_save_handler(): Providing individual callbacks instead of an object implementing SessionHandlerInterface is deprecated en C:\tools\nginx\html\sistema_biometrico\index.php línea 52
URI: /configuracion/getProcesamientoDetalle?id=36&t=1774290553120
--------------------------------------------------------------------------------
[2026-03-23 12:33:23] [DEPRECATED] session_set_save_handler(): Providing individual callbacks instead of an object implementing SessionHandlerInterface is deprecated en C:\tools\nginx\html\sistema_biometrico\index.php línea 52
URI: /configuracion
--------------------------------------------------------------------------------
[2026-03-23 12:33:23] [DEPRECATED] session_set_save_handler(): Providing individual callbacks instead of an object implementing SessionHandlerInterface is deprecated en C:\tools\nginx\html\sistema_biometrico\index.php línea 52
URI: /configuracion/getRecentHistory?t=1774290803450
--------------------------------------------------------------------------------
[2026-03-23 12:33:34] [DEPRECATED] session_set_save_handler(): Providing individual callbacks instead of an object implementing SessionHandlerInterface is deprecated en C:\tools\nginx\html\sistema_biometrico\index.php línea 52
URI: /configuracion/uploadZkteco
--------------------------------------------------------------------------------
[2026-03-23 12:33:52] [DEPRECATED] session_set_save_handler(): Providing individual callbacks instead of an object implementing SessionHandlerInterface is deprecated en C:\tools\nginx\html\sistema_biometrico\index.php línea 52
URI: /configuracion/getRecentHistory?t=1774290832731
--------------------------------------------------------------------------------
[2026-03-23 12:33:52] [DEPRECATED] session_set_save_handler(): Providing individual callbacks instead of an object implementing SessionHandlerInterface is deprecated en C:\tools\nginx\html\sistema_biometrico\index.php línea 52
URI: /api/log-error
--------------------------------------------------------------------------------
[2026-03-23 12:33:57] [DEPRECATED] session_set_save_handler(): Providing individual callbacks instead of an object implementing SessionHandlerInterface is deprecated en C:\tools\nginx\html\sistema_biometrico\index.php línea 52
URI: /configuracion/getProcesamientoDetalle?id=37&t=1774290837191
--------------------------------------------------------------------------------
[2026-03-23 12:34:13] [DEPRECATED] session_set_save_handler(): Providing individual callbacks instead of an object implementing SessionHandlerInterface is deprecated en C:\tools\nginx\html\sistema_biometrico\index.php línea 52
URI: /configuracion/uploadZkteco
--------------------------------------------------------------------------------
[2026-03-23 12:34:18] [DEPRECATED] session_set_save_handler(): Providing individual callbacks instead of an object implementing SessionHandlerInterface is deprecated en C:\tools\nginx\html\sistema_biometrico\index.php línea 52
URI: /configuracion/getRecentHistory?t=1774290858881
--------------------------------------------------------------------------------
[2026-03-23 12:34:18] [DEPRECATED] session_set_save_handler(): Providing individual callbacks instead of an object implementing SessionHandlerInterface is deprecated en C:\tools\nginx\html\sistema_biometrico\index.php línea 52
URI: /api/log-error
--------------------------------------------------------------------------------
[2026-03-23 12:34:48] [DEPRECATED] session_set_save_handler(): Providing individual callbacks instead of an object implementing SessionHandlerInterface is deprecated en C:\tools\nginx\html\sistema_biometrico\index.php línea 52
URI: /configuracion/uploadZkteco
--------------------------------------------------------------------------------
[2026-03-23 12:34:56] [DEPRECATED] session_set_save_handler(): Providing individual callbacks instead of an object implementing SessionHandlerInterface is deprecated en C:\tools\nginx\html\sistema_biometrico\index.php línea 52
URI: /configuracion/getRecentHistory?t=1774290896617
--------------------------------------------------------------------------------
[2026-03-23 12:34:56] [DEPRECATED] session_set_save_handler(): Providing individual callbacks instead of an object implementing SessionHandlerInterface is deprecated en C:\tools\nginx\html\sistema_biometrico\index.php línea 52
URI: /api/log-error
--------------------------------------------------------------------------------
[2026-03-23 12:35:06] [DEPRECATED] session_set_save_handler(): Providing individual callbacks instead of an object implementing SessionHandlerInterface is deprecated en C:\tools\nginx\html\sistema_biometrico\index.php línea 52
URI: /configuracion/uploadZkteco
--------------------------------------------------------------------------------
[2026-03-23 12:35:11] [DEPRECATED] session_set_save_handler(): Providing individual callbacks instead of an object implementing SessionHandlerInterface is deprecated en C:\tools\nginx\html\sistema_biometrico\index.php línea 52
URI: /configuracion/getRecentHistory?t=1774290911745
--------------------------------------------------------------------------------
[2026-03-23 12:35:11] [DEPRECATED] session_set_save_handler(): Providing individual callbacks instead of an object implementing SessionHandlerInterface is deprecated en C:\tools\nginx\html\sistema_biometrico\index.php línea 52
URI: /api/log-error
--------------------------------------------------------------------------------
[2026-03-23 12:35:52] [DEPRECATED] session_set_save_handler(): Providing individual callbacks instead of an object implementing SessionHandlerInterface is deprecated en C:\tools\nginx\html\sistema_biometrico\index.php línea 52
URI: /configuracion/uploadZkteco
--------------------------------------------------------------------------------
[2026-03-23 12:38:40] [DEPRECATED] session_set_save_handler(): Providing individual callbacks instead of an object implementing SessionHandlerInterface is deprecated en C:\tools\nginx\html\sistema_biometrico\index.php línea 52
URI: /configuracion/getProcesamientoDetalle?id=37&t=1774291114135
--------------------------------------------------------------------------------
[2026-03-23 12:38:41] [DEPRECATED] session_set_save_handler(): Providing individual callbacks instead of an object implementing SessionHandlerInterface is deprecated en C:\tools\nginx\html\sistema_biometrico\index.php línea 52
URI: /configuracion/getProcesamientoDetalle?id=38&t=1774291118767
--------------------------------------------------------------------------------
[2026-03-23 12:38:41] [DEPRECATED] session_set_save_handler(): Providing individual callbacks instead of an object implementing SessionHandlerInterface is deprecated en C:\tools\nginx\html\sistema_biometrico\index.php línea 52
URI: /configuracion/getRecentHistory?t=1774291120942
--------------------------------------------------------------------------------
[2026-03-23 12:38:41] [DEPRECATED] session_set_save_handler(): Providing individual callbacks instead of an object implementing SessionHandlerInterface is deprecated en C:\tools\nginx\html\sistema_biometrico\index.php línea 52
URI: /api/log-error
--------------------------------------------------------------------------------
[2026-03-23 12:38:46] [DEPRECATED] session_set_save_handler(): Providing individual callbacks instead of an object implementing SessionHandlerInterface is deprecated en C:\tools\nginx\html\sistema_biometrico\index.php línea 52
URI: /configuracion
--------------------------------------------------------------------------------
[2026-03-23 12:38:46] [DEPRECATED] session_set_save_handler(): Providing individual callbacks instead of an object implementing SessionHandlerInterface is deprecated en C:\tools\nginx\html\sistema_biometrico\index.php línea 52
URI: /configuracion/getRecentHistory?t=1774291126265
--------------------------------------------------------------------------------
[2026-03-23 12:38:46] [DEPRECATED] session_set_save_handler(): Providing individual callbacks instead of an object implementing SessionHandlerInterface is deprecated en C:\tools\nginx\html\sistema_biometrico\index.php línea 52
URI: /api/log-error
--------------------------------------------------------------------------------
[2026-03-23 12:42:04] [DEPRECATED] session_set_save_handler(): Providing individual callbacks instead of an object implementing SessionHandlerInterface is deprecated en C:\tools\nginx\html\sistema_biometrico\index.php línea 52
URI: /configuracion/getProcesamientoDetalle?id=37&t=1774291324920
--------------------------------------------------------------------------------
[2026-03-23 12:42:56] [FATAL_ERROR] Uncaught Error: Class "ZKTecoUniversalParser" not found in Command line code:31
Stack trace:
#0 {main}
  thrown en Command line code línea 31
URI: N/A
--------------------------------------------------------------------------------
[2026-03-23 12:45:39] [FATAL_ERROR] Uncaught PDOException: SQLSTATE[42S02]: Base table or view not found: 1146 Table 'sistema_biometrico.zkteco_empleado_mapeo' doesn't exist in Command line code:9
Stack trace:
#0 Command line code(9): PDO->query('DESCRIBE zkteco...')
#1 {main}
  thrown en Command line code línea 9
URI: N/A
--------------------------------------------------------------------------------
[2026-03-23 12:46:58] [FATAL_ERROR] Uncaught PDOException: SQLSTATE[42S22]: Column not found: 1054 Unknown column 'hora' in 'SELECT' in Command line code:11
Stack trace:
#0 Command line code(11): PDO->query('\n    SELECT fec...')
#1 {main}
  thrown en Command line code línea 11
URI: N/A
--------------------------------------------------------------------------------
[2026-03-23 12:49:12] [FATAL_ERROR] Uncaught PDOException: SQLSTATE[42S22]: Column not found: 1054 Unknown column 'clasificacion' in 'SELECT' in Command line code:9
Stack trace:
#0 Command line code(9): PDO->query('\n    SELECT \n  ...')
#1 {main}
  thrown en Command line code línea 9
URI: N/A
--------------------------------------------------------------------------------
[2026-03-23 12:57:50] [DEPRECATED] session_set_save_handler(): Providing individual callbacks instead of an object implementing SessionHandlerInterface is deprecated en C:\tools\nginx\html\sistema_biometrico\index.php línea 52
URI: /empleados
--------------------------------------------------------------------------------
[2026-03-23 12:57:55] [DEPRECATED] session_set_save_handler(): Providing individual callbacks instead of an object implementing SessionHandlerInterface is deprecated en C:\tools\nginx\html\sistema_biometrico\index.php línea 52
URI: /empleados?search=87
--------------------------------------------------------------------------------
[2026-03-23 12:57:57] [DEPRECATED] session_set_save_handler(): Providing individual callbacks instead of an object implementing SessionHandlerInterface is deprecated en C:\tools\nginx\html\sistema_biometrico\index.php línea 52
URI: /empleados/datos-completos/87
--------------------------------------------------------------------------------
[2026-03-23 13:02:32] [DEPRECATED] session_set_save_handler(): Providing individual callbacks instead of an object implementing SessionHandlerInterface is deprecated en C:\tools\nginx\html\sistema_biometrico\index.php línea 52
URI: /empleados?search=marha
--------------------------------------------------------------------------------
[2026-03-23 13:02:37] [DEPRECATED] session_set_save_handler(): Providing individual callbacks instead of an object implementing SessionHandlerInterface is deprecated en C:\tools\nginx\html\sistema_biometrico\index.php línea 52
URI: /empleados?search=mar
--------------------------------------------------------------------------------
[2026-03-23 13:02:53] [DEPRECATED] session_set_save_handler(): Providing individual callbacks instead of an object implementing SessionHandlerInterface is deprecated en C:\tools\nginx\html\sistema_biometrico\index.php línea 52
URI: /empleados?search=martha
--------------------------------------------------------------------------------
[2026-03-23 13:03:02] [DEPRECATED] session_set_save_handler(): Providing individual callbacks instead of an object implementing SessionHandlerInterface is deprecated en C:\tools\nginx\html\sistema_biometrico\index.php línea 52
URI: /empleados/datos-completos/654
--------------------------------------------------------------------------------
[2026-03-23 13:04:12] [DEPRECATED] session_set_save_handler(): Providing individual callbacks instead of an object implementing SessionHandlerInterface is deprecated en C:\tools\nginx\html\sistema_biometrico\index.php línea 52
URI: /empleados/datos-completos/5076
--------------------------------------------------------------------------------
[2026-03-23 13:04:27] [DEPRECATED] session_set_save_handler(): Providing individual callbacks instead of an object implementing SessionHandlerInterface is deprecated en C:\tools\nginx\html\sistema_biometrico\index.php línea 52
URI: /empleados?search=phye
--------------------------------------------------------------------------------
[2026-03-23 13:04:29] [DEPRECATED] session_set_save_handler(): Providing individual callbacks instead of an object implementing SessionHandlerInterface is deprecated en C:\tools\nginx\html\sistema_biometrico\index.php línea 52
URI: /empleados/datos-completos/113
--------------------------------------------------------------------------------
[2026-03-23 13:08:40] [DEPRECATED] session_set_save_handler(): Providing individual callbacks instead of an object implementing SessionHandlerInterface is deprecated en C:\tools\nginx\html\sistema_biometrico\index.php línea 52
URI: /empleados/datos-completos/113
--------------------------------------------------------------------------------
[2026-03-23 13:11:17] [DEPRECATED] session_set_save_handler(): Providing individual callbacks instead of an object implementing SessionHandlerInterface is deprecated en C:\tools\nginx\html\sistema_biometrico\index.php línea 52
URI: /empleados/datos-completos/113
--------------------------------------------------------------------------------
[2026-03-23 13:13:23] [DEPRECATED] session_set_save_handler(): Providing individual callbacks instead of an object implementing SessionHandlerInterface is deprecated en C:\tools\nginx\html\sistema_biometrico\index.php línea 52
URI: /justificaciones/get-retardo/8507
--------------------------------------------------------------------------------
[2026-03-23 13:33:10] [DEPRECATED] session_set_save_handler(): Providing individual callbacks instead of an object implementing SessionHandlerInterface is deprecated en C:\tools\nginx\html\sistema_biometrico\index.php línea 52
URI: /empleados/datos-completos/113
--------------------------------------------------------------------------------
[2026-03-23 13:33:24] [DEPRECATED] session_set_save_handler(): Providing individual callbacks instead of an object implementing SessionHandlerInterface is deprecated en C:\tools\nginx\html\sistema_biometrico\index.php línea 52
URI: /justificaciones/get-retardo/8916
--------------------------------------------------------------------------------
[2026-03-23 13:34:20] [DEPRECATED] session_set_save_handler(): Providing individual callbacks instead of an object implementing SessionHandlerInterface is deprecated en C:\tools\nginx\html\sistema_biometrico\index.php línea 52
URI: /justificaciones/get-asistencia-ajax/127634
--------------------------------------------------------------------------------
[2026-03-23 13:45:40] [DEPRECATED] session_set_save_handler(): Providing individual callbacks instead of an object implementing SessionHandlerInterface is deprecated en C:\tools\nginx\html\sistema_biometrico\index.php línea 52
URI: /empleados?search=phye
--------------------------------------------------------------------------------
[2026-03-23 13:45:42] [DEPRECATED] session_set_save_handler(): Providing individual callbacks instead of an object implementing SessionHandlerInterface is deprecated en C:\tools\nginx\html\sistema_biometrico\index.php línea 52
URI: /empleados/datos-completos/113
--------------------------------------------------------------------------------
[2026-03-23 13:58:48] [DEPRECATED] session_set_save_handler(): Providing individual callbacks instead of an object implementing SessionHandlerInterface is deprecated en C:\tools\nginx\html\sistema_biometrico\index.php línea 52
URI: /justificaciones/get-asistencia-ajax/127634
--------------------------------------------------------------------------------
[2026-03-23 14:02:38] [DEPRECATED] session_set_save_handler(): Providing individual callbacks instead of an object implementing SessionHandlerInterface is deprecated en C:\tools\nginx\html\sistema_biometrico\index.php línea 52
URI: /empleados?search=phye
--------------------------------------------------------------------------------
[2026-03-23 14:02:41] [DEPRECATED] session_set_save_handler(): Providing individual callbacks instead of an object implementing SessionHandlerInterface is deprecated en C:\tools\nginx\html\sistema_biometrico\index.php línea 52
URI: /empleados/datos-completos/113
--------------------------------------------------------------------------------
[2026-03-23 14:02:51] [DEPRECATED] session_set_save_handler(): Providing individual callbacks instead of an object implementing SessionHandlerInterface is deprecated en C:\tools\nginx\html\sistema_biometrico\index.php línea 52
URI: /justificaciones/get-asistencia-ajax/127634
--------------------------------------------------------------------------------
[2026-03-23 14:03:18] [DEPRECATED] session_set_save_handler(): Providing individual callbacks instead of an object implementing SessionHandlerInterface is deprecated en C:\tools\nginx\html\sistema_biometrico\index.php línea 52
URI: /justificaciones/get-asistencia-ajax/127634
--------------------------------------------------------------------------------
[2026-03-23 14:03:25] [DEPRECATED] session_set_save_handler(): Providing individual callbacks instead of an object implementing SessionHandlerInterface is deprecated en C:\tools\nginx\html\sistema_biometrico\index.php línea 52
URI: /justificaciones/actualizar-incidencia
--------------------------------------------------------------------------------
[2026-03-23 14:03:31] [DEPRECATED] session_set_save_handler(): Providing individual callbacks instead of an object implementing SessionHandlerInterface is deprecated en C:\tools\nginx\html\sistema_biometrico\index.php línea 52
URI: /justificaciones/actualizar-incidencia
--------------------------------------------------------------------------------
[2026-03-23 14:07:40] [DEPRECATED] session_set_save_handler(): Providing individual callbacks instead of an object implementing SessionHandlerInterface is deprecated en C:\tools\nginx\html\sistema_biometrico\index.php línea 52
URI: /empleados?search=phye
--------------------------------------------------------------------------------
[2026-03-23 14:07:45] [DEPRECATED] session_set_save_handler(): Providing individual callbacks instead of an object implementing SessionHandlerInterface is deprecated en C:\tools\nginx\html\sistema_biometrico\index.php línea 52
URI: /empleados?search=87
--------------------------------------------------------------------------------
[2026-03-23 14:07:47] [DEPRECATED] session_set_save_handler(): Providing individual callbacks instead of an object implementing SessionHandlerInterface is deprecated en C:\tools\nginx\html\sistema_biometrico\index.php línea 52
URI: /empleados/datos-completos/87
--------------------------------------------------------------------------------
[2026-03-23 14:08:00] [DEPRECATED] session_set_save_handler(): Providing individual callbacks instead of an object implementing SessionHandlerInterface is deprecated en C:\tools\nginx\html\sistema_biometrico\index.php línea 52
URI: /justificaciones/get-asistencia-ajax/129352
--------------------------------------------------------------------------------
[2026-03-23 14:09:31] [DEPRECATED] session_set_save_handler(): Providing individual callbacks instead of an object implementing SessionHandlerInterface is deprecated en C:\tools\nginx\html\sistema_biometrico\index.php línea 52
URI: /notas-malas
--------------------------------------------------------------------------------
[2026-03-23 14:09:35] [DEPRECATED] session_set_save_handler(): Providing individual callbacks instead of an object implementing SessionHandlerInterface is deprecated en C:\tools\nginx\html\sistema_biometrico\index.php línea 52
URI: /notas-malas?mes=2026-02
--------------------------------------------------------------------------------
[2026-03-23 14:10:00] [DEPRECATED] session_set_save_handler(): Providing individual callbacks instead of an object implementing SessionHandlerInterface is deprecated en C:\tools\nginx\html\sistema_biometrico\index.php línea 52
URI: /empleados
--------------------------------------------------------------------------------
[2026-03-23 14:10:06] [DEPRECATED] session_set_save_handler(): Providing individual callbacks instead of an object implementing SessionHandlerInterface is deprecated en C:\tools\nginx\html\sistema_biometrico\index.php línea 52
URI: /empleados?search=87
--------------------------------------------------------------------------------
[2026-03-23 14:10:09] [DEPRECATED] session_set_save_handler(): Providing individual callbacks instead of an object implementing SessionHandlerInterface is deprecated en C:\tools\nginx\html\sistema_biometrico\index.php línea 52
URI: /empleados/datos-completos/87
--------------------------------------------------------------------------------
[2026-03-23 14:13:40] [DEPRECATED] session_set_save_handler(): Providing individual callbacks instead of an object implementing SessionHandlerInterface is deprecated en C:\tools\nginx\html\sistema_biometrico\index.php línea 52
URI: /empleados?search=87
--------------------------------------------------------------------------------
[2026-03-23 14:13:41] [DEPRECATED] session_set_save_handler(): Providing individual callbacks instead of an object implementing SessionHandlerInterface is deprecated en C:\tools\nginx\html\sistema_biometrico\index.php línea 52
URI: /empleados?search=87
--------------------------------------------------------------------------------
[2026-03-23 14:13:41] [DEPRECATED] session_set_save_handler(): Providing individual callbacks instead of an object implementing SessionHandlerInterface is deprecated en C:\tools\nginx\html\sistema_biometrico\index.php línea 52
URI: /empleados?search=87
--------------------------------------------------------------------------------
[2026-03-23 14:13:41] [DEPRECATED] session_set_save_handler(): Providing individual callbacks instead of an object implementing SessionHandlerInterface is deprecated en C:\tools\nginx\html\sistema_biometrico\index.php línea 52
URI: /empleados?search=87
--------------------------------------------------------------------------------
[2026-03-23 14:13:41] [DEPRECATED] session_set_save_handler(): Providing individual callbacks instead of an object implementing SessionHandlerInterface is deprecated en C:\tools\nginx\html\sistema_biometrico\index.php línea 52
URI: /empleados?search=87
--------------------------------------------------------------------------------
[2026-03-23 14:13:41] [DEPRECATED] session_set_save_handler(): Providing individual callbacks instead of an object implementing SessionHandlerInterface is deprecated en C:\tools\nginx\html\sistema_biometrico\index.php línea 52
URI: /empleados?search=87
--------------------------------------------------------------------------------
[2026-03-23 14:13:41] [DEPRECATED] session_set_save_handler(): Providing individual callbacks instead of an object implementing SessionHandlerInterface is deprecated en C:\tools\nginx\html\sistema_biometrico\index.php línea 52
URI: /empleados?search=87
--------------------------------------------------------------------------------
[2026-03-23 14:13:44] [DEPRECATED] session_set_save_handler(): Providing individual callbacks instead of an object implementing SessionHandlerInterface is deprecated en C:\tools\nginx\html\sistema_biometrico\index.php línea 52
URI: /empleados/datos-completos/87
--------------------------------------------------------------------------------
[2026-03-23 14:13:50] [DEPRECATED] session_set_save_handler(): Providing individual callbacks instead of an object implementing SessionHandlerInterface is deprecated en C:\tools\nginx\html\sistema_biometrico\index.php línea 52
URI: /justificaciones/get-asistencia-ajax/129352
--------------------------------------------------------------------------------
[2026-03-23 14:14:56] [DEPRECATED] session_set_save_handler(): Providing individual callbacks instead of an object implementing SessionHandlerInterface is deprecated en C:\tools\nginx\html\sistema_biometrico\index.php línea 52
URI: /configuracion
--------------------------------------------------------------------------------
[2026-03-23 14:14:56] [DEPRECATED] session_set_save_handler(): Providing individual callbacks instead of an object implementing SessionHandlerInterface is deprecated en C:\tools\nginx\html\sistema_biometrico\index.php línea 52
URI: /configuracion/getRecentHistory?t=1774296896170
--------------------------------------------------------------------------------
[2026-03-23 14:14:56] [DEPRECATED] session_set_save_handler(): Providing individual callbacks instead of an object implementing SessionHandlerInterface is deprecated en C:\tools\nginx\html\sistema_biometrico\index.php línea 52
URI: /api/log-error
--------------------------------------------------------------------------------
[2026-03-23 14:15:05] [DEPRECATED] session_set_save_handler(): Providing individual callbacks instead of an object implementing SessionHandlerInterface is deprecated en C:\tools\nginx\html\sistema_biometrico\index.php línea 52
URI: /configuracion/uploadZkteco
--------------------------------------------------------------------------------
[2026-03-23 14:15:30] [DEPRECATED] session_set_save_handler(): Providing individual callbacks instead of an object implementing SessionHandlerInterface is deprecated en C:\tools\nginx\html\sistema_biometrico\index.php línea 52
URI: /configuracion/getRecentHistory?t=1774296930191
--------------------------------------------------------------------------------
[2026-03-23 14:15:30] [DEPRECATED] session_set_save_handler(): Providing individual callbacks instead of an object implementing SessionHandlerInterface is deprecated en C:\tools\nginx\html\sistema_biometrico\index.php línea 52
URI: /api/log-error
--------------------------------------------------------------------------------
[2026-03-23 14:15:47] [DEPRECATED] session_set_save_handler(): Providing individual callbacks instead of an object implementing SessionHandlerInterface is deprecated en C:\tools\nginx\html\sistema_biometrico\index.php línea 52
URI: /empleados
--------------------------------------------------------------------------------
[2026-03-23 14:15:50] [DEPRECATED] session_set_save_handler(): Providing individual callbacks instead of an object implementing SessionHandlerInterface is deprecated en C:\tools\nginx\html\sistema_biometrico\index.php línea 52
URI: /empleados?search=87
--------------------------------------------------------------------------------
[2026-03-23 14:15:52] [DEPRECATED] session_set_save_handler(): Providing individual callbacks instead of an object implementing SessionHandlerInterface is deprecated en C:\tools\nginx\html\sistema_biometrico\index.php línea 52
URI: /empleados/datos-completos/87
--------------------------------------------------------------------------------
[2026-03-23 14:16:20] [DEPRECATED] session_set_save_handler(): Providing individual callbacks instead of an object implementing SessionHandlerInterface is deprecated en C:\tools\nginx\html\sistema_biometrico\index.php línea 52
URI: /justificaciones/get-asistencia-ajax/131958
--------------------------------------------------------------------------------
[2026-03-23 14:16:31] [DEPRECATED] session_set_save_handler(): Providing individual callbacks instead of an object implementing SessionHandlerInterface is deprecated en C:\tools\nginx\html\sistema_biometrico\index.php línea 52
URI: /justificaciones/get-retardo/9054
--------------------------------------------------------------------------------
[2026-03-23 14:20:00] [DEPRECATED] session_set_save_handler(): Providing individual callbacks instead of an object implementing SessionHandlerInterface is deprecated en C:\tools\nginx\html\sistema_biometrico\index.php línea 52
URI: /justificaciones/get-asistencia-ajax/131958
--------------------------------------------------------------------------------
[2026-03-23 14:20:47] [DEPRECATED] session_set_save_handler(): Providing individual callbacks instead of an object implementing SessionHandlerInterface is deprecated en C:\tools\nginx\html\sistema_biometrico\index.php línea 52
URI: /justificaciones/get-asistencia-ajax/131958
--------------------------------------------------------------------------------
[2026-03-23 14:22:31] [DEPRECATED] session_set_save_handler(): Providing individual callbacks instead of an object implementing SessionHandlerInterface is deprecated en C:\tools\nginx\html\sistema_biometrico\index.php línea 52
URI: /empleados/datos-completos/87
--------------------------------------------------------------------------------
[2026-03-23 14:24:07] [DEPRECATED] session_set_save_handler(): Providing individual callbacks instead of an object implementing SessionHandlerInterface is deprecated en C:\tools\nginx\html\sistema_biometrico\index.php línea 52
URI: /reportes/excel
--------------------------------------------------------------------------------
[2026-03-23 14:24:11] [DEPRECATED] session_set_save_handler(): Providing individual callbacks instead of an object implementing SessionHandlerInterface is deprecated en C:\tools\nginx\html\sistema_biometrico\index.php línea 52
URI: /empleados
--------------------------------------------------------------------------------
[2026-03-23 14:24:15] [DEPRECATED] session_set_save_handler(): Providing individual callbacks instead of an object implementing SessionHandlerInterface is deprecated en C:\tools\nginx\html\sistema_biometrico\index.php línea 52
URI: /empleados?search=87
--------------------------------------------------------------------------------
[2026-03-23 14:24:18] [DEPRECATED] session_set_save_handler(): Providing individual callbacks instead of an object implementing SessionHandlerInterface is deprecated en C:\tools\nginx\html\sistema_biometrico\index.php línea 52
URI: /empleados/datos-completos/87
--------------------------------------------------------------------------------
[2026-03-23 14:25:23] [DEPRECATED] session_set_save_handler(): Providing individual callbacks instead of an object implementing SessionHandlerInterface is deprecated en C:\tools\nginx\html\sistema_biometrico\index.php línea 52
URI: /empleados?search=87
--------------------------------------------------------------------------------
[2026-03-23 14:25:23] [DEPRECATED] session_set_save_handler(): Providing individual callbacks instead of an object implementing SessionHandlerInterface is deprecated en C:\tools\nginx\html\sistema_biometrico\index.php línea 52
URI: /empleados?search=87
--------------------------------------------------------------------------------
[2026-03-23 14:25:24] [DEPRECATED] session_set_save_handler(): Providing individual callbacks instead of an object implementing SessionHandlerInterface is deprecated en C:\tools\nginx\html\sistema_biometrico\index.php línea 52
URI: /empleados?search=87
--------------------------------------------------------------------------------
[2026-03-23 14:25:24] [DEPRECATED] session_set_save_handler(): Providing individual callbacks instead of an object implementing SessionHandlerInterface is deprecated en C:\tools\nginx\html\sistema_biometrico\index.php línea 52
URI: /empleados?search=87
--------------------------------------------------------------------------------
[2026-03-23 14:25:24] [DEPRECATED] session_set_save_handler(): Providing individual callbacks instead of an object implementing SessionHandlerInterface is deprecated en C:\tools\nginx\html\sistema_biometrico\index.php línea 52
URI: /empleados?search=87
--------------------------------------------------------------------------------
[2026-03-23 14:25:24] [DEPRECATED] session_set_save_handler(): Providing individual callbacks instead of an object implementing SessionHandlerInterface is deprecated en C:\tools\nginx\html\sistema_biometrico\index.php línea 52
URI: /empleados?search=87
--------------------------------------------------------------------------------
[2026-03-23 14:25:24] [DEPRECATED] session_set_save_handler(): Providing individual callbacks instead of an object implementing SessionHandlerInterface is deprecated en C:\tools\nginx\html\sistema_biometrico\index.php línea 52
URI: /empleados?search=87
--------------------------------------------------------------------------------
[2026-03-23 14:25:24] [DEPRECATED] session_set_save_handler(): Providing individual callbacks instead of an object implementing SessionHandlerInterface is deprecated en C:\tools\nginx\html\sistema_biometrico\index.php línea 52
URI: /empleados?search=87
--------------------------------------------------------------------------------
[2026-03-23 14:25:25] [DEPRECATED] session_set_save_handler(): Providing individual callbacks instead of an object implementing SessionHandlerInterface is deprecated en C:\tools\nginx\html\sistema_biometrico\index.php línea 52
URI: /empleados?search=87
--------------------------------------------------------------------------------
[2026-03-23 14:25:44] [DEPRECATED] session_set_save_handler(): Providing individual callbacks instead of an object implementing SessionHandlerInterface is deprecated en C:\tools\nginx\html\sistema_biometrico\index.php línea 52
URI: /empleados/datos-completos/87
--------------------------------------------------------------------------------
[2026-03-23 14:25:48] [DEPRECATED] session_set_save_handler(): Providing individual callbacks instead of an object implementing SessionHandlerInterface is deprecated en C:\tools\nginx\html\sistema_biometrico\index.php línea 52
URI: /justificaciones/get-asistencia-ajax/131958
--------------------------------------------------------------------------------
[2026-03-23 14:26:18] [DEPRECATED] session_set_save_handler(): Providing individual callbacks instead of an object implementing SessionHandlerInterface is deprecated en C:\tools\nginx\html\sistema_biometrico\index.php línea 52
URI: /justificaciones/get-asistencia-ajax/131958
--------------------------------------------------------------------------------
[2026-03-23 14:27:25] [DEPRECATED] session_set_save_handler(): Providing individual callbacks instead of an object implementing SessionHandlerInterface is deprecated en C:\tools\nginx\html\sistema_biometrico\index.php línea 52
URI: /empleados/datos-completos/87
--------------------------------------------------------------------------------
[2026-03-23 14:27:28] [DEPRECATED] session_set_save_handler(): Providing individual callbacks instead of an object implementing SessionHandlerInterface is deprecated en C:\tools\nginx\html\sistema_biometrico\index.php línea 52
URI: /justificaciones/get-asistencia-ajax/131958
--------------------------------------------------------------------------------
[2026-03-23 14:28:11] [DEPRECATED] session_set_save_handler(): Providing individual callbacks instead of an object implementing SessionHandlerInterface is deprecated en C:\tools\nginx\html\sistema_biometrico\index.php línea 52
URI: /
--------------------------------------------------------------------------------
[2026-03-23 14:28:11] [DEPRECATED] session_set_save_handler(): Providing individual callbacks instead of an object implementing SessionHandlerInterface is deprecated en C:\tools\nginx\html\sistema_biometrico\index.php línea 52
URI: /login
--------------------------------------------------------------------------------
[2026-03-23 14:28:19] [DEPRECATED] session_set_save_handler(): Providing individual callbacks instead of an object implementing SessionHandlerInterface is deprecated en C:\tools\nginx\html\sistema_biometrico\index.php línea 52
URI: /login
--------------------------------------------------------------------------------
[2026-03-23 14:28:19] [DEPRECATED] session_set_save_handler(): Providing individual callbacks instead of an object implementing SessionHandlerInterface is deprecated en C:\tools\nginx\html\sistema_biometrico\index.php línea 52
URI: /dashboard
--------------------------------------------------------------------------------
[2026-03-23 14:28:24] [DEPRECATED] session_set_save_handler(): Providing individual callbacks instead of an object implementing SessionHandlerInterface is deprecated en C:\tools\nginx\html\sistema_biometrico\index.php línea 52
URI: /empleados
--------------------------------------------------------------------------------
[2026-03-23 14:28:27] [DEPRECATED] session_set_save_handler(): Providing individual callbacks instead of an object implementing SessionHandlerInterface is deprecated en C:\tools\nginx\html\sistema_biometrico\index.php línea 52
URI: /empleados?search=87
--------------------------------------------------------------------------------
[2026-03-23 14:28:29] [DEPRECATED] session_set_save_handler(): Providing individual callbacks instead of an object implementing SessionHandlerInterface is deprecated en C:\tools\nginx\html\sistema_biometrico\index.php línea 52
URI: /empleados/datos-completos/87
--------------------------------------------------------------------------------
[2026-03-23 14:29:42] [DEPRECATED] session_set_save_handler(): Providing individual callbacks instead of an object implementing SessionHandlerInterface is deprecated en C:\tools\nginx\html\sistema_biometrico\index.php línea 52
URI: /justificaciones/get-asistencia-ajax/131958
--------------------------------------------------------------------------------
[2026-03-23 14:29:50] [DEPRECATED] session_set_save_handler(): Providing individual callbacks instead of an object implementing SessionHandlerInterface is deprecated en C:\tools\nginx\html\sistema_biometrico\index.php línea 52
URI: /.well-known/appspecific/com.chrome.devtools.json
--------------------------------------------------------------------------------
[2026-03-23 14:30:02] [DEPRECATED] session_set_save_handler(): Providing individual callbacks instead of an object implementing SessionHandlerInterface is deprecated en C:\tools\nginx\html\sistema_biometrico\index.php línea 52
URI: /justificaciones/get-asistencia-ajax/131958
--------------------------------------------------------------------------------
[2026-03-23 14:40:01] [DEPRECATED] session_set_save_handler(): Providing individual callbacks instead of an object implementing SessionHandlerInterface is deprecated en C:\tools\nginx\html\sistema_biometrico\index.php línea 52
URI: /empleados?search=87
--------------------------------------------------------------------------------
[2026-03-23 14:40:01] [DEPRECATED] session_set_save_handler(): Providing individual callbacks instead of an object implementing SessionHandlerInterface is deprecated en C:\tools\nginx\html\sistema_biometrico\index.php línea 52
URI: /.well-known/appspecific/com.chrome.devtools.json
--------------------------------------------------------------------------------
[2026-03-23 14:40:03] [DEPRECATED] session_set_save_handler(): Providing individual callbacks instead of an object implementing SessionHandlerInterface is deprecated en C:\tools\nginx\html\sistema_biometrico\index.php línea 52
URI: /empleados?search=87
--------------------------------------------------------------------------------
[2026-03-23 14:40:03] [DEPRECATED] session_set_save_handler(): Providing individual callbacks instead of an object implementing SessionHandlerInterface is deprecated en C:\tools\nginx\html\sistema_biometrico\index.php línea 52
URI: /.well-known/appspecific/com.chrome.devtools.json
--------------------------------------------------------------------------------
[2026-03-23 14:40:03] [DEPRECATED] session_set_save_handler(): Providing individual callbacks instead of an object implementing SessionHandlerInterface is deprecated en C:\tools\nginx\html\sistema_biometrico\index.php línea 52
URI: /empleados?search=87
--------------------------------------------------------------------------------
[2026-03-23 14:40:03] [DEPRECATED] session_set_save_handler(): Providing individual callbacks instead of an object implementing SessionHandlerInterface is deprecated en C:\tools\nginx\html\sistema_biometrico\index.php línea 52
URI: /.well-known/appspecific/com.chrome.devtools.json
--------------------------------------------------------------------------------
[2026-03-23 14:40:04] [DEPRECATED] session_set_save_handler(): Providing individual callbacks instead of an object implementing SessionHandlerInterface is deprecated en C:\tools\nginx\html\sistema_biometrico\index.php línea 52
URI: /empleados/datos-completos/87
--------------------------------------------------------------------------------
[2026-03-23 14:44:39] [EXCEPTION] Error
Mensaje: Class "Database" not found
URI: N/A
#0 {main}
[2026-03-23 14:46:04] [DEPRECATED] session_set_save_handler(): Providing individual callbacks instead of an object implementing SessionHandlerInterface is deprecated en C:\tools\nginx\html\sistema_biometrico\index.php línea 52
URI: /empleados?search=87
--------------------------------------------------------------------------------
[2026-03-23 14:46:15] [DEPRECATED] session_set_save_handler(): Providing individual callbacks instead of an object implementing SessionHandlerInterface is deprecated en C:\tools\nginx\html\sistema_biometrico\index.php línea 52
URI: /empleados?search=87
--------------------------------------------------------------------------------
[2026-03-23 14:46:16] [DEPRECATED] session_set_save_handler(): Providing individual callbacks instead of an object implementing SessionHandlerInterface is deprecated en C:\tools\nginx\html\sistema_biometrico\index.php línea 52
URI: /empleados?search=87
--------------------------------------------------------------------------------
[2026-03-23 14:46:16] [DEPRECATED] session_set_save_handler(): Providing individual callbacks instead of an object implementing SessionHandlerInterface is deprecated en C:\tools\nginx\html\sistema_biometrico\index.php línea 52
URI: /empleados?search=87
--------------------------------------------------------------------------------
[2026-03-23 14:46:16] [DEPRECATED] session_set_save_handler(): Providing individual callbacks instead of an object implementing SessionHandlerInterface is deprecated en C:\tools\nginx\html\sistema_biometrico\index.php línea 52
URI: /empleados?search=87
--------------------------------------------------------------------------------
[2026-03-23 14:46:16] [DEPRECATED] session_set_save_handler(): Providing individual callbacks instead of an object implementing SessionHandlerInterface is deprecated en C:\tools\nginx\html\sistema_biometrico\index.php línea 52
URI: /empleados?search=87
--------------------------------------------------------------------------------
[2026-03-23 14:46:18] [DEPRECATED] session_set_save_handler(): Providing individual callbacks instead of an object implementing SessionHandlerInterface is deprecated en C:\tools\nginx\html\sistema_biometrico\index.php línea 52
URI: /empleados/datos-completos/87
--------------------------------------------------------------------------------
[2026-03-23 14:46:36] [DEPRECATED] session_set_save_handler(): Providing individual callbacks instead of an object implementing SessionHandlerInterface is deprecated en C:\tools\nginx\html\sistema_biometrico\index.php línea 52
URI: /logout
--------------------------------------------------------------------------------
[2026-03-23 14:46:36] [DEPRECATED] session_set_save_handler(): Providing individual callbacks instead of an object implementing SessionHandlerInterface is deprecated en C:\tools\nginx\html\sistema_biometrico\index.php línea 52
URI: /login
--------------------------------------------------------------------------------
[2026-03-23 14:48:18] [DEPRECATED] session_set_save_handler(): Providing individual callbacks instead of an object implementing SessionHandlerInterface is deprecated en C:\tools\nginx\html\sistema_biometrico\index.php línea 52
URI: /login
--------------------------------------------------------------------------------
[2026-03-23 14:48:19] [DEPRECATED] session_set_save_handler(): Providing individual callbacks instead of an object implementing SessionHandlerInterface is deprecated en C:\tools\nginx\html\sistema_biometrico\index.php línea 52
URI: /dashboard
--------------------------------------------------------------------------------
[2026-03-23 14:48:25] [DEPRECATED] session_set_save_handler(): Providing individual callbacks instead of an object implementing SessionHandlerInterface is deprecated en C:\tools\nginx\html\sistema_biometrico\index.php línea 52
URI: /empleados
--------------------------------------------------------------------------------
[2026-03-23 14:48:53] [DEPRECATED] session_set_save_handler(): Providing individual callbacks instead of an object implementing SessionHandlerInterface is deprecated en C:\tools\nginx\html\sistema_biometrico\index.php línea 52
URI: /logout
--------------------------------------------------------------------------------
[2026-03-23 14:48:53] [DEPRECATED] session_set_save_handler(): Providing individual callbacks instead of an object implementing SessionHandlerInterface is deprecated en C:\tools\nginx\html\sistema_biometrico\index.php línea 52
URI: /login
--------------------------------------------------------------------------------
[2026-03-23 15:01:39] [DEPRECATED] session_set_save_handler(): Providing individual callbacks instead of an object implementing SessionHandlerInterface is deprecated en C:\tools\nginx\html\sistema_biometrico\index.php línea 52
URI: /login
--------------------------------------------------------------------------------
[2026-03-23 15:01:39] [DEPRECATED] session_set_save_handler(): Providing individual callbacks instead of an object implementing SessionHandlerInterface is deprecated en C:\tools\nginx\html\sistema_biometrico\index.php línea 52
URI: /dashboard
--------------------------------------------------------------------------------
[2026-03-23 15:01:47] [DEPRECATED] session_set_save_handler(): Providing individual callbacks instead of an object implementing SessionHandlerInterface is deprecated en C:\tools\nginx\html\sistema_biometrico\index.php línea 52
URI: /empleados
--------------------------------------------------------------------------------
[2026-03-23 15:02:13] [DEPRECATED] session_set_save_handler(): Providing individual callbacks instead of an object implementing SessionHandlerInterface is deprecated en C:\tools\nginx\html\sistema_biometrico\index.php línea 52
URI: /empleados
--------------------------------------------------------------------------------
[2026-03-23 15:02:19] [DEPRECATED] session_set_save_handler(): Providing individual callbacks instead of an object implementing SessionHandlerInterface is deprecated en C:\tools\nginx\html\sistema_biometrico\index.php línea 52
URI: /empleados?search=87
--------------------------------------------------------------------------------
[2026-03-23 15:02:21] [DEPRECATED] session_set_save_handler(): Providing individual callbacks instead of an object implementing SessionHandlerInterface is deprecated en C:\tools\nginx\html\sistema_biometrico\index.php línea 52
URI: /empleados/datos-completos/87
--------------------------------------------------------------------------------
[2026-03-23 15:02:34] [DEPRECATED] session_set_save_handler(): Providing individual callbacks instead of an object implementing SessionHandlerInterface is deprecated en C:\tools\nginx\html\sistema_biometrico\index.php línea 52
URI: /usuarios
--------------------------------------------------------------------------------
[2026-03-23 15:02:37] [DEPRECATED] session_set_save_handler(): Providing individual callbacks instead of an object implementing SessionHandlerInterface is deprecated en C:\tools\nginx\html\sistema_biometrico\index.php línea 52
URI: /configuracion
--------------------------------------------------------------------------------
[2026-03-23 15:02:37] [DEPRECATED] session_set_save_handler(): Providing individual callbacks instead of an object implementing SessionHandlerInterface is deprecated en C:\tools\nginx\html\sistema_biometrico\index.php línea 52
URI: /configuracion/getRecentHistory?t=1774299757668
--------------------------------------------------------------------------------
[2026-03-23 15:02:37] [DEPRECATED] session_set_save_handler(): Providing individual callbacks instead of an object implementing SessionHandlerInterface is deprecated en C:\tools\nginx\html\sistema_biometrico\index.php línea 52
URI: /api/log-error
--------------------------------------------------------------------------------
[2026-03-23 15:02:56] [DEPRECATED] session_set_save_handler(): Providing individual callbacks instead of an object implementing SessionHandlerInterface is deprecated en C:\tools\nginx\html\sistema_biometrico\index.php línea 52
URI: /configuracion/uploadZkteco
--------------------------------------------------------------------------------
[2026-03-23 15:03:14] [DEPRECATED] session_set_save_handler(): Providing individual callbacks instead of an object implementing SessionHandlerInterface is deprecated en C:\tools\nginx\html\sistema_biometrico\index.php línea 52
URI: /configuracion/getRecentHistory?t=1774299794629
--------------------------------------------------------------------------------
[2026-03-23 15:03:14] [DEPRECATED] session_set_save_handler(): Providing individual callbacks instead of an object implementing SessionHandlerInterface is deprecated en C:\tools\nginx\html\sistema_biometrico\index.php línea 52
URI: /api/log-error
--------------------------------------------------------------------------------
[2026-03-23 15:03:48] [DEPRECATED] session_set_save_handler(): Providing individual callbacks instead of an object implementing SessionHandlerInterface is deprecated en C:\tools\nginx\html\sistema_biometrico\index.php línea 52
URI: /configuracion/uploadZkteco
--------------------------------------------------------------------------------
[2026-03-23 15:04:09] [DEPRECATED] session_set_save_handler(): Providing individual callbacks instead of an object implementing SessionHandlerInterface is deprecated en C:\tools\nginx\html\sistema_biometrico\index.php línea 52
URI: /configuracion/getRecentHistory?t=1774299849065
--------------------------------------------------------------------------------
[2026-03-23 15:04:09] [DEPRECATED] session_set_save_handler(): Providing individual callbacks instead of an object implementing SessionHandlerInterface is deprecated en C:\tools\nginx\html\sistema_biometrico\index.php línea 52
URI: /api/log-error
--------------------------------------------------------------------------------
[2026-03-23 15:04:16] [DEPRECATED] session_set_save_handler(): Providing individual callbacks instead of an object implementing SessionHandlerInterface is deprecated en C:\tools\nginx\html\sistema_biometrico\index.php línea 52
URI: /configuracion/getProcesamientoDetalle?id=44&t=1774299856715
--------------------------------------------------------------------------------
[2026-03-23 15:04:20] [DEPRECATED] session_set_save_handler(): Providing individual callbacks instead of an object implementing SessionHandlerInterface is deprecated en C:\tools\nginx\html\sistema_biometrico\index.php línea 52
URI: /empleados
--------------------------------------------------------------------------------
[2026-03-23 15:04:23] [DEPRECATED] session_set_save_handler(): Providing individual callbacks instead of an object implementing SessionHandlerInterface is deprecated en C:\tools\nginx\html\sistema_biometrico\index.php línea 52
URI: /empleados?search=87
--------------------------------------------------------------------------------
[2026-03-23 15:04:26] [DEPRECATED] session_set_save_handler(): Providing individual callbacks instead of an object implementing SessionHandlerInterface is deprecated en C:\tools\nginx\html\sistema_biometrico\index.php línea 52
URI: /empleados/datos-completos/87
--------------------------------------------------------------------------------
[2026-03-23 15:06:21] [FATAL_ERROR] Uncaught PDOException: SQLSTATE[42S22]: Column not found: 1054 Unknown column 'hora_oficial' in 'SELECT' in Command line code:5
Stack trace:
#0 Command line code(5): PDOStatement->execute()
#1 {main}
  thrown en Command line code línea 5
URI: N/A
--------------------------------------------------------------------------------
[2026-03-23 15:06:55] [FATAL_ERROR] Uncaught PDOException: SQLSTATE[42S22]: Column not found: 1054 Unknown column 'zk_empleado_id' in 'SELECT' in Command line code:6
Stack trace:
#0 Command line code(6): PDOStatement->execute()
#1 {main}
  thrown en Command line code línea 6
URI: N/A
--------------------------------------------------------------------------------
[2026-03-23 15:09:26] [FATAL_ERROR] Uncaught PDOException: SQLSTATE[01000]: Warning: 1265 Data truncated for column 'tipo_retraso' at row 1 in Command line code:49
Stack trace:
#0 Command line code(49): PDOStatement->execute(Array)
#1 {main}
  thrown en Command line code línea 49
URI: N/A
--------------------------------------------------------------------------------
[2026-03-23 15:10:46] [DEPRECATED] session_set_save_handler(): Providing individual callbacks instead of an object implementing SessionHandlerInterface is deprecated en C:\tools\nginx\html\sistema_biometrico\index.php línea 52
URI: /empleados?search=87
--------------------------------------------------------------------------------
[2026-03-23 15:10:47] [DEPRECATED] session_set_save_handler(): Providing individual callbacks instead of an object implementing SessionHandlerInterface is deprecated en C:\tools\nginx\html\sistema_biometrico\index.php línea 52
URI: /empleados?search=87
--------------------------------------------------------------------------------
[2026-03-23 15:10:49] [DEPRECATED] session_set_save_handler(): Providing individual callbacks instead of an object implementing SessionHandlerInterface is deprecated en C:\tools\nginx\html\sistema_biometrico\index.php línea 52
URI: /empleados/datos-completos/87
--------------------------------------------------------------------------------
[2026-03-23 15:13:17] [DEPRECATED] session_set_save_handler(): Providing individual callbacks instead of an object implementing SessionHandlerInterface is deprecated en C:\tools\nginx\html\sistema_biometrico\index.php línea 52
URI: /empleados?search=87
--------------------------------------------------------------------------------
[2026-03-23 15:13:20] [DEPRECATED] session_set_save_handler(): Providing individual callbacks instead of an object implementing SessionHandlerInterface is deprecated en C:\tools\nginx\html\sistema_biometrico\index.php línea 52
URI: /empleados/datos-completos/87
--------------------------------------------------------------------------------
[2026-03-23 15:13:29] [DEPRECATED] session_set_save_handler(): Providing individual callbacks instead of an object implementing SessionHandlerInterface is deprecated en C:\tools\nginx\html\sistema_biometrico\index.php línea 52
URI: /logout
--------------------------------------------------------------------------------
[2026-03-23 15:13:29] [DEPRECATED] session_set_save_handler(): Providing individual callbacks instead of an object implementing SessionHandlerInterface is deprecated en C:\tools\nginx\html\sistema_biometrico\index.php línea 52
URI: /login
--------------------------------------------------------------------------------
[2026-03-23 15:14:01] [DEPRECATED] session_set_save_handler(): Providing individual callbacks instead of an object implementing SessionHandlerInterface is deprecated en C:\tools\nginx\html\sistema_biometrico\index.php línea 52
URI: /
--------------------------------------------------------------------------------
[2026-03-23 15:14:01] [DEPRECATED] session_set_save_handler(): Providing individual callbacks instead of an object implementing SessionHandlerInterface is deprecated en C:\tools\nginx\html\sistema_biometrico\index.php línea 52
URI: /login
--------------------------------------------------------------------------------
[2026-03-23 15:14:08] [DEPRECATED] session_set_save_handler(): Providing individual callbacks instead of an object implementing SessionHandlerInterface is deprecated en C:\tools\nginx\html\sistema_biometrico\index.php línea 52
URI: /login
--------------------------------------------------------------------------------
[2026-03-23 15:14:08] [DEPRECATED] session_set_save_handler(): Providing individual callbacks instead of an object implementing SessionHandlerInterface is deprecated en C:\tools\nginx\html\sistema_biometrico\index.php línea 52
URI: /dashboard
--------------------------------------------------------------------------------
[2026-03-23 15:14:28] [DEPRECATED] session_set_save_handler(): Providing individual callbacks instead of an object implementing SessionHandlerInterface is deprecated en C:\tools\nginx\html\sistema_biometrico\index.php línea 52
URI: /empleados
--------------------------------------------------------------------------------
[2026-03-23 15:14:30] [DEPRECATED] session_set_save_handler(): Providing individual callbacks instead of an object implementing SessionHandlerInterface is deprecated en C:\tools\nginx\html\sistema_biometrico\index.php línea 52
URI: /empleados?search=87
--------------------------------------------------------------------------------
[2026-03-23 15:14:32] [DEPRECATED] session_set_save_handler(): Providing individual callbacks instead of an object implementing SessionHandlerInterface is deprecated en C:\tools\nginx\html\sistema_biometrico\index.php línea 52
URI: /empleados/datos-completos/87
--------------------------------------------------------------------------------
[2026-03-23 15:17:37] [DEPRECATED] session_set_save_handler(): Providing individual callbacks instead of an object implementing SessionHandlerInterface is deprecated en C:\tools\nginx\html\sistema_biometrico\index.php línea 52
URI: /empleados?search=87
--------------------------------------------------------------------------------
[2026-03-23 15:17:37] [DEPRECATED] session_set_save_handler(): Providing individual callbacks instead of an object implementing SessionHandlerInterface is deprecated en C:\tools\nginx\html\sistema_biometrico\index.php línea 52
URI: /empleados?search=87
--------------------------------------------------------------------------------
[2026-03-23 15:17:38] [DEPRECATED] session_set_save_handler(): Providing individual callbacks instead of an object implementing SessionHandlerInterface is deprecated en C:\tools\nginx\html\sistema_biometrico\index.php línea 52
URI: /empleados?search=87
--------------------------------------------------------------------------------
[2026-03-23 15:17:38] [DEPRECATED] session_set_save_handler(): Providing individual callbacks instead of an object implementing SessionHandlerInterface is deprecated en C:\tools\nginx\html\sistema_biometrico\index.php línea 52
URI: /empleados?search=87
--------------------------------------------------------------------------------
[2026-03-23 15:17:43] [DEPRECATED] session_set_save_handler(): Providing individual callbacks instead of an object implementing SessionHandlerInterface is deprecated en C:\tools\nginx\html\sistema_biometrico\index.php línea 52
URI: /empleados/datos-completos/87
--------------------------------------------------------------------------------
[2026-03-23 15:18:01] [DEPRECATED] session_set_save_handler(): Providing individual callbacks instead of an object implementing SessionHandlerInterface is deprecated en C:\tools\nginx\html\sistema_biometrico\index.php línea 52
URI: /justificaciones/get-retardo/9369
--------------------------------------------------------------------------------
[2026-03-23 15:18:04] [DEPRECATED] session_set_save_handler(): Providing individual callbacks instead of an object implementing SessionHandlerInterface is deprecated en C:\tools\nginx\html\sistema_biometrico\index.php línea 52
URI: /justificaciones/get-retardo/9368
--------------------------------------------------------------------------------
[2026-03-23 15:18:26] [DEPRECATED] session_set_save_handler(): Providing individual callbacks instead of an object implementing SessionHandlerInterface is deprecated en C:\tools\nginx\html\sistema_biometrico\index.php línea 52
URI: /justificaciones/get-retardo/9368
--------------------------------------------------------------------------------
[2026-03-23 15:18:47] [DEPRECATED] session_set_save_handler(): Providing individual callbacks instead of an object implementing SessionHandlerInterface is deprecated en C:\tools\nginx\html\sistema_biometrico\index.php línea 52
URI: /justificaciones/get-asistencia-ajax/136604
--------------------------------------------------------------------------------
[2026-03-23 15:19:51] [DEPRECATED] session_set_save_handler(): Providing individual callbacks instead of an object implementing SessionHandlerInterface is deprecated en C:\tools\nginx\html\sistema_biometrico\index.php línea 52
URI: /justificaciones/get-asistencia-ajax/133919
--------------------------------------------------------------------------------
[2026-03-23 15:20:30] [DEPRECATED] session_set_save_handler(): Providing individual callbacks instead of an object implementing SessionHandlerInterface is deprecated en C:\tools\nginx\html\sistema_biometrico\index.php línea 52
URI: /empleados
--------------------------------------------------------------------------------
[2026-03-23 15:20:38] [DEPRECATED] session_set_save_handler(): Providing individual callbacks instead of an object implementing SessionHandlerInterface is deprecated en C:\tools\nginx\html\sistema_biometrico\index.php línea 52
URI: /empleados?search=87
--------------------------------------------------------------------------------
[2026-03-23 15:20:40] [DEPRECATED] session_set_save_handler(): Providing individual callbacks instead of an object implementing SessionHandlerInterface is deprecated en C:\tools\nginx\html\sistema_biometrico\index.php línea 52
URI: /empleados/datos-completos/87
--------------------------------------------------------------------------------
[2026-03-23 15:21:46] [DEPRECATED] session_set_save_handler(): Providing individual callbacks instead of an object implementing SessionHandlerInterface is deprecated en C:\tools\nginx\html\sistema_biometrico\index.php línea 52
URI: /empleados?search=87
--------------------------------------------------------------------------------
[2026-03-23 15:21:47] [DEPRECATED] session_set_save_handler(): Providing individual callbacks instead of an object implementing SessionHandlerInterface is deprecated en C:\tools\nginx\html\sistema_biometrico\index.php línea 52
URI: /empleados?search=87
--------------------------------------------------------------------------------
[2026-03-23 15:21:47] [DEPRECATED] session_set_save_handler(): Providing individual callbacks instead of an object implementing SessionHandlerInterface is deprecated en C:\tools\nginx\html\sistema_biometrico\index.php línea 52
URI: /empleados?search=87
--------------------------------------------------------------------------------
[2026-03-23 15:21:53] [DEPRECATED] session_set_save_handler(): Providing individual callbacks instead of an object implementing SessionHandlerInterface is deprecated en C:\tools\nginx\html\sistema_biometrico\index.php línea 52
URI: /empleados/datos-completos/87
--------------------------------------------------------------------------------
[2026-03-23 15:21:58] [DEPRECATED] session_set_save_handler(): Providing individual callbacks instead of an object implementing SessionHandlerInterface is deprecated en C:\tools\nginx\html\sistema_biometrico\index.php línea 52
URI: /justificaciones/get-asistencia-ajax/136604
--------------------------------------------------------------------------------
[2026-03-23 15:22:05] [DEPRECATED] session_set_save_handler(): Providing individual callbacks instead of an object implementing SessionHandlerInterface is deprecated en C:\tools\nginx\html\sistema_biometrico\index.php línea 52
URI: /justificaciones/get-asistencia-ajax/133919
--------------------------------------------------------------------------------
[2026-03-23 15:22:09] [DEPRECATED] session_set_save_handler(): Providing individual callbacks instead of an object implementing SessionHandlerInterface is deprecated en C:\tools\nginx\html\sistema_biometrico\index.php línea 52
URI: /justificaciones/get-asistencia-ajax/133919
--------------------------------------------------------------------------------
[2026-03-23 15:24:39] [FATAL_ERROR] Uncaught PDOException: SQLSTATE[HY093]: Invalid parameter number: number of bound variables does not match number of tokens in Command line code:13
Stack trace:
#0 Command line code(13): PDOStatement->execute(Array)
#1 {main}
  thrown en Command line code línea 13
URI: N/A
--------------------------------------------------------------------------------
[2026-03-23 15:24:40] [DEPRECATED] session_set_save_handler(): Providing individual callbacks instead of an object implementing SessionHandlerInterface is deprecated en C:\tools\nginx\html\sistema_biometrico\index.php línea 52
URI: /justificaciones/get-retardo/9368
--------------------------------------------------------------------------------
[2026-03-23 15:24:44] [DEPRECATED] session_set_save_handler(): Providing individual callbacks instead of an object implementing SessionHandlerInterface is deprecated en C:\tools\nginx\html\sistema_biometrico\index.php línea 52
URI: /justificaciones/get-retardo/9369
--------------------------------------------------------------------------------
[2026-03-23 15:24:50] [DEPRECATED] session_set_save_handler(): Providing individual callbacks instead of an object implementing SessionHandlerInterface is deprecated en C:\tools\nginx\html\sistema_biometrico\index.php línea 52
URI: /justificaciones/get-asistencia-ajax/136604
--------------------------------------------------------------------------------
[2026-03-23 15:24:55] [DEPRECATED] session_set_save_handler(): Providing individual callbacks instead of an object implementing SessionHandlerInterface is deprecated en C:\tools\nginx\html\sistema_biometrico\index.php línea 52
URI: /justificaciones/get-asistencia-ajax/133919
--------------------------------------------------------------------------------
[2026-03-23 15:26:01] [DEPRECATED] session_set_save_handler(): Providing individual callbacks instead of an object implementing SessionHandlerInterface is deprecated en C:\tools\nginx\html\sistema_biometrico\index.php línea 52
URI: /empleados/datos-completos/87
--------------------------------------------------------------------------------
[2026-03-23 15:27:01] [DEPRECATED] session_set_save_handler(): Providing individual callbacks instead of an object implementing SessionHandlerInterface is deprecated en C:\tools\nginx\html\sistema_biometrico\index.php línea 52
URI: /empleados?search=87
--------------------------------------------------------------------------------
[2026-03-23 15:27:04] [DEPRECATED] session_set_save_handler(): Providing individual callbacks instead of an object implementing SessionHandlerInterface is deprecated en C:\tools\nginx\html\sistema_biometrico\index.php línea 52
URI: /empleados/datos-completos/87
--------------------------------------------------------------------------------
[2026-03-23 15:27:09] [DEPRECATED] session_set_save_handler(): Providing individual callbacks instead of an object implementing SessionHandlerInterface is deprecated en C:\tools\nginx\html\sistema_biometrico\index.php línea 52
URI: /justificaciones/get-retardo/9368
--------------------------------------------------------------------------------
[2026-03-23 15:27:13] [DEPRECATED] session_set_save_handler(): Providing individual callbacks instead of an object implementing SessionHandlerInterface is deprecated en C:\tools\nginx\html\sistema_biometrico\index.php línea 52
URI: /justificaciones/get-retardo/9369
--------------------------------------------------------------------------------
[2026-03-23 15:27:17] [DEPRECATED] session_set_save_handler(): Providing individual callbacks instead of an object implementing SessionHandlerInterface is deprecated en C:\tools\nginx\html\sistema_biometrico\index.php línea 52
URI: /justificaciones/get-asistencia-ajax/136604
--------------------------------------------------------------------------------
[2026-03-23 15:27:29] [DEPRECATED] session_set_save_handler(): Providing individual callbacks instead of an object implementing SessionHandlerInterface is deprecated en C:\tools\nginx\html\sistema_biometrico\index.php línea 52
URI: /empleados?search=87
--------------------------------------------------------------------------------
[2026-03-23 15:27:31] [DEPRECATED] session_set_save_handler(): Providing individual callbacks instead of an object implementing SessionHandlerInterface is deprecated en C:\tools\nginx\html\sistema_biometrico\index.php línea 52
URI: /empleados/datos-completos/87
--------------------------------------------------------------------------------
[2026-03-23 15:27:34] [DEPRECATED] session_set_save_handler(): Providing individual callbacks instead of an object implementing SessionHandlerInterface is deprecated en C:\tools\nginx\html\sistema_biometrico\index.php línea 52
URI: /justificaciones/get-asistencia-ajax/136604
--------------------------------------------------------------------------------
[2026-03-23 15:27:39] [DEPRECATED] session_set_save_handler(): Providing individual callbacks instead of an object implementing SessionHandlerInterface is deprecated en C:\tools\nginx\html\sistema_biometrico\index.php línea 52
URI: /.well-known/appspecific/com.chrome.devtools.json
--------------------------------------------------------------------------------
[2026-03-23 15:27:42] [DEPRECATED] session_set_save_handler(): Providing individual callbacks instead of an object implementing SessionHandlerInterface is deprecated en C:\tools\nginx\html\sistema_biometrico\index.php línea 52
URI: /justificaciones/get-asistencia-ajax/136604
--------------------------------------------------------------------------------
[2026-03-23 15:31:48] [DEPRECATED] session_set_save_handler(): Providing individual callbacks instead of an object implementing SessionHandlerInterface is deprecated en C:\tools\nginx\html\sistema_biometrico\index.php línea 52
URI: /empleados?search=87
--------------------------------------------------------------------------------
[2026-03-23 15:31:49] [DEPRECATED] session_set_save_handler(): Providing individual callbacks instead of an object implementing SessionHandlerInterface is deprecated en C:\tools\nginx\html\sistema_biometrico\index.php línea 52
URI: /.well-known/appspecific/com.chrome.devtools.json
--------------------------------------------------------------------------------
[2026-03-23 15:34:04] [DEPRECATED] session_set_save_handler(): Providing individual callbacks instead of an object implementing SessionHandlerInterface is deprecated en C:\tools\nginx\html\sistema_biometrico\index.php línea 52
URI: /empleados?search=893
--------------------------------------------------------------------------------
[2026-03-23 15:34:04] [DEPRECATED] session_set_save_handler(): Providing individual callbacks instead of an object implementing SessionHandlerInterface is deprecated en C:\tools\nginx\html\sistema_biometrico\index.php línea 52
URI: /.well-known/appspecific/com.chrome.devtools.json
--------------------------------------------------------------------------------
[2026-03-23 15:34:06] [DEPRECATED] session_set_save_handler(): Providing individual callbacks instead of an object implementing SessionHandlerInterface is deprecated en C:\tools\nginx\html\sistema_biometrico\index.php línea 52
URI: /empleados/datos-completos/893
--------------------------------------------------------------------------------
[2026-03-23 15:34:48] [DEPRECATED] session_set_save_handler(): Providing individual callbacks instead of an object implementing SessionHandlerInterface is deprecated en C:\tools\nginx\html\sistema_biometrico\index.php línea 52
URI: /empleados/edit
--------------------------------------------------------------------------------
[2026-03-23 15:34:57] [DEPRECATED] session_set_save_handler(): Providing individual callbacks instead of an object implementing SessionHandlerInterface is deprecated en C:\tools\nginx\html\sistema_biometrico\index.php línea 52
URI: /empleados/edit
--------------------------------------------------------------------------------
[2026-03-23 15:35:09] [DEPRECATED] session_set_save_handler(): Providing individual callbacks instead of an object implementing SessionHandlerInterface is deprecated en C:\tools\nginx\html\sistema_biometrico\index.php línea 52
URI: /empleados/edit
--------------------------------------------------------------------------------
[2026-03-23 15:35:33] [DEPRECATED] session_set_save_handler(): Providing individual callbacks instead of an object implementing SessionHandlerInterface is deprecated en C:\tools\nginx\html\sistema_biometrico\index.php línea 52
URI: /empleados/edit
--------------------------------------------------------------------------------
[2026-03-23 15:35:46] [DEPRECATED] session_set_save_handler(): Providing individual callbacks instead of an object implementing SessionHandlerInterface is deprecated en C:\tools\nginx\html\sistema_biometrico\index.php línea 52
URI: /empleados/edit
--------------------------------------------------------------------------------
[2026-03-23 15:36:42] [DEPRECATED] session_set_save_handler(): Providing individual callbacks instead of an object implementing SessionHandlerInterface is deprecated en C:\tools\nginx\html\sistema_biometrico\index.php línea 52
URI: /empleados/edit
--------------------------------------------------------------------------------
[2026-03-23 15:37:34] [DEPRECATED] session_set_save_handler(): Providing individual callbacks instead of an object implementing SessionHandlerInterface is deprecated en C:\tools\nginx\html\sistema_biometrico\index.php línea 52
URI: /empleados/datos-completos/893
--------------------------------------------------------------------------------
[2026-03-23 15:39:49] [DEPRECATED] session_set_save_handler(): Providing individual callbacks instead of an object implementing SessionHandlerInterface is deprecated en C:\tools\nginx\html\sistema_biometrico\index.php línea 52
URI: /empleados?search=87
--------------------------------------------------------------------------------
[2026-03-23 15:39:52] [DEPRECATED] session_set_save_handler(): Providing individual callbacks instead of an object implementing SessionHandlerInterface is deprecated en C:\tools\nginx\html\sistema_biometrico\index.php línea 52
URI: /empleados/datos-completos/87
--------------------------------------------------------------------------------
[2026-03-23 15:39:56] [DEPRECATED] session_set_save_handler(): Providing individual callbacks instead of an object implementing SessionHandlerInterface is deprecated en C:\tools\nginx\html\sistema_biometrico\index.php línea 52
URI: /justificaciones/get-asistencia-ajax/136604
--------------------------------------------------------------------------------
[2026-03-23 15:40:02] [DEPRECATED] session_set_save_handler(): Providing individual callbacks instead of an object implementing SessionHandlerInterface is deprecated en C:\tools\nginx\html\sistema_biometrico\index.php línea 52
URI: /justificaciones/get-asistencia-ajax/133919
--------------------------------------------------------------------------------
[2026-03-23 15:40:07] [DEPRECATED] session_set_save_handler(): Providing individual callbacks instead of an object implementing SessionHandlerInterface is deprecated en C:\tools\nginx\html\sistema_biometrico\index.php línea 52
URI: /logout
--------------------------------------------------------------------------------
[2026-03-23 15:40:07] [DEPRECATED] session_set_save_handler(): Providing individual callbacks instead of an object implementing SessionHandlerInterface is deprecated en C:\tools\nginx\html\sistema_biometrico\index.php línea 52
URI: /login
--------------------------------------------------------------------------------
[2026-03-23 15:40:46] [DEPRECATED] session_set_save_handler(): Providing individual callbacks instead of an object implementing SessionHandlerInterface is deprecated en C:\tools\nginx\html\sistema_biometrico\index.php línea 52
URI: /
--------------------------------------------------------------------------------
[2026-03-23 15:40:46] [DEPRECATED] session_set_save_handler(): Providing individual callbacks instead of an object implementing SessionHandlerInterface is deprecated en C:\tools\nginx\html\sistema_biometrico\index.php línea 52
URI: /login
--------------------------------------------------------------------------------
[2026-03-23 15:40:52] [DEPRECATED] session_set_save_handler(): Providing individual callbacks instead of an object implementing SessionHandlerInterface is deprecated en C:\tools\nginx\html\sistema_biometrico\index.php línea 52
URI: /login
--------------------------------------------------------------------------------
[2026-03-23 15:40:53] [DEPRECATED] session_set_save_handler(): Providing individual callbacks instead of an object implementing SessionHandlerInterface is deprecated en C:\tools\nginx\html\sistema_biometrico\index.php línea 52
URI: /dashboard
--------------------------------------------------------------------------------
[2026-03-23 15:41:09] [DEPRECATED] session_set_save_handler(): Providing individual callbacks instead of an object implementing SessionHandlerInterface is deprecated en C:\tools\nginx\html\sistema_biometrico\index.php línea 52
URI: /empleados
--------------------------------------------------------------------------------
[2026-03-23 15:41:13] [DEPRECATED] session_set_save_handler(): Providing individual callbacks instead of an object implementing SessionHandlerInterface is deprecated en C:\tools\nginx\html\sistema_biometrico\index.php línea 52
URI: /empleados?search=87
--------------------------------------------------------------------------------
[2026-03-23 15:41:15] [DEPRECATED] session_set_save_handler(): Providing individual callbacks instead of an object implementing SessionHandlerInterface is deprecated en C:\tools\nginx\html\sistema_biometrico\index.php línea 52
URI: /empleados/datos-completos/87
--------------------------------------------------------------------------------
[2026-03-23 15:41:20] [DEPRECATED] session_set_save_handler(): Providing individual callbacks instead of an object implementing SessionHandlerInterface is deprecated en C:\tools\nginx\html\sistema_biometrico\index.php línea 52
URI: /justificaciones/get-asistencia-ajax/136604
--------------------------------------------------------------------------------
[2026-03-23 15:41:24] [DEPRECATED] session_set_save_handler(): Providing individual callbacks instead of an object implementing SessionHandlerInterface is deprecated en C:\tools\nginx\html\sistema_biometrico\index.php línea 52
URI: /justificaciones/get-asistencia-ajax/133919
--------------------------------------------------------------------------------
[2026-03-23 15:41:30] [DEPRECATED] session_set_save_handler(): Providing individual callbacks instead of an object implementing SessionHandlerInterface is deprecated en C:\tools\nginx\html\sistema_biometrico\index.php línea 52
URI: /justificaciones/get-retardo/9368
--------------------------------------------------------------------------------
[2026-03-23 15:41:40] [DEPRECATED] session_set_save_handler(): Providing individual callbacks instead of an object implementing SessionHandlerInterface is deprecated en C:\tools\nginx\html\sistema_biometrico\index.php línea 52
URI: /empleados/datos-completos/87
--------------------------------------------------------------------------------
[2026-03-23 15:41:43] [DEPRECATED] session_set_save_handler(): Providing individual callbacks instead of an object implementing SessionHandlerInterface is deprecated en C:\tools\nginx\html\sistema_biometrico\index.php línea 52
URI: /justificaciones/get-asistencia-ajax/136602
--------------------------------------------------------------------------------
[2026-03-23 15:42:50] [DEPRECATED] session_set_save_handler(): Providing individual callbacks instead of an object implementing SessionHandlerInterface is deprecated en C:\tools\nginx\html\sistema_biometrico\index.php línea 52
URI: /logout
--------------------------------------------------------------------------------
[2026-03-23 15:42:50] [DEPRECATED] session_set_save_handler(): Providing individual callbacks instead of an object implementing SessionHandlerInterface is deprecated en C:\tools\nginx\html\sistema_biometrico\index.php línea 52
URI: /login
--------------------------------------------------------------------------------
[2026-03-23 18:22:54] [FATAL_ERROR] Uncaught PDOException: SQLSTATE[42S22]: Column not found: 1054 Unknown column 'e.numero_empleado' in 'SELECT' in Command line code:1
Stack trace:
#0 Command line code(1): PDO->query()
#1 {main}
  thrown en Command line code línea 1
URI: N/A
--------------------------------------------------------------------------------
[2026-03-23 18:22:58] [FATAL_ERROR] Uncaught PDOException: SQLSTATE[42S22]: Column not found: 1054 Unknown column 'fecha' in 'WHERE' in Command line code:1
Stack trace:
#0 Command line code(1): PDO->query()
#1 {main}
  thrown en Command line code línea 1
URI: N/A
--------------------------------------------------------------------------------
[2026-03-23 18:23:14] [FATAL_ERROR] Uncaught PDOException: SQLSTATE[42S02]: Base table or view not found: 1146 Table 'sistema_biometrico.horario_laboral' doesn't exist in Command line code:1
Stack trace:
#0 Command line code(1): PDO->query()
#1 {main}
  thrown en Command line code línea 1
URI: N/A
--------------------------------------------------------------------------------
[2026-03-23 18:30:06] [DEPRECATED] session_set_save_handler(): Providing individual callbacks instead of an object implementing SessionHandlerInterface is deprecated en /usr/share/nginx/html/sistema_biometrico/index.php línea 52
URI: N/A
--------------------------------------------------------------------------------
[2026-03-23 18:41:50] [FATAL_ERROR] Uncaught TypeError: array_merge(): Argument #2 must be of type array, Database given in /usr/share/nginx/html/sistema_biometrico/models/ZKTecoAsistenciaInserter.php:29
Stack trace:
#0 /usr/share/nginx/html/sistema_biometrico/models/ZKTecoAsistenciaInserter.php(29): array_merge()
#1 Command line code(7): ZKTecoAsistenciaInserter->__construct()
#2 {main}
  thrown en /usr/share/nginx/html/sistema_biometrico/models/ZKTecoAsistenciaInserter.php línea 29
URI: N/A
--------------------------------------------------------------------------------
[2026-03-23 18:41:57] [FATAL_ERROR] Uncaught Error: Call to undefined method ZKTecoAsistenciaInserter::calcularRetardos() in Command line code:9
Stack trace:
#0 {main}
  thrown en Command line code línea 9
URI: N/A
--------------------------------------------------------------------------------
[2026-03-23 18:42:41] [FATAL_ERROR] Uncaught PDOException: SQLSTATE[01000]: Warning: 1265 Data truncated for column 'tipo_retraso' at row 1 in Command line code:59
Stack trace:
#0 Command line code(59): PDOStatement->execute()
#1 {main}
  thrown en Command line code línea 59
URI: N/A
--------------------------------------------------------------------------------
