[2026-03-04 09:12:42] [DEPRECATED] session_set_save_handler(): Providing individual callbacks instead of an object implementing SessionHandlerInterface is deprecated en C:\tools\nginx\html\sistema_biometrico\index.php línea 50
URI: /
--------------------------------------------------------------------------------
[2026-03-04 09:12:42] [DEPRECATED] session_set_save_handler(): Providing individual callbacks instead of an object implementing SessionHandlerInterface is deprecated en C:\tools\nginx\html\sistema_biometrico\index.php línea 50
URI: /sistema_biometrico/login
--------------------------------------------------------------------------------
[2026-03-04 09:12:42] [DEPRECATED] session_set_save_handler(): Providing individual callbacks instead of an object implementing SessionHandlerInterface is deprecated en C:\tools\nginx\html\sistema_biometrico\index.php línea 50
URI: /sistema_biometrico/public/css/modals.css
--------------------------------------------------------------------------------
[2026-03-04 09:12:42] [DEPRECATED] session_set_save_handler(): Providing individual callbacks instead of an object implementing SessionHandlerInterface is deprecated en C:\tools\nginx\html\sistema_biometrico\index.php línea 50
URI: /sistema_biometrico/public/css/empleados.css
--------------------------------------------------------------------------------
[2026-03-04 09:12:42] [DEPRECATED] session_set_save_handler(): Providing individual callbacks instead of an object implementing SessionHandlerInterface is deprecated en C:\tools\nginx\html\sistema_biometrico\index.php línea 50
URI: /sistema_biometrico/public/css/colores-pantone.css
--------------------------------------------------------------------------------
[2026-03-04 09:12:42] [DEPRECATED] session_set_save_handler(): Providing individual callbacks instead of an object implementing SessionHandlerInterface is deprecated en C:\tools\nginx\html\sistema_biometrico\index.php línea 50
URI: /sistema_biometrico/assets/js/error-logger.js
--------------------------------------------------------------------------------
[2026-03-04 09:13:10] [DEPRECATED] session_set_save_handler(): Providing individual callbacks instead of an object implementing SessionHandlerInterface is deprecated en C:\tools\nginx\html\sistema_biometrico\index.php línea 50
URI: /sistema_biometrico/login
--------------------------------------------------------------------------------
[2026-03-04 09:13:10] [DEPRECATED] session_set_save_handler(): Providing individual callbacks instead of an object implementing SessionHandlerInterface is deprecated en C:\tools\nginx\html\sistema_biometrico\index.php línea 50
URI: /sistema_biometrico/dashboard
--------------------------------------------------------------------------------
[2026-03-04 09:13:13] [EXCEPTION] PDOException
Contexto: {"action":"index","section":"comisiones"}
Mensaje: SQLSTATE[42S22]: Column not found: 1054 Unknown column 'monto' in 'SELECT'
URI: /sistema_biometrico/dashboard
Archivo: C:\tools\nginx\html\sistema_biometrico\models\Comision.php Línea: 116
#0 C:\tools\nginx\html\sistema_biometrico\models\Comision.php(116): PDO->prepare('SELECT SUM(mont...')
#1 C:\tools\nginx\html\sistema_biometrico\controllers\DashboardController.php(81): Comision->getTotalComisiones(NULL, '03', '2026')
#2 C:\tools\nginx\html\sistema_biometrico\index.php(167): DashboardController->index()
#3 {main}
--------------------------------------------------------------------------------
[2026-03-04 09:13:13] [DEPRECATED] session_set_save_handler(): Providing individual callbacks instead of an object implementing SessionHandlerInterface is deprecated en C:\tools\nginx\html\sistema_biometrico\index.php línea 50
URI: /sistema_biometrico/public/css/modals.css
--------------------------------------------------------------------------------
[2026-03-04 09:13:13] [DEPRECATED] session_set_save_handler(): Providing individual callbacks instead of an object implementing SessionHandlerInterface is deprecated en C:\tools\nginx\html\sistema_biometrico\index.php línea 50
URI: /sistema_biometrico/public/css/empleados.css
--------------------------------------------------------------------------------
[2026-03-04 09:13:13] [DEPRECATED] session_set_save_handler(): Providing individual callbacks instead of an object implementing SessionHandlerInterface is deprecated en C:\tools\nginx\html\sistema_biometrico\index.php línea 50
URI: /sistema_biometrico/public/css/colores-pantone.css
--------------------------------------------------------------------------------
[2026-03-04 09:13:13] [DEPRECATED] session_set_save_handler(): Providing individual callbacks instead of an object implementing SessionHandlerInterface is deprecated en C:\tools\nginx\html\sistema_biometrico\index.php línea 50
URI: /sistema_biometrico/assets/js/error-logger.js
--------------------------------------------------------------------------------
[2026-03-04 09:13:22] [DEPRECATED] session_set_save_handler(): Providing individual callbacks instead of an object implementing SessionHandlerInterface is deprecated en C:\tools\nginx\html\sistema_biometrico\index.php línea 50
URI: /sistema_biometrico/empleados
--------------------------------------------------------------------------------
[2026-03-04 09:13:22] [DEPRECATED] session_set_save_handler(): Providing individual callbacks instead of an object implementing SessionHandlerInterface is deprecated en C:\tools\nginx\html\sistema_biometrico\index.php línea 50
URI: /sistema_biometrico/public/css/modals.css
--------------------------------------------------------------------------------
[2026-03-04 09:13:22] [DEPRECATED] session_set_save_handler(): Providing individual callbacks instead of an object implementing SessionHandlerInterface is deprecated en C:\tools\nginx\html\sistema_biometrico\index.php línea 50
URI: /sistema_biometrico/public/css/empleados.css
--------------------------------------------------------------------------------
[2026-03-04 09:13:22] [DEPRECATED] session_set_save_handler(): Providing individual callbacks instead of an object implementing SessionHandlerInterface is deprecated en C:\tools\nginx\html\sistema_biometrico\index.php línea 50
URI: /sistema_biometrico/public/css/colores-pantone.css
--------------------------------------------------------------------------------
[2026-03-04 09:13:22] [DEPRECATED] session_set_save_handler(): Providing individual callbacks instead of an object implementing SessionHandlerInterface is deprecated en C:\tools\nginx\html\sistema_biometrico\index.php línea 50
URI: /sistema_biometrico/assets/js/error-logger.js
--------------------------------------------------------------------------------
[2026-03-04 09:13:24] [DEPRECATED] session_set_save_handler(): Providing individual callbacks instead of an object implementing SessionHandlerInterface is deprecated en C:\tools\nginx\html\sistema_biometrico\index.php línea 50
URI: /sistema_biometrico/empleados/datos-completos/1
--------------------------------------------------------------------------------
[2026-03-04 09:13:33] [DEPRECATED] session_set_save_handler(): Providing individual callbacks instead of an object implementing SessionHandlerInterface is deprecated en C:\tools\nginx\html\sistema_biometrico\index.php línea 50
URI: /sistema_biometrico/empleados/datos-completos/1
--------------------------------------------------------------------------------
[2026-03-04 09:13:52] [DEPRECATED] session_set_save_handler(): Providing individual callbacks instead of an object implementing SessionHandlerInterface is deprecated en C:\tools\nginx\html\sistema_biometrico\index.php línea 50
URI: /sistema_biometrico/empleados
--------------------------------------------------------------------------------
[2026-03-04 09:13:52] [DEPRECATED] session_set_save_handler(): Providing individual callbacks instead of an object implementing SessionHandlerInterface is deprecated en C:\tools\nginx\html\sistema_biometrico\index.php línea 50
URI: /sistema_biometrico/public/css/modals.css
--------------------------------------------------------------------------------
[2026-03-04 09:13:52] [DEPRECATED] session_set_save_handler(): Providing individual callbacks instead of an object implementing SessionHandlerInterface is deprecated en C:\tools\nginx\html\sistema_biometrico\index.php línea 50
URI: /sistema_biometrico/public/css/empleados.css
--------------------------------------------------------------------------------
[2026-03-04 09:13:52] [DEPRECATED] session_set_save_handler(): Providing individual callbacks instead of an object implementing SessionHandlerInterface is deprecated en C:\tools\nginx\html\sistema_biometrico\index.php línea 50
URI: /sistema_biometrico/public/css/colores-pantone.css
--------------------------------------------------------------------------------
[2026-03-04 09:13:52] [DEPRECATED] session_set_save_handler(): Providing individual callbacks instead of an object implementing SessionHandlerInterface is deprecated en C:\tools\nginx\html\sistema_biometrico\index.php línea 50
URI: /sistema_biometrico/assets/js/error-logger.js
--------------------------------------------------------------------------------
[2026-03-04 09:13:57] [DEPRECATED] session_set_save_handler(): Providing individual callbacks instead of an object implementing SessionHandlerInterface is deprecated en C:\tools\nginx\html\sistema_biometrico\index.php línea 50
URI: /sistema_biometrico/empleados?search=828
--------------------------------------------------------------------------------
[2026-03-04 09:13:57] [DEPRECATED] session_set_save_handler(): Providing individual callbacks instead of an object implementing SessionHandlerInterface is deprecated en C:\tools\nginx\html\sistema_biometrico\index.php línea 50
URI: /sistema_biometrico/public/css/modals.css
--------------------------------------------------------------------------------
[2026-03-04 09:13:57] [DEPRECATED] session_set_save_handler(): Providing individual callbacks instead of an object implementing SessionHandlerInterface is deprecated en C:\tools\nginx\html\sistema_biometrico\index.php línea 50
URI: /sistema_biometrico/public/css/empleados.css
--------------------------------------------------------------------------------
[2026-03-04 09:13:57] [DEPRECATED] session_set_save_handler(): Providing individual callbacks instead of an object implementing SessionHandlerInterface is deprecated en C:\tools\nginx\html\sistema_biometrico\index.php línea 50
URI: /sistema_biometrico/public/css/colores-pantone.css
--------------------------------------------------------------------------------
[2026-03-04 09:13:57] [DEPRECATED] session_set_save_handler(): Providing individual callbacks instead of an object implementing SessionHandlerInterface is deprecated en C:\tools\nginx\html\sistema_biometrico\index.php línea 50
URI: /sistema_biometrico/assets/js/error-logger.js
--------------------------------------------------------------------------------
[2026-03-04 09:13:58] [DEPRECATED] session_set_save_handler(): Providing individual callbacks instead of an object implementing SessionHandlerInterface is deprecated en C:\tools\nginx\html\sistema_biometrico\index.php línea 50
URI: /sistema_biometrico/empleados/datos-completos/828
--------------------------------------------------------------------------------
[2026-03-04 09:16:14] [DEPRECATED] session_set_save_handler(): Providing individual callbacks instead of an object implementing SessionHandlerInterface is deprecated en C:\tools\nginx\html\sistema_biometrico\index.php línea 50
URI: /sistema_biometrico/empleados?search=87
--------------------------------------------------------------------------------
[2026-03-04 09:16:14] [DEPRECATED] session_set_save_handler(): Providing individual callbacks instead of an object implementing SessionHandlerInterface is deprecated en C:\tools\nginx\html\sistema_biometrico\index.php línea 50
URI: /sistema_biometrico/public/css/modals.css
--------------------------------------------------------------------------------
[2026-03-04 09:16:14] [DEPRECATED] session_set_save_handler(): Providing individual callbacks instead of an object implementing SessionHandlerInterface is deprecated en C:\tools\nginx\html\sistema_biometrico\index.php línea 50
URI: /sistema_biometrico/public/css/empleados.css
--------------------------------------------------------------------------------
[2026-03-04 09:16:14] [DEPRECATED] session_set_save_handler(): Providing individual callbacks instead of an object implementing SessionHandlerInterface is deprecated en C:\tools\nginx\html\sistema_biometrico\index.php línea 50
URI: /sistema_biometrico/public/css/colores-pantone.css
--------------------------------------------------------------------------------
[2026-03-04 09:16:14] [DEPRECATED] session_set_save_handler(): Providing individual callbacks instead of an object implementing SessionHandlerInterface is deprecated en C:\tools\nginx\html\sistema_biometrico\index.php línea 50
URI: /sistema_biometrico/assets/js/error-logger.js
--------------------------------------------------------------------------------
[2026-03-04 09:16:17] [DEPRECATED] session_set_save_handler(): Providing individual callbacks instead of an object implementing SessionHandlerInterface is deprecated en C:\tools\nginx\html\sistema_biometrico\index.php línea 50
URI: /sistema_biometrico/empleados/datos-completos/87
--------------------------------------------------------------------------------
[2026-03-04 09:16:28] [DEPRECATED] session_set_save_handler(): Providing individual callbacks instead of an object implementing SessionHandlerInterface is deprecated en C:\tools\nginx\html\sistema_biometrico\index.php línea 50
URI: /sistema_biometrico/empleados/datos-completos/587
--------------------------------------------------------------------------------
[2026-03-04 09:16:39] [DEPRECATED] session_set_save_handler(): Providing individual callbacks instead of an object implementing SessionHandlerInterface is deprecated en C:\tools\nginx\html\sistema_biometrico\index.php línea 50
URI: /sistema_biometrico/usuarios
--------------------------------------------------------------------------------
[2026-03-04 09:16:39] [DEPRECATED] session_set_save_handler(): Providing individual callbacks instead of an object implementing SessionHandlerInterface is deprecated en C:\tools\nginx\html\sistema_biometrico\index.php línea 50
URI: /sistema_biometrico/public/css/modals.css
--------------------------------------------------------------------------------
[2026-03-04 09:16:39] [DEPRECATED] session_set_save_handler(): Providing individual callbacks instead of an object implementing SessionHandlerInterface is deprecated en C:\tools\nginx\html\sistema_biometrico\index.php línea 50
URI: /sistema_biometrico/public/css/empleados.css
--------------------------------------------------------------------------------
[2026-03-04 09:16:39] [DEPRECATED] session_set_save_handler(): Providing individual callbacks instead of an object implementing SessionHandlerInterface is deprecated en C:\tools\nginx\html\sistema_biometrico\index.php línea 50
URI: /sistema_biometrico/public/css/colores-pantone.css
--------------------------------------------------------------------------------
[2026-03-04 09:16:39] [DEPRECATED] session_set_save_handler(): Providing individual callbacks instead of an object implementing SessionHandlerInterface is deprecated en C:\tools\nginx\html\sistema_biometrico\index.php línea 50
URI: /sistema_biometrico/assets/js/error-logger.js
--------------------------------------------------------------------------------
[2026-03-04 09:16:53] [DEPRECATED] session_set_save_handler(): Providing individual callbacks instead of an object implementing SessionHandlerInterface is deprecated en C:\tools\nginx\html\sistema_biometrico\index.php línea 50
URI: /sistema_biometrico/usuarios/2/edit-modal
--------------------------------------------------------------------------------
[2026-03-04 09:17:27] [DEPRECATED] session_set_save_handler(): Providing individual callbacks instead of an object implementing SessionHandlerInterface is deprecated en C:\tools\nginx\html\sistema_biometrico\index.php línea 50
URI: /sistema_biometrico/empleados
--------------------------------------------------------------------------------
[2026-03-04 09:17:27] [DEPRECATED] session_set_save_handler(): Providing individual callbacks instead of an object implementing SessionHandlerInterface is deprecated en C:\tools\nginx\html\sistema_biometrico\index.php línea 50
URI: /sistema_biometrico/public/css/modals.css
--------------------------------------------------------------------------------
[2026-03-04 09:17:27] [DEPRECATED] session_set_save_handler(): Providing individual callbacks instead of an object implementing SessionHandlerInterface is deprecated en C:\tools\nginx\html\sistema_biometrico\index.php línea 50
URI: /sistema_biometrico/public/css/empleados.css
--------------------------------------------------------------------------------
[2026-03-04 09:17:27] [DEPRECATED] session_set_save_handler(): Providing individual callbacks instead of an object implementing SessionHandlerInterface is deprecated en C:\tools\nginx\html\sistema_biometrico\index.php línea 50
URI: /sistema_biometrico/public/css/colores-pantone.css
--------------------------------------------------------------------------------
[2026-03-04 09:17:27] [DEPRECATED] session_set_save_handler(): Providing individual callbacks instead of an object implementing SessionHandlerInterface is deprecated en C:\tools\nginx\html\sistema_biometrico\index.php línea 50
URI: /sistema_biometrico/assets/js/error-logger.js
--------------------------------------------------------------------------------
[2026-03-04 09:17:27] [DEPRECATED] session_set_save_handler(): Providing individual callbacks instead of an object implementing SessionHandlerInterface is deprecated en C:\tools\nginx\html\sistema_biometrico\index.php línea 50
URI: /sistema_biometrico/validaciones/obtener-contador-pendientes?t=1772637447922
--------------------------------------------------------------------------------
[2026-03-04 09:17:31] [DEPRECATED] session_set_save_handler(): Providing individual callbacks instead of an object implementing SessionHandlerInterface is deprecated en C:\tools\nginx\html\sistema_biometrico\index.php línea 50
URI: /sistema_biometrico/empleados?search=828
--------------------------------------------------------------------------------
[2026-03-04 09:17:31] [DEPRECATED] session_set_save_handler(): Providing individual callbacks instead of an object implementing SessionHandlerInterface is deprecated en C:\tools\nginx\html\sistema_biometrico\index.php línea 50
URI: /sistema_biometrico/public/css/modals.css
--------------------------------------------------------------------------------
[2026-03-04 09:17:31] [DEPRECATED] session_set_save_handler(): Providing individual callbacks instead of an object implementing SessionHandlerInterface is deprecated en C:\tools\nginx\html\sistema_biometrico\index.php línea 50
URI: /sistema_biometrico/public/css/empleados.css
--------------------------------------------------------------------------------
[2026-03-04 09:17:31] [DEPRECATED] session_set_save_handler(): Providing individual callbacks instead of an object implementing SessionHandlerInterface is deprecated en C:\tools\nginx\html\sistema_biometrico\index.php línea 50
URI: /sistema_biometrico/public/css/colores-pantone.css
--------------------------------------------------------------------------------
[2026-03-04 09:17:31] [DEPRECATED] session_set_save_handler(): Providing individual callbacks instead of an object implementing SessionHandlerInterface is deprecated en C:\tools\nginx\html\sistema_biometrico\index.php línea 50
URI: /sistema_biometrico/assets/js/error-logger.js
--------------------------------------------------------------------------------
[2026-03-04 09:17:37] [DEPRECATED] session_set_save_handler(): Providing individual callbacks instead of an object implementing SessionHandlerInterface is deprecated en C:\tools\nginx\html\sistema_biometrico\index.php línea 50
URI: /sistema_biometrico/usuarios
--------------------------------------------------------------------------------
[2026-03-04 09:17:37] [DEPRECATED] session_set_save_handler(): Providing individual callbacks instead of an object implementing SessionHandlerInterface is deprecated en C:\tools\nginx\html\sistema_biometrico\index.php línea 50
URI: /sistema_biometrico/public/css/modals.css
--------------------------------------------------------------------------------
[2026-03-04 09:17:37] [DEPRECATED] session_set_save_handler(): Providing individual callbacks instead of an object implementing SessionHandlerInterface is deprecated en C:\tools\nginx\html\sistema_biometrico\index.php línea 50
URI: /sistema_biometrico/public/css/empleados.css
--------------------------------------------------------------------------------
[2026-03-04 09:17:37] [DEPRECATED] session_set_save_handler(): Providing individual callbacks instead of an object implementing SessionHandlerInterface is deprecated en C:\tools\nginx\html\sistema_biometrico\index.php línea 50
URI: /sistema_biometrico/public/css/colores-pantone.css
--------------------------------------------------------------------------------
[2026-03-04 09:17:37] [DEPRECATED] session_set_save_handler(): Providing individual callbacks instead of an object implementing SessionHandlerInterface is deprecated en C:\tools\nginx\html\sistema_biometrico\index.php línea 50
URI: /sistema_biometrico/assets/js/error-logger.js
--------------------------------------------------------------------------------
[2026-03-04 09:17:39] [DEPRECATED] session_set_save_handler(): Providing individual callbacks instead of an object implementing SessionHandlerInterface is deprecated en C:\tools\nginx\html\sistema_biometrico\index.php línea 50
URI: /sistema_biometrico/usuarios/2/edit-modal
--------------------------------------------------------------------------------
[2026-03-04 09:17:48] [DEPRECATED] session_set_save_handler(): Providing individual callbacks instead of an object implementing SessionHandlerInterface is deprecated en C:\tools\nginx\html\sistema_biometrico\index.php línea 50
URI: /sistema_biometrico/usuarios/update
--------------------------------------------------------------------------------
[2026-03-04 09:17:50] [DEPRECATED] session_set_save_handler(): Providing individual callbacks instead of an object implementing SessionHandlerInterface is deprecated en C:\tools\nginx\html\sistema_biometrico\index.php línea 50
URI: /sistema_biometrico/usuarios
--------------------------------------------------------------------------------
[2026-03-04 09:17:50] [DEPRECATED] session_set_save_handler(): Providing individual callbacks instead of an object implementing SessionHandlerInterface is deprecated en C:\tools\nginx\html\sistema_biometrico\index.php línea 50
URI: /sistema_biometrico/public/css/modals.css
--------------------------------------------------------------------------------
[2026-03-04 09:17:50] [DEPRECATED] session_set_save_handler(): Providing individual callbacks instead of an object implementing SessionHandlerInterface is deprecated en C:\tools\nginx\html\sistema_biometrico\index.php línea 50
URI: /sistema_biometrico/public/css/empleados.css
--------------------------------------------------------------------------------
[2026-03-04 09:17:50] [DEPRECATED] session_set_save_handler(): Providing individual callbacks instead of an object implementing SessionHandlerInterface is deprecated en C:\tools\nginx\html\sistema_biometrico\index.php línea 50
URI: /sistema_biometrico/public/css/colores-pantone.css
--------------------------------------------------------------------------------
[2026-03-04 09:17:50] [DEPRECATED] session_set_save_handler(): Providing individual callbacks instead of an object implementing SessionHandlerInterface is deprecated en C:\tools\nginx\html\sistema_biometrico\index.php línea 50
URI: /sistema_biometrico/assets/js/error-logger.js
--------------------------------------------------------------------------------
[2026-03-04 09:18:24] [DEPRECATED] session_set_save_handler(): Providing individual callbacks instead of an object implementing SessionHandlerInterface is deprecated en C:\tools\nginx\html\sistema_biometrico\index.php línea 50
URI: /sistema_biometrico/usuarios/2/edit-modal
--------------------------------------------------------------------------------
[2026-03-04 09:18:46] [DEPRECATED] session_set_save_handler(): Providing individual callbacks instead of an object implementing SessionHandlerInterface is deprecated en C:\tools\nginx\html\sistema_biometrico\index.php línea 50
URI: /sistema_biometrico/usuarios/update
--------------------------------------------------------------------------------
[2026-03-04 09:18:48] [DEPRECATED] session_set_save_handler(): Providing individual callbacks instead of an object implementing SessionHandlerInterface is deprecated en C:\tools\nginx\html\sistema_biometrico\index.php línea 50
URI: /sistema_biometrico/usuarios
--------------------------------------------------------------------------------
[2026-03-04 09:18:48] [DEPRECATED] session_set_save_handler(): Providing individual callbacks instead of an object implementing SessionHandlerInterface is deprecated en C:\tools\nginx\html\sistema_biometrico\index.php línea 50
URI: /sistema_biometrico/public/css/modals.css
--------------------------------------------------------------------------------
[2026-03-04 09:18:48] [DEPRECATED] session_set_save_handler(): Providing individual callbacks instead of an object implementing SessionHandlerInterface is deprecated en C:\tools\nginx\html\sistema_biometrico\index.php línea 50
URI: /sistema_biometrico/public/css/empleados.css
--------------------------------------------------------------------------------
[2026-03-04 09:18:48] [DEPRECATED] session_set_save_handler(): Providing individual callbacks instead of an object implementing SessionHandlerInterface is deprecated en C:\tools\nginx\html\sistema_biometrico\index.php línea 50
URI: /sistema_biometrico/public/css/colores-pantone.css
--------------------------------------------------------------------------------
[2026-03-04 09:18:48] [DEPRECATED] session_set_save_handler(): Providing individual callbacks instead of an object implementing SessionHandlerInterface is deprecated en C:\tools\nginx\html\sistema_biometrico\index.php línea 50
URI: /sistema_biometrico/assets/js/error-logger.js
--------------------------------------------------------------------------------
[2026-03-04 09:18:59] [DEPRECATED] session_set_save_handler(): Providing individual callbacks instead of an object implementing SessionHandlerInterface is deprecated en C:\tools\nginx\html\sistema_biometrico\index.php línea 50
URI: /sistema_biometrico/usuarios/2/edit-modal
--------------------------------------------------------------------------------
[2026-03-04 09:19:16] [DEPRECATED] session_set_save_handler(): Providing individual callbacks instead of an object implementing SessionHandlerInterface is deprecated en C:\tools\nginx\html\sistema_biometrico\index.php línea 50
URI: /sistema_biometrico/usuarios/update
--------------------------------------------------------------------------------
[2026-03-04 09:19:18] [DEPRECATED] session_set_save_handler(): Providing individual callbacks instead of an object implementing SessionHandlerInterface is deprecated en C:\tools\nginx\html\sistema_biometrico\index.php línea 50
URI: /sistema_biometrico/usuarios
--------------------------------------------------------------------------------
[2026-03-04 09:19:18] [DEPRECATED] session_set_save_handler(): Providing individual callbacks instead of an object implementing SessionHandlerInterface is deprecated en C:\tools\nginx\html\sistema_biometrico\index.php línea 50
URI: /sistema_biometrico/public/css/modals.css
--------------------------------------------------------------------------------
[2026-03-04 09:19:18] [DEPRECATED] session_set_save_handler(): Providing individual callbacks instead of an object implementing SessionHandlerInterface is deprecated en C:\tools\nginx\html\sistema_biometrico\index.php línea 50
URI: /sistema_biometrico/public/css/empleados.css
--------------------------------------------------------------------------------
[2026-03-04 09:19:18] [DEPRECATED] session_set_save_handler(): Providing individual callbacks instead of an object implementing SessionHandlerInterface is deprecated en C:\tools\nginx\html\sistema_biometrico\index.php línea 50
URI: /sistema_biometrico/public/css/colores-pantone.css
--------------------------------------------------------------------------------
[2026-03-04 09:19:18] [DEPRECATED] session_set_save_handler(): Providing individual callbacks instead of an object implementing SessionHandlerInterface is deprecated en C:\tools\nginx\html\sistema_biometrico\index.php línea 50
URI: /sistema_biometrico/assets/js/error-logger.js
--------------------------------------------------------------------------------
[2026-03-04 09:19:21] [DEPRECATED] session_set_save_handler(): Providing individual callbacks instead of an object implementing SessionHandlerInterface is deprecated en C:\tools\nginx\html\sistema_biometrico\index.php línea 50
URI: /sistema_biometrico/logout
--------------------------------------------------------------------------------
[2026-03-04 09:19:21] [DEPRECATED] session_set_save_handler(): Providing individual callbacks instead of an object implementing SessionHandlerInterface is deprecated en C:\tools\nginx\html\sistema_biometrico\index.php línea 50
URI: /sistema_biometrico/login
--------------------------------------------------------------------------------
[2026-03-04 09:19:21] [DEPRECATED] session_set_save_handler(): Providing individual callbacks instead of an object implementing SessionHandlerInterface is deprecated en C:\tools\nginx\html\sistema_biometrico\index.php línea 50
URI: /sistema_biometrico/public/css/modals.css
--------------------------------------------------------------------------------
[2026-03-04 09:19:21] [DEPRECATED] session_set_save_handler(): Providing individual callbacks instead of an object implementing SessionHandlerInterface is deprecated en C:\tools\nginx\html\sistema_biometrico\index.php línea 50
URI: /sistema_biometrico/public/css/empleados.css
--------------------------------------------------------------------------------
[2026-03-04 09:19:21] [DEPRECATED] session_set_save_handler(): Providing individual callbacks instead of an object implementing SessionHandlerInterface is deprecated en C:\tools\nginx\html\sistema_biometrico\index.php línea 50
URI: /sistema_biometrico/public/css/colores-pantone.css
--------------------------------------------------------------------------------
[2026-03-04 09:19:21] [DEPRECATED] session_set_save_handler(): Providing individual callbacks instead of an object implementing SessionHandlerInterface is deprecated en C:\tools\nginx\html\sistema_biometrico\index.php línea 50
URI: /sistema_biometrico/assets/js/error-logger.js
--------------------------------------------------------------------------------
[2026-03-04 09:19:30] [DEPRECATED] session_set_save_handler(): Providing individual callbacks instead of an object implementing SessionHandlerInterface is deprecated en C:\tools\nginx\html\sistema_biometrico\index.php línea 50
URI: /sistema_biometrico/login
--------------------------------------------------------------------------------
[2026-03-04 09:19:30] [DEPRECATED] session_set_save_handler(): Providing individual callbacks instead of an object implementing SessionHandlerInterface is deprecated en C:\tools\nginx\html\sistema_biometrico\index.php línea 50
URI: /sistema_biometrico/dashboard
--------------------------------------------------------------------------------
[2026-03-04 09:19:33] [EXCEPTION] PDOException
Contexto: {"action":"index","section":"comisiones"}
Mensaje: SQLSTATE[42S22]: Column not found: 1054 Unknown column 'monto' in 'SELECT'
URI: /sistema_biometrico/dashboard
Archivo: C:\tools\nginx\html\sistema_biometrico\models\Comision.php Línea: 116
#0 C:\tools\nginx\html\sistema_biometrico\models\Comision.php(116): PDO->prepare('SELECT SUM(mont...')
#1 C:\tools\nginx\html\sistema_biometrico\controllers\DashboardController.php(81): Comision->getTotalComisiones(NULL, '03', '2026')
#2 C:\tools\nginx\html\sistema_biometrico\index.php(167): DashboardController->index()
#3 {main}
--------------------------------------------------------------------------------
[2026-03-04 09:19:33] [DEPRECATED] session_set_save_handler(): Providing individual callbacks instead of an object implementing SessionHandlerInterface is deprecated en C:\tools\nginx\html\sistema_biometrico\index.php línea 50
URI: /sistema_biometrico/public/css/modals.css
--------------------------------------------------------------------------------
[2026-03-04 09:19:33] [DEPRECATED] session_set_save_handler(): Providing individual callbacks instead of an object implementing SessionHandlerInterface is deprecated en C:\tools\nginx\html\sistema_biometrico\index.php línea 50
URI: /sistema_biometrico/public/css/empleados.css
--------------------------------------------------------------------------------
[2026-03-04 09:19:33] [DEPRECATED] session_set_save_handler(): Providing individual callbacks instead of an object implementing SessionHandlerInterface is deprecated en C:\tools\nginx\html\sistema_biometrico\index.php línea 50
URI: /sistema_biometrico/public/css/colores-pantone.css
--------------------------------------------------------------------------------
[2026-03-04 09:19:33] [DEPRECATED] session_set_save_handler(): Providing individual callbacks instead of an object implementing SessionHandlerInterface is deprecated en C:\tools\nginx\html\sistema_biometrico\index.php línea 50
URI: /sistema_biometrico/assets/js/error-logger.js
--------------------------------------------------------------------------------
[2026-03-04 09:19:35] [DEPRECATED] session_set_save_handler(): Providing individual callbacks instead of an object implementing SessionHandlerInterface is deprecated en C:\tools\nginx\html\sistema_biometrico\index.php línea 50
URI: /sistema_biometrico/logs
--------------------------------------------------------------------------------
[2026-03-04 09:19:35] [DEPRECATED] session_set_save_handler(): Providing individual callbacks instead of an object implementing SessionHandlerInterface is deprecated en C:\tools\nginx\html\sistema_biometrico\index.php línea 50
URI: /sistema_biometrico/public/css/modals.css
--------------------------------------------------------------------------------
[2026-03-04 09:19:35] [DEPRECATED] session_set_save_handler(): Providing individual callbacks instead of an object implementing SessionHandlerInterface is deprecated en C:\tools\nginx\html\sistema_biometrico\index.php línea 50
URI: /sistema_biometrico/public/css/empleados.css
--------------------------------------------------------------------------------
[2026-03-04 09:19:35] [DEPRECATED] session_set_save_handler(): Providing individual callbacks instead of an object implementing SessionHandlerInterface is deprecated en C:\tools\nginx\html\sistema_biometrico\index.php línea 50
URI: /sistema_biometrico/public/css/colores-pantone.css
--------------------------------------------------------------------------------
[2026-03-04 09:19:35] [DEPRECATED] session_set_save_handler(): Providing individual callbacks instead of an object implementing SessionHandlerInterface is deprecated en C:\tools\nginx\html\sistema_biometrico\index.php línea 50
URI: /sistema_biometrico/assets/js/error-logger.js
--------------------------------------------------------------------------------
[2026-03-04 09:19:35] [DEPRECATED] session_set_save_handler(): Providing individual callbacks instead of an object implementing SessionHandlerInterface is deprecated en C:\tools\nginx\html\sistema_biometrico\index.php línea 50
URI: /sistema_biometrico/logs/leer?fecha=2026-03-04&tipo=
--------------------------------------------------------------------------------
[2026-03-04 09:19:43] [DEPRECATED] session_set_save_handler(): Providing individual callbacks instead of an object implementing SessionHandlerInterface is deprecated en C:\tools\nginx\html\sistema_biometrico\index.php línea 50
URI: /sistema_biometrico/logs/leer?fecha=2026-03-01&tipo=
--------------------------------------------------------------------------------
[2026-03-04 09:19:49] [DEPRECATED] session_set_save_handler(): Providing individual callbacks instead of an object implementing SessionHandlerInterface is deprecated en C:\tools\nginx\html\sistema_biometrico\index.php línea 50
URI: /sistema_biometrico/logs/leer?fecha=2026-03-01&tipo=
--------------------------------------------------------------------------------
[2026-03-04 09:19:52] [DEPRECATED] session_set_save_handler(): Providing individual callbacks instead of an object implementing SessionHandlerInterface is deprecated en C:\tools\nginx\html\sistema_biometrico\index.php línea 50
URI: /sistema_biometrico/logs/analizar-ai
--------------------------------------------------------------------------------
[2026-03-04 09:20:09] [DEPRECATED] session_set_save_handler(): Providing individual callbacks instead of an object implementing SessionHandlerInterface is deprecated en C:\tools\nginx\html\sistema_biometrico\index.php línea 50
URI: /sistema_biometrico/logout
--------------------------------------------------------------------------------
[2026-03-04 09:20:09] [DEPRECATED] session_set_save_handler(): Providing individual callbacks instead of an object implementing SessionHandlerInterface is deprecated en C:\tools\nginx\html\sistema_biometrico\index.php línea 50
URI: /sistema_biometrico/login
--------------------------------------------------------------------------------
[2026-03-04 09:20:09] [DEPRECATED] session_set_save_handler(): Providing individual callbacks instead of an object implementing SessionHandlerInterface is deprecated en C:\tools\nginx\html\sistema_biometrico\index.php línea 50
URI: /sistema_biometrico/public/css/modals.css
--------------------------------------------------------------------------------
[2026-03-04 09:20:09] [DEPRECATED] session_set_save_handler(): Providing individual callbacks instead of an object implementing SessionHandlerInterface is deprecated en C:\tools\nginx\html\sistema_biometrico\index.php línea 50
URI: /sistema_biometrico/public/css/empleados.css
--------------------------------------------------------------------------------
[2026-03-04 09:20:09] [DEPRECATED] session_set_save_handler(): Providing individual callbacks instead of an object implementing SessionHandlerInterface is deprecated en C:\tools\nginx\html\sistema_biometrico\index.php línea 50
URI: /sistema_biometrico/public/css/colores-pantone.css
--------------------------------------------------------------------------------
[2026-03-04 09:20:09] [DEPRECATED] session_set_save_handler(): Providing individual callbacks instead of an object implementing SessionHandlerInterface is deprecated en C:\tools\nginx\html\sistema_biometrico\index.php línea 50
URI: /sistema_biometrico/assets/js/error-logger.js
--------------------------------------------------------------------------------
[2026-03-04 09:21:48] [DEPRECATED] session_set_save_handler(): Providing individual callbacks instead of an object implementing SessionHandlerInterface is deprecated en C:\tools\nginx\html\sistema_biometrico\index.php línea 50
URI: /
--------------------------------------------------------------------------------
[2026-03-04 09:21:48] [DEPRECATED] session_set_save_handler(): Providing individual callbacks instead of an object implementing SessionHandlerInterface is deprecated en C:\tools\nginx\html\sistema_biometrico\index.php línea 50
URI: /sistema_biometrico/login
--------------------------------------------------------------------------------
[2026-03-04 09:21:49] [DEPRECATED] session_set_save_handler(): Providing individual callbacks instead of an object implementing SessionHandlerInterface is deprecated en C:\tools\nginx\html\sistema_biometrico\index.php línea 50
URI: /sistema_biometrico/public/css/modals.css
--------------------------------------------------------------------------------
[2026-03-04 09:21:49] [DEPRECATED] session_set_save_handler(): Providing individual callbacks instead of an object implementing SessionHandlerInterface is deprecated en C:\tools\nginx\html\sistema_biometrico\index.php línea 50
URI: /sistema_biometrico/public/css/empleados.css
--------------------------------------------------------------------------------
[2026-03-04 09:21:49] [DEPRECATED] session_set_save_handler(): Providing individual callbacks instead of an object implementing SessionHandlerInterface is deprecated en C:\tools\nginx\html\sistema_biometrico\index.php línea 50
URI: /sistema_biometrico/public/css/colores-pantone.css
--------------------------------------------------------------------------------
[2026-03-04 09:21:49] [DEPRECATED] session_set_save_handler(): Providing individual callbacks instead of an object implementing SessionHandlerInterface is deprecated en C:\tools\nginx\html\sistema_biometrico\index.php línea 50
URI: /sistema_biometrico/assets/js/error-logger.js
--------------------------------------------------------------------------------
[2026-03-04 09:21:51] [DEPRECATED] session_set_save_handler(): Providing individual callbacks instead of an object implementing SessionHandlerInterface is deprecated en C:\tools\nginx\html\sistema_biometrico\index.php línea 50
URI: /sistema_biometrico/login
--------------------------------------------------------------------------------
[2026-03-04 09:21:51] [DEPRECATED] session_set_save_handler(): Providing individual callbacks instead of an object implementing SessionHandlerInterface is deprecated en C:\tools\nginx\html\sistema_biometrico\index.php línea 50
URI: /sistema_biometrico/dashboard
--------------------------------------------------------------------------------
[2026-03-04 09:21:54] [EXCEPTION] PDOException
Contexto: {"action":"index","section":"comisiones"}
Mensaje: SQLSTATE[42S22]: Column not found: 1054 Unknown column 'monto' in 'SELECT'
URI: /sistema_biometrico/dashboard
Archivo: C:\tools\nginx\html\sistema_biometrico\models\Comision.php Línea: 116
#0 C:\tools\nginx\html\sistema_biometrico\models\Comision.php(116): PDO->prepare('SELECT SUM(mont...')
#1 C:\tools\nginx\html\sistema_biometrico\controllers\DashboardController.php(81): Comision->getTotalComisiones(NULL, '03', '2026')
#2 C:\tools\nginx\html\sistema_biometrico\index.php(167): DashboardController->index()
#3 {main}
--------------------------------------------------------------------------------
[2026-03-04 09:21:54] [DEPRECATED] session_set_save_handler(): Providing individual callbacks instead of an object implementing SessionHandlerInterface is deprecated en C:\tools\nginx\html\sistema_biometrico\index.php línea 50
URI: /sistema_biometrico/public/css/modals.css
--------------------------------------------------------------------------------
[2026-03-04 09:21:54] [DEPRECATED] session_set_save_handler(): Providing individual callbacks instead of an object implementing SessionHandlerInterface is deprecated en C:\tools\nginx\html\sistema_biometrico\index.php línea 50
URI: /sistema_biometrico/public/css/empleados.css
--------------------------------------------------------------------------------
[2026-03-04 09:21:54] [DEPRECATED] session_set_save_handler(): Providing individual callbacks instead of an object implementing SessionHandlerInterface is deprecated en C:\tools\nginx\html\sistema_biometrico\index.php línea 50
URI: /sistema_biometrico/public/css/colores-pantone.css
--------------------------------------------------------------------------------
[2026-03-04 09:21:54] [DEPRECATED] session_set_save_handler(): Providing individual callbacks instead of an object implementing SessionHandlerInterface is deprecated en C:\tools\nginx\html\sistema_biometrico\index.php línea 50
URI: /sistema_biometrico/assets/js/error-logger.js
--------------------------------------------------------------------------------
[2026-03-04 09:21:58] [DEPRECATED] session_set_save_handler(): Providing individual callbacks instead of an object implementing SessionHandlerInterface is deprecated en C:\tools\nginx\html\sistema_biometrico\index.php línea 50
URI: /sistema_biometrico/validaciones
--------------------------------------------------------------------------------
[2026-03-04 09:21:58] [DEPRECATED] session_set_save_handler(): Providing individual callbacks instead of an object implementing SessionHandlerInterface is deprecated en C:\tools\nginx\html\sistema_biometrico\index.php línea 50
URI: /sistema_biometrico/public/css/modals.css
--------------------------------------------------------------------------------
[2026-03-04 09:21:58] [DEPRECATED] session_set_save_handler(): Providing individual callbacks instead of an object implementing SessionHandlerInterface is deprecated en C:\tools\nginx\html\sistema_biometrico\index.php línea 50
URI: /sistema_biometrico/public/css/empleados.css
--------------------------------------------------------------------------------
[2026-03-04 09:21:58] [DEPRECATED] session_set_save_handler(): Providing individual callbacks instead of an object implementing SessionHandlerInterface is deprecated en C:\tools\nginx\html\sistema_biometrico\index.php línea 50
URI: /sistema_biometrico/public/css/colores-pantone.css
--------------------------------------------------------------------------------
[2026-03-04 09:21:58] [DEPRECATED] session_set_save_handler(): Providing individual callbacks instead of an object implementing SessionHandlerInterface is deprecated en C:\tools\nginx\html\sistema_biometrico\index.php línea 50
URI: /sistema_biometrico/assets/js/error-logger.js
--------------------------------------------------------------------------------
[2026-03-04 09:21:58] [DEPRECATED] session_set_save_handler(): Providing individual callbacks instead of an object implementing SessionHandlerInterface is deprecated en C:\tools\nginx\html\sistema_biometrico\index.php línea 50
URI: /sistema_biometrico/validaciones/buscar-empleados
--------------------------------------------------------------------------------
[2026-03-04 09:21:58] [DEPRECATED] session_set_save_handler(): Providing individual callbacks instead of an object implementing SessionHandlerInterface is deprecated en C:\tools\nginx\html\sistema_biometrico\index.php línea 50
URI: /sistema_biometrico/validaciones/obtener-areas
--------------------------------------------------------------------------------
[2026-03-04 09:21:58] [DEPRECATED] session_set_save_handler(): Providing individual callbacks instead of an object implementing SessionHandlerInterface is deprecated en C:\tools\nginx\html\sistema_biometrico\index.php línea 50
URI: /sistema_biometrico/validaciones/estadisticas
--------------------------------------------------------------------------------
[2026-03-04 09:22:08] [DEPRECATED] session_set_save_handler(): Providing individual callbacks instead of an object implementing SessionHandlerInterface is deprecated en C:\tools\nginx\html\sistema_biometrico\index.php línea 50
URI: /sistema_biometrico/empleados
--------------------------------------------------------------------------------
[2026-03-04 09:22:08] [DEPRECATED] session_set_save_handler(): Providing individual callbacks instead of an object implementing SessionHandlerInterface is deprecated en C:\tools\nginx\html\sistema_biometrico\index.php línea 50
URI: /sistema_biometrico/public/css/modals.css
--------------------------------------------------------------------------------
[2026-03-04 09:22:08] [DEPRECATED] session_set_save_handler(): Providing individual callbacks instead of an object implementing SessionHandlerInterface is deprecated en C:\tools\nginx\html\sistema_biometrico\index.php línea 50
URI: /sistema_biometrico/public/css/empleados.css
--------------------------------------------------------------------------------
[2026-03-04 09:22:08] [DEPRECATED] session_set_save_handler(): Providing individual callbacks instead of an object implementing SessionHandlerInterface is deprecated en C:\tools\nginx\html\sistema_biometrico\index.php línea 50
URI: /sistema_biometrico/public/css/colores-pantone.css
--------------------------------------------------------------------------------
[2026-03-04 09:22:08] [DEPRECATED] session_set_save_handler(): Providing individual callbacks instead of an object implementing SessionHandlerInterface is deprecated en C:\tools\nginx\html\sistema_biometrico\index.php línea 50
URI: /sistema_biometrico/assets/js/error-logger.js
--------------------------------------------------------------------------------
[2026-03-04 09:22:08] [DEPRECATED] session_set_save_handler(): Providing individual callbacks instead of an object implementing SessionHandlerInterface is deprecated en C:\tools\nginx\html\sistema_biometrico\index.php línea 50
URI: /sistema_biometrico/validaciones/obtener-contador-pendientes?t=1772637728720
--------------------------------------------------------------------------------
[2026-03-04 09:22:11] [DEPRECATED] session_set_save_handler(): Providing individual callbacks instead of an object implementing SessionHandlerInterface is deprecated en C:\tools\nginx\html\sistema_biometrico\index.php línea 50
URI: /sistema_biometrico/empleados/datos-completos/4
--------------------------------------------------------------------------------
[2026-03-04 09:22:34] [DEPRECATED] session_set_save_handler(): Providing individual callbacks instead of an object implementing SessionHandlerInterface is deprecated en C:\tools\nginx\html\sistema_biometrico\index.php línea 50
URI: /sistema_biometrico/horarios/asignar-ciclo-empleado
--------------------------------------------------------------------------------
[2026-03-04 09:22:34] [DEPRECATED] session_set_save_handler(): Providing individual callbacks instead of an object implementing SessionHandlerInterface is deprecated en C:\tools\nginx\html\sistema_biometrico\index.php línea 50
URI: /sistema_biometrico/empleados/datos-completos/4
--------------------------------------------------------------------------------
[2026-03-04 09:22:38] [DEPRECATED] session_set_save_handler(): Providing individual callbacks instead of an object implementing SessionHandlerInterface is deprecated en C:\tools\nginx\html\sistema_biometrico\index.php línea 50
URI: /sistema_biometrico/validaciones/obtener-contador-pendientes?t=1772637758736
--------------------------------------------------------------------------------
[2026-03-04 09:23:09] [DEPRECATED] session_set_save_handler(): Providing individual callbacks instead of an object implementing SessionHandlerInterface is deprecated en C:\tools\nginx\html\sistema_biometrico\index.php línea 50
URI: /sistema_biometrico/validaciones/obtener-contador-pendientes?t=1772637789437
--------------------------------------------------------------------------------
[2026-03-04 09:23:39] [DEPRECATED] session_set_save_handler(): Providing individual callbacks instead of an object implementing SessionHandlerInterface is deprecated en C:\tools\nginx\html\sistema_biometrico\index.php línea 50
URI: /sistema_biometrico/validaciones/obtener-contador-pendientes?t=1772637819437
--------------------------------------------------------------------------------
[2026-03-04 09:27:23] [DEPRECATED] session_set_save_handler(): Providing individual callbacks instead of an object implementing SessionHandlerInterface is deprecated en C:\tools\nginx\html\sistema_biometrico\index.php línea 50
URI: /
--------------------------------------------------------------------------------
[2026-03-04 09:27:23] [DEPRECATED] session_set_save_handler(): Providing individual callbacks instead of an object implementing SessionHandlerInterface is deprecated en C:\tools\nginx\html\sistema_biometrico\index.php línea 50
URI: /sistema_biometrico/login
--------------------------------------------------------------------------------
[2026-03-04 09:27:23] [DEPRECATED] session_set_save_handler(): Providing individual callbacks instead of an object implementing SessionHandlerInterface is deprecated en C:\tools\nginx\html\sistema_biometrico\index.php línea 50
URI: /sistema_biometrico/public/css/modals.css
--------------------------------------------------------------------------------
[2026-03-04 09:27:23] [DEPRECATED] session_set_save_handler(): Providing individual callbacks instead of an object implementing SessionHandlerInterface is deprecated en C:\tools\nginx\html\sistema_biometrico\index.php línea 50
URI: /sistema_biometrico/public/css/empleados.css
--------------------------------------------------------------------------------
[2026-03-04 09:27:23] [DEPRECATED] session_set_save_handler(): Providing individual callbacks instead of an object implementing SessionHandlerInterface is deprecated en C:\tools\nginx\html\sistema_biometrico\index.php línea 50
URI: /sistema_biometrico/public/css/colores-pantone.css
--------------------------------------------------------------------------------
[2026-03-04 09:27:23] [DEPRECATED] session_set_save_handler(): Providing individual callbacks instead of an object implementing SessionHandlerInterface is deprecated en C:\tools\nginx\html\sistema_biometrico\index.php línea 50
URI: /sistema_biometrico/assets/js/error-logger.js
--------------------------------------------------------------------------------
[2026-03-04 09:27:50] [DEPRECATED] session_set_save_handler(): Providing individual callbacks instead of an object implementing SessionHandlerInterface is deprecated en C:\tools\nginx\html\sistema_biometrico\index.php línea 50
URI: /sistema_biometrico/login
--------------------------------------------------------------------------------
[2026-03-04 09:27:50] [DEPRECATED] session_set_save_handler(): Providing individual callbacks instead of an object implementing SessionHandlerInterface is deprecated en C:\tools\nginx\html\sistema_biometrico\index.php línea 50
URI: /sistema_biometrico/dashboard
--------------------------------------------------------------------------------
[2026-03-04 09:27:54] [EXCEPTION] PDOException
Contexto: {"action":"index","section":"comisiones"}
Mensaje: SQLSTATE[42S22]: Column not found: 1054 Unknown column 'monto' in 'SELECT'
URI: /sistema_biometrico/dashboard
Archivo: C:\tools\nginx\html\sistema_biometrico\models\Comision.php Línea: 116
#0 C:\tools\nginx\html\sistema_biometrico\models\Comision.php(116): PDO->prepare('SELECT SUM(mont...')
#1 C:\tools\nginx\html\sistema_biometrico\controllers\DashboardController.php(81): Comision->getTotalComisiones(NULL, '03', '2026')
#2 C:\tools\nginx\html\sistema_biometrico\index.php(167): DashboardController->index()
#3 {main}
--------------------------------------------------------------------------------
[2026-03-04 09:27:54] [DEPRECATED] session_set_save_handler(): Providing individual callbacks instead of an object implementing SessionHandlerInterface is deprecated en C:\tools\nginx\html\sistema_biometrico\index.php línea 50
URI: /sistema_biometrico/public/css/modals.css
--------------------------------------------------------------------------------
[2026-03-04 09:27:54] [DEPRECATED] session_set_save_handler(): Providing individual callbacks instead of an object implementing SessionHandlerInterface is deprecated en C:\tools\nginx\html\sistema_biometrico\index.php línea 50
URI: /sistema_biometrico/public/css/empleados.css
--------------------------------------------------------------------------------
[2026-03-04 09:27:54] [DEPRECATED] session_set_save_handler(): Providing individual callbacks instead of an object implementing SessionHandlerInterface is deprecated en C:\tools\nginx\html\sistema_biometrico\index.php línea 50
URI: /sistema_biometrico/public/css/colores-pantone.css
--------------------------------------------------------------------------------
[2026-03-04 09:27:54] [DEPRECATED] session_set_save_handler(): Providing individual callbacks instead of an object implementing SessionHandlerInterface is deprecated en C:\tools\nginx\html\sistema_biometrico\index.php línea 50
URI: /sistema_biometrico/assets/js/error-logger.js
--------------------------------------------------------------------------------
[2026-03-04 09:27:59] [DEPRECATED] session_set_save_handler(): Providing individual callbacks instead of an object implementing SessionHandlerInterface is deprecated en C:\tools\nginx\html\sistema_biometrico\index.php línea 50
URI: /sistema_biometrico/logs
--------------------------------------------------------------------------------
[2026-03-04 09:27:59] [DEPRECATED] session_set_save_handler(): Providing individual callbacks instead of an object implementing SessionHandlerInterface is deprecated en C:\tools\nginx\html\sistema_biometrico\index.php línea 50
URI: /sistema_biometrico/public/css/modals.css
--------------------------------------------------------------------------------
[2026-03-04 09:27:59] [DEPRECATED] session_set_save_handler(): Providing individual callbacks instead of an object implementing SessionHandlerInterface is deprecated en C:\tools\nginx\html\sistema_biometrico\index.php línea 50
URI: /sistema_biometrico/public/css/empleados.css
--------------------------------------------------------------------------------
[2026-03-04 09:27:59] [DEPRECATED] session_set_save_handler(): Providing individual callbacks instead of an object implementing SessionHandlerInterface is deprecated en C:\tools\nginx\html\sistema_biometrico\index.php línea 50
URI: /sistema_biometrico/public/css/colores-pantone.css
--------------------------------------------------------------------------------
[2026-03-04 09:27:59] [DEPRECATED] session_set_save_handler(): Providing individual callbacks instead of an object implementing SessionHandlerInterface is deprecated en C:\tools\nginx\html\sistema_biometrico\index.php línea 50
URI: /sistema_biometrico/assets/js/error-logger.js
--------------------------------------------------------------------------------
[2026-03-04 09:27:59] [DEPRECATED] session_set_save_handler(): Providing individual callbacks instead of an object implementing SessionHandlerInterface is deprecated en C:\tools\nginx\html\sistema_biometrico\index.php línea 50
URI: /sistema_biometrico/logs/leer?fecha=2026-03-04&tipo=
--------------------------------------------------------------------------------
[2026-03-04 09:28:06] [DEPRECATED] session_set_save_handler(): Providing individual callbacks instead of an object implementing SessionHandlerInterface is deprecated en C:\tools\nginx\html\sistema_biometrico\index.php línea 50
URI: /sistema_biometrico/logs/leer?fecha=2026-03-04&tipo=
--------------------------------------------------------------------------------
[2026-03-04 09:28:07] [DEPRECATED] session_set_save_handler(): Providing individual callbacks instead of an object implementing SessionHandlerInterface is deprecated en C:\tools\nginx\html\sistema_biometrico\index.php línea 50
URI: /sistema_biometrico/logs/analizar-ai
--------------------------------------------------------------------------------
[2026-03-04 09:29:13] [DEPRECATED] session_set_save_handler(): Providing individual callbacks instead of an object implementing SessionHandlerInterface is deprecated en C:\tools\nginx\html\sistema_biometrico\index.php línea 50
URI: /sistema_biometrico/ciclos
--------------------------------------------------------------------------------
[2026-03-04 09:29:13] [DEPRECATED] session_set_save_handler(): Providing individual callbacks instead of an object implementing SessionHandlerInterface is deprecated en C:\tools\nginx\html\sistema_biometrico\index.php línea 50
URI: /sistema_biometrico/public/css/modals.css
--------------------------------------------------------------------------------
[2026-03-04 09:29:13] [DEPRECATED] session_set_save_handler(): Providing individual callbacks instead of an object implementing SessionHandlerInterface is deprecated en C:\tools\nginx\html\sistema_biometrico\index.php línea 50
URI: /sistema_biometrico/public/css/empleados.css
--------------------------------------------------------------------------------
[2026-03-04 09:29:13] [DEPRECATED] session_set_save_handler(): Providing individual callbacks instead of an object implementing SessionHandlerInterface is deprecated en C:\tools\nginx\html\sistema_biometrico\index.php línea 50
URI: /sistema_biometrico/public/css/colores-pantone.css
--------------------------------------------------------------------------------
[2026-03-04 09:29:13] [DEPRECATED] session_set_save_handler(): Providing individual callbacks instead of an object implementing SessionHandlerInterface is deprecated en C:\tools\nginx\html\sistema_biometrico\index.php línea 50
URI: /sistema_biometrico/assets/js/error-logger.js
--------------------------------------------------------------------------------
[2026-03-04 09:29:13] [DEPRECATED] session_set_save_handler(): Providing individual callbacks instead of an object implementing SessionHandlerInterface is deprecated en C:\tools\nginx\html\sistema_biometrico\index.php línea 50
URI: /sistema_biometrico/ciclos/json
--------------------------------------------------------------------------------
[2026-03-04 09:29:13] [DEPRECATED] session_set_save_handler(): Providing individual callbacks instead of an object implementing SessionHandlerInterface is deprecated en C:\tools\nginx\html\sistema_biometrico\index.php línea 50
URI: /sistema_biometrico/ciclos/horarios-catalogo
--------------------------------------------------------------------------------
[2026-03-04 09:29:16] [DEPRECATED] session_set_save_handler(): Providing individual callbacks instead of an object implementing SessionHandlerInterface is deprecated en C:\tools\nginx\html\sistema_biometrico\index.php línea 50
URI: /sistema_biometrico/ciclos/bloques/json/13?_=1772638156228
--------------------------------------------------------------------------------
[2026-03-04 09:29:17] [DEPRECATED] session_set_save_handler(): Providing individual callbacks instead of an object implementing SessionHandlerInterface is deprecated en C:\tools\nginx\html\sistema_biometrico\index.php línea 50
URI: /sistema_biometrico/ciclos/bloques/json/5?_=1772638157548
--------------------------------------------------------------------------------
[2026-03-04 09:29:18] [DEPRECATED] session_set_save_handler(): Providing individual callbacks instead of an object implementing SessionHandlerInterface is deprecated en C:\tools\nginx\html\sistema_biometrico\index.php línea 50
URI: /sistema_biometrico/ciclos/bloques/json/7?_=1772638158076
--------------------------------------------------------------------------------
[2026-03-04 09:29:18] [DEPRECATED] session_set_save_handler(): Providing individual callbacks instead of an object implementing SessionHandlerInterface is deprecated en C:\tools\nginx\html\sistema_biometrico\index.php línea 50
URI: /sistema_biometrico/ciclos/bloques/json/9?_=1772638158628
--------------------------------------------------------------------------------
[2026-03-04 09:29:19] [DEPRECATED] session_set_save_handler(): Providing individual callbacks instead of an object implementing SessionHandlerInterface is deprecated en C:\tools\nginx\html\sistema_biometrico\index.php línea 50
URI: /sistema_biometrico/ciclos/bloques/json/10?_=1772638159275
--------------------------------------------------------------------------------
[2026-03-04 09:29:19] [DEPRECATED] session_set_save_handler(): Providing individual callbacks instead of an object implementing SessionHandlerInterface is deprecated en C:\tools\nginx\html\sistema_biometrico\index.php línea 50
URI: /sistema_biometrico/ciclos/bloques/json/21?_=1772638159812
--------------------------------------------------------------------------------
[2026-03-04 09:29:20] [DEPRECATED] session_set_save_handler(): Providing individual callbacks instead of an object implementing SessionHandlerInterface is deprecated en C:\tools\nginx\html\sistema_biometrico\index.php línea 50
URI: /sistema_biometrico/ciclos/bloques/json/17?_=1772638160349
--------------------------------------------------------------------------------
[2026-03-04 09:29:20] [DEPRECATED] session_set_save_handler(): Providing individual callbacks instead of an object implementing SessionHandlerInterface is deprecated en C:\tools\nginx\html\sistema_biometrico\index.php línea 50
URI: /sistema_biometrico/ciclos/bloques/json/20?_=1772638160859
--------------------------------------------------------------------------------
[2026-03-04 09:29:21] [DEPRECATED] session_set_save_handler(): Providing individual callbacks instead of an object implementing SessionHandlerInterface is deprecated en C:\tools\nginx\html\sistema_biometrico\index.php línea 50
URI: /sistema_biometrico/ciclos/bloques/json/6?_=1772638161404
--------------------------------------------------------------------------------
[2026-03-04 09:29:22] [DEPRECATED] session_set_save_handler(): Providing individual callbacks instead of an object implementing SessionHandlerInterface is deprecated en C:\tools\nginx\html\sistema_biometrico\index.php línea 50
URI: /sistema_biometrico/ciclos/bloques/json/12?_=1772638161964
--------------------------------------------------------------------------------
[2026-03-04 09:30:01] [DEPRECATED] session_set_save_handler(): Providing individual callbacks instead of an object implementing SessionHandlerInterface is deprecated en C:\tools\nginx\html\sistema_biometrico\index.php línea 50
URI: /sistema_biometrico/ciclos/bloques/json/8?_=1772638201070
--------------------------------------------------------------------------------
[2026-03-04 09:30:02] [DEPRECATED] session_set_save_handler(): Providing individual callbacks instead of an object implementing SessionHandlerInterface is deprecated en C:\tools\nginx\html\sistema_biometrico\index.php línea 50
URI: /sistema_biometrico/ciclos/bloques/json/19?_=1772638202726
--------------------------------------------------------------------------------
[2026-03-04 09:30:07] [DEPRECATED] session_set_save_handler(): Providing individual callbacks instead of an object implementing SessionHandlerInterface is deprecated en C:\tools\nginx\html\sistema_biometrico\index.php línea 50
URI: /sistema_biometrico/ciclos/bloques/json/11?_=1772638207630
--------------------------------------------------------------------------------
[2026-03-04 09:30:09] [DEPRECATED] session_set_save_handler(): Providing individual callbacks instead of an object implementing SessionHandlerInterface is deprecated en C:\tools\nginx\html\sistema_biometrico\index.php línea 50
URI: /sistema_biometrico/ciclos/bloques/json/14?_=1772638209182
--------------------------------------------------------------------------------
[2026-03-04 09:30:10] [DEPRECATED] session_set_save_handler(): Providing individual callbacks instead of an object implementing SessionHandlerInterface is deprecated en C:\tools\nginx\html\sistema_biometrico\index.php línea 50
URI: /sistema_biometrico/ciclos/bloques/json/18?_=1772638210486
--------------------------------------------------------------------------------
[2026-03-04 09:30:11] [DEPRECATED] session_set_save_handler(): Providing individual callbacks instead of an object implementing SessionHandlerInterface is deprecated en C:\tools\nginx\html\sistema_biometrico\index.php línea 50
URI: /sistema_biometrico/ciclos/bloques/json/15?_=1772638211159
--------------------------------------------------------------------------------
[2026-03-04 09:30:12] [DEPRECATED] session_set_save_handler(): Providing individual callbacks instead of an object implementing SessionHandlerInterface is deprecated en C:\tools\nginx\html\sistema_biometrico\index.php línea 50
URI: /sistema_biometrico/ciclos/bloques/json/1?_=1772638212030
--------------------------------------------------------------------------------
[2026-03-04 09:30:13] [DEPRECATED] session_set_save_handler(): Providing individual callbacks instead of an object implementing SessionHandlerInterface is deprecated en C:\tools\nginx\html\sistema_biometrico\index.php línea 50
URI: /sistema_biometrico/ciclos/bloques/json/2?_=1772638213238
--------------------------------------------------------------------------------
[2026-03-04 09:30:13] [DEPRECATED] session_set_save_handler(): Providing individual callbacks instead of an object implementing SessionHandlerInterface is deprecated en C:\tools\nginx\html\sistema_biometrico\index.php línea 50
URI: /sistema_biometrico/ciclos/bloques/json/4?_=1772638213758
--------------------------------------------------------------------------------
[2026-03-04 09:30:15] [DEPRECATED] session_set_save_handler(): Providing individual callbacks instead of an object implementing SessionHandlerInterface is deprecated en C:\tools\nginx\html\sistema_biometrico\index.php línea 50
URI: /sistema_biometrico/ciclos/bloques/json/3?_=1772638215046
--------------------------------------------------------------------------------
[2026-03-04 09:30:16] [DEPRECATED] session_set_save_handler(): Providing individual callbacks instead of an object implementing SessionHandlerInterface is deprecated en C:\tools\nginx\html\sistema_biometrico\index.php línea 50
URI: /sistema_biometrico/ciclos/bloques/json/16?_=1772638216470
--------------------------------------------------------------------------------
[2026-03-04 09:30:25] [DEPRECATED] session_set_save_handler(): Providing individual callbacks instead of an object implementing SessionHandlerInterface is deprecated en C:\tools\nginx\html\sistema_biometrico\index.php línea 50
URI: /sistema_biometrico/validaciones
--------------------------------------------------------------------------------
[2026-03-04 09:30:25] [DEPRECATED] session_set_save_handler(): Providing individual callbacks instead of an object implementing SessionHandlerInterface is deprecated en C:\tools\nginx\html\sistema_biometrico\index.php línea 50
URI: /sistema_biometrico/public/css/modals.css
--------------------------------------------------------------------------------
[2026-03-04 09:30:25] [DEPRECATED] session_set_save_handler(): Providing individual callbacks instead of an object implementing SessionHandlerInterface is deprecated en C:\tools\nginx\html\sistema_biometrico\index.php línea 50
URI: /sistema_biometrico/public/css/empleados.css
--------------------------------------------------------------------------------
[2026-03-04 09:30:25] [DEPRECATED] session_set_save_handler(): Providing individual callbacks instead of an object implementing SessionHandlerInterface is deprecated en C:\tools\nginx\html\sistema_biometrico\index.php línea 50
URI: /sistema_biometrico/public/css/colores-pantone.css
--------------------------------------------------------------------------------
[2026-03-04 09:30:25] [DEPRECATED] session_set_save_handler(): Providing individual callbacks instead of an object implementing SessionHandlerInterface is deprecated en C:\tools\nginx\html\sistema_biometrico\index.php línea 50
URI: /sistema_biometrico/assets/js/error-logger.js
--------------------------------------------------------------------------------
[2026-03-04 09:30:25] [DEPRECATED] session_set_save_handler(): Providing individual callbacks instead of an object implementing SessionHandlerInterface is deprecated en C:\tools\nginx\html\sistema_biometrico\index.php línea 50
URI: /sistema_biometrico/validaciones/buscar-empleados
--------------------------------------------------------------------------------
[2026-03-04 09:30:25] [DEPRECATED] session_set_save_handler(): Providing individual callbacks instead of an object implementing SessionHandlerInterface is deprecated en C:\tools\nginx\html\sistema_biometrico\index.php línea 50
URI: /sistema_biometrico/validaciones/obtener-areas
--------------------------------------------------------------------------------
[2026-03-04 09:30:25] [DEPRECATED] session_set_save_handler(): Providing individual callbacks instead of an object implementing SessionHandlerInterface is deprecated en C:\tools\nginx\html\sistema_biometrico\index.php línea 50
URI: /sistema_biometrico/validaciones/estadisticas
--------------------------------------------------------------------------------
[2026-03-04 09:30:29] [DEPRECATED] session_set_save_handler(): Providing individual callbacks instead of an object implementing SessionHandlerInterface is deprecated en C:\tools\nginx\html\sistema_biometrico\index.php línea 50
URI: /sistema_biometrico/biometricos
--------------------------------------------------------------------------------
[2026-03-04 09:30:32] [DEPRECATED] session_set_save_handler(): Providing individual callbacks instead of an object implementing SessionHandlerInterface is deprecated en C:\tools\nginx\html\sistema_biometrico\index.php línea 50
URI: /sistema_biometrico/biometricos
--------------------------------------------------------------------------------
[2026-03-04 09:30:35] [DEPRECATED] session_set_save_handler(): Providing individual callbacks instead of an object implementing SessionHandlerInterface is deprecated en C:\tools\nginx\html\sistema_biometrico\index.php línea 50
URI: /sistema_biometrico/public/css/modals.css
--------------------------------------------------------------------------------
[2026-03-04 09:30:35] [DEPRECATED] session_set_save_handler(): Providing individual callbacks instead of an object implementing SessionHandlerInterface is deprecated en C:\tools\nginx\html\sistema_biometrico\index.php línea 50
URI: /sistema_biometrico/public/css/empleados.css
--------------------------------------------------------------------------------
[2026-03-04 09:30:35] [DEPRECATED] session_set_save_handler(): Providing individual callbacks instead of an object implementing SessionHandlerInterface is deprecated en C:\tools\nginx\html\sistema_biometrico\index.php línea 50
URI: /sistema_biometrico/public/css/colores-pantone.css
--------------------------------------------------------------------------------
[2026-03-04 09:30:35] [DEPRECATED] session_set_save_handler(): Providing individual callbacks instead of an object implementing SessionHandlerInterface is deprecated en C:\tools\nginx\html\sistema_biometrico\index.php línea 50
URI: /sistema_biometrico/assets/js/error-logger.js
--------------------------------------------------------------------------------
[2026-03-04 09:30:41] [DEPRECATED] session_set_save_handler(): Providing individual callbacks instead of an object implementing SessionHandlerInterface is deprecated en C:\tools\nginx\html\sistema_biometrico\index.php línea 50
URI: /sistema_biometrico/configuracion
--------------------------------------------------------------------------------
[2026-03-04 09:30:41] [DEPRECATED] session_set_save_handler(): Providing individual callbacks instead of an object implementing SessionHandlerInterface is deprecated en C:\tools\nginx\html\sistema_biometrico\index.php línea 50
URI: /sistema_biometrico/public/css/modals.css
--------------------------------------------------------------------------------
[2026-03-04 09:30:41] [DEPRECATED] session_set_save_handler(): Providing individual callbacks instead of an object implementing SessionHandlerInterface is deprecated en C:\tools\nginx\html\sistema_biometrico\index.php línea 50
URI: /sistema_biometrico/public/css/empleados.css
--------------------------------------------------------------------------------
[2026-03-04 09:30:41] [DEPRECATED] session_set_save_handler(): Providing individual callbacks instead of an object implementing SessionHandlerInterface is deprecated en C:\tools\nginx\html\sistema_biometrico\index.php línea 50
URI: /sistema_biometrico/public/css/colores-pantone.css
--------------------------------------------------------------------------------
[2026-03-04 09:30:42] [DEPRECATED] session_set_save_handler(): Providing individual callbacks instead of an object implementing SessionHandlerInterface is deprecated en C:\tools\nginx\html\sistema_biometrico\index.php línea 50
URI: /sistema_biometrico/assets/js/error-logger.js
--------------------------------------------------------------------------------
[2026-03-04 09:30:42] [DEPRECATED] session_set_save_handler(): Providing individual callbacks instead of an object implementing SessionHandlerInterface is deprecated en C:\tools\nginx\html\sistema_biometrico\index.php línea 50
URI: /sistema_biometrico/configuracion/getRecentHistory
--------------------------------------------------------------------------------
[2026-03-04 09:31:13] [DEPRECATED] session_set_save_handler(): Providing individual callbacks instead of an object implementing SessionHandlerInterface is deprecated en C:\tools\nginx\html\sistema_biometrico\index.php línea 50
URI: /sistema_biometrico/logs
--------------------------------------------------------------------------------
[2026-03-04 09:31:13] [DEPRECATED] session_set_save_handler(): Providing individual callbacks instead of an object implementing SessionHandlerInterface is deprecated en C:\tools\nginx\html\sistema_biometrico\index.php línea 50
URI: /sistema_biometrico/public/css/modals.css
--------------------------------------------------------------------------------
[2026-03-04 09:31:13] [DEPRECATED] session_set_save_handler(): Providing individual callbacks instead of an object implementing SessionHandlerInterface is deprecated en C:\tools\nginx\html\sistema_biometrico\index.php línea 50
URI: /sistema_biometrico/public/css/empleados.css
--------------------------------------------------------------------------------
[2026-03-04 09:31:13] [DEPRECATED] session_set_save_handler(): Providing individual callbacks instead of an object implementing SessionHandlerInterface is deprecated en C:\tools\nginx\html\sistema_biometrico\index.php línea 50
URI: /sistema_biometrico/public/css/colores-pantone.css
--------------------------------------------------------------------------------
[2026-03-04 09:31:13] [DEPRECATED] session_set_save_handler(): Providing individual callbacks instead of an object implementing SessionHandlerInterface is deprecated en C:\tools\nginx\html\sistema_biometrico\index.php línea 50
URI: /sistema_biometrico/assets/js/error-logger.js
--------------------------------------------------------------------------------
[2026-03-04 09:31:13] [DEPRECATED] session_set_save_handler(): Providing individual callbacks instead of an object implementing SessionHandlerInterface is deprecated en C:\tools\nginx\html\sistema_biometrico\index.php línea 50
URI: /sistema_biometrico/logs/leer?fecha=2026-03-04&tipo=
--------------------------------------------------------------------------------
[2026-03-04 09:31:15] [DEPRECATED] session_set_save_handler(): Providing individual callbacks instead of an object implementing SessionHandlerInterface is deprecated en C:\tools\nginx\html\sistema_biometrico\index.php línea 50
URI: /sistema_biometrico/logs/analizar-ai
--------------------------------------------------------------------------------
[2026-03-04 09:33:38] [DEPRECATED] session_set_save_handler(): Providing individual callbacks instead of an object implementing SessionHandlerInterface is deprecated en C:\tools\nginx\html\sistema_biometrico\index.php línea 50
URI: /sistema_biometrico/catalogos
--------------------------------------------------------------------------------
[2026-03-04 09:33:38] [DEPRECATED] session_set_save_handler(): Providing individual callbacks instead of an object implementing SessionHandlerInterface is deprecated en C:\tools\nginx\html\sistema_biometrico\index.php línea 50
URI: /sistema_biometrico/public/css/modals.css
--------------------------------------------------------------------------------
[2026-03-04 09:33:38] [DEPRECATED] session_set_save_handler(): Providing individual callbacks instead of an object implementing SessionHandlerInterface is deprecated en C:\tools\nginx\html\sistema_biometrico\index.php línea 50
URI: /sistema_biometrico/public/css/empleados.css
--------------------------------------------------------------------------------
[2026-03-04 09:33:38] [DEPRECATED] session_set_save_handler(): Providing individual callbacks instead of an object implementing SessionHandlerInterface is deprecated en C:\tools\nginx\html\sistema_biometrico\index.php línea 50
URI: /sistema_biometrico/public/css/colores-pantone.css
--------------------------------------------------------------------------------
[2026-03-04 09:33:38] [DEPRECATED] session_set_save_handler(): Providing individual callbacks instead of an object implementing SessionHandlerInterface is deprecated en C:\tools\nginx\html\sistema_biometrico\index.php línea 50
URI: /sistema_biometrico/assets/js/error-logger.js
--------------------------------------------------------------------------------
[2026-03-04 09:35:10] [DEPRECATED] session_set_save_handler(): Providing individual callbacks instead of an object implementing SessionHandlerInterface is deprecated en C:\tools\nginx\html\sistema_biometrico\index.php línea 50
URI: /sistema_biometrico/asistencia
--------------------------------------------------------------------------------
[2026-03-04 09:35:10] [DEPRECATED] session_set_save_handler(): Providing individual callbacks instead of an object implementing SessionHandlerInterface is deprecated en C:\tools\nginx\html\sistema_biometrico\index.php línea 50
URI: /sistema_biometrico/public/css/modals.css
--------------------------------------------------------------------------------
[2026-03-04 09:35:10] [DEPRECATED] session_set_save_handler(): Providing individual callbacks instead of an object implementing SessionHandlerInterface is deprecated en C:\tools\nginx\html\sistema_biometrico\index.php línea 50
URI: /sistema_biometrico/public/css/empleados.css
--------------------------------------------------------------------------------
[2026-03-04 09:35:10] [DEPRECATED] session_set_save_handler(): Providing individual callbacks instead of an object implementing SessionHandlerInterface is deprecated en C:\tools\nginx\html\sistema_biometrico\index.php línea 50
URI: /sistema_biometrico/public/css/colores-pantone.css
--------------------------------------------------------------------------------
[2026-03-04 09:35:10] [DEPRECATED] session_set_save_handler(): Providing individual callbacks instead of an object implementing SessionHandlerInterface is deprecated en C:\tools\nginx\html\sistema_biometrico\index.php línea 50
URI: /sistema_biometrico/assets/js/error-logger.js
--------------------------------------------------------------------------------
[2026-03-04 09:35:10] [DEPRECATED] session_set_save_handler(): Providing individual callbacks instead of an object implementing SessionHandlerInterface is deprecated en C:\tools\nginx\html\sistema_biometrico\index.php línea 50
URI: /sistema_biometrico/asistencia/filtrar-asistencia
--------------------------------------------------------------------------------
[2026-03-04 09:35:10] [DEPRECATED] session_set_save_handler(): Providing individual callbacks instead of an object implementing SessionHandlerInterface is deprecated en C:\tools\nginx\html\sistema_biometrico\index.php línea 50
URI: /sistema_biometrico/asistencia/estado-dispositivos
--------------------------------------------------------------------------------
[2026-03-04 09:35:14] [DEPRECATED] session_set_save_handler(): Providing individual callbacks instead of an object implementing SessionHandlerInterface is deprecated en C:\tools\nginx\html\sistema_biometrico\index.php línea 50
URI: /sistema_biometrico/empleados
--------------------------------------------------------------------------------
[2026-03-04 09:35:14] [DEPRECATED] session_set_save_handler(): Providing individual callbacks instead of an object implementing SessionHandlerInterface is deprecated en C:\tools\nginx\html\sistema_biometrico\index.php línea 50
URI: /sistema_biometrico/public/css/modals.css
--------------------------------------------------------------------------------
[2026-03-04 09:35:14] [DEPRECATED] session_set_save_handler(): Providing individual callbacks instead of an object implementing SessionHandlerInterface is deprecated en C:\tools\nginx\html\sistema_biometrico\index.php línea 50
URI: /sistema_biometrico/public/css/empleados.css
--------------------------------------------------------------------------------
[2026-03-04 09:35:14] [DEPRECATED] session_set_save_handler(): Providing individual callbacks instead of an object implementing SessionHandlerInterface is deprecated en C:\tools\nginx\html\sistema_biometrico\index.php línea 50
URI: /sistema_biometrico/public/css/colores-pantone.css
--------------------------------------------------------------------------------
[2026-03-04 09:35:14] [DEPRECATED] session_set_save_handler(): Providing individual callbacks instead of an object implementing SessionHandlerInterface is deprecated en C:\tools\nginx\html\sistema_biometrico\index.php línea 50
URI: /sistema_biometrico/assets/js/error-logger.js
--------------------------------------------------------------------------------
[2026-03-04 09:35:16] [DEPRECATED] session_set_save_handler(): Providing individual callbacks instead of an object implementing SessionHandlerInterface is deprecated en C:\tools\nginx\html\sistema_biometrico\index.php línea 50
URI: /sistema_biometrico/empleados/datos-completos/1
--------------------------------------------------------------------------------
[2026-03-04 09:35:21] [DEPRECATED] session_set_save_handler(): Providing individual callbacks instead of an object implementing SessionHandlerInterface is deprecated en C:\tools\nginx\html\sistema_biometrico\index.php línea 50
URI: /sistema_biometrico/empleados/edit/1
--------------------------------------------------------------------------------
[2026-03-04 09:35:21] [DEPRECATED] session_set_save_handler(): Providing individual callbacks instead of an object implementing SessionHandlerInterface is deprecated en C:\tools\nginx\html\sistema_biometrico\index.php línea 50
URI: /favicon.ico
--------------------------------------------------------------------------------
[2026-03-04 09:35:22] [DEPRECATED] session_set_save_handler(): Providing individual callbacks instead of an object implementing SessionHandlerInterface is deprecated en C:\tools\nginx\html\sistema_biometrico\index.php línea 50
URI: /sistema_biometrico/empleados
--------------------------------------------------------------------------------
[2026-03-04 09:35:22] [DEPRECATED] session_set_save_handler(): Providing individual callbacks instead of an object implementing SessionHandlerInterface is deprecated en C:\tools\nginx\html\sistema_biometrico\index.php línea 50
URI: /sistema_biometrico/public/css/modals.css
--------------------------------------------------------------------------------
[2026-03-04 09:35:22] [DEPRECATED] session_set_save_handler(): Providing individual callbacks instead of an object implementing SessionHandlerInterface is deprecated en C:\tools\nginx\html\sistema_biometrico\index.php línea 50
URI: /sistema_biometrico/public/css/empleados.css
--------------------------------------------------------------------------------
[2026-03-04 09:35:22] [DEPRECATED] session_set_save_handler(): Providing individual callbacks instead of an object implementing SessionHandlerInterface is deprecated en C:\tools\nginx\html\sistema_biometrico\index.php línea 50
URI: /sistema_biometrico/public/css/colores-pantone.css
--------------------------------------------------------------------------------
[2026-03-04 09:35:22] [DEPRECATED] session_set_save_handler(): Providing individual callbacks instead of an object implementing SessionHandlerInterface is deprecated en C:\tools\nginx\html\sistema_biometrico\index.php línea 50
URI: /sistema_biometrico/assets/js/error-logger.js
--------------------------------------------------------------------------------
[2026-03-04 09:35:24] [DEPRECATED] session_set_save_handler(): Providing individual callbacks instead of an object implementing SessionHandlerInterface is deprecated en C:\tools\nginx\html\sistema_biometrico\index.php línea 50
URI: /sistema_biometrico/empleados/create
--------------------------------------------------------------------------------
[2026-03-04 09:35:24] [DEPRECATED] session_set_save_handler(): Providing individual callbacks instead of an object implementing SessionHandlerInterface is deprecated en C:\tools\nginx\html\sistema_biometrico\index.php línea 50
URI: /sistema_biometrico/public/css/modals.css
--------------------------------------------------------------------------------
[2026-03-04 09:35:25] [DEPRECATED] session_set_save_handler(): Providing individual callbacks instead of an object implementing SessionHandlerInterface is deprecated en C:\tools\nginx\html\sistema_biometrico\index.php línea 50
URI: /sistema_biometrico/public/css/empleados.css
--------------------------------------------------------------------------------
[2026-03-04 09:35:25] [DEPRECATED] session_set_save_handler(): Providing individual callbacks instead of an object implementing SessionHandlerInterface is deprecated en C:\tools\nginx\html\sistema_biometrico\index.php línea 50
URI: /sistema_biometrico/public/css/colores-pantone.css
--------------------------------------------------------------------------------
[2026-03-04 09:35:25] [DEPRECATED] session_set_save_handler(): Providing individual callbacks instead of an object implementing SessionHandlerInterface is deprecated en C:\tools\nginx\html\sistema_biometrico\index.php línea 50
URI: /sistema_biometrico/assets/js/error-logger.js
--------------------------------------------------------------------------------
[2026-03-04 09:35:27] [DEPRECATED] session_set_save_handler(): Providing individual callbacks instead of an object implementing SessionHandlerInterface is deprecated en C:\tools\nginx\html\sistema_biometrico\index.php línea 50
URI: /sistema_biometrico/empleados
--------------------------------------------------------------------------------
[2026-03-04 09:35:27] [DEPRECATED] session_set_save_handler(): Providing individual callbacks instead of an object implementing SessionHandlerInterface is deprecated en C:\tools\nginx\html\sistema_biometrico\index.php línea 50
URI: /sistema_biometrico/public/css/modals.css
--------------------------------------------------------------------------------
[2026-03-04 09:35:27] [DEPRECATED] session_set_save_handler(): Providing individual callbacks instead of an object implementing SessionHandlerInterface is deprecated en C:\tools\nginx\html\sistema_biometrico\index.php línea 50
URI: /sistema_biometrico/public/css/empleados.css
--------------------------------------------------------------------------------
[2026-03-04 09:35:27] [DEPRECATED] session_set_save_handler(): Providing individual callbacks instead of an object implementing SessionHandlerInterface is deprecated en C:\tools\nginx\html\sistema_biometrico\index.php línea 50
URI: /sistema_biometrico/public/css/colores-pantone.css
--------------------------------------------------------------------------------
[2026-03-04 09:35:27] [DEPRECATED] session_set_save_handler(): Providing individual callbacks instead of an object implementing SessionHandlerInterface is deprecated en C:\tools\nginx\html\sistema_biometrico\index.php línea 50
URI: /sistema_biometrico/assets/js/error-logger.js
--------------------------------------------------------------------------------
[2026-03-04 09:35:27] [DEPRECATED] session_set_save_handler(): Providing individual callbacks instead of an object implementing SessionHandlerInterface is deprecated en C:\tools\nginx\html\sistema_biometrico\index.php línea 50
URI: /sistema_biometrico/validaciones/obtener-contador-pendientes?t=1772638527509
--------------------------------------------------------------------------------
[2026-03-04 09:35:35] [DEPRECATED] session_set_save_handler(): Providing individual callbacks instead of an object implementing SessionHandlerInterface is deprecated en C:\tools\nginx\html\sistema_biometrico\index.php línea 50
URI: /sistema_biometrico/empleados/datos-completos/1
--------------------------------------------------------------------------------
[2026-03-04 09:35:57] [DEPRECATED] session_set_save_handler(): Providing individual callbacks instead of an object implementing SessionHandlerInterface is deprecated en C:\tools\nginx\html\sistema_biometrico\index.php línea 50
URI: /sistema_biometrico/validaciones/obtener-contador-pendientes?t=1772638557515
--------------------------------------------------------------------------------
[2026-03-04 09:36:27] [DEPRECATED] session_set_save_handler(): Providing individual callbacks instead of an object implementing SessionHandlerInterface is deprecated en C:\tools\nginx\html\sistema_biometrico\index.php línea 50
URI: /sistema_biometrico/validaciones/obtener-contador-pendientes?t=1772638587530
--------------------------------------------------------------------------------
[2026-03-04 09:36:41] [DEPRECATED] session_set_save_handler(): Providing individual callbacks instead of an object implementing SessionHandlerInterface is deprecated en C:\tools\nginx\html\sistema_biometrico\index.php línea 50
URI: /sistema_biometrico/notas-malas
--------------------------------------------------------------------------------
[2026-03-04 09:36:41] [DEPRECATED] session_set_save_handler(): Providing individual callbacks instead of an object implementing SessionHandlerInterface is deprecated en C:\tools\nginx\html\sistema_biometrico\index.php línea 50
URI: /sistema_biometrico/public/css/modals.css
--------------------------------------------------------------------------------
[2026-03-04 09:36:41] [DEPRECATED] session_set_save_handler(): Providing individual callbacks instead of an object implementing SessionHandlerInterface is deprecated en C:\tools\nginx\html\sistema_biometrico\index.php línea 50
URI: /sistema_biometrico/public/css/empleados.css
--------------------------------------------------------------------------------
[2026-03-04 09:36:41] [DEPRECATED] session_set_save_handler(): Providing individual callbacks instead of an object implementing SessionHandlerInterface is deprecated en C:\tools\nginx\html\sistema_biometrico\index.php línea 50
URI: /sistema_biometrico/public/css/colores-pantone.css
--------------------------------------------------------------------------------
[2026-03-04 09:36:41] [DEPRECATED] session_set_save_handler(): Providing individual callbacks instead of an object implementing SessionHandlerInterface is deprecated en C:\tools\nginx\html\sistema_biometrico\index.php línea 50
URI: /sistema_biometrico/assets/js/error-logger.js
--------------------------------------------------------------------------------
[2026-03-04 09:36:47] [DEPRECATED] session_set_save_handler(): Providing individual callbacks instead of an object implementing SessionHandlerInterface is deprecated en C:\tools\nginx\html\sistema_biometrico\index.php línea 50
URI: /sistema_biometrico/logs
--------------------------------------------------------------------------------
[2026-03-04 09:36:47] [DEPRECATED] session_set_save_handler(): Providing individual callbacks instead of an object implementing SessionHandlerInterface is deprecated en C:\tools\nginx\html\sistema_biometrico\index.php línea 50
URI: /sistema_biometrico/public/css/modals.css
--------------------------------------------------------------------------------
[2026-03-04 09:36:47] [DEPRECATED] session_set_save_handler(): Providing individual callbacks instead of an object implementing SessionHandlerInterface is deprecated en C:\tools\nginx\html\sistema_biometrico\index.php línea 50
URI: /sistema_biometrico/public/css/empleados.css
--------------------------------------------------------------------------------
[2026-03-04 09:36:47] [DEPRECATED] session_set_save_handler(): Providing individual callbacks instead of an object implementing SessionHandlerInterface is deprecated en C:\tools\nginx\html\sistema_biometrico\index.php línea 50
URI: /sistema_biometrico/public/css/colores-pantone.css
--------------------------------------------------------------------------------
[2026-03-04 09:36:47] [DEPRECATED] session_set_save_handler(): Providing individual callbacks instead of an object implementing SessionHandlerInterface is deprecated en C:\tools\nginx\html\sistema_biometrico\index.php línea 50
URI: /sistema_biometrico/assets/js/error-logger.js
--------------------------------------------------------------------------------
[2026-03-04 09:36:47] [DEPRECATED] session_set_save_handler(): Providing individual callbacks instead of an object implementing SessionHandlerInterface is deprecated en C:\tools\nginx\html\sistema_biometrico\index.php línea 50
URI: /sistema_biometrico/logs/leer?fecha=2026-03-04&tipo=
--------------------------------------------------------------------------------
[2026-03-04 09:36:51] [DEPRECATED] session_set_save_handler(): Providing individual callbacks instead of an object implementing SessionHandlerInterface is deprecated en C:\tools\nginx\html\sistema_biometrico\index.php línea 50
URI: /sistema_biometrico/configuracion
--------------------------------------------------------------------------------
[2026-03-04 09:36:51] [DEPRECATED] session_set_save_handler(): Providing individual callbacks instead of an object implementing SessionHandlerInterface is deprecated en C:\tools\nginx\html\sistema_biometrico\index.php línea 50
URI: /sistema_biometrico/public/css/modals.css
--------------------------------------------------------------------------------
[2026-03-04 09:36:51] [DEPRECATED] session_set_save_handler(): Providing individual callbacks instead of an object implementing SessionHandlerInterface is deprecated en C:\tools\nginx\html\sistema_biometrico\index.php línea 50
URI: /sistema_biometrico/public/css/empleados.css
--------------------------------------------------------------------------------
[2026-03-04 09:36:51] [DEPRECATED] session_set_save_handler(): Providing individual callbacks instead of an object implementing SessionHandlerInterface is deprecated en C:\tools\nginx\html\sistema_biometrico\index.php línea 50
URI: /sistema_biometrico/public/css/colores-pantone.css
--------------------------------------------------------------------------------
[2026-03-04 09:36:51] [DEPRECATED] session_set_save_handler(): Providing individual callbacks instead of an object implementing SessionHandlerInterface is deprecated en C:\tools\nginx\html\sistema_biometrico\index.php línea 50
URI: /sistema_biometrico/assets/js/error-logger.js
--------------------------------------------------------------------------------
[2026-03-04 09:36:51] [DEPRECATED] session_set_save_handler(): Providing individual callbacks instead of an object implementing SessionHandlerInterface is deprecated en C:\tools\nginx\html\sistema_biometrico\index.php línea 50
URI: /sistema_biometrico/configuracion/getRecentHistory
--------------------------------------------------------------------------------
[2026-03-04 09:38:49] [DEPRECATED] session_set_save_handler(): Providing individual callbacks instead of an object implementing SessionHandlerInterface is deprecated en C:\tools\nginx\html\sistema_biometrico\index.php línea 50
URI: /sistema_biometrico/configuracion
--------------------------------------------------------------------------------
[2026-03-04 09:38:49] [DEPRECATED] session_set_save_handler(): Providing individual callbacks instead of an object implementing SessionHandlerInterface is deprecated en C:\tools\nginx\html\sistema_biometrico\index.php línea 50
URI: /sistema_biometrico/public/css/modals.css
--------------------------------------------------------------------------------
[2026-03-04 09:38:49] [DEPRECATED] session_set_save_handler(): Providing individual callbacks instead of an object implementing SessionHandlerInterface is deprecated en C:\tools\nginx\html\sistema_biometrico\index.php línea 50
URI: /sistema_biometrico/public/css/empleados.css
--------------------------------------------------------------------------------
[2026-03-04 09:38:49] [DEPRECATED] session_set_save_handler(): Providing individual callbacks instead of an object implementing SessionHandlerInterface is deprecated en C:\tools\nginx\html\sistema_biometrico\index.php línea 50
URI: /sistema_biometrico/public/css/colores-pantone.css
--------------------------------------------------------------------------------
[2026-03-04 09:38:49] [DEPRECATED] session_set_save_handler(): Providing individual callbacks instead of an object implementing SessionHandlerInterface is deprecated en C:\tools\nginx\html\sistema_biometrico\index.php línea 50
URI: /sistema_biometrico/assets/js/error-logger.js
--------------------------------------------------------------------------------
[2026-03-04 09:38:49] [DEPRECATED] session_set_save_handler(): Providing individual callbacks instead of an object implementing SessionHandlerInterface is deprecated en C:\tools\nginx\html\sistema_biometrico\index.php línea 50
URI: /sistema_biometrico/configuracion/getRecentHistory
--------------------------------------------------------------------------------
[2026-03-04 09:44:58] [DEPRECATED] session_set_save_handler(): Providing individual callbacks instead of an object implementing SessionHandlerInterface is deprecated en C:\tools\nginx\html\sistema_biometrico\index.php línea 50
URI: /sistema_biometrico/configuracion
--------------------------------------------------------------------------------
[2026-03-04 09:44:58] [DEPRECATED] session_set_save_handler(): Providing individual callbacks instead of an object implementing SessionHandlerInterface is deprecated en C:\tools\nginx\html\sistema_biometrico\index.php línea 50
URI: /sistema_biometrico/public/css/modals.css
--------------------------------------------------------------------------------
[2026-03-04 09:44:58] [DEPRECATED] session_set_save_handler(): Providing individual callbacks instead of an object implementing SessionHandlerInterface is deprecated en C:\tools\nginx\html\sistema_biometrico\index.php línea 50
URI: /sistema_biometrico/public/css/empleados.css
--------------------------------------------------------------------------------
[2026-03-04 09:44:58] [DEPRECATED] session_set_save_handler(): Providing individual callbacks instead of an object implementing SessionHandlerInterface is deprecated en C:\tools\nginx\html\sistema_biometrico\index.php línea 50
URI: /sistema_biometrico/public/css/colores-pantone.css
--------------------------------------------------------------------------------
[2026-03-04 09:44:58] [DEPRECATED] session_set_save_handler(): Providing individual callbacks instead of an object implementing SessionHandlerInterface is deprecated en C:\tools\nginx\html\sistema_biometrico\index.php línea 50
URI: /sistema_biometrico/assets/js/error-logger.js
--------------------------------------------------------------------------------
[2026-03-04 09:44:58] [DEPRECATED] session_set_save_handler(): Providing individual callbacks instead of an object implementing SessionHandlerInterface is deprecated en C:\tools\nginx\html\sistema_biometrico\index.php línea 50
URI: /sistema_biometrico/configuracion/getRecentHistory
--------------------------------------------------------------------------------
[2026-03-04 09:44:59] [DEPRECATED] session_set_save_handler(): Providing individual callbacks instead of an object implementing SessionHandlerInterface is deprecated en C:\tools\nginx\html\sistema_biometrico\index.php línea 50
URI: /sistema_biometrico/configuracion
--------------------------------------------------------------------------------
[2026-03-04 09:44:59] [DEPRECATED] session_set_save_handler(): Providing individual callbacks instead of an object implementing SessionHandlerInterface is deprecated en C:\tools\nginx\html\sistema_biometrico\index.php línea 50
URI: /sistema_biometrico/public/css/modals.css
--------------------------------------------------------------------------------
[2026-03-04 09:44:59] [DEPRECATED] session_set_save_handler(): Providing individual callbacks instead of an object implementing SessionHandlerInterface is deprecated en C:\tools\nginx\html\sistema_biometrico\index.php línea 50
URI: /sistema_biometrico/public/css/empleados.css
--------------------------------------------------------------------------------
[2026-03-04 09:44:59] [DEPRECATED] session_set_save_handler(): Providing individual callbacks instead of an object implementing SessionHandlerInterface is deprecated en C:\tools\nginx\html\sistema_biometrico\index.php línea 50
URI: /sistema_biometrico/public/css/colores-pantone.css
--------------------------------------------------------------------------------
[2026-03-04 09:44:59] [DEPRECATED] session_set_save_handler(): Providing individual callbacks instead of an object implementing SessionHandlerInterface is deprecated en C:\tools\nginx\html\sistema_biometrico\index.php línea 50
URI: /sistema_biometrico/assets/js/error-logger.js
--------------------------------------------------------------------------------
[2026-03-04 09:44:59] [DEPRECATED] session_set_save_handler(): Providing individual callbacks instead of an object implementing SessionHandlerInterface is deprecated en C:\tools\nginx\html\sistema_biometrico\index.php línea 50
URI: /sistema_biometrico/configuracion/getRecentHistory
--------------------------------------------------------------------------------
[2026-03-04 09:44:59] [DEPRECATED] session_set_save_handler(): Providing individual callbacks instead of an object implementing SessionHandlerInterface is deprecated en C:\tools\nginx\html\sistema_biometrico\index.php línea 50
URI: /sistema_biometrico/configuracion
--------------------------------------------------------------------------------
[2026-03-04 09:44:59] [DEPRECATED] session_set_save_handler(): Providing individual callbacks instead of an object implementing SessionHandlerInterface is deprecated en C:\tools\nginx\html\sistema_biometrico\index.php línea 50
URI: /sistema_biometrico/public/css/modals.css
--------------------------------------------------------------------------------
[2026-03-04 09:44:59] [DEPRECATED] session_set_save_handler(): Providing individual callbacks instead of an object implementing SessionHandlerInterface is deprecated en C:\tools\nginx\html\sistema_biometrico\index.php línea 50
URI: /sistema_biometrico/public/css/empleados.css
--------------------------------------------------------------------------------
[2026-03-04 09:44:59] [DEPRECATED] session_set_save_handler(): Providing individual callbacks instead of an object implementing SessionHandlerInterface is deprecated en C:\tools\nginx\html\sistema_biometrico\index.php línea 50
URI: /sistema_biometrico/public/css/colores-pantone.css
--------------------------------------------------------------------------------
[2026-03-04 09:44:59] [DEPRECATED] session_set_save_handler(): Providing individual callbacks instead of an object implementing SessionHandlerInterface is deprecated en C:\tools\nginx\html\sistema_biometrico\index.php línea 50
URI: /sistema_biometrico/assets/js/error-logger.js
--------------------------------------------------------------------------------
[2026-03-04 09:44:59] [DEPRECATED] session_set_save_handler(): Providing individual callbacks instead of an object implementing SessionHandlerInterface is deprecated en C:\tools\nginx\html\sistema_biometrico\index.php línea 50
URI: /sistema_biometrico/configuracion/getRecentHistory
--------------------------------------------------------------------------------
[2026-03-04 09:44:59] [DEPRECATED] session_set_save_handler(): Providing individual callbacks instead of an object implementing SessionHandlerInterface is deprecated en C:\tools\nginx\html\sistema_biometrico\index.php línea 50
URI: /sistema_biometrico/configuracion
--------------------------------------------------------------------------------
[2026-03-04 09:45:00] [DEPRECATED] session_set_save_handler(): Providing individual callbacks instead of an object implementing SessionHandlerInterface is deprecated en C:\tools\nginx\html\sistema_biometrico\index.php línea 50
URI: /sistema_biometrico/public/css/modals.css
--------------------------------------------------------------------------------
[2026-03-04 09:45:00] [DEPRECATED] session_set_save_handler(): Providing individual callbacks instead of an object implementing SessionHandlerInterface is deprecated en C:\tools\nginx\html\sistema_biometrico\index.php línea 50
URI: /sistema_biometrico/public/css/empleados.css
--------------------------------------------------------------------------------
[2026-03-04 09:45:00] [DEPRECATED] session_set_save_handler(): Providing individual callbacks instead of an object implementing SessionHandlerInterface is deprecated en C:\tools\nginx\html\sistema_biometrico\index.php línea 50
URI: /sistema_biometrico/public/css/colores-pantone.css
--------------------------------------------------------------------------------
[2026-03-04 09:45:00] [DEPRECATED] session_set_save_handler(): Providing individual callbacks instead of an object implementing SessionHandlerInterface is deprecated en C:\tools\nginx\html\sistema_biometrico\index.php línea 50
URI: /sistema_biometrico/assets/js/error-logger.js
--------------------------------------------------------------------------------
[2026-03-04 09:45:00] [DEPRECATED] session_set_save_handler(): Providing individual callbacks instead of an object implementing SessionHandlerInterface is deprecated en C:\tools\nginx\html\sistema_biometrico\index.php línea 50
URI: /sistema_biometrico/configuracion/getRecentHistory
--------------------------------------------------------------------------------
[2026-03-04 09:45:00] [DEPRECATED] session_set_save_handler(): Providing individual callbacks instead of an object implementing SessionHandlerInterface is deprecated en C:\tools\nginx\html\sistema_biometrico\index.php línea 50
URI: /sistema_biometrico/configuracion
--------------------------------------------------------------------------------
[2026-03-04 09:45:00] [DEPRECATED] session_set_save_handler(): Providing individual callbacks instead of an object implementing SessionHandlerInterface is deprecated en C:\tools\nginx\html\sistema_biometrico\index.php línea 50
URI: /sistema_biometrico/public/css/modals.css
--------------------------------------------------------------------------------
[2026-03-04 09:45:00] [DEPRECATED] session_set_save_handler(): Providing individual callbacks instead of an object implementing SessionHandlerInterface is deprecated en C:\tools\nginx\html\sistema_biometrico\index.php línea 50
URI: /sistema_biometrico/public/css/empleados.css
--------------------------------------------------------------------------------
[2026-03-04 09:45:00] [DEPRECATED] session_set_save_handler(): Providing individual callbacks instead of an object implementing SessionHandlerInterface is deprecated en C:\tools\nginx\html\sistema_biometrico\index.php línea 50
URI: /sistema_biometrico/public/css/colores-pantone.css
--------------------------------------------------------------------------------
[2026-03-04 09:45:00] [DEPRECATED] session_set_save_handler(): Providing individual callbacks instead of an object implementing SessionHandlerInterface is deprecated en C:\tools\nginx\html\sistema_biometrico\index.php línea 50
URI: /sistema_biometrico/assets/js/error-logger.js
--------------------------------------------------------------------------------
[2026-03-04 09:45:00] [DEPRECATED] session_set_save_handler(): Providing individual callbacks instead of an object implementing SessionHandlerInterface is deprecated en C:\tools\nginx\html\sistema_biometrico\index.php línea 50
URI: /sistema_biometrico/configuracion/getRecentHistory
--------------------------------------------------------------------------------
[2026-03-04 09:45:01] [DEPRECATED] session_set_save_handler(): Providing individual callbacks instead of an object implementing SessionHandlerInterface is deprecated en C:\tools\nginx\html\sistema_biometrico\index.php línea 50
URI: /sistema_biometrico/empleados
--------------------------------------------------------------------------------
[2026-03-04 09:45:01] [DEPRECATED] session_set_save_handler(): Providing individual callbacks instead of an object implementing SessionHandlerInterface is deprecated en C:\tools\nginx\html\sistema_biometrico\index.php línea 50
URI: /sistema_biometrico/public/css/modals.css
--------------------------------------------------------------------------------
[2026-03-04 09:45:01] [DEPRECATED] session_set_save_handler(): Providing individual callbacks instead of an object implementing SessionHandlerInterface is deprecated en C:\tools\nginx\html\sistema_biometrico\index.php línea 50
URI: /sistema_biometrico/public/css/empleados.css
--------------------------------------------------------------------------------
[2026-03-04 09:45:01] [DEPRECATED] session_set_save_handler(): Providing individual callbacks instead of an object implementing SessionHandlerInterface is deprecated en C:\tools\nginx\html\sistema_biometrico\index.php línea 50
URI: /sistema_biometrico/public/css/colores-pantone.css
--------------------------------------------------------------------------------
[2026-03-04 09:45:01] [DEPRECATED] session_set_save_handler(): Providing individual callbacks instead of an object implementing SessionHandlerInterface is deprecated en C:\tools\nginx\html\sistema_biometrico\index.php línea 50
URI: /sistema_biometrico/assets/js/error-logger.js
--------------------------------------------------------------------------------
[2026-03-04 09:45:40] [DEPRECATED] session_set_save_handler(): Providing individual callbacks instead of an object implementing SessionHandlerInterface is deprecated en C:\tools\nginx\html\sistema_biometrico\index.php línea 50
URI: /sistema_biometrico/empleados
--------------------------------------------------------------------------------
[2026-03-04 09:45:40] [DEPRECATED] session_set_save_handler(): Providing individual callbacks instead of an object implementing SessionHandlerInterface is deprecated en C:\tools\nginx\html\sistema_biometrico\index.php línea 50
URI: /sistema_biometrico/login
--------------------------------------------------------------------------------
[2026-03-04 09:45:40] [DEPRECATED] session_set_save_handler(): Providing individual callbacks instead of an object implementing SessionHandlerInterface is deprecated en C:\tools\nginx\html\sistema_biometrico\index.php línea 50
URI: /sistema_biometrico/public/css/modals.css
--------------------------------------------------------------------------------
[2026-03-04 09:45:40] [DEPRECATED] session_set_save_handler(): Providing individual callbacks instead of an object implementing SessionHandlerInterface is deprecated en C:\tools\nginx\html\sistema_biometrico\index.php línea 50
URI: /sistema_biometrico/public/css/empleados.css
--------------------------------------------------------------------------------
[2026-03-04 09:45:40] [DEPRECATED] session_set_save_handler(): Providing individual callbacks instead of an object implementing SessionHandlerInterface is deprecated en C:\tools\nginx\html\sistema_biometrico\index.php línea 50
URI: /sistema_biometrico/public/css/colores-pantone.css
--------------------------------------------------------------------------------
[2026-03-04 09:45:40] [DEPRECATED] session_set_save_handler(): Providing individual callbacks instead of an object implementing SessionHandlerInterface is deprecated en C:\tools\nginx\html\sistema_biometrico\index.php línea 50
URI: /sistema_biometrico/assets/js/error-logger.js
--------------------------------------------------------------------------------
[2026-03-04 09:45:51] [DEPRECATED] session_set_save_handler(): Providing individual callbacks instead of an object implementing SessionHandlerInterface is deprecated en C:\tools\nginx\html\sistema_biometrico\index.php línea 50
URI: /sistema_biometrico/login
--------------------------------------------------------------------------------
[2026-03-04 09:45:51] [DEPRECATED] session_set_save_handler(): Providing individual callbacks instead of an object implementing SessionHandlerInterface is deprecated en C:\tools\nginx\html\sistema_biometrico\index.php línea 50
URI: /sistema_biometrico/dashboard
--------------------------------------------------------------------------------
[2026-03-04 09:45:53] [EXCEPTION] PDOException
Contexto: {"action":"index","section":"comisiones"}
Mensaje: SQLSTATE[42S22]: Column not found: 1054 Unknown column 'monto' in 'SELECT'
URI: /sistema_biometrico/dashboard
Archivo: C:\tools\nginx\html\sistema_biometrico\models\Comision.php Línea: 116
#0 C:\tools\nginx\html\sistema_biometrico\models\Comision.php(116): PDO->prepare('SELECT SUM(mont...')
#1 C:\tools\nginx\html\sistema_biometrico\controllers\DashboardController.php(81): Comision->getTotalComisiones(NULL, '03', '2026')
#2 C:\tools\nginx\html\sistema_biometrico\index.php(167): DashboardController->index()
#3 {main}
--------------------------------------------------------------------------------
[2026-03-04 09:45:53] [DEPRECATED] session_set_save_handler(): Providing individual callbacks instead of an object implementing SessionHandlerInterface is deprecated en C:\tools\nginx\html\sistema_biometrico\index.php línea 50
URI: /sistema_biometrico/public/css/modals.css
--------------------------------------------------------------------------------
[2026-03-04 09:45:53] [DEPRECATED] session_set_save_handler(): Providing individual callbacks instead of an object implementing SessionHandlerInterface is deprecated en C:\tools\nginx\html\sistema_biometrico\index.php línea 50
URI: /sistema_biometrico/public/css/empleados.css
--------------------------------------------------------------------------------
[2026-03-04 09:45:53] [DEPRECATED] session_set_save_handler(): Providing individual callbacks instead of an object implementing SessionHandlerInterface is deprecated en C:\tools\nginx\html\sistema_biometrico\index.php línea 50
URI: /sistema_biometrico/public/css/colores-pantone.css
--------------------------------------------------------------------------------
[2026-03-04 09:45:53] [DEPRECATED] session_set_save_handler(): Providing individual callbacks instead of an object implementing SessionHandlerInterface is deprecated en C:\tools\nginx\html\sistema_biometrico\index.php línea 50
URI: /sistema_biometrico/assets/js/error-logger.js
--------------------------------------------------------------------------------
[2026-03-04 09:46:00] [DEPRECATED] session_set_save_handler(): Providing individual callbacks instead of an object implementing SessionHandlerInterface is deprecated en C:\tools\nginx\html\sistema_biometrico\index.php línea 50
URI: /sistema_biometrico/validaciones
--------------------------------------------------------------------------------
[2026-03-04 09:46:00] [DEPRECATED] session_set_save_handler(): Providing individual callbacks instead of an object implementing SessionHandlerInterface is deprecated en C:\tools\nginx\html\sistema_biometrico\index.php línea 50
URI: /sistema_biometrico/public/css/modals.css
--------------------------------------------------------------------------------
[2026-03-04 09:46:00] [DEPRECATED] session_set_save_handler(): Providing individual callbacks instead of an object implementing SessionHandlerInterface is deprecated en C:\tools\nginx\html\sistema_biometrico\index.php línea 50
URI: /sistema_biometrico/public/css/empleados.css
--------------------------------------------------------------------------------
[2026-03-04 09:46:00] [DEPRECATED] session_set_save_handler(): Providing individual callbacks instead of an object implementing SessionHandlerInterface is deprecated en C:\tools\nginx\html\sistema_biometrico\index.php línea 50
URI: /sistema_biometrico/public/css/colores-pantone.css
--------------------------------------------------------------------------------
[2026-03-04 09:46:00] [DEPRECATED] session_set_save_handler(): Providing individual callbacks instead of an object implementing SessionHandlerInterface is deprecated en C:\tools\nginx\html\sistema_biometrico\index.php línea 50
URI: /sistema_biometrico/assets/js/error-logger.js
--------------------------------------------------------------------------------
[2026-03-04 09:46:00] [DEPRECATED] session_set_save_handler(): Providing individual callbacks instead of an object implementing SessionHandlerInterface is deprecated en C:\tools\nginx\html\sistema_biometrico\index.php línea 50
URI: /sistema_biometrico/validaciones/buscar-empleados
--------------------------------------------------------------------------------
[2026-03-04 09:46:00] [DEPRECATED] session_set_save_handler(): Providing individual callbacks instead of an object implementing SessionHandlerInterface is deprecated en C:\tools\nginx\html\sistema_biometrico\index.php línea 50
URI: /sistema_biometrico/validaciones/obtener-areas
--------------------------------------------------------------------------------
[2026-03-04 09:46:00] [DEPRECATED] session_set_save_handler(): Providing individual callbacks instead of an object implementing SessionHandlerInterface is deprecated en C:\tools\nginx\html\sistema_biometrico\index.php línea 50
URI: /sistema_biometrico/validaciones/estadisticas
--------------------------------------------------------------------------------
[2026-03-04 09:46:02] [DEPRECATED] session_set_save_handler(): Providing individual callbacks instead of an object implementing SessionHandlerInterface is deprecated en C:\tools\nginx\html\sistema_biometrico\index.php línea 50
URI: /sistema_biometrico/ciclos
--------------------------------------------------------------------------------
[2026-03-04 09:46:02] [DEPRECATED] session_set_save_handler(): Providing individual callbacks instead of an object implementing SessionHandlerInterface is deprecated en C:\tools\nginx\html\sistema_biometrico\index.php línea 50
URI: /sistema_biometrico/public/css/modals.css
--------------------------------------------------------------------------------
[2026-03-04 09:46:02] [DEPRECATED] session_set_save_handler(): Providing individual callbacks instead of an object implementing SessionHandlerInterface is deprecated en C:\tools\nginx\html\sistema_biometrico\index.php línea 50
URI: /sistema_biometrico/public/css/empleados.css
--------------------------------------------------------------------------------
[2026-03-04 09:46:02] [DEPRECATED] session_set_save_handler(): Providing individual callbacks instead of an object implementing SessionHandlerInterface is deprecated en C:\tools\nginx\html\sistema_biometrico\index.php línea 50
URI: /sistema_biometrico/public/css/colores-pantone.css
--------------------------------------------------------------------------------
[2026-03-04 09:46:02] [DEPRECATED] session_set_save_handler(): Providing individual callbacks instead of an object implementing SessionHandlerInterface is deprecated en C:\tools\nginx\html\sistema_biometrico\index.php línea 50
URI: /sistema_biometrico/assets/js/error-logger.js
--------------------------------------------------------------------------------
[2026-03-04 09:46:02] [DEPRECATED] session_set_save_handler(): Providing individual callbacks instead of an object implementing SessionHandlerInterface is deprecated en C:\tools\nginx\html\sistema_biometrico\index.php línea 50
URI: /sistema_biometrico/ciclos/json
--------------------------------------------------------------------------------
[2026-03-04 09:46:02] [DEPRECATED] session_set_save_handler(): Providing individual callbacks instead of an object implementing SessionHandlerInterface is deprecated en C:\tools\nginx\html\sistema_biometrico\index.php línea 50
URI: /sistema_biometrico/ciclos/horarios-catalogo
--------------------------------------------------------------------------------
[2026-03-04 09:46:03] [DEPRECATED] session_set_save_handler(): Providing individual callbacks instead of an object implementing SessionHandlerInterface is deprecated en C:\tools\nginx\html\sistema_biometrico\index.php línea 50
URI: /sistema_biometrico/ciclos/bloques/json/20?_=1772639163894
--------------------------------------------------------------------------------
[2026-03-04 09:46:05] [DEPRECATED] session_set_save_handler(): Providing individual callbacks instead of an object implementing SessionHandlerInterface is deprecated en C:\tools\nginx\html\sistema_biometrico\index.php línea 50
URI: /sistema_biometrico/ciclos/bloques/json/17?_=1772639165054
--------------------------------------------------------------------------------
[2026-03-04 09:46:08] [DEPRECATED] session_set_save_handler(): Providing individual callbacks instead of an object implementing SessionHandlerInterface is deprecated en C:\tools\nginx\html\sistema_biometrico\index.php línea 50
URI: /sistema_biometrico/notas-malas
--------------------------------------------------------------------------------
[2026-03-04 09:46:08] [DEPRECATED] session_set_save_handler(): Providing individual callbacks instead of an object implementing SessionHandlerInterface is deprecated en C:\tools\nginx\html\sistema_biometrico\index.php línea 50
URI: /sistema_biometrico/public/css/modals.css
--------------------------------------------------------------------------------
[2026-03-04 09:46:08] [DEPRECATED] session_set_save_handler(): Providing individual callbacks instead of an object implementing SessionHandlerInterface is deprecated en C:\tools\nginx\html\sistema_biometrico\index.php línea 50
URI: /sistema_biometrico/public/css/empleados.css
--------------------------------------------------------------------------------
[2026-03-04 09:46:08] [DEPRECATED] session_set_save_handler(): Providing individual callbacks instead of an object implementing SessionHandlerInterface is deprecated en C:\tools\nginx\html\sistema_biometrico\index.php línea 50
URI: /sistema_biometrico/public/css/colores-pantone.css
--------------------------------------------------------------------------------
[2026-03-04 09:46:08] [DEPRECATED] session_set_save_handler(): Providing individual callbacks instead of an object implementing SessionHandlerInterface is deprecated en C:\tools\nginx\html\sistema_biometrico\index.php línea 50
URI: /sistema_biometrico/assets/js/error-logger.js
--------------------------------------------------------------------------------
[2026-03-04 09:46:10] [DEPRECATED] session_set_save_handler(): Providing individual callbacks instead of an object implementing SessionHandlerInterface is deprecated en C:\tools\nginx\html\sistema_biometrico\index.php línea 50
URI: /sistema_biometrico/configuracion
--------------------------------------------------------------------------------
[2026-03-04 09:46:10] [DEPRECATED] session_set_save_handler(): Providing individual callbacks instead of an object implementing SessionHandlerInterface is deprecated en C:\tools\nginx\html\sistema_biometrico\index.php línea 50
URI: /sistema_biometrico/public/css/modals.css
--------------------------------------------------------------------------------
[2026-03-04 09:46:10] [DEPRECATED] session_set_save_handler(): Providing individual callbacks instead of an object implementing SessionHandlerInterface is deprecated en C:\tools\nginx\html\sistema_biometrico\index.php línea 50
URI: /sistema_biometrico/public/css/empleados.css
--------------------------------------------------------------------------------
[2026-03-04 09:46:10] [DEPRECATED] session_set_save_handler(): Providing individual callbacks instead of an object implementing SessionHandlerInterface is deprecated en C:\tools\nginx\html\sistema_biometrico\index.php línea 50
URI: /sistema_biometrico/public/css/colores-pantone.css
--------------------------------------------------------------------------------
[2026-03-04 09:46:10] [DEPRECATED] session_set_save_handler(): Providing individual callbacks instead of an object implementing SessionHandlerInterface is deprecated en C:\tools\nginx\html\sistema_biometrico\index.php línea 50
URI: /sistema_biometrico/assets/js/error-logger.js
--------------------------------------------------------------------------------
[2026-03-04 09:46:10] [DEPRECATED] session_set_save_handler(): Providing individual callbacks instead of an object implementing SessionHandlerInterface is deprecated en C:\tools\nginx\html\sistema_biometrico\index.php línea 50
URI: /sistema_biometrico/configuracion/getRecentHistory
--------------------------------------------------------------------------------
[2026-03-04 09:48:19] [DEPRECATED] session_set_save_handler(): Providing individual callbacks instead of an object implementing SessionHandlerInterface is deprecated en C:\tools\nginx\html\sistema_biometrico\index.php línea 50
URI: /sistema_biometrico/configuracion/uploadZkteco
--------------------------------------------------------------------------------
[2026-03-04 09:48:22] [DEPRECATED] session_set_save_handler(): Providing individual callbacks instead of an object implementing SessionHandlerInterface is deprecated en C:\tools\nginx\html\sistema_biometrico\index.php línea 50
URI: /sistema_biometrico/configuracion/getRecentHistory
--------------------------------------------------------------------------------
[2026-03-04 09:48:52] [DEPRECATED] session_set_save_handler(): Providing individual callbacks instead of an object implementing SessionHandlerInterface is deprecated en C:\tools\nginx\html\sistema_biometrico\index.php línea 50
URI: /sistema_biometrico/public/css/modals.css
--------------------------------------------------------------------------------
[2026-03-04 09:48:52] [DEPRECATED] session_set_save_handler(): Providing individual callbacks instead of an object implementing SessionHandlerInterface is deprecated en C:\tools\nginx\html\sistema_biometrico\index.php línea 50
URI: /sistema_biometrico/public/css/empleados.css
--------------------------------------------------------------------------------
[2026-03-04 09:48:52] [DEPRECATED] session_set_save_handler(): Providing individual callbacks instead of an object implementing SessionHandlerInterface is deprecated en C:\tools\nginx\html\sistema_biometrico\index.php línea 50
URI: /sistema_biometrico/public/css/colores-pantone.css
--------------------------------------------------------------------------------
[2026-03-04 09:48:52] [DEPRECATED] session_set_save_handler(): Providing individual callbacks instead of an object implementing SessionHandlerInterface is deprecated en C:\tools\nginx\html\sistema_biometrico\index.php línea 50
URI: /.well-known/appspecific/com.chrome.devtools.json
--------------------------------------------------------------------------------
[2026-03-04 09:49:16] [DEPRECATED] session_set_save_handler(): Providing individual callbacks instead of an object implementing SessionHandlerInterface is deprecated en C:\tools\nginx\html\sistema_biometrico\index.php línea 50
URI: /sistema_biometrico/logout
--------------------------------------------------------------------------------
[2026-03-04 09:49:16] [DEPRECATED] session_set_save_handler(): Providing individual callbacks instead of an object implementing SessionHandlerInterface is deprecated en C:\tools\nginx\html\sistema_biometrico\index.php línea 50
URI: /sistema_biometrico/login
--------------------------------------------------------------------------------
[2026-03-04 09:49:16] [DEPRECATED] session_set_save_handler(): Providing individual callbacks instead of an object implementing SessionHandlerInterface is deprecated en C:\tools\nginx\html\sistema_biometrico\index.php línea 50
URI: /sistema_biometrico/public/css/modals.css
--------------------------------------------------------------------------------
[2026-03-04 09:49:16] [DEPRECATED] session_set_save_handler(): Providing individual callbacks instead of an object implementing SessionHandlerInterface is deprecated en C:\tools\nginx\html\sistema_biometrico\index.php línea 50
URI: /sistema_biometrico/public/css/empleados.css
--------------------------------------------------------------------------------
[2026-03-04 09:49:16] [DEPRECATED] session_set_save_handler(): Providing individual callbacks instead of an object implementing SessionHandlerInterface is deprecated en C:\tools\nginx\html\sistema_biometrico\index.php línea 50
URI: /sistema_biometrico/public/css/colores-pantone.css
--------------------------------------------------------------------------------
[2026-03-04 09:49:16] [DEPRECATED] session_set_save_handler(): Providing individual callbacks instead of an object implementing SessionHandlerInterface is deprecated en C:\tools\nginx\html\sistema_biometrico\index.php línea 50
URI: /sistema_biometrico/assets/js/error-logger.js
--------------------------------------------------------------------------------
[2026-03-04 09:49:17] [DEPRECATED] session_set_save_handler(): Providing individual callbacks instead of an object implementing SessionHandlerInterface is deprecated en C:\tools\nginx\html\sistema_biometrico\index.php línea 50
URI: /.well-known/appspecific/com.chrome.devtools.json
--------------------------------------------------------------------------------
[2026-03-04 09:49:17] [DEPRECATED] session_set_save_handler(): Providing individual callbacks instead of an object implementing SessionHandlerInterface is deprecated en C:\tools\nginx\html\sistema_biometrico\index.php línea 50
URI: /sistema_biometrico/login
--------------------------------------------------------------------------------
[2026-03-04 10:02:40] [DEPRECATED] session_set_save_handler(): Providing individual callbacks instead of an object implementing SessionHandlerInterface is deprecated en C:\tools\nginx\html\sistema_biometrico\index.php línea 50
URI: /
--------------------------------------------------------------------------------
[2026-03-04 10:02:40] [DEPRECATED] session_set_save_handler(): Providing individual callbacks instead of an object implementing SessionHandlerInterface is deprecated en C:\tools\nginx\html\sistema_biometrico\index.php línea 50
URI: /sistema_biometrico/login
--------------------------------------------------------------------------------
[2026-03-04 10:02:49] [DEPRECATED] session_set_save_handler(): Providing individual callbacks instead of an object implementing SessionHandlerInterface is deprecated en C:\tools\nginx\html\sistema_biometrico\index.php línea 50
URI: /sistema_biometrico/login
--------------------------------------------------------------------------------
[2026-03-04 10:02:49] [DEPRECATED] session_set_save_handler(): Providing individual callbacks instead of an object implementing SessionHandlerInterface is deprecated en C:\tools\nginx\html\sistema_biometrico\index.php línea 50
URI: /sistema_biometrico/dashboard
--------------------------------------------------------------------------------
[2026-03-04 10:02:53] [EXCEPTION] PDOException
Contexto: {"action":"index","section":"comisiones"}
Mensaje: SQLSTATE[42S22]: Column not found: 1054 Unknown column 'monto' in 'SELECT'
URI: /sistema_biometrico/dashboard
Archivo: C:\tools\nginx\html\sistema_biometrico\models\Comision.php Línea: 116
#0 C:\tools\nginx\html\sistema_biometrico\models\Comision.php(116): PDO->prepare('SELECT SUM(mont...')
#1 C:\tools\nginx\html\sistema_biometrico\controllers\DashboardController.php(81): Comision->getTotalComisiones(NULL, '03', '2026')
#2 C:\tools\nginx\html\sistema_biometrico\index.php(167): DashboardController->index()
#3 {main}
--------------------------------------------------------------------------------
[2026-03-04 10:03:04] [DEPRECATED] session_set_save_handler(): Providing individual callbacks instead of an object implementing SessionHandlerInterface is deprecated en C:\tools\nginx\html\sistema_biometrico\index.php línea 50
URI: /sistema_biometrico/logs
--------------------------------------------------------------------------------
[2026-03-04 10:03:04] [DEPRECATED] session_set_save_handler(): Providing individual callbacks instead of an object implementing SessionHandlerInterface is deprecated en C:\tools\nginx\html\sistema_biometrico\index.php línea 50
URI: /sistema_biometrico/logs/leer?fecha=2026-03-04&tipo=
--------------------------------------------------------------------------------
[2026-03-04 10:03:07] [DEPRECATED] session_set_save_handler(): Providing individual callbacks instead of an object implementing SessionHandlerInterface is deprecated en C:\tools\nginx\html\sistema_biometrico\index.php línea 50
URI: /sistema_biometrico/usuarios
--------------------------------------------------------------------------------
[2026-03-04 10:03:08] [DEPRECATED] session_set_save_handler(): Providing individual callbacks instead of an object implementing SessionHandlerInterface is deprecated en C:\tools\nginx\html\sistema_biometrico\index.php línea 50
URI: /sistema_biometrico/notas-malas
--------------------------------------------------------------------------------
[2026-03-04 10:03:16] [DEPRECATED] session_set_save_handler(): Providing individual callbacks instead of an object implementing SessionHandlerInterface is deprecated en C:\tools\nginx\html\sistema_biometrico\index.php línea 50
URI: /sistema_biometrico/empleados
--------------------------------------------------------------------------------
[2026-03-04 10:03:18] [DEPRECATED] session_set_save_handler(): Providing individual callbacks instead of an object implementing SessionHandlerInterface is deprecated en C:\tools\nginx\html\sistema_biometrico\index.php línea 50
URI: /sistema_biometrico/empleados/datos-completos/1
--------------------------------------------------------------------------------
[2026-03-04 10:03:18] [DEPRECATED] session_set_save_handler(): Providing individual callbacks instead of an object implementing SessionHandlerInterface is deprecated en C:\tools\nginx\html\sistema_biometrico\index.php línea 50
URI: /sistema_biometrico/api/log-error
--------------------------------------------------------------------------------
[2026-03-04 10:03:18] [EXCEPTION] Error
Mensaje: Cannot use object of type Closure as array
URI: /sistema_biometrico/api/log-error
#0 {main}
[2026-03-04 10:03:25] [DEPRECATED] session_set_save_handler(): Providing individual callbacks instead of an object implementing SessionHandlerInterface is deprecated en C:\tools\nginx\html\sistema_biometrico\index.php línea 50
URI: /sistema_biometrico/empleados?search=828
--------------------------------------------------------------------------------
[2026-03-04 10:03:27] [DEPRECATED] session_set_save_handler(): Providing individual callbacks instead of an object implementing SessionHandlerInterface is deprecated en C:\tools\nginx\html\sistema_biometrico\index.php línea 50
URI: /sistema_biometrico/empleados/datos-completos/828
--------------------------------------------------------------------------------
[2026-03-04 10:03:27] [DEPRECATED] session_set_save_handler(): Providing individual callbacks instead of an object implementing SessionHandlerInterface is deprecated en C:\tools\nginx\html\sistema_biometrico\index.php línea 50
URI: /sistema_biometrico/api/log-error
--------------------------------------------------------------------------------
[2026-03-04 10:03:27] [EXCEPTION] Error
Mensaje: Cannot use object of type Closure as array
URI: /sistema_biometrico/api/log-error
#0 {main}
[2026-03-04 10:03:38] [DEPRECATED] session_set_save_handler(): Providing individual callbacks instead of an object implementing SessionHandlerInterface is deprecated en C:\tools\nginx\html\sistema_biometrico\index.php línea 50
URI: /sistema_biometrico/notas-malas
--------------------------------------------------------------------------------
[2026-03-04 10:03:40] [DEPRECATED] session_set_save_handler(): Providing individual callbacks instead of an object implementing SessionHandlerInterface is deprecated en C:\tools\nginx\html\sistema_biometrico\index.php línea 50
URI: /sistema_biometrico/usuarios
--------------------------------------------------------------------------------
[2026-03-04 10:05:16] [DEPRECATED] session_set_save_handler(): Providing individual callbacks instead of an object implementing SessionHandlerInterface is deprecated en C:\tools\nginx\html\sistema_biometrico\index.php línea 50
URI: /sistema_biometrico/asistencia
--------------------------------------------------------------------------------
[2026-03-04 10:05:17] [DEPRECATED] session_set_save_handler(): Providing individual callbacks instead of an object implementing SessionHandlerInterface is deprecated en C:\tools\nginx\html\sistema_biometrico\index.php línea 50
URI: /sistema_biometrico/asistencia/filtrar-asistencia
--------------------------------------------------------------------------------
[2026-03-04 10:05:17] [DEPRECATED] session_set_save_handler(): Providing individual callbacks instead of an object implementing SessionHandlerInterface is deprecated en C:\tools\nginx\html\sistema_biometrico\index.php línea 50
URI: /sistema_biometrico/asistencia/estado-dispositivos
--------------------------------------------------------------------------------
[2026-03-04 10:05:21] [DEPRECATED] session_set_save_handler(): Providing individual callbacks instead of an object implementing SessionHandlerInterface is deprecated en C:\tools\nginx\html\sistema_biometrico\index.php línea 50
URI: /sistema_biometrico/horarios
--------------------------------------------------------------------------------
[2026-03-04 10:05:32] [DEPRECATED] session_set_save_handler(): Providing individual callbacks instead of an object implementing SessionHandlerInterface is deprecated en C:\tools\nginx\html\sistema_biometrico\index.php línea 50
URI: /sistema_biometrico/reportes
--------------------------------------------------------------------------------
[2026-03-04 10:05:36] [DEPRECATED] session_set_save_handler(): Providing individual callbacks instead of an object implementing SessionHandlerInterface is deprecated en C:\tools\nginx\html\sistema_biometrico\index.php línea 50
URI: /sistema_biometrico/empleados
--------------------------------------------------------------------------------
[2026-03-04 10:05:38] [DEPRECATED] session_set_save_handler(): Providing individual callbacks instead of an object implementing SessionHandlerInterface is deprecated en C:\tools\nginx\html\sistema_biometrico\index.php línea 50
URI: /sistema_biometrico/logs
--------------------------------------------------------------------------------
[2026-03-04 10:05:38] [DEPRECATED] session_set_save_handler(): Providing individual callbacks instead of an object implementing SessionHandlerInterface is deprecated en C:\tools\nginx\html\sistema_biometrico\index.php línea 50
URI: /sistema_biometrico/logs/leer?fecha=2026-03-04&tipo=
--------------------------------------------------------------------------------
[2026-03-04 10:05:38] [DEPRECATED] session_set_save_handler(): Providing individual callbacks instead of an object implementing SessionHandlerInterface is deprecated en C:\tools\nginx\html\sistema_biometrico\index.php línea 50
URI: /sistema_biometrico/usuarios
--------------------------------------------------------------------------------
[2026-03-04 10:05:39] [DEPRECATED] session_set_save_handler(): Providing individual callbacks instead of an object implementing SessionHandlerInterface is deprecated en C:\tools\nginx\html\sistema_biometrico\index.php línea 50
URI: /sistema_biometrico/notas-malas
--------------------------------------------------------------------------------
[2026-03-04 10:05:39] [DEPRECATED] session_set_save_handler(): Providing individual callbacks instead of an object implementing SessionHandlerInterface is deprecated en C:\tools\nginx\html\sistema_biometrico\index.php línea 50
URI: /sistema_biometrico/configuracion
--------------------------------------------------------------------------------
[2026-03-04 10:05:40] [DEPRECATED] session_set_save_handler(): Providing individual callbacks instead of an object implementing SessionHandlerInterface is deprecated en C:\tools\nginx\html\sistema_biometrico\index.php línea 50
URI: /sistema_biometrico/configuracion/getRecentHistory
--------------------------------------------------------------------------------
[2026-03-04 10:05:40] [DEPRECATED] session_set_save_handler(): Providing individual callbacks instead of an object implementing SessionHandlerInterface is deprecated en C:\tools\nginx\html\sistema_biometrico\index.php línea 50
URI: /sistema_biometrico/catalogos
--------------------------------------------------------------------------------
[2026-03-04 10:05:40] [DEPRECATED] session_set_save_handler(): Providing individual callbacks instead of an object implementing SessionHandlerInterface is deprecated en C:\tools\nginx\html\sistema_biometrico\index.php línea 50
URI: /sistema_biometrico/database
--------------------------------------------------------------------------------
[2026-03-04 10:05:41] [DEPRECATED] session_set_save_handler(): Providing individual callbacks instead of an object implementing SessionHandlerInterface is deprecated en C:\tools\nginx\html\sistema_biometrico\index.php línea 50
URI: /sistema_biometrico/database/foreignKeys
--------------------------------------------------------------------------------
[2026-03-04 10:05:41] [DEPRECATED] session_set_save_handler(): Providing individual callbacks instead of an object implementing SessionHandlerInterface is deprecated en C:\tools\nginx\html\sistema_biometrico\index.php línea 50
URI: /sistema_biometrico/database/listBackups
--------------------------------------------------------------------------------
[2026-03-04 10:05:41] [DEPRECATED] session_set_save_handler(): Providing individual callbacks instead of an object implementing SessionHandlerInterface is deprecated en C:\tools\nginx\html\sistema_biometrico\index.php línea 50
URI: /sistema_biometrico/biometricos
--------------------------------------------------------------------------------
[2026-03-04 10:05:55] [DEPRECATED] session_set_save_handler(): Providing individual callbacks instead of an object implementing SessionHandlerInterface is deprecated en C:\tools\nginx\html\sistema_biometrico\index.php línea 50
URI: /sistema_biometrico/usuarios
--------------------------------------------------------------------------------
[2026-03-04 10:05:57] [DEPRECATED] session_set_save_handler(): Providing individual callbacks instead of an object implementing SessionHandlerInterface is deprecated en C:\tools\nginx\html\sistema_biometrico\index.php línea 50
URI: /sistema_biometrico/notas-malas
--------------------------------------------------------------------------------
[2026-03-04 10:06:05] [DEPRECATED] session_set_save_handler(): Providing individual callbacks instead of an object implementing SessionHandlerInterface is deprecated en C:\tools\nginx\html\sistema_biometrico\index.php línea 50
URI: /sistema_biometrico/ciclos
--------------------------------------------------------------------------------
[2026-03-04 10:06:05] [DEPRECATED] session_set_save_handler(): Providing individual callbacks instead of an object implementing SessionHandlerInterface is deprecated en C:\tools\nginx\html\sistema_biometrico\index.php línea 50
URI: /sistema_biometrico/ciclos/json
--------------------------------------------------------------------------------
[2026-03-04 10:06:05] [DEPRECATED] session_set_save_handler(): Providing individual callbacks instead of an object implementing SessionHandlerInterface is deprecated en C:\tools\nginx\html\sistema_biometrico\index.php línea 50
URI: /sistema_biometrico/ciclos/horarios-catalogo
--------------------------------------------------------------------------------
[2026-03-04 10:06:07] [DEPRECATED] session_set_save_handler(): Providing individual callbacks instead of an object implementing SessionHandlerInterface is deprecated en C:\tools\nginx\html\sistema_biometrico\index.php línea 50
URI: /sistema_biometrico/horarios
--------------------------------------------------------------------------------
[2026-03-04 10:06:08] [DEPRECATED] session_set_save_handler(): Providing individual callbacks instead of an object implementing SessionHandlerInterface is deprecated en C:\tools\nginx\html\sistema_biometrico\index.php línea 50
URI: /sistema_biometrico/asistencia
--------------------------------------------------------------------------------
[2026-03-04 10:06:08] [DEPRECATED] session_set_save_handler(): Providing individual callbacks instead of an object implementing SessionHandlerInterface is deprecated en C:\tools\nginx\html\sistema_biometrico\index.php línea 50
URI: /sistema_biometrico/asistencia/filtrar-asistencia
--------------------------------------------------------------------------------
[2026-03-04 10:06:08] [DEPRECATED] session_set_save_handler(): Providing individual callbacks instead of an object implementing SessionHandlerInterface is deprecated en C:\tools\nginx\html\sistema_biometrico\index.php línea 50
URI: /sistema_biometrico/asistencia/estado-dispositivos
--------------------------------------------------------------------------------
[2026-03-04 10:06:11] [DEPRECATED] session_set_save_handler(): Providing individual callbacks instead of an object implementing SessionHandlerInterface is deprecated en C:\tools\nginx\html\sistema_biometrico\index.php línea 50
URI: /sistema_biometrico/empleados
--------------------------------------------------------------------------------
[2026-03-04 10:06:11] [DEPRECATED] session_set_save_handler(): Providing individual callbacks instead of an object implementing SessionHandlerInterface is deprecated en C:\tools\nginx\html\sistema_biometrico\index.php línea 50
URI: /sistema_biometrico/
--------------------------------------------------------------------------------
[2026-03-04 10:06:14] [EXCEPTION] PDOException
Contexto: {"action":"index","section":"comisiones"}
Mensaje: SQLSTATE[42S22]: Column not found: 1054 Unknown column 'monto' in 'SELECT'
URI: /sistema_biometrico/
Archivo: C:\tools\nginx\html\sistema_biometrico\models\Comision.php Línea: 116
#0 C:\tools\nginx\html\sistema_biometrico\models\Comision.php(116): PDO->prepare('SELECT SUM(mont...')
#1 C:\tools\nginx\html\sistema_biometrico\controllers\DashboardController.php(81): Comision->getTotalComisiones(NULL, '03', '2026')
#2 C:\tools\nginx\html\sistema_biometrico\index.php(167): DashboardController->index()
#3 {main}
--------------------------------------------------------------------------------
[2026-03-04 10:06:15] [DEPRECATED] session_set_save_handler(): Providing individual callbacks instead of an object implementing SessionHandlerInterface is deprecated en C:\tools\nginx\html\sistema_biometrico\index.php línea 50
URI: /sistema_biometrico/logout
--------------------------------------------------------------------------------
[2026-03-04 10:06:15] [DEPRECATED] session_set_save_handler(): Providing individual callbacks instead of an object implementing SessionHandlerInterface is deprecated en C:\tools\nginx\html\sistema_biometrico\index.php línea 50
URI: /sistema_biometrico/login
--------------------------------------------------------------------------------
[2026-03-04 10:19:45] [DEPRECATED] session_set_save_handler(): Providing individual callbacks instead of an object implementing SessionHandlerInterface is deprecated en C:\tools\nginx\html\sistema_biometrico\index.php línea 50
URI: /
--------------------------------------------------------------------------------
[2026-03-04 10:19:46] [DEPRECATED] session_set_save_handler(): Providing individual callbacks instead of an object implementing SessionHandlerInterface is deprecated en C:\tools\nginx\html\sistema_biometrico\index.php línea 50
URI: /sistema_biometrico/login
--------------------------------------------------------------------------------
[2026-03-04 10:19:46] [DEPRECATED] session_set_save_handler(): Providing individual callbacks instead of an object implementing SessionHandlerInterface is deprecated en C:\tools\nginx\html\sistema_biometrico\index.php línea 50
URI: /sistema_biometrico/public/css/modals.css
--------------------------------------------------------------------------------
[2026-03-04 10:19:46] [DEPRECATED] session_set_save_handler(): Providing individual callbacks instead of an object implementing SessionHandlerInterface is deprecated en C:\tools\nginx\html\sistema_biometrico\index.php línea 50
URI: /sistema_biometrico/public/css/empleados.css
--------------------------------------------------------------------------------
[2026-03-04 10:19:46] [DEPRECATED] session_set_save_handler(): Providing individual callbacks instead of an object implementing SessionHandlerInterface is deprecated en C:\tools\nginx\html\sistema_biometrico\index.php línea 50
URI: /sistema_biometrico/public/css/colores-pantone.css
--------------------------------------------------------------------------------
[2026-03-04 10:19:46] [DEPRECATED] session_set_save_handler(): Providing individual callbacks instead of an object implementing SessionHandlerInterface is deprecated en C:\tools\nginx\html\sistema_biometrico\index.php línea 50
URI: /sistema_biometrico/assets/js/error-logger.js
--------------------------------------------------------------------------------
[2026-03-04 10:19:48] [DEPRECATED] session_set_save_handler(): Providing individual callbacks instead of an object implementing SessionHandlerInterface is deprecated en C:\tools\nginx\html\sistema_biometrico\index.php línea 50
URI: /sistema_biometrico/login
--------------------------------------------------------------------------------
[2026-03-04 10:19:48] [DEPRECATED] session_set_save_handler(): Providing individual callbacks instead of an object implementing SessionHandlerInterface is deprecated en C:\tools\nginx\html\sistema_biometrico\index.php línea 50
URI: /sistema_biometrico/public/css/modals.css
--------------------------------------------------------------------------------
[2026-03-04 10:19:48] [DEPRECATED] session_set_save_handler(): Providing individual callbacks instead of an object implementing SessionHandlerInterface is deprecated en C:\tools\nginx\html\sistema_biometrico\index.php línea 50
URI: /sistema_biometrico/public/css/empleados.css
--------------------------------------------------------------------------------
[2026-03-04 10:19:48] [DEPRECATED] session_set_save_handler(): Providing individual callbacks instead of an object implementing SessionHandlerInterface is deprecated en C:\tools\nginx\html\sistema_biometrico\index.php línea 50
URI: /sistema_biometrico/public/css/colores-pantone.css
--------------------------------------------------------------------------------
[2026-03-04 10:19:49] [DEPRECATED] session_set_save_handler(): Providing individual callbacks instead of an object implementing SessionHandlerInterface is deprecated en C:\tools\nginx\html\sistema_biometrico\index.php línea 50
URI: /sistema_biometrico/assets/js/error-logger.js
--------------------------------------------------------------------------------
[2026-03-04 10:19:57] [DEPRECATED] session_set_save_handler(): Providing individual callbacks instead of an object implementing SessionHandlerInterface is deprecated en C:\tools\nginx\html\sistema_biometrico\index.php línea 50
URI: /sistema_biometrico/login
--------------------------------------------------------------------------------
[2026-03-04 10:19:57] [DEPRECATED] session_set_save_handler(): Providing individual callbacks instead of an object implementing SessionHandlerInterface is deprecated en C:\tools\nginx\html\sistema_biometrico\index.php línea 50
URI: /sistema_biometrico/dashboard
--------------------------------------------------------------------------------
[2026-03-04 10:20:00] [EXCEPTION] PDOException
Contexto: {"action":"index","section":"comisiones"}
Mensaje: SQLSTATE[42S22]: Column not found: 1054 Unknown column 'monto' in 'SELECT'
URI: /sistema_biometrico/dashboard
Archivo: C:\tools\nginx\html\sistema_biometrico\models\Comision.php Línea: 116
#0 C:\tools\nginx\html\sistema_biometrico\models\Comision.php(116): PDO->prepare('SELECT SUM(mont...')
#1 C:\tools\nginx\html\sistema_biometrico\controllers\DashboardController.php(81): Comision->getTotalComisiones(NULL, '03', '2026')
#2 C:\tools\nginx\html\sistema_biometrico\index.php(167): DashboardController->index()
#3 {main}
--------------------------------------------------------------------------------
[2026-03-04 10:20:00] [DEPRECATED] session_set_save_handler(): Providing individual callbacks instead of an object implementing SessionHandlerInterface is deprecated en C:\tools\nginx\html\sistema_biometrico\index.php línea 50
URI: /sistema_biometrico/public/css/modals.css
--------------------------------------------------------------------------------
[2026-03-04 10:20:00] [DEPRECATED] session_set_save_handler(): Providing individual callbacks instead of an object implementing SessionHandlerInterface is deprecated en C:\tools\nginx\html\sistema_biometrico\index.php línea 50
URI: /sistema_biometrico/public/css/empleados.css
--------------------------------------------------------------------------------
[2026-03-04 10:20:00] [DEPRECATED] session_set_save_handler(): Providing individual callbacks instead of an object implementing SessionHandlerInterface is deprecated en C:\tools\nginx\html\sistema_biometrico\index.php línea 50
URI: /sistema_biometrico/public/css/colores-pantone.css
--------------------------------------------------------------------------------
[2026-03-04 10:20:00] [DEPRECATED] session_set_save_handler(): Providing individual callbacks instead of an object implementing SessionHandlerInterface is deprecated en C:\tools\nginx\html\sistema_biometrico\index.php línea 50
URI: /sistema_biometrico/assets/js/error-logger.js
--------------------------------------------------------------------------------
[2026-03-04 10:20:06] [DEPRECATED] session_set_save_handler(): Providing individual callbacks instead of an object implementing SessionHandlerInterface is deprecated en C:\tools\nginx\html\sistema_biometrico\index.php línea 50
URI: /sistema_biometrico/empleados
--------------------------------------------------------------------------------
[2026-03-04 10:20:06] [DEPRECATED] session_set_save_handler(): Providing individual callbacks instead of an object implementing SessionHandlerInterface is deprecated en C:\tools\nginx\html\sistema_biometrico\index.php línea 50
URI: /sistema_biometrico/public/css/modals.css
--------------------------------------------------------------------------------
[2026-03-04 10:20:06] [DEPRECATED] session_set_save_handler(): Providing individual callbacks instead of an object implementing SessionHandlerInterface is deprecated en C:\tools\nginx\html\sistema_biometrico\index.php línea 50
URI: /sistema_biometrico/public/css/empleados.css
--------------------------------------------------------------------------------
[2026-03-04 10:20:06] [DEPRECATED] session_set_save_handler(): Providing individual callbacks instead of an object implementing SessionHandlerInterface is deprecated en C:\tools\nginx\html\sistema_biometrico\index.php línea 50
URI: /sistema_biometrico/public/css/colores-pantone.css
--------------------------------------------------------------------------------
[2026-03-04 10:20:06] [DEPRECATED] session_set_save_handler(): Providing individual callbacks instead of an object implementing SessionHandlerInterface is deprecated en C:\tools\nginx\html\sistema_biometrico\index.php línea 50
URI: /sistema_biometrico/assets/js/error-logger.js
--------------------------------------------------------------------------------
[2026-03-04 10:20:08] [DEPRECATED] session_set_save_handler(): Providing individual callbacks instead of an object implementing SessionHandlerInterface is deprecated en C:\tools\nginx\html\sistema_biometrico\index.php línea 50
URI: /sistema_biometrico/empleados/datos-completos/1
--------------------------------------------------------------------------------
[2026-03-04 10:20:17] [DEPRECATED] session_set_save_handler(): Providing individual callbacks instead of an object implementing SessionHandlerInterface is deprecated en C:\tools\nginx\html\sistema_biometrico\index.php línea 50
URI: /sistema_biometrico/empleados/datos-completos/1
--------------------------------------------------------------------------------
[2026-03-04 10:20:27] [DEPRECATED] session_set_save_handler(): Providing individual callbacks instead of an object implementing SessionHandlerInterface is deprecated en C:\tools\nginx\html\sistema_biometrico\index.php línea 50
URI: /sistema_biometrico/logout
--------------------------------------------------------------------------------
[2026-03-04 10:20:27] [DEPRECATED] session_set_save_handler(): Providing individual callbacks instead of an object implementing SessionHandlerInterface is deprecated en C:\tools\nginx\html\sistema_biometrico\index.php línea 50
URI: /sistema_biometrico/login
--------------------------------------------------------------------------------
[2026-03-04 10:20:27] [DEPRECATED] session_set_save_handler(): Providing individual callbacks instead of an object implementing SessionHandlerInterface is deprecated en C:\tools\nginx\html\sistema_biometrico\index.php línea 50
URI: /sistema_biometrico/public/css/modals.css
--------------------------------------------------------------------------------
[2026-03-04 10:20:27] [DEPRECATED] session_set_save_handler(): Providing individual callbacks instead of an object implementing SessionHandlerInterface is deprecated en C:\tools\nginx\html\sistema_biometrico\index.php línea 50
URI: /sistema_biometrico/public/css/empleados.css
--------------------------------------------------------------------------------
[2026-03-04 10:20:27] [DEPRECATED] session_set_save_handler(): Providing individual callbacks instead of an object implementing SessionHandlerInterface is deprecated en C:\tools\nginx\html\sistema_biometrico\index.php línea 50
URI: /sistema_biometrico/public/css/colores-pantone.css
--------------------------------------------------------------------------------
[2026-03-04 10:20:27] [DEPRECATED] session_set_save_handler(): Providing individual callbacks instead of an object implementing SessionHandlerInterface is deprecated en C:\tools\nginx\html\sistema_biometrico\index.php línea 50
URI: /sistema_biometrico/assets/js/error-logger.js
--------------------------------------------------------------------------------
[2026-03-04 10:20:37] [DEPRECATED] session_set_save_handler(): Providing individual callbacks instead of an object implementing SessionHandlerInterface is deprecated en C:\tools\nginx\html\sistema_biometrico\index.php línea 50
URI: /sistema_biometrico/login
--------------------------------------------------------------------------------
[2026-03-04 10:20:38] [DEPRECATED] session_set_save_handler(): Providing individual callbacks instead of an object implementing SessionHandlerInterface is deprecated en C:\tools\nginx\html\sistema_biometrico\index.php línea 50
URI: /sistema_biometrico/dashboard
--------------------------------------------------------------------------------
[2026-03-04 10:20:40] [EXCEPTION] PDOException
Contexto: {"action":"index","section":"comisiones"}
Mensaje: SQLSTATE[42S22]: Column not found: 1054 Unknown column 'monto' in 'SELECT'
URI: /sistema_biometrico/dashboard
Archivo: C:\tools\nginx\html\sistema_biometrico\models\Comision.php Línea: 116
#0 C:\tools\nginx\html\sistema_biometrico\models\Comision.php(116): PDO->prepare('SELECT SUM(mont...')
#1 C:\tools\nginx\html\sistema_biometrico\controllers\DashboardController.php(81): Comision->getTotalComisiones(NULL, '03', '2026')
#2 C:\tools\nginx\html\sistema_biometrico\index.php(167): DashboardController->index()
#3 {main}
--------------------------------------------------------------------------------
[2026-03-04 10:20:41] [DEPRECATED] session_set_save_handler(): Providing individual callbacks instead of an object implementing SessionHandlerInterface is deprecated en C:\tools\nginx\html\sistema_biometrico\index.php línea 50
URI: /sistema_biometrico/public/css/modals.css
--------------------------------------------------------------------------------
[2026-03-04 10:20:41] [DEPRECATED] session_set_save_handler(): Providing individual callbacks instead of an object implementing SessionHandlerInterface is deprecated en C:\tools\nginx\html\sistema_biometrico\index.php línea 50
URI: /sistema_biometrico/public/css/empleados.css
--------------------------------------------------------------------------------
[2026-03-04 10:20:41] [DEPRECATED] session_set_save_handler(): Providing individual callbacks instead of an object implementing SessionHandlerInterface is deprecated en C:\tools\nginx\html\sistema_biometrico\index.php línea 50
URI: /sistema_biometrico/public/css/colores-pantone.css
--------------------------------------------------------------------------------
[2026-03-04 10:20:41] [DEPRECATED] session_set_save_handler(): Providing individual callbacks instead of an object implementing SessionHandlerInterface is deprecated en C:\tools\nginx\html\sistema_biometrico\index.php línea 50
URI: /sistema_biometrico/assets/js/error-logger.js
--------------------------------------------------------------------------------
[2026-03-04 10:20:43] [DEPRECATED] session_set_save_handler(): Providing individual callbacks instead of an object implementing SessionHandlerInterface is deprecated en C:\tools\nginx\html\sistema_biometrico\index.php línea 50
URI: /sistema_biometrico/empleados
--------------------------------------------------------------------------------
[2026-03-04 10:20:43] [DEPRECATED] session_set_save_handler(): Providing individual callbacks instead of an object implementing SessionHandlerInterface is deprecated en C:\tools\nginx\html\sistema_biometrico\index.php línea 50
URI: /sistema_biometrico/public/css/modals.css
--------------------------------------------------------------------------------
[2026-03-04 10:20:44] [DEPRECATED] session_set_save_handler(): Providing individual callbacks instead of an object implementing SessionHandlerInterface is deprecated en C:\tools\nginx\html\sistema_biometrico\index.php línea 50
URI: /sistema_biometrico/public/css/empleados.css
--------------------------------------------------------------------------------
[2026-03-04 10:20:44] [DEPRECATED] session_set_save_handler(): Providing individual callbacks instead of an object implementing SessionHandlerInterface is deprecated en C:\tools\nginx\html\sistema_biometrico\index.php línea 50
URI: /sistema_biometrico/public/css/colores-pantone.css
--------------------------------------------------------------------------------
[2026-03-04 10:20:44] [DEPRECATED] session_set_save_handler(): Providing individual callbacks instead of an object implementing SessionHandlerInterface is deprecated en C:\tools\nginx\html\sistema_biometrico\index.php línea 50
URI: /sistema_biometrico/assets/js/error-logger.js
--------------------------------------------------------------------------------
[2026-03-04 10:20:44] [DEPRECATED] session_set_save_handler(): Providing individual callbacks instead of an object implementing SessionHandlerInterface is deprecated en C:\tools\nginx\html\sistema_biometrico\index.php línea 50
URI: /sistema_biometrico/validaciones/obtener-contador-pendientes?t=1772641244177
--------------------------------------------------------------------------------
[2026-03-04 10:20:45] [DEPRECATED] session_set_save_handler(): Providing individual callbacks instead of an object implementing SessionHandlerInterface is deprecated en C:\tools\nginx\html\sistema_biometrico\index.php línea 50
URI: /sistema_biometrico/empleados/datos-completos/1
--------------------------------------------------------------------------------
[2026-03-04 10:20:59] [DEPRECATED] session_set_save_handler(): Providing individual callbacks instead of an object implementing SessionHandlerInterface is deprecated en C:\tools\nginx\html\sistema_biometrico\index.php línea 50
URI: /sistema_biometrico/empleados/datos-completos/1
--------------------------------------------------------------------------------
[2026-03-04 10:21:13] [DEPRECATED] session_set_save_handler(): Providing individual callbacks instead of an object implementing SessionHandlerInterface is deprecated en C:\tools\nginx\html\sistema_biometrico\index.php línea 50
URI: /sistema_biometrico/public/css/modals.css
--------------------------------------------------------------------------------
[2026-03-04 10:21:13] [DEPRECATED] session_set_save_handler(): Providing individual callbacks instead of an object implementing SessionHandlerInterface is deprecated en C:\tools\nginx\html\sistema_biometrico\index.php línea 50
URI: /sistema_biometrico/public/css/empleados.css
--------------------------------------------------------------------------------
[2026-03-04 10:21:13] [DEPRECATED] session_set_save_handler(): Providing individual callbacks instead of an object implementing SessionHandlerInterface is deprecated en C:\tools\nginx\html\sistema_biometrico\index.php línea 50
URI: /sistema_biometrico/public/css/colores-pantone.css
--------------------------------------------------------------------------------
[2026-03-04 10:21:13] [DEPRECATED] session_set_save_handler(): Providing individual callbacks instead of an object implementing SessionHandlerInterface is deprecated en C:\tools\nginx\html\sistema_biometrico\index.php línea 50
URI: /.well-known/appspecific/com.chrome.devtools.json
--------------------------------------------------------------------------------
[2026-03-04 10:21:14] [DEPRECATED] session_set_save_handler(): Providing individual callbacks instead of an object implementing SessionHandlerInterface is deprecated en C:\tools\nginx\html\sistema_biometrico\index.php línea 50
URI: /sistema_biometrico/validaciones/obtener-contador-pendientes?t=1772641274190
--------------------------------------------------------------------------------
[2026-03-04 10:21:44] [DEPRECATED] session_set_save_handler(): Providing individual callbacks instead of an object implementing SessionHandlerInterface is deprecated en C:\tools\nginx\html\sistema_biometrico\index.php línea 50
URI: /sistema_biometrico/validaciones/obtener-contador-pendientes?t=1772641304231
--------------------------------------------------------------------------------
[2026-03-04 10:26:05] [DEPRECATED] session_set_save_handler(): Providing individual callbacks instead of an object implementing SessionHandlerInterface is deprecated en C:\tools\nginx\html\sistema_biometrico\index.php línea 50
URI: /sistema_biometrico/login
--------------------------------------------------------------------------------
[2026-03-04 10:26:05] [DEPRECATED] session_set_save_handler(): Providing individual callbacks instead of an object implementing SessionHandlerInterface is deprecated en C:\tools\nginx\html\sistema_biometrico\index.php línea 50
URI: /sistema_biometrico/api/log-error
--------------------------------------------------------------------------------
[2026-03-04 10:26:05] [DEPRECATED] session_set_save_handler(): Providing individual callbacks instead of an object implementing SessionHandlerInterface is deprecated en C:\tools\nginx\html\sistema_biometrico\index.php línea 50
URI: /sistema_biometrico/login
--------------------------------------------------------------------------------
[2026-03-04 10:26:07] [DEPRECATED] session_set_save_handler(): Providing individual callbacks instead of an object implementing SessionHandlerInterface is deprecated en C:\tools\nginx\html\sistema_biometrico\index.php línea 50
URI: /sistema_biometrico/login
--------------------------------------------------------------------------------
[2026-03-04 10:26:16] [DEPRECATED] session_set_save_handler(): Providing individual callbacks instead of an object implementing SessionHandlerInterface is deprecated en C:\tools\nginx\html\sistema_biometrico\index.php línea 50
URI: /sistema_biometrico/login
--------------------------------------------------------------------------------
[2026-03-04 10:26:17] [DEPRECATED] session_set_save_handler(): Providing individual callbacks instead of an object implementing SessionHandlerInterface is deprecated en C:\tools\nginx\html\sistema_biometrico\index.php línea 50
URI: /sistema_biometrico/dashboard
--------------------------------------------------------------------------------
[2026-03-04 10:26:20] [EXCEPTION] PDOException
Contexto: {"action":"index","section":"comisiones"}
Mensaje: SQLSTATE[42S22]: Column not found: 1054 Unknown column 'monto' in 'SELECT'
URI: /sistema_biometrico/dashboard
Archivo: C:\tools\nginx\html\sistema_biometrico\models\Comision.php Línea: 116
#0 C:\tools\nginx\html\sistema_biometrico\models\Comision.php(116): PDO->prepare('SELECT SUM(mont...')
#1 C:\tools\nginx\html\sistema_biometrico\controllers\DashboardController.php(81): Comision->getTotalComisiones(NULL, '03', '2026')
#2 C:\tools\nginx\html\sistema_biometrico\index.php(167): DashboardController->index()
#3 {main}
--------------------------------------------------------------------------------
[2026-03-04 10:26:29] [DEPRECATED] session_set_save_handler(): Providing individual callbacks instead of an object implementing SessionHandlerInterface is deprecated en C:\tools\nginx\html\sistema_biometrico\index.php línea 50
URI: /empleados
--------------------------------------------------------------------------------
[2026-03-04 10:26:31] [DEPRECATED] session_set_save_handler(): Providing individual callbacks instead of an object implementing SessionHandlerInterface is deprecated en C:\tools\nginx\html\sistema_biometrico\index.php línea 50
URI: /sistema_biometrico/empleados/datos-completos/1
--------------------------------------------------------------------------------
[2026-03-04 10:26:31] [DEPRECATED] session_set_save_handler(): Providing individual callbacks instead of an object implementing SessionHandlerInterface is deprecated en C:\tools\nginx\html\sistema_biometrico\index.php línea 50
URI: /sistema_biometrico/api/log-error
--------------------------------------------------------------------------------
[2026-03-04 10:26:31] [EXCEPTION] Error
Mensaje: Cannot use object of type Closure as array
URI: /sistema_biometrico/api/log-error
#0 {main}
[2026-03-04 10:26:47] [DEPRECATED] session_set_save_handler(): Providing individual callbacks instead of an object implementing SessionHandlerInterface is deprecated en C:\tools\nginx\html\sistema_biometrico\index.php línea 50
URI: /sistema_biometrico/empleados/datos-completos/1
--------------------------------------------------------------------------------
[2026-03-04 10:26:47] [DEPRECATED] session_set_save_handler(): Providing individual callbacks instead of an object implementing SessionHandlerInterface is deprecated en C:\tools\nginx\html\sistema_biometrico\index.php línea 50
URI: /sistema_biometrico/api/log-error
--------------------------------------------------------------------------------
[2026-03-04 10:26:47] [EXCEPTION] Error
Mensaje: Cannot use object of type Closure as array
URI: /sistema_biometrico/api/log-error
#0 {main}
[2026-03-04 10:26:55] [DEPRECATED] session_set_save_handler(): Providing individual callbacks instead of an object implementing SessionHandlerInterface is deprecated en C:\tools\nginx\html\sistema_biometrico\index.php línea 50
URI: /.well-known/appspecific/com.chrome.devtools.json
--------------------------------------------------------------------------------
[2026-03-04 10:28:05] [DEPRECATED] session_set_save_handler(): Providing individual callbacks instead of an object implementing SessionHandlerInterface is deprecated en C:\tools\nginx\html\sistema_biometrico\index.php línea 50
URI: /empleados
--------------------------------------------------------------------------------
[2026-03-04 10:28:05] [DEPRECATED] session_set_save_handler(): Providing individual callbacks instead of an object implementing SessionHandlerInterface is deprecated en C:\tools\nginx\html\sistema_biometrico\index.php línea 50
URI: /.well-known/appspecific/com.chrome.devtools.json
--------------------------------------------------------------------------------
[2026-03-04 10:28:09] [DEPRECATED] session_set_save_handler(): Providing individual callbacks instead of an object implementing SessionHandlerInterface is deprecated en C:\tools\nginx\html\sistema_biometrico\index.php línea 50
URI: /sistema_biometrico/empleados/datos-completos/1
--------------------------------------------------------------------------------
[2026-03-04 10:28:09] [DEPRECATED] session_set_save_handler(): Providing individual callbacks instead of an object implementing SessionHandlerInterface is deprecated en C:\tools\nginx\html\sistema_biometrico\index.php línea 50
URI: /sistema_biometrico/api/log-error
--------------------------------------------------------------------------------
[2026-03-04 10:28:09] [EXCEPTION] Error
Mensaje: Cannot use object of type Closure as array
URI: /sistema_biometrico/api/log-error
#0 {main}
[2026-03-04 10:29:16] [DEPRECATED] session_set_save_handler(): Providing individual callbacks instead of an object implementing SessionHandlerInterface is deprecated en C:\tools\nginx\html\sistema_biometrico\index.php línea 50
URI: /sistema_biometrico/empleados/datos-completos/4
--------------------------------------------------------------------------------
[2026-03-04 10:29:16] [DEPRECATED] session_set_save_handler(): Providing individual callbacks instead of an object implementing SessionHandlerInterface is deprecated en C:\tools\nginx\html\sistema_biometrico\index.php línea 50
URI: /sistema_biometrico/api/log-error
--------------------------------------------------------------------------------
[2026-03-04 10:29:16] [EXCEPTION] Error
Mensaje: Cannot use object of type Closure as array
URI: /sistema_biometrico/api/log-error
#0 {main}
[2026-03-04 10:30:33] [DEPRECATED] session_set_save_handler(): Providing individual callbacks instead of an object implementing SessionHandlerInterface is deprecated en C:\tools\nginx\html\sistema_biometrico\index.php línea 50
URI: /sistema_biometrico/empleados/datos-completos/1
--------------------------------------------------------------------------------
[2026-03-04 10:30:33] [DEPRECATED] session_set_save_handler(): Providing individual callbacks instead of an object implementing SessionHandlerInterface is deprecated en C:\tools\nginx\html\sistema_biometrico\index.php línea 50
URI: /sistema_biometrico/api/log-error
--------------------------------------------------------------------------------
[2026-03-04 10:30:33] [EXCEPTION] Error
Mensaje: Cannot use object of type Closure as array
URI: /sistema_biometrico/api/log-error
#0 {main}
[2026-03-04 10:31:15] [DEPRECATED] session_set_save_handler(): Providing individual callbacks instead of an object implementing SessionHandlerInterface is deprecated en C:\tools\nginx\html\sistema_biometrico\index.php línea 50
URI: /empleados
--------------------------------------------------------------------------------
[2026-03-04 10:31:16] [DEPRECATED] session_set_save_handler(): Providing individual callbacks instead of an object implementing SessionHandlerInterface is deprecated en C:\tools\nginx\html\sistema_biometrico\index.php línea 50
URI: /sistema_biometrico/assets/css/modals.css
--------------------------------------------------------------------------------
[2026-03-04 10:31:16] [DEPRECATED] session_set_save_handler(): Providing individual callbacks instead of an object implementing SessionHandlerInterface is deprecated en C:\tools\nginx\html\sistema_biometrico\index.php línea 50
URI: /sistema_biometrico/assets/css/empleados.css
--------------------------------------------------------------------------------
[2026-03-04 10:31:16] [DEPRECATED] session_set_save_handler(): Providing individual callbacks instead of an object implementing SessionHandlerInterface is deprecated en C:\tools\nginx\html\sistema_biometrico\index.php línea 50
URI: /sistema_biometrico/assets/css/colores-pantone.css
--------------------------------------------------------------------------------
[2026-03-04 10:31:16] [DEPRECATED] session_set_save_handler(): Providing individual callbacks instead of an object implementing SessionHandlerInterface is deprecated en C:\tools\nginx\html\sistema_biometrico\index.php línea 50
URI: /empleados
--------------------------------------------------------------------------------
[2026-03-04 10:31:16] [DEPRECATED] session_set_save_handler(): Providing individual callbacks instead of an object implementing SessionHandlerInterface is deprecated en C:\tools\nginx\html\sistema_biometrico\index.php línea 50
URI: /empleados
--------------------------------------------------------------------------------
[2026-03-04 10:31:16] [DEPRECATED] session_set_save_handler(): Providing individual callbacks instead of an object implementing SessionHandlerInterface is deprecated en C:\tools\nginx\html\sistema_biometrico\index.php línea 50
URI: /sistema_biometrico/assets/css/modals.css
--------------------------------------------------------------------------------
[2026-03-04 10:31:16] [DEPRECATED] session_set_save_handler(): Providing individual callbacks instead of an object implementing SessionHandlerInterface is deprecated en C:\tools\nginx\html\sistema_biometrico\index.php línea 50
URI: /sistema_biometrico/assets/css/empleados.css
--------------------------------------------------------------------------------
[2026-03-04 10:31:16] [DEPRECATED] session_set_save_handler(): Providing individual callbacks instead of an object implementing SessionHandlerInterface is deprecated en C:\tools\nginx\html\sistema_biometrico\index.php línea 50
URI: /sistema_biometrico/assets/css/colores-pantone.css
--------------------------------------------------------------------------------
[2026-03-04 10:31:16] [DEPRECATED] session_set_save_handler(): Providing individual callbacks instead of an object implementing SessionHandlerInterface is deprecated en C:\tools\nginx\html\sistema_biometrico\index.php línea 50
URI: /sistema_biometrico/assets/css/modals.css
--------------------------------------------------------------------------------
[2026-03-04 10:31:16] [DEPRECATED] session_set_save_handler(): Providing individual callbacks instead of an object implementing SessionHandlerInterface is deprecated en C:\tools\nginx\html\sistema_biometrico\index.php línea 50
URI: /sistema_biometrico/assets/css/empleados.css
--------------------------------------------------------------------------------
[2026-03-04 10:31:16] [DEPRECATED] session_set_save_handler(): Providing individual callbacks instead of an object implementing SessionHandlerInterface is deprecated en C:\tools\nginx\html\sistema_biometrico\index.php línea 50
URI: /sistema_biometrico/assets/css/colores-pantone.css
--------------------------------------------------------------------------------
[2026-03-04 10:31:49] [DEPRECATED] session_set_save_handler(): Providing individual callbacks instead of an object implementing SessionHandlerInterface is deprecated en C:\tools\nginx\html\sistema_biometrico\index.php línea 50
URI: /empleados
--------------------------------------------------------------------------------
[2026-03-04 10:31:49] [DEPRECATED] session_set_save_handler(): Providing individual callbacks instead of an object implementing SessionHandlerInterface is deprecated en C:\tools\nginx\html\sistema_biometrico\index.php línea 50
URI: /sistema_biometrico/login
--------------------------------------------------------------------------------
[2026-03-04 10:31:49] [DEPRECATED] session_set_save_handler(): Providing individual callbacks instead of an object implementing SessionHandlerInterface is deprecated en C:\tools\nginx\html\sistema_biometrico\index.php línea 50
URI: /sistema_biometrico/assets/css/modals.css
--------------------------------------------------------------------------------
[2026-03-04 10:31:49] [DEPRECATED] session_set_save_handler(): Providing individual callbacks instead of an object implementing SessionHandlerInterface is deprecated en C:\tools\nginx\html\sistema_biometrico\index.php línea 50
URI: /sistema_biometrico/assets/css/empleados.css
--------------------------------------------------------------------------------
[2026-03-04 10:31:49] [DEPRECATED] session_set_save_handler(): Providing individual callbacks instead of an object implementing SessionHandlerInterface is deprecated en C:\tools\nginx\html\sistema_biometrico\index.php línea 50
URI: /sistema_biometrico/assets/css/colores-pantone.css
--------------------------------------------------------------------------------
[2026-03-04 10:31:51] [DEPRECATED] session_set_save_handler(): Providing individual callbacks instead of an object implementing SessionHandlerInterface is deprecated en C:\tools\nginx\html\sistema_biometrico\index.php línea 50
URI: /sistema_biometrico/assets/css/modals.css
--------------------------------------------------------------------------------
[2026-03-04 10:31:51] [DEPRECATED] session_set_save_handler(): Providing individual callbacks instead of an object implementing SessionHandlerInterface is deprecated en C:\tools\nginx\html\sistema_biometrico\index.php línea 50
URI: /sistema_biometrico/assets/css/colores-pantone.css
--------------------------------------------------------------------------------
[2026-03-04 10:31:51] [DEPRECATED] session_set_save_handler(): Providing individual callbacks instead of an object implementing SessionHandlerInterface is deprecated en C:\tools\nginx\html\sistema_biometrico\index.php línea 50
URI: /sistema_biometrico/assets/css/empleados.css
--------------------------------------------------------------------------------
[2026-03-04 10:31:59] [DEPRECATED] session_set_save_handler(): Providing individual callbacks instead of an object implementing SessionHandlerInterface is deprecated en C:\tools\nginx\html\sistema_biometrico\index.php línea 50
URI: /sistema_biometrico/login
--------------------------------------------------------------------------------
[2026-03-04 10:31:59] [DEPRECATED] session_set_save_handler(): Providing individual callbacks instead of an object implementing SessionHandlerInterface is deprecated en C:\tools\nginx\html\sistema_biometrico\index.php línea 50
URI: /sistema_biometrico/dashboard
--------------------------------------------------------------------------------
[2026-03-04 10:32:03] [EXCEPTION] PDOException
Contexto: {"action":"index","section":"comisiones"}
Mensaje: SQLSTATE[42S22]: Column not found: 1054 Unknown column 'monto' in 'SELECT'
URI: /sistema_biometrico/dashboard
Archivo: C:\tools\nginx\html\sistema_biometrico\models\Comision.php Línea: 116
#0 C:\tools\nginx\html\sistema_biometrico\models\Comision.php(116): PDO->prepare('SELECT SUM(mont...')
#1 C:\tools\nginx\html\sistema_biometrico\controllers\DashboardController.php(81): Comision->getTotalComisiones(NULL, '03', '2026')
#2 C:\tools\nginx\html\sistema_biometrico\index.php(167): DashboardController->index()
#3 {main}
--------------------------------------------------------------------------------
[2026-03-04 10:32:03] [DEPRECATED] session_set_save_handler(): Providing individual callbacks instead of an object implementing SessionHandlerInterface is deprecated en C:\tools\nginx\html\sistema_biometrico\index.php línea 50
URI: /sistema_biometrico/assets/css/modals.css
--------------------------------------------------------------------------------
[2026-03-04 10:32:03] [DEPRECATED] session_set_save_handler(): Providing individual callbacks instead of an object implementing SessionHandlerInterface is deprecated en C:\tools\nginx\html\sistema_biometrico\index.php línea 50
URI: /sistema_biometrico/assets/css/empleados.css
--------------------------------------------------------------------------------
[2026-03-04 10:32:03] [DEPRECATED] session_set_save_handler(): Providing individual callbacks instead of an object implementing SessionHandlerInterface is deprecated en C:\tools\nginx\html\sistema_biometrico\index.php línea 50
URI: /sistema_biometrico/assets/css/colores-pantone.css
--------------------------------------------------------------------------------
[2026-03-04 10:32:11] [DEPRECATED] session_set_save_handler(): Providing individual callbacks instead of an object implementing SessionHandlerInterface is deprecated en C:\tools\nginx\html\sistema_biometrico\index.php línea 50
URI: /sistema_biometrico/horarios
--------------------------------------------------------------------------------
[2026-03-04 10:32:11] [DEPRECATED] session_set_save_handler(): Providing individual callbacks instead of an object implementing SessionHandlerInterface is deprecated en C:\tools\nginx\html\sistema_biometrico\index.php línea 50
URI: /sistema_biometrico/assets/css/modals.css
--------------------------------------------------------------------------------
[2026-03-04 10:32:11] [DEPRECATED] session_set_save_handler(): Providing individual callbacks instead of an object implementing SessionHandlerInterface is deprecated en C:\tools\nginx\html\sistema_biometrico\index.php línea 50
URI: /sistema_biometrico/assets/css/empleados.css
--------------------------------------------------------------------------------
[2026-03-04 10:32:11] [DEPRECATED] session_set_save_handler(): Providing individual callbacks instead of an object implementing SessionHandlerInterface is deprecated en C:\tools\nginx\html\sistema_biometrico\index.php línea 50
URI: /sistema_biometrico/assets/css/colores-pantone.css
--------------------------------------------------------------------------------
[2026-03-04 10:33:25] [DEPRECATED] session_set_save_handler(): Providing individual callbacks instead of an object implementing SessionHandlerInterface is deprecated en C:\tools\nginx\html\sistema_biometrico\index.php línea 50
URI: /sistema_biometrico/validaciones
--------------------------------------------------------------------------------
[2026-03-04 10:33:25] [DEPRECATED] session_set_save_handler(): Providing individual callbacks instead of an object implementing SessionHandlerInterface is deprecated en C:\tools\nginx\html\sistema_biometrico\index.php línea 50
URI: /sistema_biometrico/assets/css/modals.css
--------------------------------------------------------------------------------
[2026-03-04 10:33:25] [DEPRECATED] session_set_save_handler(): Providing individual callbacks instead of an object implementing SessionHandlerInterface is deprecated en C:\tools\nginx\html\sistema_biometrico\index.php línea 50
URI: /sistema_biometrico/assets/css/empleados.css
--------------------------------------------------------------------------------
[2026-03-04 10:33:25] [DEPRECATED] session_set_save_handler(): Providing individual callbacks instead of an object implementing SessionHandlerInterface is deprecated en C:\tools\nginx\html\sistema_biometrico\index.php línea 50
URI: /sistema_biometrico/assets/css/colores-pantone.css
--------------------------------------------------------------------------------
[2026-03-04 10:33:25] [DEPRECATED] session_set_save_handler(): Providing individual callbacks instead of an object implementing SessionHandlerInterface is deprecated en C:\tools\nginx\html\sistema_biometrico\index.php línea 50
URI: /sistema_biometrico/validaciones/buscar-empleados
--------------------------------------------------------------------------------
[2026-03-04 10:33:25] [DEPRECATED] session_set_save_handler(): Providing individual callbacks instead of an object implementing SessionHandlerInterface is deprecated en C:\tools\nginx\html\sistema_biometrico\index.php línea 50
URI: /sistema_biometrico/api/log-error
--------------------------------------------------------------------------------
[2026-03-04 10:33:25] [EXCEPTION] Error
Mensaje: Cannot use object of type Closure as array
URI: /sistema_biometrico/api/log-error
#0 {main}
[2026-03-04 10:33:25] [DEPRECATED] session_set_save_handler(): Providing individual callbacks instead of an object implementing SessionHandlerInterface is deprecated en C:\tools\nginx\html\sistema_biometrico\index.php línea 50
URI: /sistema_biometrico/api/log-error
--------------------------------------------------------------------------------
[2026-03-04 10:33:25] [EXCEPTION] Error
Mensaje: Cannot use object of type Closure as array
URI: /sistema_biometrico/api/log-error
#0 {main}
[2026-03-04 10:33:25] [DEPRECATED] session_set_save_handler(): Providing individual callbacks instead of an object implementing SessionHandlerInterface is deprecated en C:\tools\nginx\html\sistema_biometrico\index.php línea 50
URI: /sistema_biometrico/api/log-error
--------------------------------------------------------------------------------
[2026-03-04 10:33:25] [EXCEPTION] Error
Mensaje: Cannot use object of type Closure as array
URI: /sistema_biometrico/api/log-error
#0 {main}
[2026-03-04 10:33:25] [DEPRECATED] session_set_save_handler(): Providing individual callbacks instead of an object implementing SessionHandlerInterface is deprecated en C:\tools\nginx\html\sistema_biometrico\index.php línea 50
URI: /sistema_biometrico/api/log-error
--------------------------------------------------------------------------------
[2026-03-04 10:33:25] [EXCEPTION] Error
Mensaje: Cannot use object of type Closure as array
URI: /sistema_biometrico/api/log-error
#0 {main}
[2026-03-04 10:33:25] [DEPRECATED] session_set_save_handler(): Providing individual callbacks instead of an object implementing SessionHandlerInterface is deprecated en C:\tools\nginx\html\sistema_biometrico\index.php línea 50
URI: /sistema_biometrico/api/log-error
--------------------------------------------------------------------------------
[2026-03-04 10:33:25] [EXCEPTION] Error
Mensaje: Cannot use object of type Closure as array
URI: /sistema_biometrico/api/log-error
#0 {main}
[2026-03-04 10:33:25] [DEPRECATED] session_set_save_handler(): Providing individual callbacks instead of an object implementing SessionHandlerInterface is deprecated en C:\tools\nginx\html\sistema_biometrico\index.php línea 50
URI: /sistema_biometrico/validaciones/obtener-areas
--------------------------------------------------------------------------------
[2026-03-04 10:33:25] [DEPRECATED] session_set_save_handler(): Providing individual callbacks instead of an object implementing SessionHandlerInterface is deprecated en C:\tools\nginx\html\sistema_biometrico\index.php línea 50
URI: /sistema_biometrico/validaciones/estadisticas
--------------------------------------------------------------------------------
[2026-03-04 10:33:33] [DEPRECATED] session_set_save_handler(): Providing individual callbacks instead of an object implementing SessionHandlerInterface is deprecated en C:\tools\nginx\html\sistema_biometrico\index.php línea 50
URI: /sistema_biometrico/configuracion
--------------------------------------------------------------------------------
[2026-03-04 10:33:33] [DEPRECATED] session_set_save_handler(): Providing individual callbacks instead of an object implementing SessionHandlerInterface is deprecated en C:\tools\nginx\html\sistema_biometrico\index.php línea 50
URI: /sistema_biometrico/assets/css/modals.css
--------------------------------------------------------------------------------
[2026-03-04 10:33:33] [DEPRECATED] session_set_save_handler(): Providing individual callbacks instead of an object implementing SessionHandlerInterface is deprecated en C:\tools\nginx\html\sistema_biometrico\index.php línea 50
URI: /sistema_biometrico/assets/css/empleados.css
--------------------------------------------------------------------------------
[2026-03-04 10:33:33] [DEPRECATED] session_set_save_handler(): Providing individual callbacks instead of an object implementing SessionHandlerInterface is deprecated en C:\tools\nginx\html\sistema_biometrico\index.php línea 50
URI: /sistema_biometrico/assets/css/colores-pantone.css
--------------------------------------------------------------------------------
[2026-03-04 10:33:33] [DEPRECATED] session_set_save_handler(): Providing individual callbacks instead of an object implementing SessionHandlerInterface is deprecated en C:\tools\nginx\html\sistema_biometrico\index.php línea 50
URI: /sistema_biometrico/configuracion/getRecentHistory
--------------------------------------------------------------------------------
[2026-03-04 10:34:23] [DEPRECATED] session_set_save_handler(): Providing individual callbacks instead of an object implementing SessionHandlerInterface is deprecated en C:\tools\nginx\html\sistema_biometrico\index.php línea 50
URI: /sistema_biometrico/configuracion
--------------------------------------------------------------------------------
[2026-03-04 10:34:23] [DEPRECATED] session_set_save_handler(): Providing individual callbacks instead of an object implementing SessionHandlerInterface is deprecated en C:\tools\nginx\html\sistema_biometrico\index.php línea 50
URI: /sistema_biometrico/assets/css/modals.css
--------------------------------------------------------------------------------
[2026-03-04 10:34:23] [DEPRECATED] session_set_save_handler(): Providing individual callbacks instead of an object implementing SessionHandlerInterface is deprecated en C:\tools\nginx\html\sistema_biometrico\index.php línea 50
URI: /sistema_biometrico/assets/css/colores-pantone.css
--------------------------------------------------------------------------------
[2026-03-04 10:34:23] [DEPRECATED] session_set_save_handler(): Providing individual callbacks instead of an object implementing SessionHandlerInterface is deprecated en C:\tools\nginx\html\sistema_biometrico\index.php línea 50
URI: /sistema_biometrico/assets/css/empleados.css
--------------------------------------------------------------------------------
[2026-03-04 10:34:23] [DEPRECATED] session_set_save_handler(): Providing individual callbacks instead of an object implementing SessionHandlerInterface is deprecated en C:\tools\nginx\html\sistema_biometrico\index.php línea 50
URI: /sistema_biometrico/configuracion/getRecentHistory
--------------------------------------------------------------------------------
[2026-03-04 10:34:32] [DEPRECATED] session_set_save_handler(): Providing individual callbacks instead of an object implementing SessionHandlerInterface is deprecated en C:\tools\nginx\html\sistema_biometrico\index.php línea 50
URI: /sistema_biometrico/configuracion/uploadZkteco
--------------------------------------------------------------------------------
[2026-03-04 10:34:34] [DEPRECATED] session_set_save_handler(): Providing individual callbacks instead of an object implementing SessionHandlerInterface is deprecated en C:\tools\nginx\html\sistema_biometrico\index.php línea 50
URI: /sistema_biometrico/configuracion/getRecentHistory
--------------------------------------------------------------------------------
[2026-03-04 10:34:48] [DEPRECATED] session_set_save_handler(): Providing individual callbacks instead of an object implementing SessionHandlerInterface is deprecated en C:\tools\nginx\html\sistema_biometrico\index.php línea 50
URI: /sistema_biometrico/assets/css/modals.css
--------------------------------------------------------------------------------
[2026-03-04 10:34:48] [DEPRECATED] session_set_save_handler(): Providing individual callbacks instead of an object implementing SessionHandlerInterface is deprecated en C:\tools\nginx\html\sistema_biometrico\index.php línea 50
URI: /sistema_biometrico/assets/css/empleados.css
--------------------------------------------------------------------------------
[2026-03-04 10:34:48] [DEPRECATED] session_set_save_handler(): Providing individual callbacks instead of an object implementing SessionHandlerInterface is deprecated en C:\tools\nginx\html\sistema_biometrico\index.php línea 50
URI: /sistema_biometrico/assets/css/colores-pantone.css
--------------------------------------------------------------------------------
[2026-03-04 10:34:49] [DEPRECATED] session_set_save_handler(): Providing individual callbacks instead of an object implementing SessionHandlerInterface is deprecated en C:\tools\nginx\html\sistema_biometrico\index.php línea 50
URI: /.well-known/appspecific/com.chrome.devtools.json
--------------------------------------------------------------------------------
[2026-03-04 10:36:14] [DEPRECATED] session_set_save_handler(): Providing individual callbacks instead of an object implementing SessionHandlerInterface is deprecated en C:\tools\nginx\html\sistema_biometrico\index.php línea 50
URI: /sistema_biometrico/configuracion
--------------------------------------------------------------------------------
[2026-03-04 10:36:14] [DEPRECATED] session_set_save_handler(): Providing individual callbacks instead of an object implementing SessionHandlerInterface is deprecated en C:\tools\nginx\html\sistema_biometrico\index.php línea 50
URI: /sistema_biometrico/assets/css/modals.css
--------------------------------------------------------------------------------
[2026-03-04 10:36:14] [DEPRECATED] session_set_save_handler(): Providing individual callbacks instead of an object implementing SessionHandlerInterface is deprecated en C:\tools\nginx\html\sistema_biometrico\index.php línea 50
URI: /sistema_biometrico/assets/css/empleados.css
--------------------------------------------------------------------------------
[2026-03-04 10:36:14] [DEPRECATED] session_set_save_handler(): Providing individual callbacks instead of an object implementing SessionHandlerInterface is deprecated en C:\tools\nginx\html\sistema_biometrico\index.php línea 50
URI: /sistema_biometrico/assets/css/colores-pantone.css
--------------------------------------------------------------------------------
[2026-03-04 10:36:14] [DEPRECATED] session_set_save_handler(): Providing individual callbacks instead of an object implementing SessionHandlerInterface is deprecated en C:\tools\nginx\html\sistema_biometrico\index.php línea 50
URI: /.well-known/appspecific/com.chrome.devtools.json
--------------------------------------------------------------------------------
[2026-03-04 10:36:14] [DEPRECATED] session_set_save_handler(): Providing individual callbacks instead of an object implementing SessionHandlerInterface is deprecated en C:\tools\nginx\html\sistema_biometrico\index.php línea 50
URI: /sistema_biometrico/configuracion/getRecentHistory
--------------------------------------------------------------------------------
[2026-03-04 10:37:30] [DEPRECATED] session_set_save_handler(): Providing individual callbacks instead of an object implementing SessionHandlerInterface is deprecated en C:\tools\nginx\html\sistema_biometrico\index.php línea 50
URI: /sistema_biometrico/configuracion
--------------------------------------------------------------------------------
[2026-03-04 10:37:30] [DEPRECATED] session_set_save_handler(): Providing individual callbacks instead of an object implementing SessionHandlerInterface is deprecated en C:\tools\nginx\html\sistema_biometrico\index.php línea 50
URI: /sistema_biometrico/assets/css/modals.css
--------------------------------------------------------------------------------
[2026-03-04 10:37:30] [DEPRECATED] session_set_save_handler(): Providing individual callbacks instead of an object implementing SessionHandlerInterface is deprecated en C:\tools\nginx\html\sistema_biometrico\index.php línea 50
URI: /sistema_biometrico/assets/css/empleados.css
--------------------------------------------------------------------------------
[2026-03-04 10:37:30] [DEPRECATED] session_set_save_handler(): Providing individual callbacks instead of an object implementing SessionHandlerInterface is deprecated en C:\tools\nginx\html\sistema_biometrico\index.php línea 50
URI: /sistema_biometrico/assets/css/colores-pantone.css
--------------------------------------------------------------------------------
[2026-03-04 10:37:30] [DEPRECATED] session_set_save_handler(): Providing individual callbacks instead of an object implementing SessionHandlerInterface is deprecated en C:\tools\nginx\html\sistema_biometrico\index.php línea 50
URI: /.well-known/appspecific/com.chrome.devtools.json
--------------------------------------------------------------------------------
[2026-03-04 10:37:30] [DEPRECATED] session_set_save_handler(): Providing individual callbacks instead of an object implementing SessionHandlerInterface is deprecated en C:\tools\nginx\html\sistema_biometrico\index.php línea 50
URI: /sistema_biometrico/configuracion/getRecentHistory
--------------------------------------------------------------------------------
[2026-03-04 10:37:31] [DEPRECATED] session_set_save_handler(): Providing individual callbacks instead of an object implementing SessionHandlerInterface is deprecated en C:\tools\nginx\html\sistema_biometrico\index.php línea 50
URI: /sistema_biometrico/configuracion
--------------------------------------------------------------------------------
[2026-03-04 10:37:31] [DEPRECATED] session_set_save_handler(): Providing individual callbacks instead of an object implementing SessionHandlerInterface is deprecated en C:\tools\nginx\html\sistema_biometrico\index.php línea 50
URI: /sistema_biometrico/assets/css/modals.css
--------------------------------------------------------------------------------
[2026-03-04 10:37:31] [DEPRECATED] session_set_save_handler(): Providing individual callbacks instead of an object implementing SessionHandlerInterface is deprecated en C:\tools\nginx\html\sistema_biometrico\index.php línea 50
URI: /sistema_biometrico/assets/css/empleados.css
--------------------------------------------------------------------------------
[2026-03-04 10:37:31] [DEPRECATED] session_set_save_handler(): Providing individual callbacks instead of an object implementing SessionHandlerInterface is deprecated en C:\tools\nginx\html\sistema_biometrico\index.php línea 50
URI: /sistema_biometrico/assets/css/colores-pantone.css
--------------------------------------------------------------------------------
[2026-03-04 10:37:31] [DEPRECATED] session_set_save_handler(): Providing individual callbacks instead of an object implementing SessionHandlerInterface is deprecated en C:\tools\nginx\html\sistema_biometrico\index.php línea 50
URI: /.well-known/appspecific/com.chrome.devtools.json
--------------------------------------------------------------------------------
[2026-03-04 10:37:31] [DEPRECATED] session_set_save_handler(): Providing individual callbacks instead of an object implementing SessionHandlerInterface is deprecated en C:\tools\nginx\html\sistema_biometrico\index.php línea 50
URI: /sistema_biometrico/configuracion/getRecentHistory
--------------------------------------------------------------------------------
[2026-03-04 10:37:44] [DEPRECATED] session_set_save_handler(): Providing individual callbacks instead of an object implementing SessionHandlerInterface is deprecated en C:\tools\nginx\html\sistema_biometrico\index.php línea 50
URI: /sistema_biometrico/configuracion
--------------------------------------------------------------------------------
[2026-03-04 10:37:44] [DEPRECATED] session_set_save_handler(): Providing individual callbacks instead of an object implementing SessionHandlerInterface is deprecated en C:\tools\nginx\html\sistema_biometrico\index.php línea 50
URI: /sistema_biometrico/login
--------------------------------------------------------------------------------
[2026-03-04 10:37:44] [DEPRECATED] session_set_save_handler(): Providing individual callbacks instead of an object implementing SessionHandlerInterface is deprecated en C:\tools\nginx\html\sistema_biometrico\index.php línea 50
URI: /sistema_biometrico/assets/css/modals.css
--------------------------------------------------------------------------------
[2026-03-04 10:37:44] [DEPRECATED] session_set_save_handler(): Providing individual callbacks instead of an object implementing SessionHandlerInterface is deprecated en C:\tools\nginx\html\sistema_biometrico\index.php línea 50
URI: /sistema_biometrico/assets/css/empleados.css
--------------------------------------------------------------------------------
[2026-03-04 10:37:44] [DEPRECATED] session_set_save_handler(): Providing individual callbacks instead of an object implementing SessionHandlerInterface is deprecated en C:\tools\nginx\html\sistema_biometrico\index.php línea 50
URI: /sistema_biometrico/assets/css/colores-pantone.css
--------------------------------------------------------------------------------
[2026-03-04 10:37:44] [DEPRECATED] session_set_save_handler(): Providing individual callbacks instead of an object implementing SessionHandlerInterface is deprecated en C:\tools\nginx\html\sistema_biometrico\index.php línea 50
URI: /.well-known/appspecific/com.chrome.devtools.json
--------------------------------------------------------------------------------
[2026-03-04 10:37:44] [DEPRECATED] session_set_save_handler(): Providing individual callbacks instead of an object implementing SessionHandlerInterface is deprecated en C:\tools\nginx\html\sistema_biometrico\index.php línea 50
URI: /sistema_biometrico/assets/css/modals.css
--------------------------------------------------------------------------------
[2026-03-04 10:37:44] [DEPRECATED] session_set_save_handler(): Providing individual callbacks instead of an object implementing SessionHandlerInterface is deprecated en C:\tools\nginx\html\sistema_biometrico\index.php línea 50
URI: /sistema_biometrico/login
--------------------------------------------------------------------------------
[2026-03-04 10:38:38] [DEPRECATED] session_set_save_handler(): Providing individual callbacks instead of an object implementing SessionHandlerInterface is deprecated en C:\tools\nginx\html\sistema_biometrico\index.php línea 50
URI: /sistema_biometrico/login
--------------------------------------------------------------------------------
[2026-03-04 10:38:38] [DEPRECATED] session_set_save_handler(): Providing individual callbacks instead of an object implementing SessionHandlerInterface is deprecated en C:\tools\nginx\html\sistema_biometrico\index.php línea 50
URI: /sistema_biometrico/dashboard
--------------------------------------------------------------------------------
[2026-03-04 10:38:41] [EXCEPTION] PDOException
Contexto: {"action":"index","section":"comisiones"}
Mensaje: SQLSTATE[42S22]: Column not found: 1054 Unknown column 'monto' in 'SELECT'
URI: /sistema_biometrico/dashboard
Archivo: C:\tools\nginx\html\sistema_biometrico\models\Comision.php Línea: 116
#0 C:\tools\nginx\html\sistema_biometrico\models\Comision.php(116): PDO->prepare('SELECT SUM(mont...')
#1 C:\tools\nginx\html\sistema_biometrico\controllers\DashboardController.php(81): Comision->getTotalComisiones(NULL, '03', '2026')
#2 C:\tools\nginx\html\sistema_biometrico\index.php(167): DashboardController->index()
#3 {main}
--------------------------------------------------------------------------------
[2026-03-04 10:38:41] [DEPRECATED] session_set_save_handler(): Providing individual callbacks instead of an object implementing SessionHandlerInterface is deprecated en C:\tools\nginx\html\sistema_biometrico\index.php línea 50
URI: /sistema_biometrico/assets/css/modals.css
--------------------------------------------------------------------------------
[2026-03-04 10:38:41] [DEPRECATED] session_set_save_handler(): Providing individual callbacks instead of an object implementing SessionHandlerInterface is deprecated en C:\tools\nginx\html\sistema_biometrico\index.php línea 50
URI: /sistema_biometrico/assets/css/empleados.css
--------------------------------------------------------------------------------
[2026-03-04 10:38:41] [DEPRECATED] session_set_save_handler(): Providing individual callbacks instead of an object implementing SessionHandlerInterface is deprecated en C:\tools\nginx\html\sistema_biometrico\index.php línea 50
URI: /sistema_biometrico/assets/css/colores-pantone.css
--------------------------------------------------------------------------------
[2026-03-04 10:38:41] [DEPRECATED] session_set_save_handler(): Providing individual callbacks instead of an object implementing SessionHandlerInterface is deprecated en C:\tools\nginx\html\sistema_biometrico\index.php línea 50
URI: /.well-known/appspecific/com.chrome.devtools.json
--------------------------------------------------------------------------------
[2026-03-04 10:39:12] [DEPRECATED] session_set_save_handler(): Providing individual callbacks instead of an object implementing SessionHandlerInterface is deprecated en C:\tools\nginx\html\sistema_biometrico\index.php línea 50
URI: /sistema_biometrico/dashboard
--------------------------------------------------------------------------------
[2026-03-04 10:39:16] [EXCEPTION] PDOException
Contexto: {"action":"index","section":"comisiones"}
Mensaje: SQLSTATE[42S22]: Column not found: 1054 Unknown column 'monto' in 'SELECT'
URI: /sistema_biometrico/dashboard
Archivo: C:\tools\nginx\html\sistema_biometrico\models\Comision.php Línea: 116
#0 C:\tools\nginx\html\sistema_biometrico\models\Comision.php(116): PDO->prepare('SELECT SUM(mont...')
#1 C:\tools\nginx\html\sistema_biometrico\controllers\DashboardController.php(81): Comision->getTotalComisiones(NULL, '03', '2026')
#2 C:\tools\nginx\html\sistema_biometrico\index.php(167): DashboardController->index()
#3 {main}
--------------------------------------------------------------------------------
[2026-03-04 10:39:16] [DEPRECATED] session_set_save_handler(): Providing individual callbacks instead of an object implementing SessionHandlerInterface is deprecated en C:\tools\nginx\html\sistema_biometrico\index.php línea 50
URI: /sistema_biometrico/assets/css/modals.css
--------------------------------------------------------------------------------
[2026-03-04 10:39:16] [DEPRECATED] session_set_save_handler(): Providing individual callbacks instead of an object implementing SessionHandlerInterface is deprecated en C:\tools\nginx\html\sistema_biometrico\index.php línea 50
URI: /sistema_biometrico/assets/css/empleados.css
--------------------------------------------------------------------------------
[2026-03-04 10:39:16] [DEPRECATED] session_set_save_handler(): Providing individual callbacks instead of an object implementing SessionHandlerInterface is deprecated en C:\tools\nginx\html\sistema_biometrico\index.php línea 50
URI: /sistema_biometrico/assets/css/colores-pantone.css
--------------------------------------------------------------------------------
[2026-03-04 10:39:16] [DEPRECATED] session_set_save_handler(): Providing individual callbacks instead of an object implementing SessionHandlerInterface is deprecated en C:\tools\nginx\html\sistema_biometrico\index.php línea 50
URI: /.well-known/appspecific/com.chrome.devtools.json
--------------------------------------------------------------------------------
[2026-03-04 10:39:20] [DEPRECATED] session_set_save_handler(): Providing individual callbacks instead of an object implementing SessionHandlerInterface is deprecated en C:\tools\nginx\html\sistema_biometrico\index.php línea 50
URI: /sistema_biometrico/dashboard
--------------------------------------------------------------------------------
[2026-03-04 10:39:23] [EXCEPTION] PDOException
Contexto: {"action":"index","section":"comisiones"}
Mensaje: SQLSTATE[42S22]: Column not found: 1054 Unknown column 'monto' in 'SELECT'
URI: /sistema_biometrico/dashboard
Archivo: C:\tools\nginx\html\sistema_biometrico\models\Comision.php Línea: 116
#0 C:\tools\nginx\html\sistema_biometrico\models\Comision.php(116): PDO->prepare('SELECT SUM(mont...')
#1 C:\tools\nginx\html\sistema_biometrico\controllers\DashboardController.php(81): Comision->getTotalComisiones(NULL, '03', '2026')
#2 C:\tools\nginx\html\sistema_biometrico\index.php(167): DashboardController->index()
#3 {main}
--------------------------------------------------------------------------------
[2026-03-04 10:39:23] [DEPRECATED] session_set_save_handler(): Providing individual callbacks instead of an object implementing SessionHandlerInterface is deprecated en C:\tools\nginx\html\sistema_biometrico\index.php línea 50
URI: /sistema_biometrico/dashboard
--------------------------------------------------------------------------------
[2026-03-04 10:39:27] [EXCEPTION] PDOException
Contexto: {"action":"index","section":"comisiones"}
Mensaje: SQLSTATE[42S22]: Column not found: 1054 Unknown column 'monto' in 'SELECT'
URI: /sistema_biometrico/dashboard
Archivo: C:\tools\nginx\html\sistema_biometrico\models\Comision.php Línea: 116
#0 C:\tools\nginx\html\sistema_biometrico\models\Comision.php(116): PDO->prepare('SELECT SUM(mont...')
#1 C:\tools\nginx\html\sistema_biometrico\controllers\DashboardController.php(81): Comision->getTotalComisiones(NULL, '03', '2026')
#2 C:\tools\nginx\html\sistema_biometrico\index.php(167): DashboardController->index()
#3 {main}
--------------------------------------------------------------------------------
[2026-03-04 10:39:27] [DEPRECATED] session_set_save_handler(): Providing individual callbacks instead of an object implementing SessionHandlerInterface is deprecated en C:\tools\nginx\html\sistema_biometrico\index.php línea 50
URI: /sistema_biometrico/assets/css/modals.css
--------------------------------------------------------------------------------
[2026-03-04 10:39:27] [DEPRECATED] session_set_save_handler(): Providing individual callbacks instead of an object implementing SessionHandlerInterface is deprecated en C:\tools\nginx\html\sistema_biometrico\index.php línea 50
URI: /sistema_biometrico/assets/css/empleados.css
--------------------------------------------------------------------------------
[2026-03-04 10:39:27] [DEPRECATED] session_set_save_handler(): Providing individual callbacks instead of an object implementing SessionHandlerInterface is deprecated en C:\tools\nginx\html\sistema_biometrico\index.php línea 50
URI: /sistema_biometrico/assets/css/colores-pantone.css
--------------------------------------------------------------------------------
[2026-03-04 10:39:27] [DEPRECATED] session_set_save_handler(): Providing individual callbacks instead of an object implementing SessionHandlerInterface is deprecated en C:\tools\nginx\html\sistema_biometrico\index.php línea 50
URI: /.well-known/appspecific/com.chrome.devtools.json
--------------------------------------------------------------------------------
[2026-03-04 10:39:27] [DEPRECATED] session_set_save_handler(): Providing individual callbacks instead of an object implementing SessionHandlerInterface is deprecated en C:\tools\nginx\html\sistema_biometrico\index.php línea 50
URI: /sistema_biometrico/assets/css/modals.css
--------------------------------------------------------------------------------
[2026-03-04 10:40:37] [DEPRECATED] session_set_save_handler(): Providing individual callbacks instead of an object implementing SessionHandlerInterface is deprecated en C:\tools\nginx\html\sistema_biometrico\index.php línea 50
URI: /favicon.ico
--------------------------------------------------------------------------------
[2026-03-04 10:44:59] [DEPRECATED] session_set_save_handler(): Providing individual callbacks instead of an object implementing SessionHandlerInterface is deprecated en C:\tools\nginx\html\sistema_biometrico\index.php línea 50
URI: /sistema_biometrico/
--------------------------------------------------------------------------------
[2026-03-04 10:45:01] [EXCEPTION] PDOException
Contexto: {"action":"index","section":"comisiones"}
Mensaje: SQLSTATE[42S22]: Column not found: 1054 Unknown column 'monto' in 'SELECT'
URI: /sistema_biometrico/
Archivo: C:\tools\nginx\html\sistema_biometrico\models\Comision.php Línea: 116
#0 C:\tools\nginx\html\sistema_biometrico\models\Comision.php(116): PDO->prepare('SELECT SUM(mont...')
#1 C:\tools\nginx\html\sistema_biometrico\controllers\DashboardController.php(81): Comision->getTotalComisiones(NULL, '03', '2026')
#2 C:\tools\nginx\html\sistema_biometrico\index.php(167): DashboardController->index()
#3 {main}
--------------------------------------------------------------------------------
[2026-03-04 10:45:05] [DEPRECATED] session_set_save_handler(): Providing individual callbacks instead of an object implementing SessionHandlerInterface is deprecated en C:\tools\nginx\html\sistema_biometrico\index.php línea 50
URI: /sistema_biometrico/logout
--------------------------------------------------------------------------------
[2026-03-04 10:45:05] [DEPRECATED] session_set_save_handler(): Providing individual callbacks instead of an object implementing SessionHandlerInterface is deprecated en C:\tools\nginx\html\sistema_biometrico\index.php línea 50
URI: /sistema_biometrico/login
--------------------------------------------------------------------------------
[2026-03-04 10:45:12] [DEPRECATED] session_set_save_handler(): Providing individual callbacks instead of an object implementing SessionHandlerInterface is deprecated en C:\tools\nginx\html\sistema_biometrico\index.php línea 50
URI: /sistema_biometrico/login
--------------------------------------------------------------------------------
[2026-03-04 10:45:12] [DEPRECATED] session_set_save_handler(): Providing individual callbacks instead of an object implementing SessionHandlerInterface is deprecated en C:\tools\nginx\html\sistema_biometrico\index.php línea 50
URI: /sistema_biometrico/dashboard
--------------------------------------------------------------------------------
[2026-03-04 10:45:15] [EXCEPTION] PDOException
Contexto: {"action":"index","section":"comisiones"}
Mensaje: SQLSTATE[42S22]: Column not found: 1054 Unknown column 'monto' in 'SELECT'
URI: /sistema_biometrico/dashboard
Archivo: C:\tools\nginx\html\sistema_biometrico\models\Comision.php Línea: 116
#0 C:\tools\nginx\html\sistema_biometrico\models\Comision.php(116): PDO->prepare('SELECT SUM(mont...')
#1 C:\tools\nginx\html\sistema_biometrico\controllers\DashboardController.php(81): Comision->getTotalComisiones(NULL, '03', '2026')
#2 C:\tools\nginx\html\sistema_biometrico\index.php(167): DashboardController->index()
#3 {main}
--------------------------------------------------------------------------------
[2026-03-04 10:45:21] [DEPRECATED] session_set_save_handler(): Providing individual callbacks instead of an object implementing SessionHandlerInterface is deprecated en C:\tools\nginx\html\sistema_biometrico\index.php línea 50
URI: /.well-known/appspecific/com.chrome.devtools.json
--------------------------------------------------------------------------------
[2026-03-04 10:45:28] [DEPRECATED] session_set_save_handler(): Providing individual callbacks instead of an object implementing SessionHandlerInterface is deprecated en C:\tools\nginx\html\sistema_biometrico\index.php línea 50
URI: /sistema_biometrico/empleados
--------------------------------------------------------------------------------
[2026-03-04 10:45:28] [DEPRECATED] session_set_save_handler(): Providing individual callbacks instead of an object implementing SessionHandlerInterface is deprecated en C:\tools\nginx\html\sistema_biometrico\index.php línea 50
URI: /.well-known/appspecific/com.chrome.devtools.json
--------------------------------------------------------------------------------
[2026-03-04 10:45:29] [DEPRECATED] session_set_save_handler(): Providing individual callbacks instead of an object implementing SessionHandlerInterface is deprecated en C:\tools\nginx\html\sistema_biometrico\index.php línea 50
URI: /sistema_biometrico/empleados/datos-completos/1
--------------------------------------------------------------------------------
[2026-03-04 10:45:29] [WARNING] Undefined variable $comisiones en C:\tools\nginx\html\sistema_biometrico\controllers\EmpleadoController.php línea 601
URI: /sistema_biometrico/empleados/datos-completos/1
--------------------------------------------------------------------------------
[2026-03-04 10:45:29] [DEPRECATED] session_set_save_handler(): Providing individual callbacks instead of an object implementing SessionHandlerInterface is deprecated en C:\tools\nginx\html\sistema_biometrico\index.php línea 50
URI: /sistema_biometrico/api/log-error
--------------------------------------------------------------------------------
[2026-03-04 10:45:29] [EXCEPTION] Error
Mensaje: Cannot use object of type Closure as array
URI: /sistema_biometrico/api/log-error
#0 {main}
[2026-03-04 10:45:29] [DEPRECATED] session_set_save_handler(): Providing individual callbacks instead of an object implementing SessionHandlerInterface is deprecated en C:\tools\nginx\html\sistema_biometrico\index.php línea 50
URI: /sistema_biometrico/api/log-error
--------------------------------------------------------------------------------
[2026-03-04 10:45:29] [EXCEPTION] Error
Mensaje: Cannot use object of type Closure as array
URI: /sistema_biometrico/api/log-error
#0 {main}
[2026-03-04 11:38:33] [DEPRECATED] session_set_save_handler(): Providing individual callbacks instead of an object implementing SessionHandlerInterface is deprecated en C:\tools\nginx\html\sistema_biometrico\index.php línea 50
URI: /sistema_biometrico
--------------------------------------------------------------------------------
[2026-03-04 11:38:33] [DEPRECATED] session_set_save_handler(): Providing individual callbacks instead of an object implementing SessionHandlerInterface is deprecated en C:\tools\nginx\html\sistema_biometrico\index.php línea 50
URI: /sistema_biometrico/login
--------------------------------------------------------------------------------
[2026-03-04 11:39:01] [DEPRECATED] session_set_save_handler(): Providing individual callbacks instead of an object implementing SessionHandlerInterface is deprecated en C:\tools\nginx\html\sistema_biometrico\index.php línea 50
URI: /sistema_biometrico/login
--------------------------------------------------------------------------------
[2026-03-04 11:39:01] [DEPRECATED] session_set_save_handler(): Providing individual callbacks instead of an object implementing SessionHandlerInterface is deprecated en C:\tools\nginx\html\sistema_biometrico\index.php línea 50
URI: /sistema_biometrico/dashboard
--------------------------------------------------------------------------------
[2026-03-04 11:39:04] [EXCEPTION] PDOException
Contexto: {"action":"index","section":"comisiones"}
Mensaje: SQLSTATE[42S22]: Column not found: 1054 Unknown column 'monto' in 'SELECT'
URI: /sistema_biometrico/dashboard
Archivo: C:\tools\nginx\html\sistema_biometrico\models\Comision.php Línea: 116
#0 C:\tools\nginx\html\sistema_biometrico\models\Comision.php(116): PDO->prepare('SELECT SUM(mont...')
#1 C:\tools\nginx\html\sistema_biometrico\controllers\DashboardController.php(81): Comision->getTotalComisiones(NULL, '03', '2026')
#2 C:\tools\nginx\html\sistema_biometrico\index.php(167): DashboardController->index()
#3 {main}
--------------------------------------------------------------------------------
[2026-03-04 11:39:11] [DEPRECATED] session_set_save_handler(): Providing individual callbacks instead of an object implementing SessionHandlerInterface is deprecated en C:\tools\nginx\html\sistema_biometrico\index.php línea 50
URI: /empleados
--------------------------------------------------------------------------------
[2026-03-04 11:39:13] [DEPRECATED] session_set_save_handler(): Providing individual callbacks instead of an object implementing SessionHandlerInterface is deprecated en C:\tools\nginx\html\sistema_biometrico\index.php línea 50
URI: /sistema_biometrico/empleados/datos-completos/4
--------------------------------------------------------------------------------
[2026-03-04 11:39:13] [WARNING] Undefined variable $comisiones en C:\tools\nginx\html\sistema_biometrico\controllers\EmpleadoController.php línea 601
URI: /sistema_biometrico/empleados/datos-completos/4
--------------------------------------------------------------------------------
[2026-03-04 11:39:13] [DEPRECATED] session_set_save_handler(): Providing individual callbacks instead of an object implementing SessionHandlerInterface is deprecated en C:\tools\nginx\html\sistema_biometrico\index.php línea 50
URI: /sistema_biometrico/api/log-error
--------------------------------------------------------------------------------
[2026-03-04 11:39:13] [EXCEPTION] Error
Mensaje: Cannot use object of type Closure as array
URI: /sistema_biometrico/api/log-error
#0 {main}
[2026-03-04 11:39:13] [DEPRECATED] session_set_save_handler(): Providing individual callbacks instead of an object implementing SessionHandlerInterface is deprecated en C:\tools\nginx\html\sistema_biometrico\index.php línea 50
URI: /sistema_biometrico/api/log-error
--------------------------------------------------------------------------------
[2026-03-04 11:39:13] [EXCEPTION] Error
Mensaje: Cannot use object of type Closure as array
URI: /sistema_biometrico/api/log-error
#0 {main}
[2026-03-04 11:39:21] [DEPRECATED] session_set_save_handler(): Providing individual callbacks instead of an object implementing SessionHandlerInterface is deprecated en C:\tools\nginx\html\sistema_biometrico\index.php línea 50
URI: /.well-known/appspecific/com.chrome.devtools.json
--------------------------------------------------------------------------------
[2026-03-04 11:39:51] [DEPRECATED] session_set_save_handler(): Providing individual callbacks instead of an object implementing SessionHandlerInterface is deprecated en C:\tools\nginx\html\sistema_biometrico\index.php línea 50
URI: /empleados
--------------------------------------------------------------------------------
[2026-03-04 11:39:51] [DEPRECATED] session_set_save_handler(): Providing individual callbacks instead of an object implementing SessionHandlerInterface is deprecated en C:\tools\nginx\html\sistema_biometrico\index.php línea 50
URI: /.well-known/appspecific/com.chrome.devtools.json
--------------------------------------------------------------------------------
[2026-03-04 11:39:56] [DEPRECATED] session_set_save_handler(): Providing individual callbacks instead of an object implementing SessionHandlerInterface is deprecated en C:\tools\nginx\html\sistema_biometrico\index.php línea 50
URI: /sistema_biometrico/notas-malas
--------------------------------------------------------------------------------
[2026-03-04 11:39:56] [DEPRECATED] session_set_save_handler(): Providing individual callbacks instead of an object implementing SessionHandlerInterface is deprecated en C:\tools\nginx\html\sistema_biometrico\index.php línea 50
URI: /.well-known/appspecific/com.chrome.devtools.json
--------------------------------------------------------------------------------
[2026-03-04 11:40:20] [DEPRECATED] session_set_save_handler(): Providing individual callbacks instead of an object implementing SessionHandlerInterface is deprecated en C:\tools\nginx\html\sistema_biometrico\index.php línea 50
URI: /sistema_biometrico/reportes
--------------------------------------------------------------------------------
[2026-03-04 11:40:20] [DEPRECATED] session_set_save_handler(): Providing individual callbacks instead of an object implementing SessionHandlerInterface is deprecated en C:\tools\nginx\html\sistema_biometrico\index.php línea 50
URI: /.well-known/appspecific/com.chrome.devtools.json
--------------------------------------------------------------------------------
[2026-03-04 11:40:22] [DEPRECATED] session_set_save_handler(): Providing individual callbacks instead of an object implementing SessionHandlerInterface is deprecated en C:\tools\nginx\html\sistema_biometrico\index.php línea 50
URI: /sistema_biometrico/validaciones
--------------------------------------------------------------------------------
[2026-03-04 11:40:22] [DEPRECATED] session_set_save_handler(): Providing individual callbacks instead of an object implementing SessionHandlerInterface is deprecated en C:\tools\nginx\html\sistema_biometrico\index.php línea 50
URI: /.well-known/appspecific/com.chrome.devtools.json
--------------------------------------------------------------------------------
[2026-03-04 11:40:22] [DEPRECATED] session_set_save_handler(): Providing individual callbacks instead of an object implementing SessionHandlerInterface is deprecated en C:\tools\nginx\html\sistema_biometrico\index.php línea 50
URI: /sistema_biometrico/validaciones/buscar-empleados
--------------------------------------------------------------------------------
[2026-03-04 11:40:22] [DEPRECATED] session_set_save_handler(): Providing individual callbacks instead of an object implementing SessionHandlerInterface is deprecated en C:\tools\nginx\html\sistema_biometrico\index.php línea 50
URI: /sistema_biometrico/api/log-error
--------------------------------------------------------------------------------
[2026-03-04 11:40:22] [EXCEPTION] Error
Mensaje: Cannot use object of type Closure as array
URI: /sistema_biometrico/api/log-error
#0 {main}
[2026-03-04 11:40:22] [DEPRECATED] session_set_save_handler(): Providing individual callbacks instead of an object implementing SessionHandlerInterface is deprecated en C:\tools\nginx\html\sistema_biometrico\index.php línea 50
URI: /sistema_biometrico/api/log-error
--------------------------------------------------------------------------------
[2026-03-04 11:40:22] [EXCEPTION] Error
Mensaje: Cannot use object of type Closure as array
URI: /sistema_biometrico/api/log-error
#0 {main}
[2026-03-04 11:40:22] [DEPRECATED] session_set_save_handler(): Providing individual callbacks instead of an object implementing SessionHandlerInterface is deprecated en C:\tools\nginx\html\sistema_biometrico\index.php línea 50
URI: /sistema_biometrico/api/log-error
--------------------------------------------------------------------------------
[2026-03-04 11:40:22] [EXCEPTION] Error
Mensaje: Cannot use object of type Closure as array
URI: /sistema_biometrico/api/log-error
#0 {main}
[2026-03-04 11:40:22] [DEPRECATED] session_set_save_handler(): Providing individual callbacks instead of an object implementing SessionHandlerInterface is deprecated en C:\tools\nginx\html\sistema_biometrico\index.php línea 50
URI: /sistema_biometrico/api/log-error
--------------------------------------------------------------------------------
[2026-03-04 11:40:22] [EXCEPTION] Error
Mensaje: Cannot use object of type Closure as array
URI: /sistema_biometrico/api/log-error
#0 {main}
[2026-03-04 11:40:22] [DEPRECATED] session_set_save_handler(): Providing individual callbacks instead of an object implementing SessionHandlerInterface is deprecated en C:\tools\nginx\html\sistema_biometrico\index.php línea 50
URI: /sistema_biometrico/api/log-error
--------------------------------------------------------------------------------
[2026-03-04 11:40:22] [EXCEPTION] Error
Mensaje: Cannot use object of type Closure as array
URI: /sistema_biometrico/api/log-error
#0 {main}
[2026-03-04 11:40:22] [DEPRECATED] session_set_save_handler(): Providing individual callbacks instead of an object implementing SessionHandlerInterface is deprecated en C:\tools\nginx\html\sistema_biometrico\index.php línea 50
URI: /sistema_biometrico/validaciones/obtener-areas
--------------------------------------------------------------------------------
[2026-03-04 11:40:22] [DEPRECATED] session_set_save_handler(): Providing individual callbacks instead of an object implementing SessionHandlerInterface is deprecated en C:\tools\nginx\html\sistema_biometrico\index.php línea 50
URI: /sistema_biometrico/validaciones/estadisticas
--------------------------------------------------------------------------------
[2026-03-04 11:40:45] [DEPRECATED] session_set_save_handler(): Providing individual callbacks instead of an object implementing SessionHandlerInterface is deprecated en C:\tools\nginx\html\sistema_biometrico\index.php línea 50
URI: /sistema_biometrico/logout
--------------------------------------------------------------------------------
[2026-03-04 11:40:45] [DEPRECATED] session_set_save_handler(): Providing individual callbacks instead of an object implementing SessionHandlerInterface is deprecated en C:\tools\nginx\html\sistema_biometrico\index.php línea 50
URI: /sistema_biometrico/login
--------------------------------------------------------------------------------
[2026-03-04 11:40:45] [DEPRECATED] session_set_save_handler(): Providing individual callbacks instead of an object implementing SessionHandlerInterface is deprecated en C:\tools\nginx\html\sistema_biometrico\index.php línea 50
URI: /.well-known/appspecific/com.chrome.devtools.json
--------------------------------------------------------------------------------
[2026-03-04 11:40:45] [DEPRECATED] session_set_save_handler(): Providing individual callbacks instead of an object implementing SessionHandlerInterface is deprecated en C:\tools\nginx\html\sistema_biometrico\index.php línea 50
URI: /sistema_biometrico/login
--------------------------------------------------------------------------------
[2026-03-04 11:43:18] [DEPRECATED] session_set_save_handler(): Providing individual callbacks instead of an object implementing SessionHandlerInterface is deprecated en C:\tools\nginx\html\sistema_biometrico\index.php línea 50
URI: /sistema_biometrico
--------------------------------------------------------------------------------
[2026-03-04 11:43:19] [DEPRECATED] session_set_save_handler(): Providing individual callbacks instead of an object implementing SessionHandlerInterface is deprecated en C:\tools\nginx\html\sistema_biometrico\index.php línea 50
URI: /sistema_biometrico/login
--------------------------------------------------------------------------------
[2026-03-04 11:43:34] [DEPRECATED] session_set_save_handler(): Providing individual callbacks instead of an object implementing SessionHandlerInterface is deprecated en C:\tools\nginx\html\sistema_biometrico\index.php línea 50
URI: /sistema_biometrico/login
--------------------------------------------------------------------------------
[2026-03-04 11:43:34] [DEPRECATED] session_set_save_handler(): Providing individual callbacks instead of an object implementing SessionHandlerInterface is deprecated en C:\tools\nginx\html\sistema_biometrico\index.php línea 50
URI: /sistema_biometrico/dashboard
--------------------------------------------------------------------------------
[2026-03-04 11:43:37] [EXCEPTION] PDOException
Contexto: {"action":"index","section":"comisiones"}
Mensaje: SQLSTATE[42S22]: Column not found: 1054 Unknown column 'monto' in 'SELECT'
URI: /sistema_biometrico/dashboard
Archivo: C:\tools\nginx\html\sistema_biometrico\models\Comision.php Línea: 116
#0 C:\tools\nginx\html\sistema_biometrico\models\Comision.php(116): PDO->prepare('SELECT SUM(mont...')
#1 C:\tools\nginx\html\sistema_biometrico\controllers\DashboardController.php(81): Comision->getTotalComisiones(NULL, '03', '2026')
#2 C:\tools\nginx\html\sistema_biometrico\index.php(167): DashboardController->index()
#3 {main}
--------------------------------------------------------------------------------
[2026-03-04 11:43:42] [DEPRECATED] session_set_save_handler(): Providing individual callbacks instead of an object implementing SessionHandlerInterface is deprecated en C:\tools\nginx\html\sistema_biometrico\index.php línea 50
URI: /empleados
--------------------------------------------------------------------------------
[2026-03-04 11:43:44] [DEPRECATED] session_set_save_handler(): Providing individual callbacks instead of an object implementing SessionHandlerInterface is deprecated en C:\tools\nginx\html\sistema_biometrico\index.php línea 50
URI: /sistema_biometrico/empleados/datos-completos/4
--------------------------------------------------------------------------------
[2026-03-04 11:43:44] [WARNING] Undefined variable $comisiones en C:\tools\nginx\html\sistema_biometrico\controllers\EmpleadoController.php línea 601
URI: /sistema_biometrico/empleados/datos-completos/4
--------------------------------------------------------------------------------
[2026-03-04 11:43:44] [DEPRECATED] session_set_save_handler(): Providing individual callbacks instead of an object implementing SessionHandlerInterface is deprecated en C:\tools\nginx\html\sistema_biometrico\index.php línea 50
URI: /sistema_biometrico/api/log-error
--------------------------------------------------------------------------------
[2026-03-04 11:43:44] [EXCEPTION] Error
Mensaje: Cannot use object of type Closure as array
URI: /sistema_biometrico/api/log-error
#0 {main}
[2026-03-04 11:43:44] [DEPRECATED] session_set_save_handler(): Providing individual callbacks instead of an object implementing SessionHandlerInterface is deprecated en C:\tools\nginx\html\sistema_biometrico\index.php línea 50
URI: /sistema_biometrico/api/log-error
--------------------------------------------------------------------------------
[2026-03-04 11:43:44] [EXCEPTION] Error
Mensaje: Cannot use object of type Closure as array
URI: /sistema_biometrico/api/log-error
#0 {main}
[2026-03-04 11:44:01] [DEPRECATED] session_set_save_handler(): Providing individual callbacks instead of an object implementing SessionHandlerInterface is deprecated en C:\tools\nginx\html\sistema_biometrico\index.php línea 50
URI: /empleados
--------------------------------------------------------------------------------
[2026-03-04 11:44:06] [DEPRECATED] session_set_save_handler(): Providing individual callbacks instead of an object implementing SessionHandlerInterface is deprecated en C:\tools\nginx\html\sistema_biometrico\index.php línea 50
URI: /sistema_biometrico/empleados/datos-completos/4
--------------------------------------------------------------------------------
[2026-03-04 11:44:06] [WARNING] Undefined variable $comisiones en C:\tools\nginx\html\sistema_biometrico\controllers\EmpleadoController.php línea 601
URI: /sistema_biometrico/empleados/datos-completos/4
--------------------------------------------------------------------------------
[2026-03-04 11:44:06] [DEPRECATED] session_set_save_handler(): Providing individual callbacks instead of an object implementing SessionHandlerInterface is deprecated en C:\tools\nginx\html\sistema_biometrico\index.php línea 50
URI: /sistema_biometrico/api/log-error
--------------------------------------------------------------------------------
[2026-03-04 11:44:06] [EXCEPTION] Error
Mensaje: Cannot use object of type Closure as array
URI: /sistema_biometrico/api/log-error
#0 {main}
[2026-03-04 11:44:06] [DEPRECATED] session_set_save_handler(): Providing individual callbacks instead of an object implementing SessionHandlerInterface is deprecated en C:\tools\nginx\html\sistema_biometrico\index.php línea 50
URI: /sistema_biometrico/api/log-error
--------------------------------------------------------------------------------
[2026-03-04 11:44:06] [EXCEPTION] Error
Mensaje: Cannot use object of type Closure as array
URI: /sistema_biometrico/api/log-error
#0 {main}
[2026-03-04 11:47:03] [DEPRECATED] session_set_save_handler(): Providing individual callbacks instead of an object implementing SessionHandlerInterface is deprecated en C:\tools\nginx\html\sistema_biometrico\index.php línea 50
URI: /sistema_biometrico
--------------------------------------------------------------------------------
[2026-03-04 11:47:07] [EXCEPTION] PDOException
Contexto: {"action":"index","section":"comisiones"}
Mensaje: SQLSTATE[42S22]: Column not found: 1054 Unknown column 'monto' in 'SELECT'
URI: /sistema_biometrico
Archivo: C:\tools\nginx\html\sistema_biometrico\models\Comision.php Línea: 116
#0 C:\tools\nginx\html\sistema_biometrico\models\Comision.php(116): PDO->prepare('SELECT SUM(mont...')
#1 C:\tools\nginx\html\sistema_biometrico\controllers\DashboardController.php(81): Comision->getTotalComisiones(NULL, '03', '2026')
#2 C:\tools\nginx\html\sistema_biometrico\index.php(167): DashboardController->index()
#3 {main}
--------------------------------------------------------------------------------
[2026-03-04 11:48:00] [DEPRECATED] session_set_save_handler(): Providing individual callbacks instead of an object implementing SessionHandlerInterface is deprecated en C:\tools\nginx\html\sistema_biometrico\index.php línea 50
URI: /empleados
--------------------------------------------------------------------------------
[2026-03-04 11:48:02] [DEPRECATED] session_set_save_handler(): Providing individual callbacks instead of an object implementing SessionHandlerInterface is deprecated en C:\tools\nginx\html\sistema_biometrico\index.php línea 50
URI: /sistema_biometrico/empleados/datos-completos/1
--------------------------------------------------------------------------------
[2026-03-04 11:48:02] [WARNING] Undefined variable $comisiones en C:\tools\nginx\html\sistema_biometrico\controllers\EmpleadoController.php línea 601
URI: /sistema_biometrico/empleados/datos-completos/1
--------------------------------------------------------------------------------
[2026-03-04 11:48:02] [DEPRECATED] session_set_save_handler(): Providing individual callbacks instead of an object implementing SessionHandlerInterface is deprecated en C:\tools\nginx\html\sistema_biometrico\index.php línea 50
URI: /sistema_biometrico/api/log-error
--------------------------------------------------------------------------------
[2026-03-04 11:48:02] [EXCEPTION] Error
Mensaje: Cannot use object of type Closure as array
URI: /sistema_biometrico/api/log-error
#0 {main}
[2026-03-04 11:48:02] [DEPRECATED] session_set_save_handler(): Providing individual callbacks instead of an object implementing SessionHandlerInterface is deprecated en C:\tools\nginx\html\sistema_biometrico\index.php línea 50
URI: /sistema_biometrico/api/log-error
--------------------------------------------------------------------------------
[2026-03-04 11:48:02] [EXCEPTION] Error
Mensaje: Cannot use object of type Closure as array
URI: /sistema_biometrico/api/log-error
#0 {main}
[2026-03-04 11:48:54] [DEPRECATED] session_set_save_handler(): Providing individual callbacks instead of an object implementing SessionHandlerInterface is deprecated en C:\tools\nginx\html\sistema_biometrico\index.php línea 50
URI: /sistema_biometrico/
--------------------------------------------------------------------------------
[2026-03-04 11:48:54] [DEPRECATED] session_set_save_handler(): Providing individual callbacks instead of an object implementing SessionHandlerInterface is deprecated en C:\tools\nginx\html\sistema_biometrico\index.php línea 50
URI: /sistema_biometrico/login
--------------------------------------------------------------------------------
[2026-03-04 11:48:54] [DEPRECATED] session_set_save_handler(): Providing individual callbacks instead of an object implementing SessionHandlerInterface is deprecated en C:\tools\nginx\html\sistema_biometrico\index.php línea 50
URI: /sistema_biometrico/api/log-error
--------------------------------------------------------------------------------
[2026-03-04 11:48:54] [DEPRECATED] session_set_save_handler(): Providing individual callbacks instead of an object implementing SessionHandlerInterface is deprecated en C:\tools\nginx\html\sistema_biometrico\index.php línea 50
URI: /sistema_biometrico/login
--------------------------------------------------------------------------------
[2026-03-04 11:48:56] [DEPRECATED] session_set_save_handler(): Providing individual callbacks instead of an object implementing SessionHandlerInterface is deprecated en C:\tools\nginx\html\sistema_biometrico\index.php línea 50
URI: /sistema_biometrico/login
--------------------------------------------------------------------------------
[2026-03-04 11:49:02] [DEPRECATED] session_set_save_handler(): Providing individual callbacks instead of an object implementing SessionHandlerInterface is deprecated en C:\tools\nginx\html\sistema_biometrico\index.php línea 50
URI: /.well-known/appspecific/com.chrome.devtools.json
--------------------------------------------------------------------------------
[2026-03-04 11:49:02] [DEPRECATED] session_set_save_handler(): Providing individual callbacks instead of an object implementing SessionHandlerInterface is deprecated en C:\tools\nginx\html\sistema_biometrico\index.php línea 50
URI: /sistema_biometrico/login
--------------------------------------------------------------------------------
[2026-03-04 11:49:10] [DEPRECATED] session_set_save_handler(): Providing individual callbacks instead of an object implementing SessionHandlerInterface is deprecated en C:\tools\nginx\html\sistema_biometrico\index.php línea 50
URI: /sistema_biometrico/login
--------------------------------------------------------------------------------
[2026-03-04 11:49:11] [DEPRECATED] session_set_save_handler(): Providing individual callbacks instead of an object implementing SessionHandlerInterface is deprecated en C:\tools\nginx\html\sistema_biometrico\index.php línea 50
URI: /sistema_biometrico/dashboard
--------------------------------------------------------------------------------
[2026-03-04 11:49:14] [EXCEPTION] PDOException
Contexto: {"action":"index","section":"comisiones"}
Mensaje: SQLSTATE[42S22]: Column not found: 1054 Unknown column 'monto' in 'SELECT'
URI: /sistema_biometrico/dashboard
Archivo: C:\tools\nginx\html\sistema_biometrico\models\Comision.php Línea: 116
#0 C:\tools\nginx\html\sistema_biometrico\models\Comision.php(116): PDO->prepare('SELECT SUM(mont...')
#1 C:\tools\nginx\html\sistema_biometrico\controllers\DashboardController.php(81): Comision->getTotalComisiones(NULL, '03', '2026')
#2 C:\tools\nginx\html\sistema_biometrico\index.php(167): DashboardController->index()
#3 {main}
--------------------------------------------------------------------------------
[2026-03-04 11:49:14] [DEPRECATED] session_set_save_handler(): Providing individual callbacks instead of an object implementing SessionHandlerInterface is deprecated en C:\tools\nginx\html\sistema_biometrico\index.php línea 50
URI: /.well-known/appspecific/com.chrome.devtools.json
--------------------------------------------------------------------------------
[2026-03-04 11:51:55] [DEPRECATED] session_set_save_handler(): Providing individual callbacks instead of an object implementing SessionHandlerInterface is deprecated en C:\tools\nginx\html\sistema_biometrico\index.php línea 50
URI: /sistema_biometrico/dashboard
--------------------------------------------------------------------------------
[2026-03-04 11:51:58] [EXCEPTION] PDOException
Contexto: {"action":"index","section":"comisiones"}
Mensaje: SQLSTATE[42S22]: Column not found: 1054 Unknown column 'monto' in 'SELECT'
URI: /sistema_biometrico/dashboard
Archivo: C:\tools\nginx\html\sistema_biometrico\models\Comision.php Línea: 116
#0 C:\tools\nginx\html\sistema_biometrico\models\Comision.php(116): PDO->prepare('SELECT SUM(mont...')
#1 C:\tools\nginx\html\sistema_biometrico\controllers\DashboardController.php(81): Comision->getTotalComisiones(NULL, '03', '2026')
#2 C:\tools\nginx\html\sistema_biometrico\index.php(167): DashboardController->index()
#3 {main}
--------------------------------------------------------------------------------
[2026-03-04 11:51:58] [DEPRECATED] session_set_save_handler(): Providing individual callbacks instead of an object implementing SessionHandlerInterface is deprecated en C:\tools\nginx\html\sistema_biometrico\index.php línea 50
URI: /.well-known/appspecific/com.chrome.devtools.json
--------------------------------------------------------------------------------
[2026-03-04 11:52:01] [DEPRECATED] session_set_save_handler(): Providing individual callbacks instead of an object implementing SessionHandlerInterface is deprecated en C:\tools\nginx\html\sistema_biometrico\index.php línea 50
URI: /empleados
--------------------------------------------------------------------------------
[2026-03-04 11:52:01] [DEPRECATED] session_set_save_handler(): Providing individual callbacks instead of an object implementing SessionHandlerInterface is deprecated en C:\tools\nginx\html\sistema_biometrico\index.php línea 50
URI: /.well-known/appspecific/com.chrome.devtools.json
--------------------------------------------------------------------------------
[2026-03-04 11:52:04] [DEPRECATED] session_set_save_handler(): Providing individual callbacks instead of an object implementing SessionHandlerInterface is deprecated en C:\tools\nginx\html\sistema_biometrico\index.php línea 50
URI: /sistema_biometrico/empleados/datos-completos/1
--------------------------------------------------------------------------------
[2026-03-04 11:52:04] [WARNING] Undefined variable $comisiones en C:\tools\nginx\html\sistema_biometrico\controllers\EmpleadoController.php línea 601
URI: /sistema_biometrico/empleados/datos-completos/1
--------------------------------------------------------------------------------
[2026-03-04 11:52:04] [DEPRECATED] session_set_save_handler(): Providing individual callbacks instead of an object implementing SessionHandlerInterface is deprecated en C:\tools\nginx\html\sistema_biometrico\index.php línea 50
URI: /sistema_biometrico/api/log-error
--------------------------------------------------------------------------------
[2026-03-04 11:52:04] [EXCEPTION] Error
Mensaje: Cannot use object of type Closure as array
URI: /sistema_biometrico/api/log-error
#0 {main}
[2026-03-04 11:52:04] [DEPRECATED] session_set_save_handler(): Providing individual callbacks instead of an object implementing SessionHandlerInterface is deprecated en C:\tools\nginx\html\sistema_biometrico\index.php línea 50
URI: /sistema_biometrico/api/log-error
--------------------------------------------------------------------------------
[2026-03-04 11:52:04] [EXCEPTION] Error
Mensaje: Cannot use object of type Closure as array
URI: /sistema_biometrico/api/log-error
#0 {main}
[2026-03-04 11:53:40] [DEPRECATED] session_set_save_handler(): Providing individual callbacks instead of an object implementing SessionHandlerInterface is deprecated en C:\tools\nginx\html\sistema_biometrico\index.php línea 50
URI: /empleados
--------------------------------------------------------------------------------
[2026-03-04 11:53:41] [DEPRECATED] session_set_save_handler(): Providing individual callbacks instead of an object implementing SessionHandlerInterface is deprecated en C:\tools\nginx\html\sistema_biometrico\index.php línea 50
URI: /.well-known/appspecific/com.chrome.devtools.json
--------------------------------------------------------------------------------
[2026-03-04 11:53:42] [DEPRECATED] session_set_save_handler(): Providing individual callbacks instead of an object implementing SessionHandlerInterface is deprecated en C:\tools\nginx\html\sistema_biometrico\index.php línea 50
URI: /sistema_biometrico/empleados/datos-completos/1
--------------------------------------------------------------------------------
[2026-03-04 11:53:42] [WARNING] Undefined variable $comisiones en C:\tools\nginx\html\sistema_biometrico\controllers\EmpleadoController.php línea 601
URI: /sistema_biometrico/empleados/datos-completos/1
--------------------------------------------------------------------------------
[2026-03-04 11:53:43] [DEPRECATED] session_set_save_handler(): Providing individual callbacks instead of an object implementing SessionHandlerInterface is deprecated en C:\tools\nginx\html\sistema_biometrico\index.php línea 50
URI: /sistema_biometrico/api/log-error
--------------------------------------------------------------------------------
[2026-03-04 11:53:43] [EXCEPTION] Error
Mensaje: Cannot use object of type Closure as array
URI: /sistema_biometrico/api/log-error
#0 {main}
[2026-03-04 11:53:43] [DEPRECATED] session_set_save_handler(): Providing individual callbacks instead of an object implementing SessionHandlerInterface is deprecated en C:\tools\nginx\html\sistema_biometrico\index.php línea 50
URI: /sistema_biometrico/api/log-error
--------------------------------------------------------------------------------
[2026-03-04 11:53:43] [EXCEPTION] Error
Mensaje: Cannot use object of type Closure as array
URI: /sistema_biometrico/api/log-error
#0 {main}
[2026-03-04 11:55:13] [DEPRECATED] session_set_save_handler(): Providing individual callbacks instead of an object implementing SessionHandlerInterface is deprecated en C:\tools\nginx\html\sistema_biometrico\index.php línea 50
URI: /empleados
--------------------------------------------------------------------------------
[2026-03-04 11:55:13] [DEPRECATED] session_set_save_handler(): Providing individual callbacks instead of an object implementing SessionHandlerInterface is deprecated en C:\tools\nginx\html\sistema_biometrico\index.php línea 50
URI: /.well-known/appspecific/com.chrome.devtools.json
--------------------------------------------------------------------------------
[2026-03-04 11:55:17] [DEPRECATED] session_set_save_handler(): Providing individual callbacks instead of an object implementing SessionHandlerInterface is deprecated en C:\tools\nginx\html\sistema_biometrico\index.php línea 50
URI: /empleados
--------------------------------------------------------------------------------
[2026-03-04 11:55:17] [DEPRECATED] session_set_save_handler(): Providing individual callbacks instead of an object implementing SessionHandlerInterface is deprecated en C:\tools\nginx\html\sistema_biometrico\index.php línea 50
URI: /.well-known/appspecific/com.chrome.devtools.json
--------------------------------------------------------------------------------
[2026-03-04 11:55:19] [DEPRECATED] session_set_save_handler(): Providing individual callbacks instead of an object implementing SessionHandlerInterface is deprecated en C:\tools\nginx\html\sistema_biometrico\index.php línea 50
URI: /sistema_biometrico/empleados/datos-completos/4
--------------------------------------------------------------------------------
[2026-03-04 11:55:20] [WARNING] Undefined variable $comisiones en C:\tools\nginx\html\sistema_biometrico\controllers\EmpleadoController.php línea 601
URI: /sistema_biometrico/empleados/datos-completos/4
--------------------------------------------------------------------------------
[2026-03-04 11:55:20] [DEPRECATED] session_set_save_handler(): Providing individual callbacks instead of an object implementing SessionHandlerInterface is deprecated en C:\tools\nginx\html\sistema_biometrico\index.php línea 50
URI: /sistema_biometrico/api/log-error
--------------------------------------------------------------------------------
[2026-03-04 11:55:20] [EXCEPTION] Error
Mensaje: Cannot use object of type Closure as array
URI: /sistema_biometrico/api/log-error
#0 {main}
[2026-03-04 11:55:20] [DEPRECATED] session_set_save_handler(): Providing individual callbacks instead of an object implementing SessionHandlerInterface is deprecated en C:\tools\nginx\html\sistema_biometrico\index.php línea 50
URI: /sistema_biometrico/api/log-error
--------------------------------------------------------------------------------
[2026-03-04 11:55:20] [EXCEPTION] Error
Mensaje: Cannot use object of type Closure as array
URI: /sistema_biometrico/api/log-error
#0 {main}
[2026-03-04 11:55:59] [DEPRECATED] session_set_save_handler(): Providing individual callbacks instead of an object implementing SessionHandlerInterface is deprecated en C:\tools\nginx\html\sistema_biometrico\index.php línea 50
URI: /empleados
--------------------------------------------------------------------------------
[2026-03-04 11:55:59] [DEPRECATED] session_set_save_handler(): Providing individual callbacks instead of an object implementing SessionHandlerInterface is deprecated en C:\tools\nginx\html\sistema_biometrico\index.php línea 50
URI: /.well-known/appspecific/com.chrome.devtools.json
--------------------------------------------------------------------------------
[2026-03-04 11:56:00] [DEPRECATED] session_set_save_handler(): Providing individual callbacks instead of an object implementing SessionHandlerInterface is deprecated en C:\tools\nginx\html\sistema_biometrico\index.php línea 50
URI: /empleados
--------------------------------------------------------------------------------
[2026-03-04 11:56:00] [DEPRECATED] session_set_save_handler(): Providing individual callbacks instead of an object implementing SessionHandlerInterface is deprecated en C:\tools\nginx\html\sistema_biometrico\index.php línea 50
URI: /.well-known/appspecific/com.chrome.devtools.json
--------------------------------------------------------------------------------
[2026-03-04 11:56:01] [DEPRECATED] session_set_save_handler(): Providing individual callbacks instead of an object implementing SessionHandlerInterface is deprecated en C:\tools\nginx\html\sistema_biometrico\index.php línea 50
URI: /empleados
--------------------------------------------------------------------------------
[2026-03-04 11:56:01] [DEPRECATED] session_set_save_handler(): Providing individual callbacks instead of an object implementing SessionHandlerInterface is deprecated en C:\tools\nginx\html\sistema_biometrico\index.php línea 50
URI: /.well-known/appspecific/com.chrome.devtools.json
--------------------------------------------------------------------------------
[2026-03-04 11:56:01] [DEPRECATED] session_set_save_handler(): Providing individual callbacks instead of an object implementing SessionHandlerInterface is deprecated en C:\tools\nginx\html\sistema_biometrico\index.php línea 50
URI: /empleados
--------------------------------------------------------------------------------
[2026-03-04 11:56:01] [DEPRECATED] session_set_save_handler(): Providing individual callbacks instead of an object implementing SessionHandlerInterface is deprecated en C:\tools\nginx\html\sistema_biometrico\index.php línea 50
URI: /.well-known/appspecific/com.chrome.devtools.json
--------------------------------------------------------------------------------
[2026-03-04 11:56:02] [DEPRECATED] session_set_save_handler(): Providing individual callbacks instead of an object implementing SessionHandlerInterface is deprecated en C:\tools\nginx\html\sistema_biometrico\index.php línea 50
URI: /sistema_biometrico/empleados/datos-completos/1
--------------------------------------------------------------------------------
[2026-03-04 11:56:02] [WARNING] Undefined variable $comisiones en C:\tools\nginx\html\sistema_biometrico\controllers\EmpleadoController.php línea 601
URI: /sistema_biometrico/empleados/datos-completos/1
--------------------------------------------------------------------------------
[2026-03-04 11:56:02] [DEPRECATED] session_set_save_handler(): Providing individual callbacks instead of an object implementing SessionHandlerInterface is deprecated en C:\tools\nginx\html\sistema_biometrico\index.php línea 50
URI: /sistema_biometrico/api/log-error
--------------------------------------------------------------------------------
[2026-03-04 11:56:02] [EXCEPTION] Error
Mensaje: Cannot use object of type Closure as array
URI: /sistema_biometrico/api/log-error
#0 {main}
[2026-03-04 11:56:02] [DEPRECATED] session_set_save_handler(): Providing individual callbacks instead of an object implementing SessionHandlerInterface is deprecated en C:\tools\nginx\html\sistema_biometrico\index.php línea 50
URI: /sistema_biometrico/api/log-error
--------------------------------------------------------------------------------
[2026-03-04 11:56:02] [EXCEPTION] Error
Mensaje: Cannot use object of type Closure as array
URI: /sistema_biometrico/api/log-error
#0 {main}
[2026-03-04 11:56:04] [DEPRECATED] session_set_save_handler(): Providing individual callbacks instead of an object implementing SessionHandlerInterface is deprecated en C:\tools\nginx\html\sistema_biometrico\index.php línea 50
URI: /empleados
--------------------------------------------------------------------------------
[2026-03-04 11:56:04] [DEPRECATED] session_set_save_handler(): Providing individual callbacks instead of an object implementing SessionHandlerInterface is deprecated en C:\tools\nginx\html\sistema_biometrico\index.php línea 50
URI: /.well-known/appspecific/com.chrome.devtools.json
--------------------------------------------------------------------------------
[2026-03-04 11:56:06] [DEPRECATED] session_set_save_handler(): Providing individual callbacks instead of an object implementing SessionHandlerInterface is deprecated en C:\tools\nginx\html\sistema_biometrico\index.php línea 50
URI: /sistema_biometrico/logout
--------------------------------------------------------------------------------
[2026-03-04 11:56:06] [DEPRECATED] session_set_save_handler(): Providing individual callbacks instead of an object implementing SessionHandlerInterface is deprecated en C:\tools\nginx\html\sistema_biometrico\index.php línea 50
URI: /sistema_biometrico/login
--------------------------------------------------------------------------------
[2026-03-04 11:56:06] [DEPRECATED] session_set_save_handler(): Providing individual callbacks instead of an object implementing SessionHandlerInterface is deprecated en C:\tools\nginx\html\sistema_biometrico\index.php línea 50
URI: /.well-known/appspecific/com.chrome.devtools.json
--------------------------------------------------------------------------------
[2026-03-04 11:56:06] [DEPRECATED] session_set_save_handler(): Providing individual callbacks instead of an object implementing SessionHandlerInterface is deprecated en C:\tools\nginx\html\sistema_biometrico\index.php línea 50
URI: /sistema_biometrico/login
--------------------------------------------------------------------------------
[2026-03-04 11:56:13] [DEPRECATED] session_set_save_handler(): Providing individual callbacks instead of an object implementing SessionHandlerInterface is deprecated en C:\tools\nginx\html\sistema_biometrico\index.php línea 50
URI: /sistema_biometrico/login
--------------------------------------------------------------------------------
[2026-03-04 11:56:14] [DEPRECATED] session_set_save_handler(): Providing individual callbacks instead of an object implementing SessionHandlerInterface is deprecated en C:\tools\nginx\html\sistema_biometrico\index.php línea 50
URI: /sistema_biometrico/dashboard
--------------------------------------------------------------------------------
[2026-03-04 11:56:16] [EXCEPTION] PDOException
Contexto: {"action":"index","section":"comisiones"}
Mensaje: SQLSTATE[42S22]: Column not found: 1054 Unknown column 'monto' in 'SELECT'
URI: /sistema_biometrico/dashboard
Archivo: C:\tools\nginx\html\sistema_biometrico\models\Comision.php Línea: 116
#0 C:\tools\nginx\html\sistema_biometrico\models\Comision.php(116): PDO->prepare('SELECT SUM(mont...')
#1 C:\tools\nginx\html\sistema_biometrico\controllers\DashboardController.php(81): Comision->getTotalComisiones(NULL, '03', '2026')
#2 C:\tools\nginx\html\sistema_biometrico\index.php(167): DashboardController->index()
#3 {main}
--------------------------------------------------------------------------------
[2026-03-04 11:56:17] [DEPRECATED] session_set_save_handler(): Providing individual callbacks instead of an object implementing SessionHandlerInterface is deprecated en C:\tools\nginx\html\sistema_biometrico\index.php línea 50
URI: /.well-known/appspecific/com.chrome.devtools.json
--------------------------------------------------------------------------------
[2026-03-04 11:56:19] [DEPRECATED] session_set_save_handler(): Providing individual callbacks instead of an object implementing SessionHandlerInterface is deprecated en C:\tools\nginx\html\sistema_biometrico\index.php línea 50
URI: /empleados
--------------------------------------------------------------------------------
[2026-03-04 11:56:19] [DEPRECATED] session_set_save_handler(): Providing individual callbacks instead of an object implementing SessionHandlerInterface is deprecated en C:\tools\nginx\html\sistema_biometrico\index.php línea 50
URI: /.well-known/appspecific/com.chrome.devtools.json
--------------------------------------------------------------------------------
[2026-03-04 11:56:20] [DEPRECATED] session_set_save_handler(): Providing individual callbacks instead of an object implementing SessionHandlerInterface is deprecated en C:\tools\nginx\html\sistema_biometrico\index.php línea 50
URI: /sistema_biometrico/empleados/datos-completos/1
--------------------------------------------------------------------------------
[2026-03-04 11:56:20] [WARNING] Undefined variable $comisiones en C:\tools\nginx\html\sistema_biometrico\controllers\EmpleadoController.php línea 601
URI: /sistema_biometrico/empleados/datos-completos/1
--------------------------------------------------------------------------------
[2026-03-04 11:56:21] [DEPRECATED] session_set_save_handler(): Providing individual callbacks instead of an object implementing SessionHandlerInterface is deprecated en C:\tools\nginx\html\sistema_biometrico\index.php línea 50
URI: /sistema_biometrico/api/log-error
--------------------------------------------------------------------------------
[2026-03-04 11:56:21] [EXCEPTION] Error
Mensaje: Cannot use object of type Closure as array
URI: /sistema_biometrico/api/log-error
#0 {main}
[2026-03-04 11:56:21] [DEPRECATED] session_set_save_handler(): Providing individual callbacks instead of an object implementing SessionHandlerInterface is deprecated en C:\tools\nginx\html\sistema_biometrico\index.php línea 50
URI: /sistema_biometrico/api/log-error
--------------------------------------------------------------------------------
[2026-03-04 11:56:21] [EXCEPTION] Error
Mensaje: Cannot use object of type Closure as array
URI: /sistema_biometrico/api/log-error
#0 {main}
[2026-03-04 11:58:12] [DEPRECATED] session_set_save_handler(): Providing individual callbacks instead of an object implementing SessionHandlerInterface is deprecated en C:\tools\nginx\html\sistema_biometrico\index.php línea 50
URI: /empleados
--------------------------------------------------------------------------------
[2026-03-04 11:58:12] [DEPRECATED] session_set_save_handler(): Providing individual callbacks instead of an object implementing SessionHandlerInterface is deprecated en C:\tools\nginx\html\sistema_biometrico\index.php línea 50
URI: /.well-known/appspecific/com.chrome.devtools.json
--------------------------------------------------------------------------------
[2026-03-04 11:58:13] [DEPRECATED] session_set_save_handler(): Providing individual callbacks instead of an object implementing SessionHandlerInterface is deprecated en C:\tools\nginx\html\sistema_biometrico\index.php línea 50
URI: /empleados
--------------------------------------------------------------------------------
[2026-03-04 11:58:14] [DEPRECATED] session_set_save_handler(): Providing individual callbacks instead of an object implementing SessionHandlerInterface is deprecated en C:\tools\nginx\html\sistema_biometrico\index.php línea 50
URI: /.well-known/appspecific/com.chrome.devtools.json
--------------------------------------------------------------------------------
[2026-03-04 11:58:14] [DEPRECATED] session_set_save_handler(): Providing individual callbacks instead of an object implementing SessionHandlerInterface is deprecated en C:\tools\nginx\html\sistema_biometrico\index.php línea 50
URI: /empleados
--------------------------------------------------------------------------------
[2026-03-04 11:58:14] [DEPRECATED] session_set_save_handler(): Providing individual callbacks instead of an object implementing SessionHandlerInterface is deprecated en C:\tools\nginx\html\sistema_biometrico\index.php línea 50
URI: /.well-known/appspecific/com.chrome.devtools.json
--------------------------------------------------------------------------------
[2026-03-04 11:58:15] [DEPRECATED] session_set_save_handler(): Providing individual callbacks instead of an object implementing SessionHandlerInterface is deprecated en C:\tools\nginx\html\sistema_biometrico\index.php línea 50
URI: /empleados
--------------------------------------------------------------------------------
[2026-03-04 11:58:15] [DEPRECATED] session_set_save_handler(): Providing individual callbacks instead of an object implementing SessionHandlerInterface is deprecated en C:\tools\nginx\html\sistema_biometrico\index.php línea 50
URI: /.well-known/appspecific/com.chrome.devtools.json
--------------------------------------------------------------------------------
[2026-03-04 11:58:15] [DEPRECATED] session_set_save_handler(): Providing individual callbacks instead of an object implementing SessionHandlerInterface is deprecated en C:\tools\nginx\html\sistema_biometrico\index.php línea 50
URI: /empleados
--------------------------------------------------------------------------------
[2026-03-04 11:58:15] [DEPRECATED] session_set_save_handler(): Providing individual callbacks instead of an object implementing SessionHandlerInterface is deprecated en C:\tools\nginx\html\sistema_biometrico\index.php línea 50
URI: /.well-known/appspecific/com.chrome.devtools.json
--------------------------------------------------------------------------------
[2026-03-04 11:58:15] [DEPRECATED] session_set_save_handler(): Providing individual callbacks instead of an object implementing SessionHandlerInterface is deprecated en C:\tools\nginx\html\sistema_biometrico\index.php línea 50
URI: /empleados
--------------------------------------------------------------------------------
[2026-03-04 11:58:15] [DEPRECATED] session_set_save_handler(): Providing individual callbacks instead of an object implementing SessionHandlerInterface is deprecated en C:\tools\nginx\html\sistema_biometrico\index.php línea 50
URI: /.well-known/appspecific/com.chrome.devtools.json
--------------------------------------------------------------------------------
[2026-03-04 11:58:16] [DEPRECATED] session_set_save_handler(): Providing individual callbacks instead of an object implementing SessionHandlerInterface is deprecated en C:\tools\nginx\html\sistema_biometrico\index.php línea 50
URI: /empleados
--------------------------------------------------------------------------------
[2026-03-04 11:58:16] [DEPRECATED] session_set_save_handler(): Providing individual callbacks instead of an object implementing SessionHandlerInterface is deprecated en C:\tools\nginx\html\sistema_biometrico\index.php línea 50
URI: /.well-known/appspecific/com.chrome.devtools.json
--------------------------------------------------------------------------------
[2026-03-04 11:58:18] [DEPRECATED] session_set_save_handler(): Providing individual callbacks instead of an object implementing SessionHandlerInterface is deprecated en C:\tools\nginx\html\sistema_biometrico\index.php línea 50
URI: /sistema_biometrico/empleados/datos-completos/4
--------------------------------------------------------------------------------
[2026-03-04 11:58:18] [WARNING] Undefined variable $comisiones en C:\tools\nginx\html\sistema_biometrico\controllers\EmpleadoController.php línea 601
URI: /sistema_biometrico/empleados/datos-completos/4
--------------------------------------------------------------------------------
[2026-03-04 11:58:18] [DEPRECATED] session_set_save_handler(): Providing individual callbacks instead of an object implementing SessionHandlerInterface is deprecated en C:\tools\nginx\html\sistema_biometrico\index.php línea 50
URI: /sistema_biometrico/api/log-error
--------------------------------------------------------------------------------
[2026-03-04 11:58:18] [EXCEPTION] Error
Mensaje: Cannot use object of type Closure as array
URI: /sistema_biometrico/api/log-error
#0 {main}
[2026-03-04 11:58:18] [DEPRECATED] session_set_save_handler(): Providing individual callbacks instead of an object implementing SessionHandlerInterface is deprecated en C:\tools\nginx\html\sistema_biometrico\index.php línea 50
URI: /sistema_biometrico/api/log-error
--------------------------------------------------------------------------------
[2026-03-04 11:58:18] [EXCEPTION] Error
Mensaje: Cannot use object of type Closure as array
URI: /sistema_biometrico/api/log-error
#0 {main}
[2026-03-04 11:58:30] [DEPRECATED] session_set_save_handler(): Providing individual callbacks instead of an object implementing SessionHandlerInterface is deprecated en C:\tools\nginx\html\sistema_biometrico\index.php línea 50
URI: /sistema_biometrico/logout
--------------------------------------------------------------------------------
[2026-03-04 11:58:30] [DEPRECATED] session_set_save_handler(): Providing individual callbacks instead of an object implementing SessionHandlerInterface is deprecated en C:\tools\nginx\html\sistema_biometrico\index.php línea 50
URI: /sistema_biometrico/login
--------------------------------------------------------------------------------
[2026-03-04 11:58:30] [DEPRECATED] session_set_save_handler(): Providing individual callbacks instead of an object implementing SessionHandlerInterface is deprecated en C:\tools\nginx\html\sistema_biometrico\index.php línea 50
URI: /.well-known/appspecific/com.chrome.devtools.json
--------------------------------------------------------------------------------
[2026-03-04 11:58:30] [DEPRECATED] session_set_save_handler(): Providing individual callbacks instead of an object implementing SessionHandlerInterface is deprecated en C:\tools\nginx\html\sistema_biometrico\index.php línea 50
URI: /sistema_biometrico/login
--------------------------------------------------------------------------------
[2026-03-04 12:10:29] [DEPRECATED] session_set_save_handler(): Providing individual callbacks instead of an object implementing SessionHandlerInterface is deprecated en C:\tools\nginx\html\sistema_biometrico\index.php línea 50
URI: /sistema_biometrico
--------------------------------------------------------------------------------
[2026-03-04 12:10:29] [DEPRECATED] session_set_save_handler(): Providing individual callbacks instead of an object implementing SessionHandlerInterface is deprecated en C:\tools\nginx\html\sistema_biometrico\index.php línea 50
URI: /sistema_biometrico/login
--------------------------------------------------------------------------------
[2026-03-04 12:10:35] [DEPRECATED] session_set_save_handler(): Providing individual callbacks instead of an object implementing SessionHandlerInterface is deprecated en C:\tools\nginx\html\sistema_biometrico\index.php línea 50
URI: /sistema_biometrico/login
--------------------------------------------------------------------------------
[2026-03-04 12:10:36] [DEPRECATED] session_set_save_handler(): Providing individual callbacks instead of an object implementing SessionHandlerInterface is deprecated en C:\tools\nginx\html\sistema_biometrico\index.php línea 50
URI: /sistema_biometrico/dashboard
--------------------------------------------------------------------------------
[2026-03-04 12:10:39] [EXCEPTION] PDOException
Contexto: {"action":"index","section":"comisiones"}
Mensaje: SQLSTATE[42S22]: Column not found: 1054 Unknown column 'monto' in 'SELECT'
URI: /sistema_biometrico/dashboard
Archivo: C:\tools\nginx\html\sistema_biometrico\models\Comision.php Línea: 116
#0 C:\tools\nginx\html\sistema_biometrico\models\Comision.php(116): PDO->prepare('SELECT SUM(mont...')
#1 C:\tools\nginx\html\sistema_biometrico\controllers\DashboardController.php(81): Comision->getTotalComisiones(NULL, '03', '2026')
#2 C:\tools\nginx\html\sistema_biometrico\index.php(167): DashboardController->index()
#3 {main}
--------------------------------------------------------------------------------
[2026-03-04 12:10:51] [DEPRECATED] session_set_save_handler(): Providing individual callbacks instead of an object implementing SessionHandlerInterface is deprecated en C:\tools\nginx\html\sistema_biometrico\index.php línea 50
URI: /.well-known/appspecific/com.chrome.devtools.json
--------------------------------------------------------------------------------
[2026-03-04 12:10:56] [DEPRECATED] session_set_save_handler(): Providing individual callbacks instead of an object implementing SessionHandlerInterface is deprecated en C:\tools\nginx\html\sistema_biometrico\index.php línea 50
URI: /empleados
--------------------------------------------------------------------------------
[2026-03-04 12:10:56] [DEPRECATED] session_set_save_handler(): Providing individual callbacks instead of an object implementing SessionHandlerInterface is deprecated en C:\tools\nginx\html\sistema_biometrico\index.php línea 50
URI: /.well-known/appspecific/com.chrome.devtools.json
--------------------------------------------------------------------------------
[2026-03-04 12:10:59] [DEPRECATED] session_set_save_handler(): Providing individual callbacks instead of an object implementing SessionHandlerInterface is deprecated en C:\tools\nginx\html\sistema_biometrico\index.php línea 50
URI: /sistema_biometrico/empleados/datos-completos/1
--------------------------------------------------------------------------------
[2026-03-04 12:10:59] [WARNING] Undefined variable $comisiones en C:\tools\nginx\html\sistema_biometrico\controllers\EmpleadoController.php línea 601
URI: /sistema_biometrico/empleados/datos-completos/1
--------------------------------------------------------------------------------
[2026-03-04 12:10:59] [DEPRECATED] session_set_save_handler(): Providing individual callbacks instead of an object implementing SessionHandlerInterface is deprecated en C:\tools\nginx\html\sistema_biometrico\index.php línea 50
URI: /sistema_biometrico/api/log-error
--------------------------------------------------------------------------------
[2026-03-04 12:10:59] [EXCEPTION] Error
Mensaje: Cannot use object of type Closure as array
URI: /sistema_biometrico/api/log-error
#0 {main}
[2026-03-04 12:10:59] [DEPRECATED] session_set_save_handler(): Providing individual callbacks instead of an object implementing SessionHandlerInterface is deprecated en C:\tools\nginx\html\sistema_biometrico\index.php línea 50
URI: /sistema_biometrico/api/log-error
--------------------------------------------------------------------------------
[2026-03-04 12:10:59] [EXCEPTION] Error
Mensaje: Cannot use object of type Closure as array
URI: /sistema_biometrico/api/log-error
#0 {main}
[2026-03-04 12:14:00] [DEPRECATED] session_set_save_handler(): Providing individual callbacks instead of an object implementing SessionHandlerInterface is deprecated en C:\tools\nginx\html\sistema_biometrico\index.php línea 50
URI: /sistema_biometrico
--------------------------------------------------------------------------------
[2026-03-04 12:14:00] [DEPRECATED] session_set_save_handler(): Providing individual callbacks instead of an object implementing SessionHandlerInterface is deprecated en C:\tools\nginx\html\sistema_biometrico\index.php línea 50
URI: /sistema_biometrico/login
--------------------------------------------------------------------------------
[2026-03-04 12:14:07] [DEPRECATED] session_set_save_handler(): Providing individual callbacks instead of an object implementing SessionHandlerInterface is deprecated en C:\tools\nginx\html\sistema_biometrico\index.php línea 50
URI: /sistema_biometrico/login
--------------------------------------------------------------------------------
[2026-03-04 12:14:08] [DEPRECATED] session_set_save_handler(): Providing individual callbacks instead of an object implementing SessionHandlerInterface is deprecated en C:\tools\nginx\html\sistema_biometrico\index.php línea 50
URI: /sistema_biometrico/dashboard
--------------------------------------------------------------------------------
[2026-03-04 12:14:11] [EXCEPTION] PDOException
Contexto: {"action":"index","section":"comisiones"}
Mensaje: SQLSTATE[42S22]: Column not found: 1054 Unknown column 'monto' in 'SELECT'
URI: /sistema_biometrico/dashboard
Archivo: C:\tools\nginx\html\sistema_biometrico\models\Comision.php Línea: 116
#0 C:\tools\nginx\html\sistema_biometrico\models\Comision.php(116): PDO->prepare('SELECT SUM(mont...')
#1 C:\tools\nginx\html\sistema_biometrico\controllers\DashboardController.php(81): Comision->getTotalComisiones(NULL, '03', '2026')
#2 C:\tools\nginx\html\sistema_biometrico\index.php(167): DashboardController->index()
#3 {main}
--------------------------------------------------------------------------------
[2026-03-04 12:14:16] [DEPRECATED] session_set_save_handler(): Providing individual callbacks instead of an object implementing SessionHandlerInterface is deprecated en C:\tools\nginx\html\sistema_biometrico\index.php línea 50
URI: /empleados
--------------------------------------------------------------------------------
[2026-03-04 12:14:17] [DEPRECATED] session_set_save_handler(): Providing individual callbacks instead of an object implementing SessionHandlerInterface is deprecated en C:\tools\nginx\html\sistema_biometrico\index.php línea 50
URI: /sistema_biometrico/empleados/datos-completos/1
--------------------------------------------------------------------------------
[2026-03-04 12:14:17] [WARNING] Undefined variable $comisiones en C:\tools\nginx\html\sistema_biometrico\controllers\EmpleadoController.php línea 601
URI: /sistema_biometrico/empleados/datos-completos/1
--------------------------------------------------------------------------------
[2026-03-04 12:14:17] [DEPRECATED] session_set_save_handler(): Providing individual callbacks instead of an object implementing SessionHandlerInterface is deprecated en C:\tools\nginx\html\sistema_biometrico\index.php línea 50
URI: /sistema_biometrico/api/log-error
--------------------------------------------------------------------------------
[2026-03-04 12:14:17] [EXCEPTION] Error
Mensaje: Cannot use object of type Closure as array
URI: /sistema_biometrico/api/log-error
#0 {main}
[2026-03-04 12:14:17] [DEPRECATED] session_set_save_handler(): Providing individual callbacks instead of an object implementing SessionHandlerInterface is deprecated en C:\tools\nginx\html\sistema_biometrico\index.php línea 50
URI: /sistema_biometrico/api/log-error
--------------------------------------------------------------------------------
[2026-03-04 12:14:17] [EXCEPTION] Error
Mensaje: Cannot use object of type Closure as array
URI: /sistema_biometrico/api/log-error
#0 {main}
[2026-03-04 12:14:22] [DEPRECATED] session_set_save_handler(): Providing individual callbacks instead of an object implementing SessionHandlerInterface is deprecated en C:\tools\nginx\html\sistema_biometrico\index.php línea 50
URI: /.well-known/appspecific/com.chrome.devtools.json
--------------------------------------------------------------------------------
[2026-03-04 12:19:44] [DEPRECATED] session_set_save_handler(): Providing individual callbacks instead of an object implementing SessionHandlerInterface is deprecated en C:\tools\nginx\html\sistema_biometrico\index.php línea 50
URI: /empleados
--------------------------------------------------------------------------------
[2026-03-04 12:19:45] [DEPRECATED] session_set_save_handler(): Providing individual callbacks instead of an object implementing SessionHandlerInterface is deprecated en C:\tools\nginx\html\sistema_biometrico\index.php línea 50
URI: /.well-known/appspecific/com.chrome.devtools.json
--------------------------------------------------------------------------------
[2026-03-04 12:19:45] [DEPRECATED] session_set_save_handler(): Providing individual callbacks instead of an object implementing SessionHandlerInterface is deprecated en C:\tools\nginx\html\sistema_biometrico\index.php línea 50
URI: /empleados
--------------------------------------------------------------------------------
[2026-03-04 12:19:45] [DEPRECATED] session_set_save_handler(): Providing individual callbacks instead of an object implementing SessionHandlerInterface is deprecated en C:\tools\nginx\html\sistema_biometrico\index.php línea 50
URI: /.well-known/appspecific/com.chrome.devtools.json
--------------------------------------------------------------------------------
[2026-03-04 12:19:45] [DEPRECATED] session_set_save_handler(): Providing individual callbacks instead of an object implementing SessionHandlerInterface is deprecated en C:\tools\nginx\html\sistema_biometrico\index.php línea 50
URI: /empleados
--------------------------------------------------------------------------------
[2026-03-04 12:19:45] [DEPRECATED] session_set_save_handler(): Providing individual callbacks instead of an object implementing SessionHandlerInterface is deprecated en C:\tools\nginx\html\sistema_biometrico\index.php línea 50
URI: /.well-known/appspecific/com.chrome.devtools.json
--------------------------------------------------------------------------------
[2026-03-04 12:19:46] [DEPRECATED] session_set_save_handler(): Providing individual callbacks instead of an object implementing SessionHandlerInterface is deprecated en C:\tools\nginx\html\sistema_biometrico\index.php línea 50
URI: /empleados
--------------------------------------------------------------------------------
[2026-03-04 12:19:46] [DEPRECATED] session_set_save_handler(): Providing individual callbacks instead of an object implementing SessionHandlerInterface is deprecated en C:\tools\nginx\html\sistema_biometrico\index.php línea 50
URI: /.well-known/appspecific/com.chrome.devtools.json
--------------------------------------------------------------------------------
[2026-03-04 12:19:46] [DEPRECATED] session_set_save_handler(): Providing individual callbacks instead of an object implementing SessionHandlerInterface is deprecated en C:\tools\nginx\html\sistema_biometrico\index.php línea 50
URI: /empleados
--------------------------------------------------------------------------------
[2026-03-04 12:19:46] [DEPRECATED] session_set_save_handler(): Providing individual callbacks instead of an object implementing SessionHandlerInterface is deprecated en C:\tools\nginx\html\sistema_biometrico\index.php línea 50
URI: /.well-known/appspecific/com.chrome.devtools.json
--------------------------------------------------------------------------------
[2026-03-04 12:19:46] [DEPRECATED] session_set_save_handler(): Providing individual callbacks instead of an object implementing SessionHandlerInterface is deprecated en C:\tools\nginx\html\sistema_biometrico\index.php línea 50
URI: /empleados
--------------------------------------------------------------------------------
[2026-03-04 12:19:46] [DEPRECATED] session_set_save_handler(): Providing individual callbacks instead of an object implementing SessionHandlerInterface is deprecated en C:\tools\nginx\html\sistema_biometrico\index.php línea 50
URI: /.well-known/appspecific/com.chrome.devtools.json
--------------------------------------------------------------------------------
[2026-03-04 12:19:46] [DEPRECATED] session_set_save_handler(): Providing individual callbacks instead of an object implementing SessionHandlerInterface is deprecated en C:\tools\nginx\html\sistema_biometrico\index.php línea 50
URI: /empleados
--------------------------------------------------------------------------------
[2026-03-04 12:19:46] [DEPRECATED] session_set_save_handler(): Providing individual callbacks instead of an object implementing SessionHandlerInterface is deprecated en C:\tools\nginx\html\sistema_biometrico\index.php línea 50
URI: /.well-known/appspecific/com.chrome.devtools.json
--------------------------------------------------------------------------------
[2026-03-04 12:19:46] [DEPRECATED] session_set_save_handler(): Providing individual callbacks instead of an object implementing SessionHandlerInterface is deprecated en C:\tools\nginx\html\sistema_biometrico\index.php línea 50
URI: /empleados
--------------------------------------------------------------------------------
[2026-03-04 12:19:46] [DEPRECATED] session_set_save_handler(): Providing individual callbacks instead of an object implementing SessionHandlerInterface is deprecated en C:\tools\nginx\html\sistema_biometrico\index.php línea 50
URI: /.well-known/appspecific/com.chrome.devtools.json
--------------------------------------------------------------------------------
[2026-03-04 12:21:11] [DEPRECATED] session_set_save_handler(): Providing individual callbacks instead of an object implementing SessionHandlerInterface is deprecated en C:\tools\nginx\html\sistema_biometrico\index.php línea 50
URI: /empleados
--------------------------------------------------------------------------------
[2026-03-04 12:21:11] [DEPRECATED] session_set_save_handler(): Providing individual callbacks instead of an object implementing SessionHandlerInterface is deprecated en C:\tools\nginx\html\sistema_biometrico\index.php línea 50
URI: /sistema_biometrico/login
--------------------------------------------------------------------------------
[2026-03-04 12:21:11] [DEPRECATED] session_set_save_handler(): Providing individual callbacks instead of an object implementing SessionHandlerInterface is deprecated en C:\tools\nginx\html\sistema_biometrico\index.php línea 50
URI: /.well-known/appspecific/com.chrome.devtools.json
--------------------------------------------------------------------------------
[2026-03-04 12:21:11] [DEPRECATED] session_set_save_handler(): Providing individual callbacks instead of an object implementing SessionHandlerInterface is deprecated en C:\tools\nginx\html\sistema_biometrico\index.php línea 50
URI: /sistema_biometrico/login
--------------------------------------------------------------------------------
[2026-03-04 12:22:11] [DEPRECATED] session_set_save_handler(): Providing individual callbacks instead of an object implementing SessionHandlerInterface is deprecated en C:\tools\nginx\html\sistema_biometrico\index.php línea 50
URI: /sistema_biometrico/login
--------------------------------------------------------------------------------
[2026-03-04 12:22:11] [DEPRECATED] session_set_save_handler(): Providing individual callbacks instead of an object implementing SessionHandlerInterface is deprecated en C:\tools\nginx\html\sistema_biometrico\index.php línea 50
URI: /sistema_biometrico/dashboard
--------------------------------------------------------------------------------
[2026-03-04 12:22:14] [EXCEPTION] PDOException
Contexto: {"action":"index","section":"comisiones"}
Mensaje: SQLSTATE[42S22]: Column not found: 1054 Unknown column 'monto' in 'SELECT'
URI: /sistema_biometrico/dashboard
Archivo: C:\tools\nginx\html\sistema_biometrico\models\Comision.php Línea: 116
#0 C:\tools\nginx\html\sistema_biometrico\models\Comision.php(116): PDO->prepare('SELECT SUM(mont...')
#1 C:\tools\nginx\html\sistema_biometrico\controllers\DashboardController.php(81): Comision->getTotalComisiones(NULL, '03', '2026')
#2 C:\tools\nginx\html\sistema_biometrico\index.php(167): DashboardController->index()
#3 {main}
--------------------------------------------------------------------------------
[2026-03-04 12:22:14] [DEPRECATED] session_set_save_handler(): Providing individual callbacks instead of an object implementing SessionHandlerInterface is deprecated en C:\tools\nginx\html\sistema_biometrico\index.php línea 50
URI: /.well-known/appspecific/com.chrome.devtools.json
--------------------------------------------------------------------------------
[2026-03-04 12:22:50] [DEPRECATED] session_set_save_handler(): Providing individual callbacks instead of an object implementing SessionHandlerInterface is deprecated en C:\tools\nginx\html\sistema_biometrico\index.php línea 50
URI: /sistema_biometrico/dashboard
--------------------------------------------------------------------------------
[2026-03-04 12:22:53] [EXCEPTION] PDOException
Contexto: {"action":"index","section":"comisiones"}
Mensaje: SQLSTATE[42S22]: Column not found: 1054 Unknown column 'monto' in 'SELECT'
URI: /sistema_biometrico/dashboard
Archivo: C:\tools\nginx\html\sistema_biometrico\models\Comision.php Línea: 116
#0 C:\tools\nginx\html\sistema_biometrico\models\Comision.php(116): PDO->prepare('SELECT SUM(mont...')
#1 C:\tools\nginx\html\sistema_biometrico\controllers\DashboardController.php(81): Comision->getTotalComisiones(NULL, '03', '2026')
#2 C:\tools\nginx\html\sistema_biometrico\index.php(167): DashboardController->index()
#3 {main}
--------------------------------------------------------------------------------
[2026-03-04 12:22:53] [DEPRECATED] session_set_save_handler(): Providing individual callbacks instead of an object implementing SessionHandlerInterface is deprecated en C:\tools\nginx\html\sistema_biometrico\index.php línea 50
URI: /sistema_biometrico/dashboard
--------------------------------------------------------------------------------
[2026-03-04 12:22:56] [EXCEPTION] PDOException
Contexto: {"action":"index","section":"comisiones"}
Mensaje: SQLSTATE[42S22]: Column not found: 1054 Unknown column 'monto' in 'SELECT'
URI: /sistema_biometrico/dashboard
Archivo: C:\tools\nginx\html\sistema_biometrico\models\Comision.php Línea: 116
#0 C:\tools\nginx\html\sistema_biometrico\models\Comision.php(116): PDO->prepare('SELECT SUM(mont...')
#1 C:\tools\nginx\html\sistema_biometrico\controllers\DashboardController.php(81): Comision->getTotalComisiones(NULL, '03', '2026')
#2 C:\tools\nginx\html\sistema_biometrico\index.php(167): DashboardController->index()
#3 {main}
--------------------------------------------------------------------------------
[2026-03-04 12:22:56] [DEPRECATED] session_set_save_handler(): Providing individual callbacks instead of an object implementing SessionHandlerInterface is deprecated en C:\tools\nginx\html\sistema_biometrico\index.php línea 50
URI: /sistema_biometrico/dashboard
--------------------------------------------------------------------------------
[2026-03-04 12:22:59] [EXCEPTION] PDOException
Contexto: {"action":"index","section":"comisiones"}
Mensaje: SQLSTATE[42S22]: Column not found: 1054 Unknown column 'monto' in 'SELECT'
URI: /sistema_biometrico/dashboard
Archivo: C:\tools\nginx\html\sistema_biometrico\models\Comision.php Línea: 116
#0 C:\tools\nginx\html\sistema_biometrico\models\Comision.php(116): PDO->prepare('SELECT SUM(mont...')
#1 C:\tools\nginx\html\sistema_biometrico\controllers\DashboardController.php(81): Comision->getTotalComisiones(NULL, '03', '2026')
#2 C:\tools\nginx\html\sistema_biometrico\index.php(167): DashboardController->index()
#3 {main}
--------------------------------------------------------------------------------
[2026-03-04 12:22:59] [DEPRECATED] session_set_save_handler(): Providing individual callbacks instead of an object implementing SessionHandlerInterface is deprecated en C:\tools\nginx\html\sistema_biometrico\index.php línea 50
URI: /sistema_biometrico/dashboard
--------------------------------------------------------------------------------
[2026-03-04 12:23:02] [EXCEPTION] PDOException
Contexto: {"action":"index","section":"comisiones"}
Mensaje: SQLSTATE[42S22]: Column not found: 1054 Unknown column 'monto' in 'SELECT'
URI: /sistema_biometrico/dashboard
Archivo: C:\tools\nginx\html\sistema_biometrico\models\Comision.php Línea: 116
#0 C:\tools\nginx\html\sistema_biometrico\models\Comision.php(116): PDO->prepare('SELECT SUM(mont...')
#1 C:\tools\nginx\html\sistema_biometrico\controllers\DashboardController.php(81): Comision->getTotalComisiones(NULL, '03', '2026')
#2 C:\tools\nginx\html\sistema_biometrico\index.php(167): DashboardController->index()
#3 {main}
--------------------------------------------------------------------------------
[2026-03-04 12:23:02] [DEPRECATED] session_set_save_handler(): Providing individual callbacks instead of an object implementing SessionHandlerInterface is deprecated en C:\tools\nginx\html\sistema_biometrico\index.php línea 50
URI: /sistema_biometrico/dashboard
--------------------------------------------------------------------------------
[2026-03-04 12:23:05] [EXCEPTION] PDOException
Contexto: {"action":"index","section":"comisiones"}
Mensaje: SQLSTATE[42S22]: Column not found: 1054 Unknown column 'monto' in 'SELECT'
URI: /sistema_biometrico/dashboard
Archivo: C:\tools\nginx\html\sistema_biometrico\models\Comision.php Línea: 116
#0 C:\tools\nginx\html\sistema_biometrico\models\Comision.php(116): PDO->prepare('SELECT SUM(mont...')
#1 C:\tools\nginx\html\sistema_biometrico\controllers\DashboardController.php(81): Comision->getTotalComisiones(NULL, '03', '2026')
#2 C:\tools\nginx\html\sistema_biometrico\index.php(167): DashboardController->index()
#3 {main}
--------------------------------------------------------------------------------
[2026-03-04 12:23:05] [DEPRECATED] session_set_save_handler(): Providing individual callbacks instead of an object implementing SessionHandlerInterface is deprecated en C:\tools\nginx\html\sistema_biometrico\index.php línea 50
URI: /sistema_biometrico/dashboard
--------------------------------------------------------------------------------
[2026-03-04 12:23:08] [EXCEPTION] PDOException
Contexto: {"action":"index","section":"comisiones"}
Mensaje: SQLSTATE[42S22]: Column not found: 1054 Unknown column 'monto' in 'SELECT'
URI: /sistema_biometrico/dashboard
Archivo: C:\tools\nginx\html\sistema_biometrico\models\Comision.php Línea: 116
#0 C:\tools\nginx\html\sistema_biometrico\models\Comision.php(116): PDO->prepare('SELECT SUM(mont...')
#1 C:\tools\nginx\html\sistema_biometrico\controllers\DashboardController.php(81): Comision->getTotalComisiones(NULL, '03', '2026')
#2 C:\tools\nginx\html\sistema_biometrico\index.php(167): DashboardController->index()
#3 {main}
--------------------------------------------------------------------------------
[2026-03-04 12:23:08] [DEPRECATED] session_set_save_handler(): Providing individual callbacks instead of an object implementing SessionHandlerInterface is deprecated en C:\tools\nginx\html\sistema_biometrico\index.php línea 50
URI: /sistema_biometrico/dashboard
--------------------------------------------------------------------------------
[2026-03-04 12:23:11] [EXCEPTION] PDOException
Contexto: {"action":"index","section":"comisiones"}
Mensaje: SQLSTATE[42S22]: Column not found: 1054 Unknown column 'monto' in 'SELECT'
URI: /sistema_biometrico/dashboard
Archivo: C:\tools\nginx\html\sistema_biometrico\models\Comision.php Línea: 116
#0 C:\tools\nginx\html\sistema_biometrico\models\Comision.php(116): PDO->prepare('SELECT SUM(mont...')
#1 C:\tools\nginx\html\sistema_biometrico\controllers\DashboardController.php(81): Comision->getTotalComisiones(NULL, '03', '2026')
#2 C:\tools\nginx\html\sistema_biometrico\index.php(167): DashboardController->index()
#3 {main}
--------------------------------------------------------------------------------
[2026-03-04 12:23:11] [DEPRECATED] session_set_save_handler(): Providing individual callbacks instead of an object implementing SessionHandlerInterface is deprecated en C:\tools\nginx\html\sistema_biometrico\index.php línea 50
URI: /sistema_biometrico/dashboard
--------------------------------------------------------------------------------
[2026-03-04 12:23:14] [EXCEPTION] PDOException
Contexto: {"action":"index","section":"comisiones"}
Mensaje: SQLSTATE[42S22]: Column not found: 1054 Unknown column 'monto' in 'SELECT'
URI: /sistema_biometrico/dashboard
Archivo: C:\tools\nginx\html\sistema_biometrico\models\Comision.php Línea: 116
#0 C:\tools\nginx\html\sistema_biometrico\models\Comision.php(116): PDO->prepare('SELECT SUM(mont...')
#1 C:\tools\nginx\html\sistema_biometrico\controllers\DashboardController.php(81): Comision->getTotalComisiones(NULL, '03', '2026')
#2 C:\tools\nginx\html\sistema_biometrico\index.php(167): DashboardController->index()
#3 {main}
--------------------------------------------------------------------------------
[2026-03-04 12:23:14] [DEPRECATED] session_set_save_handler(): Providing individual callbacks instead of an object implementing SessionHandlerInterface is deprecated en C:\tools\nginx\html\sistema_biometrico\index.php línea 50
URI: /sistema_biometrico/dashboard
--------------------------------------------------------------------------------
[2026-03-04 12:23:17] [EXCEPTION] PDOException
Contexto: {"action":"index","section":"comisiones"}
Mensaje: SQLSTATE[42S22]: Column not found: 1054 Unknown column 'monto' in 'SELECT'
URI: /sistema_biometrico/dashboard
Archivo: C:\tools\nginx\html\sistema_biometrico\models\Comision.php Línea: 116
#0 C:\tools\nginx\html\sistema_biometrico\models\Comision.php(116): PDO->prepare('SELECT SUM(mont...')
#1 C:\tools\nginx\html\sistema_biometrico\controllers\DashboardController.php(81): Comision->getTotalComisiones(NULL, '03', '2026')
#2 C:\tools\nginx\html\sistema_biometrico\index.php(167): DashboardController->index()
#3 {main}
--------------------------------------------------------------------------------
[2026-03-04 12:23:17] [DEPRECATED] session_set_save_handler(): Providing individual callbacks instead of an object implementing SessionHandlerInterface is deprecated en C:\tools\nginx\html\sistema_biometrico\index.php línea 50
URI: /sistema_biometrico/dashboard
--------------------------------------------------------------------------------
[2026-03-04 12:23:23] [DEPRECATED] session_set_save_handler(): Providing individual callbacks instead of an object implementing SessionHandlerInterface is deprecated en C:\tools\nginx\html\sistema_biometrico\index.php línea 50
URI: /
--------------------------------------------------------------------------------
[2026-03-04 12:23:23] [DEPRECATED] session_set_save_handler(): Providing individual callbacks instead of an object implementing SessionHandlerInterface is deprecated en C:\tools\nginx\html\sistema_biometrico\index.php línea 50
URI: /sistema_biometrico/login
--------------------------------------------------------------------------------
[2026-03-04 12:23:31] [DEPRECATED] session_set_save_handler(): Providing individual callbacks instead of an object implementing SessionHandlerInterface is deprecated en C:\tools\nginx\html\sistema_biometrico\index.php línea 50
URI: /sistema_biometrico/login
--------------------------------------------------------------------------------
[2026-03-04 12:23:31] [DEPRECATED] session_set_save_handler(): Providing individual callbacks instead of an object implementing SessionHandlerInterface is deprecated en C:\tools\nginx\html\sistema_biometrico\index.php línea 50
URI: /sistema_biometrico/dashboard
--------------------------------------------------------------------------------
[2026-03-04 12:23:35] [EXCEPTION] PDOException
Contexto: {"action":"index","section":"comisiones"}
Mensaje: SQLSTATE[42S22]: Column not found: 1054 Unknown column 'monto' in 'SELECT'
URI: /sistema_biometrico/dashboard
Archivo: C:\tools\nginx\html\sistema_biometrico\models\Comision.php Línea: 116
#0 C:\tools\nginx\html\sistema_biometrico\models\Comision.php(116): PDO->prepare('SELECT SUM(mont...')
#1 C:\tools\nginx\html\sistema_biometrico\controllers\DashboardController.php(81): Comision->getTotalComisiones(NULL, '03', '2026')
#2 C:\tools\nginx\html\sistema_biometrico\index.php(167): DashboardController->index()
#3 {main}
--------------------------------------------------------------------------------
[2026-03-04 12:23:39] [DEPRECATED] session_set_save_handler(): Providing individual callbacks instead of an object implementing SessionHandlerInterface is deprecated en C:\tools\nginx\html\sistema_biometrico\index.php línea 50
URI: /empleados
--------------------------------------------------------------------------------
[2026-03-04 12:23:42] [DEPRECATED] session_set_save_handler(): Providing individual callbacks instead of an object implementing SessionHandlerInterface is deprecated en C:\tools\nginx\html\sistema_biometrico\index.php línea 50
URI: /sistema_biometrico/empleados/datos-completos/4
--------------------------------------------------------------------------------
[2026-03-04 12:23:42] [DEPRECATED] session_set_save_handler(): Providing individual callbacks instead of an object implementing SessionHandlerInterface is deprecated en C:\tools\nginx\html\sistema_biometrico\index.php línea 50
URI: /sistema_biometrico/api/log-error
--------------------------------------------------------------------------------
[2026-03-04 12:23:42] [EXCEPTION] Error
Mensaje: Cannot use object of type Closure as array
URI: /sistema_biometrico/api/log-error
#0 {main}
[2026-03-04 12:36:37] [DEPRECATED] session_set_save_handler(): Providing individual callbacks instead of an object implementing SessionHandlerInterface is deprecated en C:\tools\nginx\html\sistema_biometrico\index.php línea 50
URI: /sistema_biometrico/configuracion
--------------------------------------------------------------------------------
[2026-03-04 12:36:37] [DEPRECATED] session_set_save_handler(): Providing individual callbacks instead of an object implementing SessionHandlerInterface is deprecated en C:\tools\nginx\html\sistema_biometrico\index.php línea 50
URI: /sistema_biometrico/configuracion/getRecentHistory
--------------------------------------------------------------------------------
[2026-03-04 12:37:23] [DEPRECATED] session_set_save_handler(): Providing individual callbacks instead of an object implementing SessionHandlerInterface is deprecated en C:\tools\nginx\html\sistema_biometrico\index.php línea 50
URI: /sistema_biometrico/configuracion/uploadZkteco
--------------------------------------------------------------------------------
[2026-03-04 12:37:25] [DEPRECATED] session_set_save_handler(): Providing individual callbacks instead of an object implementing SessionHandlerInterface is deprecated en C:\tools\nginx\html\sistema_biometrico\index.php línea 50
URI: /sistema_biometrico/configuracion/getRecentHistory
--------------------------------------------------------------------------------
[2026-03-04 12:37:56] [DEPRECATED] session_set_save_handler(): Providing individual callbacks instead of an object implementing SessionHandlerInterface is deprecated en C:\tools\nginx\html\sistema_biometrico\index.php línea 50
URI: /
--------------------------------------------------------------------------------
[2026-03-04 12:37:56] [DEPRECATED] session_set_save_handler(): Providing individual callbacks instead of an object implementing SessionHandlerInterface is deprecated en C:\tools\nginx\html\sistema_biometrico\index.php línea 50
URI: /sistema_biometrico/login
--------------------------------------------------------------------------------
[2026-03-04 12:38:03] [DEPRECATED] session_set_save_handler(): Providing individual callbacks instead of an object implementing SessionHandlerInterface is deprecated en C:\tools\nginx\html\sistema_biometrico\index.php línea 50
URI: /sistema_biometrico/login
--------------------------------------------------------------------------------
[2026-03-04 12:38:04] [DEPRECATED] session_set_save_handler(): Providing individual callbacks instead of an object implementing SessionHandlerInterface is deprecated en C:\tools\nginx\html\sistema_biometrico\index.php línea 50
URI: /sistema_biometrico/dashboard
--------------------------------------------------------------------------------
[2026-03-04 12:38:07] [EXCEPTION] PDOException
Contexto: {"action":"index","section":"comisiones"}
Mensaje: SQLSTATE[42S22]: Column not found: 1054 Unknown column 'monto' in 'SELECT'
URI: /sistema_biometrico/dashboard
Archivo: C:\tools\nginx\html\sistema_biometrico\models\Comision.php Línea: 116
#0 C:\tools\nginx\html\sistema_biometrico\models\Comision.php(116): PDO->prepare('SELECT SUM(mont...')
#1 C:\tools\nginx\html\sistema_biometrico\controllers\DashboardController.php(81): Comision->getTotalComisiones(NULL, '03', '2026')
#2 C:\tools\nginx\html\sistema_biometrico\index.php(167): DashboardController->index()
#3 {main}
--------------------------------------------------------------------------------
[2026-03-04 12:38:10] [DEPRECATED] session_set_save_handler(): Providing individual callbacks instead of an object implementing SessionHandlerInterface is deprecated en C:\tools\nginx\html\sistema_biometrico\index.php línea 50
URI: /empleados
--------------------------------------------------------------------------------
[2026-03-04 12:38:14] [DEPRECATED] session_set_save_handler(): Providing individual callbacks instead of an object implementing SessionHandlerInterface is deprecated en C:\tools\nginx\html\sistema_biometrico\index.php línea 50
URI: /sistema_biometrico/empleados?search=828
--------------------------------------------------------------------------------
[2026-03-04 12:38:16] [DEPRECATED] session_set_save_handler(): Providing individual callbacks instead of an object implementing SessionHandlerInterface is deprecated en C:\tools\nginx\html\sistema_biometrico\index.php línea 50
URI: /sistema_biometrico/empleados/datos-completos/828
--------------------------------------------------------------------------------
[2026-03-04 12:38:16] [DEPRECATED] session_set_save_handler(): Providing individual callbacks instead of an object implementing SessionHandlerInterface is deprecated en C:\tools\nginx\html\sistema_biometrico\index.php línea 50
URI: /sistema_biometrico/api/log-error
--------------------------------------------------------------------------------
[2026-03-04 12:38:16] [EXCEPTION] Error
Mensaje: Cannot use object of type Closure as array
URI: /sistema_biometrico/api/log-error
#0 {main}
[2026-03-04 12:38:46] [DEPRECATED] session_set_save_handler(): Providing individual callbacks instead of an object implementing SessionHandlerInterface is deprecated en C:\tools\nginx\html\sistema_biometrico\index.php línea 50
URI: /sistema_biometrico/empleados?search=navarro
--------------------------------------------------------------------------------
[2026-03-04 12:39:41] [DEPRECATED] session_set_save_handler(): Providing individual callbacks instead of an object implementing SessionHandlerInterface is deprecated en C:\tools\nginx\html\sistema_biometrico\index.php línea 50
URI: /sistema_biometrico/empleados/create
--------------------------------------------------------------------------------
[2026-03-04 12:42:24] [DEPRECATED] session_set_save_handler(): Providing individual callbacks instead of an object implementing SessionHandlerInterface is deprecated en C:\tools\nginx\html\sistema_biometrico\index.php línea 50
URI: /sistema_biometrico/empleados
--------------------------------------------------------------------------------
[2026-03-04 12:42:28] [DEPRECATED] session_set_save_handler(): Providing individual callbacks instead of an object implementing SessionHandlerInterface is deprecated en C:\tools\nginx\html\sistema_biometrico\index.php línea 50
URI: /sistema_biometrico/catalogos
--------------------------------------------------------------------------------
[2026-03-04 12:42:57] [DEPRECATED] session_set_save_handler(): Providing individual callbacks instead of an object implementing SessionHandlerInterface is deprecated en C:\tools\nginx\html\sistema_biometrico\index.php línea 50
URI: /sistema_biometrico/empleados
--------------------------------------------------------------------------------
[2026-03-04 12:43:00] [DEPRECATED] session_set_save_handler(): Providing individual callbacks instead of an object implementing SessionHandlerInterface is deprecated en C:\tools\nginx\html\sistema_biometrico\index.php línea 50
URI: /sistema_biometrico/empleados/create
--------------------------------------------------------------------------------
[2026-03-04 12:44:27] [DEPRECATED] session_set_save_handler(): Providing individual callbacks instead of an object implementing SessionHandlerInterface is deprecated en C:\tools\nginx\html\sistema_biometrico\index.php línea 50
URI: /sistema_biometrico/dispositivos/getStatus
--------------------------------------------------------------------------------
[2026-03-04 12:44:27] [DEPRECATED] session_set_save_handler(): Providing individual callbacks instead of an object implementing SessionHandlerInterface is deprecated en C:\tools\nginx\html\sistema_biometrico\index.php línea 50
URI: /sistema_biometrico/api/log-error
--------------------------------------------------------------------------------
[2026-03-04 12:44:27] [EXCEPTION] Error
Mensaje: Cannot use object of type Closure as array
URI: /sistema_biometrico/api/log-error
#0 {main}
[2026-03-04 12:44:27] [DEPRECATED] session_set_save_handler(): Providing individual callbacks instead of an object implementing SessionHandlerInterface is deprecated en C:\tools\nginx\html\sistema_biometrico\index.php línea 50
URI: /sistema_biometrico/api/log-error
--------------------------------------------------------------------------------
[2026-03-04 12:44:27] [EXCEPTION] Error
Mensaje: Cannot use object of type Closure as array
URI: /sistema_biometrico/api/log-error
#0 {main}
[2026-03-04 12:45:24] [DEPRECATED] session_set_save_handler(): Providing individual callbacks instead of an object implementing SessionHandlerInterface is deprecated en C:\tools\nginx\html\sistema_biometrico\index.php línea 50
URI: /sistema_biometrico/empleados
--------------------------------------------------------------------------------
[2026-03-04 12:45:32] [DEPRECATED] session_set_save_handler(): Providing individual callbacks instead of an object implementing SessionHandlerInterface is deprecated en C:\tools\nginx\html\sistema_biometrico\index.php línea 50
URI: /sistema_biometrico/catalogos
--------------------------------------------------------------------------------
[2026-03-04 12:46:57] [DEPRECATED] session_set_save_handler(): Providing individual callbacks instead of an object implementing SessionHandlerInterface is deprecated en C:\tools\nginx\html\sistema_biometrico\index.php línea 50
URI: /sistema_biometrico/asistencia
--------------------------------------------------------------------------------
[2026-03-04 12:46:57] [DEPRECATED] session_set_save_handler(): Providing individual callbacks instead of an object implementing SessionHandlerInterface is deprecated en C:\tools\nginx\html\sistema_biometrico\index.php línea 50
URI: /favicon.ico
--------------------------------------------------------------------------------
[2026-03-04 12:52:58] [DEPRECATED] session_set_save_handler(): Providing individual callbacks instead of an object implementing SessionHandlerInterface is deprecated en C:\tools\nginx\html\sistema_biometrico\index.php línea 50
URI: /sistema_biometrico/asistencia
--------------------------------------------------------------------------------
[2026-03-04 12:52:58] [DEPRECATED] session_set_save_handler(): Providing individual callbacks instead of an object implementing SessionHandlerInterface is deprecated en C:\tools\nginx\html\sistema_biometrico\index.php línea 50
URI: /sistema_biometrico/%3C?php%20echo%20BASE_URL;%20?%3E/asistencia/filtrar-asistencia
--------------------------------------------------------------------------------
[2026-03-04 12:52:58] [DEPRECATED] session_set_save_handler(): Providing individual callbacks instead of an object implementing SessionHandlerInterface is deprecated en C:\tools\nginx\html\sistema_biometrico\index.php línea 50
URI: /sistema_biometrico/%3C?php%20echo%20BASE_URL;%20?%3E/asistencia/estado-dispositivos
--------------------------------------------------------------------------------
[2026-03-04 12:52:58] [DEPRECATED] session_set_save_handler(): Providing individual callbacks instead of an object implementing SessionHandlerInterface is deprecated en C:\tools\nginx\html\sistema_biometrico\index.php línea 50
URI: /sistema_biometrico/api/log-error
--------------------------------------------------------------------------------
[2026-03-04 12:52:58] [EXCEPTION] Error
Mensaje: Cannot use object of type Closure as array
URI: /sistema_biometrico/api/log-error
#0 {main}
[2026-03-04 12:52:58] [DEPRECATED] session_set_save_handler(): Providing individual callbacks instead of an object implementing SessionHandlerInterface is deprecated en C:\tools\nginx\html\sistema_biometrico\index.php línea 50
URI: /sistema_biometrico/api/log-error
--------------------------------------------------------------------------------
[2026-03-04 12:52:58] [EXCEPTION] Error
Mensaje: Cannot use object of type Closure as array
URI: /sistema_biometrico/api/log-error
#0 {main}
[2026-03-04 12:52:58] [DEPRECATED] session_set_save_handler(): Providing individual callbacks instead of an object implementing SessionHandlerInterface is deprecated en C:\tools\nginx\html\sistema_biometrico\index.php línea 50
URI: /sistema_biometrico/api/log-error
--------------------------------------------------------------------------------
[2026-03-04 12:52:58] [EXCEPTION] Error
Mensaje: Cannot use object of type Closure as array
URI: /sistema_biometrico/api/log-error
#0 {main}
[2026-03-04 12:52:58] [DEPRECATED] session_set_save_handler(): Providing individual callbacks instead of an object implementing SessionHandlerInterface is deprecated en C:\tools\nginx\html\sistema_biometrico\index.php línea 50
URI: /sistema_biometrico/api/log-error
--------------------------------------------------------------------------------
[2026-03-04 12:52:58] [EXCEPTION] Error
Mensaje: Cannot use object of type Closure as array
URI: /sistema_biometrico/api/log-error
#0 {main}
[2026-03-04 12:53:09] [DEPRECATED] session_set_save_handler(): Providing individual callbacks instead of an object implementing SessionHandlerInterface is deprecated en C:\tools\nginx\html\sistema_biometrico\index.php línea 50
URI: /.well-known/appspecific/com.chrome.devtools.json
--------------------------------------------------------------------------------
[2026-03-04 12:54:01] [DEPRECATED] session_set_save_handler(): Providing individual callbacks instead of an object implementing SessionHandlerInterface is deprecated en C:\tools\nginx\html\sistema_biometrico\index.php línea 50
URI: /sistema_biometrico/asistencia
--------------------------------------------------------------------------------
[2026-03-04 12:54:01] [DEPRECATED] session_set_save_handler(): Providing individual callbacks instead of an object implementing SessionHandlerInterface is deprecated en C:\tools\nginx\html\sistema_biometrico\index.php línea 50
URI: /.well-known/appspecific/com.chrome.devtools.json
--------------------------------------------------------------------------------
[2026-03-04 12:54:01] [DEPRECATED] session_set_save_handler(): Providing individual callbacks instead of an object implementing SessionHandlerInterface is deprecated en C:\tools\nginx\html\sistema_biometrico\index.php línea 50
URI: /sistema_biometrico/%3C?php%20echo%20BASE_URL;%20?%3E/asistencia/filtrar-asistencia
--------------------------------------------------------------------------------
[2026-03-04 12:54:01] [DEPRECATED] session_set_save_handler(): Providing individual callbacks instead of an object implementing SessionHandlerInterface is deprecated en C:\tools\nginx\html\sistema_biometrico\index.php línea 50
URI: /sistema_biometrico/%3C?php%20echo%20BASE_URL;%20?%3E/asistencia/estado-dispositivos
--------------------------------------------------------------------------------
[2026-03-04 12:54:01] [DEPRECATED] session_set_save_handler(): Providing individual callbacks instead of an object implementing SessionHandlerInterface is deprecated en C:\tools\nginx\html\sistema_biometrico\index.php línea 50
URI: /sistema_biometrico/api/log-error
--------------------------------------------------------------------------------
[2026-03-04 12:54:01] [EXCEPTION] Error
Mensaje: Cannot use object of type Closure as array
URI: /sistema_biometrico/api/log-error
#0 {main}
[2026-03-04 12:54:01] [DEPRECATED] session_set_save_handler(): Providing individual callbacks instead of an object implementing SessionHandlerInterface is deprecated en C:\tools\nginx\html\sistema_biometrico\index.php línea 50
URI: /sistema_biometrico/api/log-error
--------------------------------------------------------------------------------
[2026-03-04 12:54:01] [EXCEPTION] Error
Mensaje: Cannot use object of type Closure as array
URI: /sistema_biometrico/api/log-error
#0 {main}
[2026-03-04 12:54:02] [DEPRECATED] session_set_save_handler(): Providing individual callbacks instead of an object implementing SessionHandlerInterface is deprecated en C:\tools\nginx\html\sistema_biometrico\index.php línea 50
URI: /sistema_biometrico/api/log-error
--------------------------------------------------------------------------------
[2026-03-04 12:54:02] [EXCEPTION] Error
Mensaje: Cannot use object of type Closure as array
URI: /sistema_biometrico/api/log-error
#0 {main}
[2026-03-04 12:54:02] [DEPRECATED] session_set_save_handler(): Providing individual callbacks instead of an object implementing SessionHandlerInterface is deprecated en C:\tools\nginx\html\sistema_biometrico\index.php línea 50
URI: /sistema_biometrico/api/log-error
--------------------------------------------------------------------------------
[2026-03-04 12:54:02] [EXCEPTION] Error
Mensaje: Cannot use object of type Closure as array
URI: /sistema_biometrico/api/log-error
#0 {main}
[2026-03-04 12:54:05] [DEPRECATED] session_set_save_handler(): Providing individual callbacks instead of an object implementing SessionHandlerInterface is deprecated en C:\tools\nginx\html\sistema_biometrico\index.php línea 50
URI: /sistema_biometrico/horarios
--------------------------------------------------------------------------------
[2026-03-04 12:54:05] [DEPRECATED] session_set_save_handler(): Providing individual callbacks instead of an object implementing SessionHandlerInterface is deprecated en C:\tools\nginx\html\sistema_biometrico\index.php línea 50
URI: /.well-known/appspecific/com.chrome.devtools.json
--------------------------------------------------------------------------------
[2026-03-04 12:54:07] [DEPRECATED] session_set_save_handler(): Providing individual callbacks instead of an object implementing SessionHandlerInterface is deprecated en C:\tools\nginx\html\sistema_biometrico\index.php línea 50
URI: /sistema_biometrico/asistencia
--------------------------------------------------------------------------------
[2026-03-04 12:54:07] [DEPRECATED] session_set_save_handler(): Providing individual callbacks instead of an object implementing SessionHandlerInterface is deprecated en C:\tools\nginx\html\sistema_biometrico\index.php línea 50
URI: /.well-known/appspecific/com.chrome.devtools.json
--------------------------------------------------------------------------------
[2026-03-04 12:54:07] [DEPRECATED] session_set_save_handler(): Providing individual callbacks instead of an object implementing SessionHandlerInterface is deprecated en C:\tools\nginx\html\sistema_biometrico\index.php línea 50
URI: /sistema_biometrico/%3C?php%20echo%20BASE_URL;%20?%3E/asistencia/estado-dispositivos
--------------------------------------------------------------------------------
[2026-03-04 12:54:07] [DEPRECATED] session_set_save_handler(): Providing individual callbacks instead of an object implementing SessionHandlerInterface is deprecated en C:\tools\nginx\html\sistema_biometrico\index.php línea 50
URI: /sistema_biometrico/%3C?php%20echo%20BASE_URL;%20?%3E/asistencia/filtrar-asistencia
--------------------------------------------------------------------------------
[2026-03-04 12:54:07] [DEPRECATED] session_set_save_handler(): Providing individual callbacks instead of an object implementing SessionHandlerInterface is deprecated en C:\tools\nginx\html\sistema_biometrico\index.php línea 50
URI: /sistema_biometrico/api/log-error
--------------------------------------------------------------------------------
[2026-03-04 12:54:07] [EXCEPTION] Error
Mensaje: Cannot use object of type Closure as array
URI: /sistema_biometrico/api/log-error
#0 {main}
[2026-03-04 12:54:07] [DEPRECATED] session_set_save_handler(): Providing individual callbacks instead of an object implementing SessionHandlerInterface is deprecated en C:\tools\nginx\html\sistema_biometrico\index.php línea 50
URI: /sistema_biometrico/api/log-error
--------------------------------------------------------------------------------
[2026-03-04 12:54:07] [EXCEPTION] Error
Mensaje: Cannot use object of type Closure as array
URI: /sistema_biometrico/api/log-error
#0 {main}
[2026-03-04 12:54:07] [DEPRECATED] session_set_save_handler(): Providing individual callbacks instead of an object implementing SessionHandlerInterface is deprecated en C:\tools\nginx\html\sistema_biometrico\index.php línea 50
URI: /sistema_biometrico/api/log-error
--------------------------------------------------------------------------------
[2026-03-04 12:54:07] [EXCEPTION] Error
Mensaje: Cannot use object of type Closure as array
URI: /sistema_biometrico/api/log-error
#0 {main}
[2026-03-04 12:54:07] [DEPRECATED] session_set_save_handler(): Providing individual callbacks instead of an object implementing SessionHandlerInterface is deprecated en C:\tools\nginx\html\sistema_biometrico\index.php línea 50
URI: /sistema_biometrico/api/log-error
--------------------------------------------------------------------------------
[2026-03-04 12:54:08] [EXCEPTION] Error
Mensaje: Cannot use object of type Closure as array
URI: /sistema_biometrico/api/log-error
#0 {main}
[2026-03-04 12:54:11] [DEPRECATED] session_set_save_handler(): Providing individual callbacks instead of an object implementing SessionHandlerInterface is deprecated en C:\tools\nginx\html\sistema_biometrico\index.php línea 50
URI: /sistema_biometrico/empleados
--------------------------------------------------------------------------------
[2026-03-04 12:54:11] [DEPRECATED] session_set_save_handler(): Providing individual callbacks instead of an object implementing SessionHandlerInterface is deprecated en C:\tools\nginx\html\sistema_biometrico\index.php línea 50
URI: /.well-known/appspecific/com.chrome.devtools.json
--------------------------------------------------------------------------------
[2026-03-04 12:54:12] [DEPRECATED] session_set_save_handler(): Providing individual callbacks instead of an object implementing SessionHandlerInterface is deprecated en C:\tools\nginx\html\sistema_biometrico\index.php línea 50
URI: /sistema_biometrico/empleados/datos-completos/1
--------------------------------------------------------------------------------
[2026-03-04 12:54:12] [DEPRECATED] session_set_save_handler(): Providing individual callbacks instead of an object implementing SessionHandlerInterface is deprecated en C:\tools\nginx\html\sistema_biometrico\index.php línea 50
URI: /sistema_biometrico/api/log-error
--------------------------------------------------------------------------------
[2026-03-04 12:54:12] [EXCEPTION] Error
Mensaje: Cannot use object of type Closure as array
URI: /sistema_biometrico/api/log-error
#0 {main}
[2026-03-04 12:55:07] [DEPRECATED] session_set_save_handler(): Providing individual callbacks instead of an object implementing SessionHandlerInterface is deprecated en C:\tools\nginx\html\sistema_biometrico\index.php línea 50
URI: /sistema_biometrico/notas-malas
--------------------------------------------------------------------------------
[2026-03-04 12:55:07] [DEPRECATED] session_set_save_handler(): Providing individual callbacks instead of an object implementing SessionHandlerInterface is deprecated en C:\tools\nginx\html\sistema_biometrico\index.php línea 50
URI: /.well-known/appspecific/com.chrome.devtools.json
--------------------------------------------------------------------------------
[2026-03-04 12:55:12] [DEPRECATED] session_set_save_handler(): Providing individual callbacks instead of an object implementing SessionHandlerInterface is deprecated en C:\tools\nginx\html\sistema_biometrico\index.php línea 50
URI: /sistema_biometrico/database
--------------------------------------------------------------------------------
[2026-03-04 12:55:12] [DEPRECATED] session_set_save_handler(): Providing individual callbacks instead of an object implementing SessionHandlerInterface is deprecated en C:\tools\nginx\html\sistema_biometrico\index.php línea 50
URI: /.well-known/appspecific/com.chrome.devtools.json
--------------------------------------------------------------------------------
[2026-03-04 12:55:12] [DEPRECATED] session_set_save_handler(): Providing individual callbacks instead of an object implementing SessionHandlerInterface is deprecated en C:\tools\nginx\html\sistema_biometrico\index.php línea 50
URI: /sistema_biometrico/database/foreignKeys
--------------------------------------------------------------------------------
[2026-03-04 12:55:13] [DEPRECATED] session_set_save_handler(): Providing individual callbacks instead of an object implementing SessionHandlerInterface is deprecated en C:\tools\nginx\html\sistema_biometrico\index.php línea 50
URI: /sistema_biometrico/database/listBackups
--------------------------------------------------------------------------------
[2026-03-04 12:56:02] [DEPRECATED] session_set_save_handler(): Providing individual callbacks instead of an object implementing SessionHandlerInterface is deprecated en C:\tools\nginx\html\sistema_biometrico\index.php línea 50
URI: /sistema_biometrico/database/deleteBackup
--------------------------------------------------------------------------------
[2026-03-04 12:56:02] [DEPRECATED] session_set_save_handler(): Providing individual callbacks instead of an object implementing SessionHandlerInterface is deprecated en C:\tools\nginx\html\sistema_biometrico\index.php línea 50
URI: /sistema_biometrico/database/listBackups
--------------------------------------------------------------------------------
[2026-03-04 12:56:02] [DEPRECATED] session_set_save_handler(): Providing individual callbacks instead of an object implementing SessionHandlerInterface is deprecated en C:\tools\nginx\html\sistema_biometrico\index.php línea 50
URI: /sistema_biometrico/database/listBackups
--------------------------------------------------------------------------------
[2026-03-04 12:56:02] [DEPRECATED] session_set_save_handler(): Providing individual callbacks instead of an object implementing SessionHandlerInterface is deprecated en C:\tools\nginx\html\sistema_biometrico\index.php línea 50
URI: /asistencia/estado-dispositivos
--------------------------------------------------------------------------------
[2026-03-04 12:56:38] [DEPRECATED] session_set_save_handler(): Providing individual callbacks instead of an object implementing SessionHandlerInterface is deprecated en C:\tools\nginx\html\sistema_biometrico\index.php línea 50
URI: /asistencia/estado-dispositivos
--------------------------------------------------------------------------------
[2026-03-04 12:56:38] [DEPRECATED] session_set_save_handler(): Providing individual callbacks instead of an object implementing SessionHandlerInterface is deprecated en C:\tools\nginx\html\sistema_biometrico\index.php línea 50
URI: /sistema_biometrico/login
--------------------------------------------------------------------------------
[2026-03-04 12:57:03] [DEPRECATED] session_set_save_handler(): Providing individual callbacks instead of an object implementing SessionHandlerInterface is deprecated en C:\tools\nginx\html\sistema_biometrico\index.php línea 50
URI: /sistema_biometrico/database
--------------------------------------------------------------------------------
[2026-03-04 12:57:03] [DEPRECATED] session_set_save_handler(): Providing individual callbacks instead of an object implementing SessionHandlerInterface is deprecated en C:\tools\nginx\html\sistema_biometrico\index.php línea 50
URI: /.well-known/appspecific/com.chrome.devtools.json
--------------------------------------------------------------------------------
[2026-03-04 12:57:03] [DEPRECATED] session_set_save_handler(): Providing individual callbacks instead of an object implementing SessionHandlerInterface is deprecated en C:\tools\nginx\html\sistema_biometrico\index.php línea 50
URI: /sistema_biometrico/database/foreignKeys
--------------------------------------------------------------------------------
[2026-03-04 12:57:04] [DEPRECATED] session_set_save_handler(): Providing individual callbacks instead of an object implementing SessionHandlerInterface is deprecated en C:\tools\nginx\html\sistema_biometrico\index.php línea 50
URI: /sistema_biometrico/database/listBackups
--------------------------------------------------------------------------------
[2026-03-04 12:57:06] [DEPRECATED] session_set_save_handler(): Providing individual callbacks instead of an object implementing SessionHandlerInterface is deprecated en C:\tools\nginx\html\sistema_biometrico\index.php línea 50
URI: /sistema_biometrico/empleados
--------------------------------------------------------------------------------
[2026-03-04 12:57:06] [DEPRECATED] session_set_save_handler(): Providing individual callbacks instead of an object implementing SessionHandlerInterface is deprecated en C:\tools\nginx\html\sistema_biometrico\index.php línea 50
URI: /.well-known/appspecific/com.chrome.devtools.json
--------------------------------------------------------------------------------
[2026-03-04 12:57:09] [DEPRECATED] session_set_save_handler(): Providing individual callbacks instead of an object implementing SessionHandlerInterface is deprecated en C:\tools\nginx\html\sistema_biometrico\index.php línea 50
URI: /sistema_biometrico/empleados?search=828
--------------------------------------------------------------------------------
[2026-03-04 12:57:09] [DEPRECATED] session_set_save_handler(): Providing individual callbacks instead of an object implementing SessionHandlerInterface is deprecated en C:\tools\nginx\html\sistema_biometrico\index.php línea 50
URI: /.well-known/appspecific/com.chrome.devtools.json
--------------------------------------------------------------------------------
[2026-03-04 12:57:11] [DEPRECATED] session_set_save_handler(): Providing individual callbacks instead of an object implementing SessionHandlerInterface is deprecated en C:\tools\nginx\html\sistema_biometrico\index.php línea 50
URI: /sistema_biometrico/empleados/datos-completos/828
--------------------------------------------------------------------------------
[2026-03-04 12:57:11] [DEPRECATED] session_set_save_handler(): Providing individual callbacks instead of an object implementing SessionHandlerInterface is deprecated en C:\tools\nginx\html\sistema_biometrico\index.php línea 50
URI: /sistema_biometrico/api/log-error
--------------------------------------------------------------------------------
[2026-03-04 12:57:11] [EXCEPTION] Error
Mensaje: Cannot use object of type Closure as array
URI: /sistema_biometrico/api/log-error
#0 {main}
[2026-03-04 12:57:26] [DEPRECATED] session_set_save_handler(): Providing individual callbacks instead of an object implementing SessionHandlerInterface is deprecated en C:\tools\nginx\html\sistema_biometrico\index.php línea 50
URI: /sistema_biometrico/configuracion
--------------------------------------------------------------------------------
[2026-03-04 12:57:26] [DEPRECATED] session_set_save_handler(): Providing individual callbacks instead of an object implementing SessionHandlerInterface is deprecated en C:\tools\nginx\html\sistema_biometrico\index.php línea 50
URI: /.well-known/appspecific/com.chrome.devtools.json
--------------------------------------------------------------------------------
[2026-03-04 12:57:26] [DEPRECATED] session_set_save_handler(): Providing individual callbacks instead of an object implementing SessionHandlerInterface is deprecated en C:\tools\nginx\html\sistema_biometrico\index.php línea 50
URI: /sistema_biometrico/configuracion/getRecentHistory
--------------------------------------------------------------------------------
[2026-03-04 12:57:49] [DEPRECATED] session_set_save_handler(): Providing individual callbacks instead of an object implementing SessionHandlerInterface is deprecated en C:\tools\nginx\html\sistema_biometrico\index.php línea 50
URI: /sistema_biometrico/configuracion/uploadZkteco
--------------------------------------------------------------------------------
[2026-03-04 12:57:51] [DEPRECATED] session_set_save_handler(): Providing individual callbacks instead of an object implementing SessionHandlerInterface is deprecated en C:\tools\nginx\html\sistema_biometrico\index.php línea 50
URI: /sistema_biometrico/configuracion/getRecentHistory
--------------------------------------------------------------------------------
[2026-03-04 13:01:04] [DEPRECATED] session_set_save_handler(): Providing individual callbacks instead of an object implementing SessionHandlerInterface is deprecated en C:\tools\nginx\html\sistema_biometrico\index.php línea 50
URI: /sistema_biometrico/configuracion
--------------------------------------------------------------------------------
[2026-03-04 13:01:04] [DEPRECATED] session_set_save_handler(): Providing individual callbacks instead of an object implementing SessionHandlerInterface is deprecated en C:\tools\nginx\html\sistema_biometrico\index.php línea 50
URI: /sistema_biometrico/configuracion/getRecentHistory
--------------------------------------------------------------------------------
[2026-03-04 13:01:05] [DEPRECATED] session_set_save_handler(): Providing individual callbacks instead of an object implementing SessionHandlerInterface is deprecated en C:\tools\nginx\html\sistema_biometrico\index.php línea 50
URI: /sistema_biometrico/configuracion
--------------------------------------------------------------------------------
[2026-03-04 13:01:05] [DEPRECATED] session_set_save_handler(): Providing individual callbacks instead of an object implementing SessionHandlerInterface is deprecated en C:\tools\nginx\html\sistema_biometrico\index.php línea 50
URI: /sistema_biometrico/configuracion/getRecentHistory
--------------------------------------------------------------------------------
[2026-03-04 13:01:05] [DEPRECATED] session_set_save_handler(): Providing individual callbacks instead of an object implementing SessionHandlerInterface is deprecated en C:\tools\nginx\html\sistema_biometrico\index.php línea 50
URI: /sistema_biometrico/configuracion
--------------------------------------------------------------------------------
[2026-03-04 13:01:05] [DEPRECATED] session_set_save_handler(): Providing individual callbacks instead of an object implementing SessionHandlerInterface is deprecated en C:\tools\nginx\html\sistema_biometrico\index.php línea 50
URI: /sistema_biometrico/configuracion/getRecentHistory
--------------------------------------------------------------------------------
[2026-03-04 13:01:11] [DEPRECATED] session_set_save_handler(): Providing individual callbacks instead of an object implementing SessionHandlerInterface is deprecated en C:\tools\nginx\html\sistema_biometrico\index.php línea 50
URI: /sistema_biometrico/configuracion/uploadZkteco
--------------------------------------------------------------------------------
[2026-03-04 13:01:14] [DEPRECATED] session_set_save_handler(): Providing individual callbacks instead of an object implementing SessionHandlerInterface is deprecated en C:\tools\nginx\html\sistema_biometrico\index.php línea 50
URI: /sistema_biometrico/configuracion/getRecentHistory
--------------------------------------------------------------------------------
[2026-03-04 13:05:09] [FATAL_ERROR] Uncaught PDOException: SQLSTATE[42000]: Syntax error or access violation: 1064 You have an error in your SQL syntax; check the manual that corresponds to your MariaDB server version for the right syntax to use near ')' at line 1 in Command line code:1
Stack trace:
#0 Command line code(1): PDO->query('SHOW TABLES LIK...')
#1 {main}
  thrown en Command line code línea 1
URI: N/A
--------------------------------------------------------------------------------
[2026-03-04 13:09:01] [WARNING] Undefined array key "tipo_registro" en C:\tools\nginx\html\sistema_biometrico\debug_parser.php línea 48
URI: N/A
--------------------------------------------------------------------------------
[2026-03-04 13:09:01] [WARNING] Undefined array key "tipo_registro" en C:\tools\nginx\html\sistema_biometrico\debug_parser.php línea 48
URI: N/A
--------------------------------------------------------------------------------
[2026-03-04 13:09:01] [WARNING] Undefined array key "tipo_registro" en C:\tools\nginx\html\sistema_biometrico\debug_parser.php línea 48
URI: N/A
--------------------------------------------------------------------------------
[2026-03-04 13:09:01] [WARNING] Undefined array key "tipo_registro" en C:\tools\nginx\html\sistema_biometrico\debug_parser.php línea 48
URI: N/A
--------------------------------------------------------------------------------
[2026-03-04 13:09:01] [WARNING] Undefined array key "tipo_registro" en C:\tools\nginx\html\sistema_biometrico\debug_parser.php línea 48
URI: N/A
--------------------------------------------------------------------------------
[2026-03-04 13:10:20] [DEPRECATED] session_set_save_handler(): Providing individual callbacks instead of an object implementing SessionHandlerInterface is deprecated en C:\tools\nginx\html\sistema_biometrico\index.php línea 50
URI: /sistema_biometrico/configuracion
--------------------------------------------------------------------------------
[2026-03-04 13:10:20] [DEPRECATED] session_set_save_handler(): Providing individual callbacks instead of an object implementing SessionHandlerInterface is deprecated en C:\tools\nginx\html\sistema_biometrico\index.php línea 50
URI: /sistema_biometrico/configuracion/getRecentHistory
--------------------------------------------------------------------------------
[2026-03-04 13:10:26] [DEPRECATED] session_set_save_handler(): Providing individual callbacks instead of an object implementing SessionHandlerInterface is deprecated en C:\tools\nginx\html\sistema_biometrico\index.php línea 50
URI: /sistema_biometrico/configuracion/uploadZkteco
--------------------------------------------------------------------------------
[2026-03-04 13:10:39] [DEPRECATED] session_set_save_handler(): Providing individual callbacks instead of an object implementing SessionHandlerInterface is deprecated en C:\tools\nginx\html\sistema_biometrico\index.php línea 50
URI: /sistema_biometrico/configuracion/getRecentHistory
--------------------------------------------------------------------------------
[2026-03-04 13:11:46] [DEPRECATED] session_set_save_handler(): Providing individual callbacks instead of an object implementing SessionHandlerInterface is deprecated en C:\tools\nginx\html\sistema_biometrico\index.php línea 50
URI: /sistema_biometrico/configuracion/uploadZkteco
--------------------------------------------------------------------------------
[2026-03-04 13:14:08] [DEPRECATED] session_set_save_handler(): Providing individual callbacks instead of an object implementing SessionHandlerInterface is deprecated en C:\tools\nginx\html\sistema_biometrico\index.php línea 50
URI: /.well-known/appspecific/com.chrome.devtools.json
--------------------------------------------------------------------------------
[2026-03-04 13:14:08] [DEPRECATED] session_set_save_handler(): Providing individual callbacks instead of an object implementing SessionHandlerInterface is deprecated en C:\tools\nginx\html\sistema_biometrico\index.php línea 50
URI: /.well-known/appspecific/com.chrome.devtools.json
--------------------------------------------------------------------------------
[2026-03-04 13:14:08] [DEPRECATED] session_set_save_handler(): Providing individual callbacks instead of an object implementing SessionHandlerInterface is deprecated en C:\tools\nginx\html\sistema_biometrico\index.php línea 50
URI: /sistema_biometrico/configuracion/getRecentHistory
--------------------------------------------------------------------------------
[2026-03-04 13:14:18] [DEPRECATED] session_set_save_handler(): Providing individual callbacks instead of an object implementing SessionHandlerInterface is deprecated en C:\tools\nginx\html\sistema_biometrico\index.php línea 50
URI: /sistema_biometrico/empleados
--------------------------------------------------------------------------------
[2026-03-04 13:14:23] [DEPRECATED] session_set_save_handler(): Providing individual callbacks instead of an object implementing SessionHandlerInterface is deprecated en C:\tools\nginx\html\sistema_biometrico\index.php línea 50
URI: /sistema_biometrico/empleados?search=navarro
--------------------------------------------------------------------------------
[2026-03-04 13:14:25] [DEPRECATED] session_set_save_handler(): Providing individual callbacks instead of an object implementing SessionHandlerInterface is deprecated en C:\tools\nginx\html\sistema_biometrico\index.php línea 50
URI: /sistema_biometrico/empleados/datos-completos/18
--------------------------------------------------------------------------------
[2026-03-04 13:14:25] [DEPRECATED] session_set_save_handler(): Providing individual callbacks instead of an object implementing SessionHandlerInterface is deprecated en C:\tools\nginx\html\sistema_biometrico\index.php línea 50
URI: /sistema_biometrico/api/log-error
--------------------------------------------------------------------------------
[2026-03-04 13:14:25] [EXCEPTION] Error
Mensaje: Cannot use object of type Closure as array
URI: /sistema_biometrico/api/log-error
#0 {main}
[2026-03-04 13:14:53] [DEPRECATED] session_set_save_handler(): Providing individual callbacks instead of an object implementing SessionHandlerInterface is deprecated en C:\tools\nginx\html\sistema_biometrico\index.php línea 50
URI: /sistema_biometrico/empleados/datos-completos/18
--------------------------------------------------------------------------------
[2026-03-04 13:14:53] [DEPRECATED] session_set_save_handler(): Providing individual callbacks instead of an object implementing SessionHandlerInterface is deprecated en C:\tools\nginx\html\sistema_biometrico\index.php línea 50
URI: /sistema_biometrico/api/log-error
--------------------------------------------------------------------------------
[2026-03-04 13:14:53] [EXCEPTION] Error
Mensaje: Cannot use object of type Closure as array
URI: /sistema_biometrico/api/log-error
#0 {main}
[2026-03-04 13:16:18] [DEPRECATED] session_set_save_handler(): Providing individual callbacks instead of an object implementing SessionHandlerInterface is deprecated en C:\tools\nginx\html\sistema_biometrico\index.php línea 50
URI: /sistema_biometrico/empleados/datos-completos/18
--------------------------------------------------------------------------------
[2026-03-04 13:16:18] [DEPRECATED] session_set_save_handler(): Providing individual callbacks instead of an object implementing SessionHandlerInterface is deprecated en C:\tools\nginx\html\sistema_biometrico\index.php línea 50
URI: /sistema_biometrico/api/log-error
--------------------------------------------------------------------------------
[2026-03-04 13:16:18] [EXCEPTION] Error
Mensaje: Cannot use object of type Closure as array
URI: /sistema_biometrico/api/log-error
#0 {main}
[2026-03-04 13:29:28] [DEPRECATED] session_set_save_handler(): Providing individual callbacks instead of an object implementing SessionHandlerInterface is deprecated en C:\tools\nginx\html\sistema_biometrico\index.php línea 50
URI: /sistema_biometrico/empleados/datos-completos/18
--------------------------------------------------------------------------------
[2026-03-04 13:29:28] [DEPRECATED] session_set_save_handler(): Providing individual callbacks instead of an object implementing SessionHandlerInterface is deprecated en C:\tools\nginx\html\sistema_biometrico\index.php línea 50
URI: /sistema_biometrico/api/log-error
--------------------------------------------------------------------------------
[2026-03-04 13:29:28] [EXCEPTION] Error
Mensaje: Cannot use object of type Closure as array
URI: /sistema_biometrico/api/log-error
#0 {main}
[2026-03-04 13:32:16] [DEPRECATED] session_set_save_handler(): Providing individual callbacks instead of an object implementing SessionHandlerInterface is deprecated en C:\tools\nginx\html\sistema_biometrico\index.php línea 50
URI: /sistema_biometrico/empleados?search=navarro
--------------------------------------------------------------------------------
[2026-03-04 13:32:16] [DEPRECATED] session_set_save_handler(): Providing individual callbacks instead of an object implementing SessionHandlerInterface is deprecated en C:\tools\nginx\html\sistema_biometrico\index.php línea 50
URI: /sistema_biometrico/login
--------------------------------------------------------------------------------
[2026-03-04 13:33:28] [DEPRECATED] session_set_save_handler(): Providing individual callbacks instead of an object implementing SessionHandlerInterface is deprecated en C:\tools\nginx\html\sistema_biometrico\index.php línea 50
URI: /sistema_biometrico/login
--------------------------------------------------------------------------------
[2026-03-04 13:33:28] [DEPRECATED] session_set_save_handler(): Providing individual callbacks instead of an object implementing SessionHandlerInterface is deprecated en C:\tools\nginx\html\sistema_biometrico\index.php línea 50
URI: /sistema_biometrico/dashboard
--------------------------------------------------------------------------------
[2026-03-04 13:33:31] [EXCEPTION] PDOException
Contexto: {"action":"index","section":"comisiones"}
Mensaje: SQLSTATE[42S22]: Column not found: 1054 Unknown column 'monto' in 'SELECT'
URI: /sistema_biometrico/dashboard
Archivo: C:\tools\nginx\html\sistema_biometrico\models\Comision.php Línea: 116
#0 C:\tools\nginx\html\sistema_biometrico\models\Comision.php(116): PDO->prepare('SELECT SUM(mont...')
#1 C:\tools\nginx\html\sistema_biometrico\controllers\DashboardController.php(81): Comision->getTotalComisiones(NULL, '03', '2026')
#2 C:\tools\nginx\html\sistema_biometrico\index.php(167): DashboardController->index()
#3 {main}
--------------------------------------------------------------------------------
[2026-03-04 13:33:34] [DEPRECATED] session_set_save_handler(): Providing individual callbacks instead of an object implementing SessionHandlerInterface is deprecated en C:\tools\nginx\html\sistema_biometrico\index.php línea 50
URI: /sistema_biometrico/empleados
--------------------------------------------------------------------------------
[2026-03-04 13:33:45] [DEPRECATED] session_set_save_handler(): Providing individual callbacks instead of an object implementing SessionHandlerInterface is deprecated en C:\tools\nginx\html\sistema_biometrico\index.php línea 50
URI: /sistema_biometrico/empleados?search=navarro
--------------------------------------------------------------------------------
[2026-03-04 13:33:46] [DEPRECATED] session_set_save_handler(): Providing individual callbacks instead of an object implementing SessionHandlerInterface is deprecated en C:\tools\nginx\html\sistema_biometrico\index.php línea 50
URI: /sistema_biometrico/empleados/datos-completos/18
--------------------------------------------------------------------------------
[2026-03-04 13:33:47] [DEPRECATED] session_set_save_handler(): Providing individual callbacks instead of an object implementing SessionHandlerInterface is deprecated en C:\tools\nginx\html\sistema_biometrico\index.php línea 50
URI: /sistema_biometrico/api/log-error
--------------------------------------------------------------------------------
[2026-03-04 13:33:47] [EXCEPTION] Error
Mensaje: Cannot use object of type Closure as array
URI: /sistema_biometrico/api/log-error
#0 {main}
[2026-03-04 13:35:19] [DEPRECATED] session_set_save_handler(): Providing individual callbacks instead of an object implementing SessionHandlerInterface is deprecated en C:\tools\nginx\html\sistema_biometrico\index.php línea 50
URI: /sistema_biometrico/empleados?search=ascencion
--------------------------------------------------------------------------------
[2026-03-04 13:35:21] [DEPRECATED] session_set_save_handler(): Providing individual callbacks instead of an object implementing SessionHandlerInterface is deprecated en C:\tools\nginx\html\sistema_biometrico\index.php línea 50
URI: /sistema_biometrico/empleados/datos-completos/527
--------------------------------------------------------------------------------
[2026-03-04 13:35:21] [DEPRECATED] session_set_save_handler(): Providing individual callbacks instead of an object implementing SessionHandlerInterface is deprecated en C:\tools\nginx\html\sistema_biometrico\index.php línea 50
URI: /sistema_biometrico/api/log-error
--------------------------------------------------------------------------------
[2026-03-04 13:35:21] [EXCEPTION] Error
Mensaje: Cannot use object of type Closure as array
URI: /sistema_biometrico/api/log-error
#0 {main}
[2026-03-04 13:36:04] [DEPRECATED] session_set_save_handler(): Providing individual callbacks instead of an object implementing SessionHandlerInterface is deprecated en C:\tools\nginx\html\sistema_biometrico\index.php línea 50
URI: /sistema_biometrico/configuracion
--------------------------------------------------------------------------------
[2026-03-04 13:36:04] [DEPRECATED] session_set_save_handler(): Providing individual callbacks instead of an object implementing SessionHandlerInterface is deprecated en C:\tools\nginx\html\sistema_biometrico\index.php línea 50
URI: /sistema_biometrico/configuracion/getRecentHistory
--------------------------------------------------------------------------------
[2026-03-04 13:36:14] [DEPRECATED] session_set_save_handler(): Providing individual callbacks instead of an object implementing SessionHandlerInterface is deprecated en C:\tools\nginx\html\sistema_biometrico\index.php línea 50
URI: /sistema_biometrico/configuracion/uploadZkteco
--------------------------------------------------------------------------------
[2026-03-04 13:36:27] [DEPRECATED] session_set_save_handler(): Providing individual callbacks instead of an object implementing SessionHandlerInterface is deprecated en C:\tools\nginx\html\sistema_biometrico\index.php línea 50
URI: /sistema_biometrico/configuracion/getRecentHistory
--------------------------------------------------------------------------------
[2026-03-04 13:36:36] [DEPRECATED] session_set_save_handler(): Providing individual callbacks instead of an object implementing SessionHandlerInterface is deprecated en C:\tools\nginx\html\sistema_biometrico\index.php línea 50
URI: /sistema_biometrico/empleados
--------------------------------------------------------------------------------
[2026-03-04 13:36:41] [DEPRECATED] session_set_save_handler(): Providing individual callbacks instead of an object implementing SessionHandlerInterface is deprecated en C:\tools\nginx\html\sistema_biometrico\index.php línea 50
URI: /sistema_biometrico/empleados?search=ascencion
--------------------------------------------------------------------------------
[2026-03-04 13:36:42] [DEPRECATED] session_set_save_handler(): Providing individual callbacks instead of an object implementing SessionHandlerInterface is deprecated en C:\tools\nginx\html\sistema_biometrico\index.php línea 50
URI: /sistema_biometrico/empleados/datos-completos/527
--------------------------------------------------------------------------------
[2026-03-04 13:36:43] [DEPRECATED] session_set_save_handler(): Providing individual callbacks instead of an object implementing SessionHandlerInterface is deprecated en C:\tools\nginx\html\sistema_biometrico\index.php línea 50
URI: /sistema_biometrico/api/log-error
--------------------------------------------------------------------------------
[2026-03-04 13:36:43] [EXCEPTION] Error
Mensaje: Cannot use object of type Closure as array
URI: /sistema_biometrico/api/log-error
#0 {main}
[2026-03-04 13:37:55] [DEPRECATED] session_set_save_handler(): Providing individual callbacks instead of an object implementing SessionHandlerInterface is deprecated en C:\tools\nginx\html\sistema_biometrico\index.php línea 50
URI: /sistema_biometrico/empleados?search=cisneros
--------------------------------------------------------------------------------
[2026-03-04 13:37:57] [DEPRECATED] session_set_save_handler(): Providing individual callbacks instead of an object implementing SessionHandlerInterface is deprecated en C:\tools\nginx\html\sistema_biometrico\index.php línea 50
URI: /sistema_biometrico/empleados/datos-completos/87
--------------------------------------------------------------------------------
[2026-03-04 13:37:57] [DEPRECATED] session_set_save_handler(): Providing individual callbacks instead of an object implementing SessionHandlerInterface is deprecated en C:\tools\nginx\html\sistema_biometrico\index.php línea 50
URI: /sistema_biometrico/api/log-error
--------------------------------------------------------------------------------
[2026-03-04 13:37:57] [EXCEPTION] Error
Mensaje: Cannot use object of type Closure as array
URI: /sistema_biometrico/api/log-error
#0 {main}
[2026-03-04 13:48:54] [DEPRECATED] session_set_save_handler(): Providing individual callbacks instead of an object implementing SessionHandlerInterface is deprecated en C:\tools\nginx\html\sistema_biometrico\index.php línea 50
URI: /sistema_biometrico/logout
--------------------------------------------------------------------------------
[2026-03-04 13:48:54] [DEPRECATED] session_set_save_handler(): Providing individual callbacks instead of an object implementing SessionHandlerInterface is deprecated en C:\tools\nginx\html\sistema_biometrico\index.php línea 50
URI: /sistema_biometrico/login
--------------------------------------------------------------------------------
[2026-03-04 13:56:43] [DEPRECATED] session_set_save_handler(): Providing individual callbacks instead of an object implementing SessionHandlerInterface is deprecated en C:\tools\nginx\html\sistema_biometrico\index.php línea 50
URI: /sistema_biometrico
--------------------------------------------------------------------------------
[2026-03-04 13:56:43] [DEPRECATED] session_set_save_handler(): Providing individual callbacks instead of an object implementing SessionHandlerInterface is deprecated en C:\tools\nginx\html\sistema_biometrico\index.php línea 50
URI: /sistema_biometrico/login
--------------------------------------------------------------------------------
[2026-03-04 13:56:43] [DEPRECATED] session_set_save_handler(): Providing individual callbacks instead of an object implementing SessionHandlerInterface is deprecated en C:\tools\nginx\html\sistema_biometrico\index.php línea 50
URI: /sistema_biometrico/api/log-error
--------------------------------------------------------------------------------
[2026-03-04 13:56:43] [DEPRECATED] session_set_save_handler(): Providing individual callbacks instead of an object implementing SessionHandlerInterface is deprecated en C:\tools\nginx\html\sistema_biometrico\index.php línea 50
URI: /sistema_biometrico/login
--------------------------------------------------------------------------------
[2026-03-04 13:56:46] [DEPRECATED] session_set_save_handler(): Providing individual callbacks instead of an object implementing SessionHandlerInterface is deprecated en C:\tools\nginx\html\sistema_biometrico\index.php línea 50
URI: /sistema_biometrico/login
--------------------------------------------------------------------------------
[2026-03-04 13:56:54] [DEPRECATED] session_set_save_handler(): Providing individual callbacks instead of an object implementing SessionHandlerInterface is deprecated en C:\tools\nginx\html\sistema_biometrico\index.php línea 50
URI: /sistema_biometrico/login
--------------------------------------------------------------------------------
[2026-03-04 13:56:54] [DEPRECATED] session_set_save_handler(): Providing individual callbacks instead of an object implementing SessionHandlerInterface is deprecated en C:\tools\nginx\html\sistema_biometrico\index.php línea 50
URI: /sistema_biometrico/dashboard
--------------------------------------------------------------------------------
[2026-03-04 13:56:58] [EXCEPTION] PDOException
Contexto: {"action":"index","section":"comisiones"}
Mensaje: SQLSTATE[42S22]: Column not found: 1054 Unknown column 'monto' in 'SELECT'
URI: /sistema_biometrico/dashboard
Archivo: C:\tools\nginx\html\sistema_biometrico\models\Comision.php Línea: 116
#0 C:\tools\nginx\html\sistema_biometrico\models\Comision.php(116): PDO->prepare('SELECT SUM(mont...')
#1 C:\tools\nginx\html\sistema_biometrico\controllers\DashboardController.php(81): Comision->getTotalComisiones(NULL, '03', '2026')
#2 C:\tools\nginx\html\sistema_biometrico\index.php(167): DashboardController->index()
#3 {main}
--------------------------------------------------------------------------------
[2026-03-04 13:57:09] [DEPRECATED] session_set_save_handler(): Providing individual callbacks instead of an object implementing SessionHandlerInterface is deprecated en C:\tools\nginx\html\sistema_biometrico\index.php línea 50
URI: /empleados
--------------------------------------------------------------------------------
[2026-03-04 13:57:14] [DEPRECATED] session_set_save_handler(): Providing individual callbacks instead of an object implementing SessionHandlerInterface is deprecated en C:\tools\nginx\html\sistema_biometrico\index.php línea 50
URI: /sistema_biometrico/empleados?search=navarro
--------------------------------------------------------------------------------
[2026-03-04 13:57:17] [DEPRECATED] session_set_save_handler(): Providing individual callbacks instead of an object implementing SessionHandlerInterface is deprecated en C:\tools\nginx\html\sistema_biometrico\index.php línea 50
URI: /sistema_biometrico/empleados/datos-completos/18
--------------------------------------------------------------------------------
[2026-03-04 13:57:17] [DEPRECATED] session_set_save_handler(): Providing individual callbacks instead of an object implementing SessionHandlerInterface is deprecated en C:\tools\nginx\html\sistema_biometrico\index.php línea 50
URI: /sistema_biometrico/api/log-error
--------------------------------------------------------------------------------
[2026-03-04 13:57:17] [EXCEPTION] Error
Mensaje: Cannot use object of type Closure as array
URI: /sistema_biometrico/api/log-error
#0 {main}
[2026-03-04 13:57:34] [DEPRECATED] session_set_save_handler(): Providing individual callbacks instead of an object implementing SessionHandlerInterface is deprecated en C:\tools\nginx\html\sistema_biometrico\index.php línea 50
URI: /sistema_biometrico/configuracion
--------------------------------------------------------------------------------
[2026-03-04 13:57:34] [DEPRECATED] session_set_save_handler(): Providing individual callbacks instead of an object implementing SessionHandlerInterface is deprecated en C:\tools\nginx\html\sistema_biometrico\index.php línea 50
URI: /sistema_biometrico/configuracion/getRecentHistory
--------------------------------------------------------------------------------
[2026-03-04 13:57:42] [DEPRECATED] session_set_save_handler(): Providing individual callbacks instead of an object implementing SessionHandlerInterface is deprecated en C:\tools\nginx\html\sistema_biometrico\index.php línea 50
URI: /sistema_biometrico/configuracion/uploadZkteco
--------------------------------------------------------------------------------
[2026-03-04 13:57:44] [DEPRECATED] session_set_save_handler(): Providing individual callbacks instead of an object implementing SessionHandlerInterface is deprecated en C:\tools\nginx\html\sistema_biometrico\index.php línea 50
URI: /sistema_biometrico/configuracion/getRecentHistory
--------------------------------------------------------------------------------
[2026-03-04 14:00:20] [DEPRECATED] session_set_save_handler(): Providing individual callbacks instead of an object implementing SessionHandlerInterface is deprecated en C:\tools\nginx\html\sistema_biometrico\index.php línea 50
URI: /sistema_biometrico/configuracion
--------------------------------------------------------------------------------
[2026-03-04 14:00:20] [DEPRECATED] session_set_save_handler(): Providing individual callbacks instead of an object implementing SessionHandlerInterface is deprecated en C:\tools\nginx\html\sistema_biometrico\index.php línea 50
URI: /sistema_biometrico/configuracion/getRecentHistory
--------------------------------------------------------------------------------
[2026-03-04 14:00:29] [DEPRECATED] session_set_save_handler(): Providing individual callbacks instead of an object implementing SessionHandlerInterface is deprecated en C:\tools\nginx\html\sistema_biometrico\index.php línea 50
URI: /sistema_biometrico/configuracion/uploadZkteco
--------------------------------------------------------------------------------
[2026-03-04 14:00:32] [DEPRECATED] session_set_save_handler(): Providing individual callbacks instead of an object implementing SessionHandlerInterface is deprecated en C:\tools\nginx\html\sistema_biometrico\index.php línea 50
URI: /sistema_biometrico/configuracion/getRecentHistory
--------------------------------------------------------------------------------
[2026-03-04 14:05:54] [DEPRECATED] session_set_save_handler(): Providing individual callbacks instead of an object implementing SessionHandlerInterface is deprecated en C:\tools\nginx\html\sistema_biometrico\index.php línea 50
URI: /sistema_biometrico/configuracion
--------------------------------------------------------------------------------
[2026-03-04 14:05:54] [DEPRECATED] session_set_save_handler(): Providing individual callbacks instead of an object implementing SessionHandlerInterface is deprecated en C:\tools\nginx\html\sistema_biometrico\index.php línea 50
URI: /sistema_biometrico/configuracion/getRecentHistory
--------------------------------------------------------------------------------
[2026-03-04 14:05:55] [DEPRECATED] session_set_save_handler(): Providing individual callbacks instead of an object implementing SessionHandlerInterface is deprecated en C:\tools\nginx\html\sistema_biometrico\index.php línea 50
URI: /sistema_biometrico/configuracion
--------------------------------------------------------------------------------
[2026-03-04 14:05:55] [DEPRECATED] session_set_save_handler(): Providing individual callbacks instead of an object implementing SessionHandlerInterface is deprecated en C:\tools\nginx\html\sistema_biometrico\index.php línea 50
URI: /sistema_biometrico/configuracion/getRecentHistory
--------------------------------------------------------------------------------
[2026-03-04 14:05:55] [DEPRECATED] session_set_save_handler(): Providing individual callbacks instead of an object implementing SessionHandlerInterface is deprecated en C:\tools\nginx\html\sistema_biometrico\index.php línea 50
URI: /sistema_biometrico/configuracion
--------------------------------------------------------------------------------
[2026-03-04 14:05:55] [DEPRECATED] session_set_save_handler(): Providing individual callbacks instead of an object implementing SessionHandlerInterface is deprecated en C:\tools\nginx\html\sistema_biometrico\index.php línea 50
URI: /sistema_biometrico/configuracion/getRecentHistory
--------------------------------------------------------------------------------
[2026-03-04 14:05:55] [DEPRECATED] session_set_save_handler(): Providing individual callbacks instead of an object implementing SessionHandlerInterface is deprecated en C:\tools\nginx\html\sistema_biometrico\index.php línea 50
URI: /sistema_biometrico/configuracion
--------------------------------------------------------------------------------
[2026-03-04 14:05:55] [DEPRECATED] session_set_save_handler(): Providing individual callbacks instead of an object implementing SessionHandlerInterface is deprecated en C:\tools\nginx\html\sistema_biometrico\index.php línea 50
URI: /sistema_biometrico/configuracion/getRecentHistory
--------------------------------------------------------------------------------
[2026-03-04 14:05:55] [DEPRECATED] session_set_save_handler(): Providing individual callbacks instead of an object implementing SessionHandlerInterface is deprecated en C:\tools\nginx\html\sistema_biometrico\index.php línea 50
URI: /sistema_biometrico/configuracion
--------------------------------------------------------------------------------
[2026-03-04 14:05:56] [DEPRECATED] session_set_save_handler(): Providing individual callbacks instead of an object implementing SessionHandlerInterface is deprecated en C:\tools\nginx\html\sistema_biometrico\index.php línea 50
URI: /sistema_biometrico/configuracion/getRecentHistory
--------------------------------------------------------------------------------
[2026-03-04 14:05:56] [DEPRECATED] session_set_save_handler(): Providing individual callbacks instead of an object implementing SessionHandlerInterface is deprecated en C:\tools\nginx\html\sistema_biometrico\index.php línea 50
URI: /sistema_biometrico/configuracion
--------------------------------------------------------------------------------
[2026-03-04 14:05:56] [DEPRECATED] session_set_save_handler(): Providing individual callbacks instead of an object implementing SessionHandlerInterface is deprecated en C:\tools\nginx\html\sistema_biometrico\index.php línea 50
URI: /sistema_biometrico/configuracion/getRecentHistory
--------------------------------------------------------------------------------
[2026-03-04 14:05:56] [DEPRECATED] session_set_save_handler(): Providing individual callbacks instead of an object implementing SessionHandlerInterface is deprecated en C:\tools\nginx\html\sistema_biometrico\index.php línea 50
URI: /sistema_biometrico/configuracion
--------------------------------------------------------------------------------
[2026-03-04 14:05:56] [DEPRECATED] session_set_save_handler(): Providing individual callbacks instead of an object implementing SessionHandlerInterface is deprecated en C:\tools\nginx\html\sistema_biometrico\index.php línea 50
URI: /sistema_biometrico/configuracion/getRecentHistory
--------------------------------------------------------------------------------
[2026-03-04 14:05:56] [DEPRECATED] session_set_save_handler(): Providing individual callbacks instead of an object implementing SessionHandlerInterface is deprecated en C:\tools\nginx\html\sistema_biometrico\index.php línea 50
URI: /sistema_biometrico/configuracion
--------------------------------------------------------------------------------
[2026-03-04 14:05:56] [DEPRECATED] session_set_save_handler(): Providing individual callbacks instead of an object implementing SessionHandlerInterface is deprecated en C:\tools\nginx\html\sistema_biometrico\index.php línea 50
URI: /sistema_biometrico/configuracion/getRecentHistory
--------------------------------------------------------------------------------
[2026-03-04 14:05:56] [DEPRECATED] session_set_save_handler(): Providing individual callbacks instead of an object implementing SessionHandlerInterface is deprecated en C:\tools\nginx\html\sistema_biometrico\index.php línea 50
URI: /sistema_biometrico/configuracion
--------------------------------------------------------------------------------
[2026-03-04 14:05:56] [DEPRECATED] session_set_save_handler(): Providing individual callbacks instead of an object implementing SessionHandlerInterface is deprecated en C:\tools\nginx\html\sistema_biometrico\index.php línea 50
URI: /sistema_biometrico/configuracion/getRecentHistory
--------------------------------------------------------------------------------
[2026-03-04 14:05:56] [DEPRECATED] session_set_save_handler(): Providing individual callbacks instead of an object implementing SessionHandlerInterface is deprecated en C:\tools\nginx\html\sistema_biometrico\index.php línea 50
URI: /sistema_biometrico/configuracion
--------------------------------------------------------------------------------
[2026-03-04 14:05:56] [DEPRECATED] session_set_save_handler(): Providing individual callbacks instead of an object implementing SessionHandlerInterface is deprecated en C:\tools\nginx\html\sistema_biometrico\index.php línea 50
URI: /sistema_biometrico/configuracion/getRecentHistory
--------------------------------------------------------------------------------
[2026-03-04 14:05:57] [DEPRECATED] session_set_save_handler(): Providing individual callbacks instead of an object implementing SessionHandlerInterface is deprecated en C:\tools\nginx\html\sistema_biometrico\index.php línea 50
URI: /sistema_biometrico/configuracion
--------------------------------------------------------------------------------
[2026-03-04 14:05:57] [DEPRECATED] session_set_save_handler(): Providing individual callbacks instead of an object implementing SessionHandlerInterface is deprecated en C:\tools\nginx\html\sistema_biometrico\index.php línea 50
URI: /sistema_biometrico/configuracion/getRecentHistory
--------------------------------------------------------------------------------
[2026-03-04 14:06:04] [DEPRECATED] session_set_save_handler(): Providing individual callbacks instead of an object implementing SessionHandlerInterface is deprecated en C:\tools\nginx\html\sistema_biometrico\index.php línea 50
URI: /sistema_biometrico/configuracion/uploadZkteco
--------------------------------------------------------------------------------
[2026-03-04 14:06:07] [DEPRECATED] session_set_save_handler(): Providing individual callbacks instead of an object implementing SessionHandlerInterface is deprecated en C:\tools\nginx\html\sistema_biometrico\index.php línea 50
URI: /sistema_biometrico/configuracion/getRecentHistory
--------------------------------------------------------------------------------
[2026-03-04 14:08:29] [DEPRECATED] session_set_save_handler(): Providing individual callbacks instead of an object implementing SessionHandlerInterface is deprecated en C:\tools\nginx\html\sistema_biometrico\index.php línea 50
URI: /sistema_biometrico/configuracion
--------------------------------------------------------------------------------
[2026-03-04 14:08:29] [DEPRECATED] session_set_save_handler(): Providing individual callbacks instead of an object implementing SessionHandlerInterface is deprecated en C:\tools\nginx\html\sistema_biometrico\index.php línea 50
URI: /sistema_biometrico/configuracion/getRecentHistory
--------------------------------------------------------------------------------
[2026-03-04 14:09:10] [DEPRECATED] session_set_save_handler(): Providing individual callbacks instead of an object implementing SessionHandlerInterface is deprecated en C:\tools\nginx\html\sistema_biometrico\index.php línea 50
URI: /sistema_biometrico/logout
--------------------------------------------------------------------------------
[2026-03-04 14:09:10] [DEPRECATED] session_set_save_handler(): Providing individual callbacks instead of an object implementing SessionHandlerInterface is deprecated en C:\tools\nginx\html\sistema_biometrico\index.php línea 50
URI: /sistema_biometrico/login
--------------------------------------------------------------------------------
[2026-03-04 14:15:58] [DEPRECATED] session_set_save_handler(): Providing individual callbacks instead of an object implementing SessionHandlerInterface is deprecated en C:\tools\nginx\html\sistema_biometrico\index.php línea 50
URI: /sistema_biometrico
--------------------------------------------------------------------------------
[2026-03-04 14:15:58] [DEPRECATED] session_set_save_handler(): Providing individual callbacks instead of an object implementing SessionHandlerInterface is deprecated en C:\tools\nginx\html\sistema_biometrico\index.php línea 50
URI: /sistema_biometrico/login
--------------------------------------------------------------------------------
[2026-03-04 14:15:58] [DEPRECATED] session_set_save_handler(): Providing individual callbacks instead of an object implementing SessionHandlerInterface is deprecated en C:\tools\nginx\html\sistema_biometrico\index.php línea 50
URI: /sistema_biometrico/api/log-error
--------------------------------------------------------------------------------
[2026-03-04 14:15:58] [DEPRECATED] session_set_save_handler(): Providing individual callbacks instead of an object implementing SessionHandlerInterface is deprecated en C:\tools\nginx\html\sistema_biometrico\index.php línea 50
URI: /sistema_biometrico/login
--------------------------------------------------------------------------------
[2026-03-04 14:16:00] [DEPRECATED] session_set_save_handler(): Providing individual callbacks instead of an object implementing SessionHandlerInterface is deprecated en C:\tools\nginx\html\sistema_biometrico\index.php línea 50
URI: /sistema_biometrico/login
--------------------------------------------------------------------------------
[2026-03-04 14:16:12] [DEPRECATED] session_set_save_handler(): Providing individual callbacks instead of an object implementing SessionHandlerInterface is deprecated en C:\tools\nginx\html\sistema_biometrico\index.php línea 50
URI: /sistema_biometrico/login
--------------------------------------------------------------------------------
[2026-03-04 14:16:12] [DEPRECATED] session_set_save_handler(): Providing individual callbacks instead of an object implementing SessionHandlerInterface is deprecated en C:\tools\nginx\html\sistema_biometrico\index.php línea 50
URI: /sistema_biometrico/dashboard
--------------------------------------------------------------------------------
[2026-03-04 14:16:15] [EXCEPTION] PDOException
Contexto: {"action":"index","section":"comisiones"}
Mensaje: SQLSTATE[42S22]: Column not found: 1054 Unknown column 'monto' in 'SELECT'
URI: /sistema_biometrico/dashboard
Archivo: C:\tools\nginx\html\sistema_biometrico\models\Comision.php Línea: 116
#0 C:\tools\nginx\html\sistema_biometrico\models\Comision.php(116): PDO->prepare('SELECT SUM(mont...')
#1 C:\tools\nginx\html\sistema_biometrico\controllers\DashboardController.php(81): Comision->getTotalComisiones(NULL, '03', '2026')
#2 C:\tools\nginx\html\sistema_biometrico\index.php(167): DashboardController->index()
#3 {main}
--------------------------------------------------------------------------------
[2026-03-04 14:16:21] [DEPRECATED] session_set_save_handler(): Providing individual callbacks instead of an object implementing SessionHandlerInterface is deprecated en C:\tools\nginx\html\sistema_biometrico\index.php línea 50
URI: /sistema_biometrico/dashboard
--------------------------------------------------------------------------------
[2026-03-04 14:16:24] [EXCEPTION] PDOException
Contexto: {"action":"index","section":"comisiones"}
Mensaje: SQLSTATE[42S22]: Column not found: 1054 Unknown column 'monto' in 'SELECT'
URI: /sistema_biometrico/dashboard
Archivo: C:\tools\nginx\html\sistema_biometrico\models\Comision.php Línea: 116
#0 C:\tools\nginx\html\sistema_biometrico\models\Comision.php(116): PDO->prepare('SELECT SUM(mont...')
#1 C:\tools\nginx\html\sistema_biometrico\controllers\DashboardController.php(81): Comision->getTotalComisiones(NULL, '03', '2026')
#2 C:\tools\nginx\html\sistema_biometrico\index.php(167): DashboardController->index()
#3 {main}
--------------------------------------------------------------------------------
[2026-03-04 14:16:30] [DEPRECATED] session_set_save_handler(): Providing individual callbacks instead of an object implementing SessionHandlerInterface is deprecated en C:\tools\nginx\html\sistema_biometrico\index.php línea 50
URI: /sistema_biometrico/empleados
--------------------------------------------------------------------------------
[2026-03-04 14:16:32] [DEPRECATED] session_set_save_handler(): Providing individual callbacks instead of an object implementing SessionHandlerInterface is deprecated en C:\tools\nginx\html\sistema_biometrico\index.php línea 50
URI: /sistema_biometrico/empleados/datos-completos/1
--------------------------------------------------------------------------------
[2026-03-04 14:16:32] [DEPRECATED] session_set_save_handler(): Providing individual callbacks instead of an object implementing SessionHandlerInterface is deprecated en C:\tools\nginx\html\sistema_biometrico\index.php línea 50
URI: /sistema_biometrico/api/log-error
--------------------------------------------------------------------------------
[2026-03-04 14:16:32] [EXCEPTION] Error
Mensaje: Cannot use object of type Closure as array
URI: /sistema_biometrico/api/log-error
#0 {main}
[2026-03-04 14:16:40] [DEPRECATED] session_set_save_handler(): Providing individual callbacks instead of an object implementing SessionHandlerInterface is deprecated en C:\tools\nginx\html\sistema_biometrico\index.php línea 50
URI: /sistema_biometrico/configuracion
--------------------------------------------------------------------------------
[2026-03-04 14:16:40] [DEPRECATED] session_set_save_handler(): Providing individual callbacks instead of an object implementing SessionHandlerInterface is deprecated en C:\tools\nginx\html\sistema_biometrico\index.php línea 50
URI: /sistema_biometrico/configuracion/getRecentHistory
--------------------------------------------------------------------------------
[2026-03-04 14:16:51] [DEPRECATED] session_set_save_handler(): Providing individual callbacks instead of an object implementing SessionHandlerInterface is deprecated en C:\tools\nginx\html\sistema_biometrico\index.php línea 50
URI: /sistema_biometrico/configuracion/uploadZkteco
--------------------------------------------------------------------------------
[2026-03-04 14:16:54] [DEPRECATED] session_set_save_handler(): Providing individual callbacks instead of an object implementing SessionHandlerInterface is deprecated en C:\tools\nginx\html\sistema_biometrico\index.php línea 50
URI: /sistema_biometrico/configuracion/getRecentHistory
--------------------------------------------------------------------------------
[2026-03-04 14:18:08] [DEPRECATED] session_set_save_handler(): Providing individual callbacks instead of an object implementing SessionHandlerInterface is deprecated en C:\tools\nginx\html\sistema_biometrico\index.php línea 50
URI: /sistema_biometrico/configuracion
--------------------------------------------------------------------------------
[2026-03-04 14:18:08] [DEPRECATED] session_set_save_handler(): Providing individual callbacks instead of an object implementing SessionHandlerInterface is deprecated en C:\tools\nginx\html\sistema_biometrico\index.php línea 50
URI: /sistema_biometrico/configuracion/getRecentHistory
--------------------------------------------------------------------------------
[2026-03-04 14:18:10] [DEPRECATED] session_set_save_handler(): Providing individual callbacks instead of an object implementing SessionHandlerInterface is deprecated en C:\tools\nginx\html\sistema_biometrico\index.php línea 50
URI: /sistema_biometrico/logout
--------------------------------------------------------------------------------
[2026-03-04 14:18:10] [DEPRECATED] session_set_save_handler(): Providing individual callbacks instead of an object implementing SessionHandlerInterface is deprecated en C:\tools\nginx\html\sistema_biometrico\index.php línea 50
URI: /sistema_biometrico/login
--------------------------------------------------------------------------------
[2026-03-04 14:56:12] [DEPRECATED] session_set_save_handler(): Providing individual callbacks instead of an object implementing SessionHandlerInterface is deprecated en C:\tools\nginx\html\sistema_biometrico\index.php línea 50
URI: /sistema_biometrico
--------------------------------------------------------------------------------
[2026-03-04 14:56:12] [DEPRECATED] session_set_save_handler(): Providing individual callbacks instead of an object implementing SessionHandlerInterface is deprecated en C:\tools\nginx\html\sistema_biometrico\index.php línea 50
URI: /sistema_biometrico/login
--------------------------------------------------------------------------------
[2026-03-04 14:56:12] [DEPRECATED] session_set_save_handler(): Providing individual callbacks instead of an object implementing SessionHandlerInterface is deprecated en C:\tools\nginx\html\sistema_biometrico\index.php línea 50
URI: /sistema_biometrico/api/log-error
--------------------------------------------------------------------------------
[2026-03-04 14:56:12] [DEPRECATED] session_set_save_handler(): Providing individual callbacks instead of an object implementing SessionHandlerInterface is deprecated en C:\tools\nginx\html\sistema_biometrico\index.php línea 50
URI: /sistema_biometrico/login
--------------------------------------------------------------------------------
[2026-03-04 14:56:14] [DEPRECATED] session_set_save_handler(): Providing individual callbacks instead of an object implementing SessionHandlerInterface is deprecated en C:\tools\nginx\html\sistema_biometrico\index.php línea 50
URI: /sistema_biometrico/login
--------------------------------------------------------------------------------
[2026-03-04 14:56:22] [DEPRECATED] session_set_save_handler(): Providing individual callbacks instead of an object implementing SessionHandlerInterface is deprecated en C:\tools\nginx\html\sistema_biometrico\index.php línea 50
URI: /sistema_biometrico/login
--------------------------------------------------------------------------------
[2026-03-04 14:56:22] [DEPRECATED] session_set_save_handler(): Providing individual callbacks instead of an object implementing SessionHandlerInterface is deprecated en C:\tools\nginx\html\sistema_biometrico\index.php línea 50
URI: /sistema_biometrico/dashboard
--------------------------------------------------------------------------------
[2026-03-04 14:56:26] [EXCEPTION] PDOException
Contexto: {"action":"index","section":"comisiones"}
Mensaje: SQLSTATE[42S22]: Column not found: 1054 Unknown column 'monto' in 'SELECT'
URI: /sistema_biometrico/dashboard
Archivo: C:\tools\nginx\html\sistema_biometrico\models\Comision.php Línea: 116
#0 C:\tools\nginx\html\sistema_biometrico\models\Comision.php(116): PDO->prepare('SELECT SUM(mont...')
#1 C:\tools\nginx\html\sistema_biometrico\controllers\DashboardController.php(81): Comision->getTotalComisiones(NULL, '03', '2026')
#2 C:\tools\nginx\html\sistema_biometrico\index.php(167): DashboardController->index()
#3 {main}
--------------------------------------------------------------------------------
[2026-03-04 14:56:31] [DEPRECATED] session_set_save_handler(): Providing individual callbacks instead of an object implementing SessionHandlerInterface is deprecated en C:\tools\nginx\html\sistema_biometrico\index.php línea 50
URI: /sistema_biometrico/configuracion
--------------------------------------------------------------------------------
[2026-03-04 14:56:31] [DEPRECATED] session_set_save_handler(): Providing individual callbacks instead of an object implementing SessionHandlerInterface is deprecated en C:\tools\nginx\html\sistema_biometrico\index.php línea 50
URI: /sistema_biometrico/configuracion/getRecentHistory
--------------------------------------------------------------------------------
[2026-03-04 14:58:03] [DEPRECATED] session_set_save_handler(): Providing individual callbacks instead of an object implementing SessionHandlerInterface is deprecated en C:\tools\nginx\html\sistema_biometrico\index.php línea 50
URI: /sistema_biometrico/logout
--------------------------------------------------------------------------------
[2026-03-04 14:58:03] [DEPRECATED] session_set_save_handler(): Providing individual callbacks instead of an object implementing SessionHandlerInterface is deprecated en C:\tools\nginx\html\sistema_biometrico\index.php línea 50
URI: /sistema_biometrico/login
--------------------------------------------------------------------------------
[2026-03-04 15:08:22] [DEPRECATED] session_set_save_handler(): Providing individual callbacks instead of an object implementing SessionHandlerInterface is deprecated en C:\tools\nginx\html\sistema_biometrico\index.php línea 50
URI: /sistema_biometrico
--------------------------------------------------------------------------------
[2026-03-04 15:08:22] [DEPRECATED] session_set_save_handler(): Providing individual callbacks instead of an object implementing SessionHandlerInterface is deprecated en C:\tools\nginx\html\sistema_biometrico\index.php línea 50
URI: /sistema_biometrico/login
--------------------------------------------------------------------------------
[2026-03-04 15:08:22] [DEPRECATED] session_set_save_handler(): Providing individual callbacks instead of an object implementing SessionHandlerInterface is deprecated en C:\tools\nginx\html\sistema_biometrico\index.php línea 50
URI: /sistema_biometrico/api/log-error
--------------------------------------------------------------------------------
[2026-03-04 15:08:22] [DEPRECATED] session_set_save_handler(): Providing individual callbacks instead of an object implementing SessionHandlerInterface is deprecated en C:\tools\nginx\html\sistema_biometrico\index.php línea 50
URI: /sistema_biometrico/login
--------------------------------------------------------------------------------
[2026-03-04 15:08:23] [DEPRECATED] session_set_save_handler(): Providing individual callbacks instead of an object implementing SessionHandlerInterface is deprecated en C:\tools\nginx\html\sistema_biometrico\index.php línea 50
URI: /sistema_biometrico/login
--------------------------------------------------------------------------------
[2026-03-04 15:08:30] [DEPRECATED] session_set_save_handler(): Providing individual callbacks instead of an object implementing SessionHandlerInterface is deprecated en C:\tools\nginx\html\sistema_biometrico\index.php línea 50
URI: /sistema_biometrico/login
--------------------------------------------------------------------------------
[2026-03-04 15:08:30] [DEPRECATED] session_set_save_handler(): Providing individual callbacks instead of an object implementing SessionHandlerInterface is deprecated en C:\tools\nginx\html\sistema_biometrico\index.php línea 50
URI: /sistema_biometrico/dashboard
--------------------------------------------------------------------------------
[2026-03-04 15:08:34] [EXCEPTION] PDOException
Contexto: {"action":"index","section":"comisiones"}
Mensaje: SQLSTATE[42S22]: Column not found: 1054 Unknown column 'monto' in 'SELECT'
URI: /sistema_biometrico/dashboard
Archivo: C:\tools\nginx\html\sistema_biometrico\models\Comision.php Línea: 116
#0 C:\tools\nginx\html\sistema_biometrico\models\Comision.php(116): PDO->prepare('SELECT SUM(mont...')
#1 C:\tools\nginx\html\sistema_biometrico\controllers\DashboardController.php(81): Comision->getTotalComisiones(NULL, '03', '2026')
#2 C:\tools\nginx\html\sistema_biometrico\index.php(167): DashboardController->index()
#3 {main}
--------------------------------------------------------------------------------
[2026-03-04 15:08:42] [DEPRECATED] session_set_save_handler(): Providing individual callbacks instead of an object implementing SessionHandlerInterface is deprecated en C:\tools\nginx\html\sistema_biometrico\index.php línea 50
URI: /sistema_biometrico/configuracion
--------------------------------------------------------------------------------
[2026-03-04 15:08:42] [DEPRECATED] session_set_save_handler(): Providing individual callbacks instead of an object implementing SessionHandlerInterface is deprecated en C:\tools\nginx\html\sistema_biometrico\index.php línea 50
URI: /sistema_biometrico/configuracion/getRecentHistory
--------------------------------------------------------------------------------
[2026-03-04 15:08:50] [DEPRECATED] session_set_save_handler(): Providing individual callbacks instead of an object implementing SessionHandlerInterface is deprecated en C:\tools\nginx\html\sistema_biometrico\index.php línea 50
URI: /sistema_biometrico/configuracion/uploadZkteco
--------------------------------------------------------------------------------
[2026-03-04 15:08:52] [DEPRECATED] session_set_save_handler(): Providing individual callbacks instead of an object implementing SessionHandlerInterface is deprecated en C:\tools\nginx\html\sistema_biometrico\index.php línea 50
URI: /sistema_biometrico/api/log-error
--------------------------------------------------------------------------------
[2026-03-04 15:08:52] [EXCEPTION] Error
Mensaje: Cannot use object of type Closure as array
URI: /sistema_biometrico/api/log-error
#0 {main}
[2026-03-04 15:08:52] [DEPRECATED] session_set_save_handler(): Providing individual callbacks instead of an object implementing SessionHandlerInterface is deprecated en C:\tools\nginx\html\sistema_biometrico\index.php línea 50
URI: /sistema_biometrico/api/log-error
--------------------------------------------------------------------------------
[2026-03-04 15:08:52] [EXCEPTION] Error
Mensaje: Cannot use object of type Closure as array
URI: /sistema_biometrico/api/log-error
#0 {main}
[2026-03-04 15:09:50] [DEPRECATED] session_set_save_handler(): Providing individual callbacks instead of an object implementing SessionHandlerInterface is deprecated en C:\tools\nginx\html\sistema_biometrico\index.php línea 50
URI: /sistema_biometrico/configuracion/uploadZkteco
--------------------------------------------------------------------------------
[2026-03-04 15:09:53] [DEPRECATED] session_set_save_handler(): Providing individual callbacks instead of an object implementing SessionHandlerInterface is deprecated en C:\tools\nginx\html\sistema_biometrico\index.php línea 50
URI: /sistema_biometrico/api/log-error
--------------------------------------------------------------------------------
[2026-03-04 15:09:53] [EXCEPTION] Error
Mensaje: Cannot use object of type Closure as array
URI: /sistema_biometrico/api/log-error
#0 {main}
[2026-03-04 15:09:53] [DEPRECATED] session_set_save_handler(): Providing individual callbacks instead of an object implementing SessionHandlerInterface is deprecated en C:\tools\nginx\html\sistema_biometrico\index.php línea 50
URI: /sistema_biometrico/api/log-error
--------------------------------------------------------------------------------
[2026-03-04 15:09:53] [EXCEPTION] Error
Mensaje: Cannot use object of type Closure as array
URI: /sistema_biometrico/api/log-error
#0 {main}
[2026-03-04 15:09:58] [DEPRECATED] session_set_save_handler(): Providing individual callbacks instead of an object implementing SessionHandlerInterface is deprecated en C:\tools\nginx\html\sistema_biometrico\index.php línea 50
URI: /.well-known/appspecific/com.chrome.devtools.json
--------------------------------------------------------------------------------
[2026-03-04 15:11:33] [DEPRECATED] session_set_save_handler(): Providing individual callbacks instead of an object implementing SessionHandlerInterface is deprecated en C:\tools\nginx\html\sistema_biometrico\index.php línea 50
URI: /sistema_biometrico/configuracion
--------------------------------------------------------------------------------
[2026-03-04 15:11:33] [DEPRECATED] session_set_save_handler(): Providing individual callbacks instead of an object implementing SessionHandlerInterface is deprecated en C:\tools\nginx\html\sistema_biometrico\index.php línea 50
URI: /.well-known/appspecific/com.chrome.devtools.json
--------------------------------------------------------------------------------
[2026-03-04 15:11:34] [DEPRECATED] session_set_save_handler(): Providing individual callbacks instead of an object implementing SessionHandlerInterface is deprecated en C:\tools\nginx\html\sistema_biometrico\index.php línea 50
URI: /sistema_biometrico/configuracion/getRecentHistory
--------------------------------------------------------------------------------
[2026-03-04 15:11:40] [DEPRECATED] session_set_save_handler(): Providing individual callbacks instead of an object implementing SessionHandlerInterface is deprecated en C:\tools\nginx\html\sistema_biometrico\index.php línea 50
URI: /sistema_biometrico/configuracion/uploadZkteco
--------------------------------------------------------------------------------
[2026-03-04 15:11:42] [DEPRECATED] session_set_save_handler(): Providing individual callbacks instead of an object implementing SessionHandlerInterface is deprecated en C:\tools\nginx\html\sistema_biometrico\index.php línea 50
URI: /sistema_biometrico/configuracion/getRecentHistory
--------------------------------------------------------------------------------
[2026-03-04 19:29:45] [DEPRECATED] session_set_save_handler(): Providing individual callbacks instead of an object implementing SessionHandlerInterface is deprecated en /usr/share/nginx/html/sistema_biometrico/index.php línea 50
URI: /
--------------------------------------------------------------------------------
[2026-03-04 19:29:45] [DEPRECATED] session_set_save_handler(): Providing individual callbacks instead of an object implementing SessionHandlerInterface is deprecated en /usr/share/nginx/html/sistema_biometrico/index.php línea 50
URI: /sistema_biometrico/login
--------------------------------------------------------------------------------
[2026-03-04 19:29:45] [DEPRECATED] session_set_save_handler(): Providing individual callbacks instead of an object implementing SessionHandlerInterface is deprecated en /usr/share/nginx/html/sistema_biometrico/index.php línea 50
URI: /sistema_biometrico/assets/css/modals.css
--------------------------------------------------------------------------------
[2026-03-04 19:29:45] [DEPRECATED] session_set_save_handler(): Providing individual callbacks instead of an object implementing SessionHandlerInterface is deprecated en /usr/share/nginx/html/sistema_biometrico/index.php línea 50
URI: /sistema_biometrico/assets/css/empleados.css
--------------------------------------------------------------------------------
[2026-03-04 19:29:45] [DEPRECATED] session_set_save_handler(): Providing individual callbacks instead of an object implementing SessionHandlerInterface is deprecated en /usr/share/nginx/html/sistema_biometrico/index.php línea 50
URI: /sistema_biometrico/assets/css/colores-pantone.css
--------------------------------------------------------------------------------
[2026-03-04 19:29:45] [DEPRECATED] session_set_save_handler(): Providing individual callbacks instead of an object implementing SessionHandlerInterface is deprecated en /usr/share/nginx/html/sistema_biometrico/index.php línea 50
URI: /sistema_biometrico/assets/js/error-logger.js
--------------------------------------------------------------------------------
[2026-03-04 19:29:45] [DEPRECATED] session_set_save_handler(): Providing individual callbacks instead of an object implementing SessionHandlerInterface is deprecated en /usr/share/nginx/html/sistema_biometrico/index.php línea 50
URI: /sistema_biometrico/assets/css/modals.css
--------------------------------------------------------------------------------
[2026-03-04 19:29:45] [DEPRECATED] session_set_save_handler(): Providing individual callbacks instead of an object implementing SessionHandlerInterface is deprecated en /usr/share/nginx/html/sistema_biometrico/index.php línea 50
URI: /sistema_biometrico/assets/js/error-logger.js
--------------------------------------------------------------------------------
[2026-03-04 19:29:54] [DEPRECATED] session_set_save_handler(): Providing individual callbacks instead of an object implementing SessionHandlerInterface is deprecated en /usr/share/nginx/html/sistema_biometrico/index.php línea 50
URI: /sistema_biometrico/login
--------------------------------------------------------------------------------
[2026-03-04 19:29:54] [DEPRECATED] session_set_save_handler(): Providing individual callbacks instead of an object implementing SessionHandlerInterface is deprecated en /usr/share/nginx/html/sistema_biometrico/index.php línea 50
URI: /sistema_biometrico/dashboard
--------------------------------------------------------------------------------
[2026-03-04 19:29:58] [EXCEPTION] PDOException
Contexto: {"action":"index","section":"comisiones"}
Mensaje: SQLSTATE[42S22]: Column not found: 1054 Unknown column 'monto' in 'SELECT'
URI: /sistema_biometrico/dashboard
Archivo: /usr/share/nginx/html/sistema_biometrico/models/Comision.php Línea: 116
#0 /usr/share/nginx/html/sistema_biometrico/models/Comision.php(116): PDO->prepare()
#1 /usr/share/nginx/html/sistema_biometrico/controllers/DashboardController.php(81): Comision->getTotalComisiones()
#2 /usr/share/nginx/html/sistema_biometrico/index.php(167): DashboardController->index()
#3 {main}
--------------------------------------------------------------------------------
[2026-03-04 19:29:58] [DEPRECATED] session_set_save_handler(): Providing individual callbacks instead of an object implementing SessionHandlerInterface is deprecated en /usr/share/nginx/html/sistema_biometrico/index.php línea 50
URI: /sistema_biometrico/assets/css/modals.css
--------------------------------------------------------------------------------
[2026-03-04 19:29:58] [DEPRECATED] session_set_save_handler(): Providing individual callbacks instead of an object implementing SessionHandlerInterface is deprecated en /usr/share/nginx/html/sistema_biometrico/index.php línea 50
URI: /sistema_biometrico/assets/css/empleados.css
--------------------------------------------------------------------------------
[2026-03-04 19:29:58] [DEPRECATED] session_set_save_handler(): Providing individual callbacks instead of an object implementing SessionHandlerInterface is deprecated en /usr/share/nginx/html/sistema_biometrico/index.php línea 50
URI: /sistema_biometrico/assets/css/colores-pantone.css
--------------------------------------------------------------------------------
[2026-03-04 19:29:58] [DEPRECATED] session_set_save_handler(): Providing individual callbacks instead of an object implementing SessionHandlerInterface is deprecated en /usr/share/nginx/html/sistema_biometrico/index.php línea 50
URI: /sistema_biometrico/assets/js/error-logger.js
--------------------------------------------------------------------------------
[2026-03-04 19:29:58] [DEPRECATED] session_set_save_handler(): Providing individual callbacks instead of an object implementing SessionHandlerInterface is deprecated en /usr/share/nginx/html/sistema_biometrico/index.php línea 50
URI: /sistema_biometrico/assets/css/modals.css
--------------------------------------------------------------------------------
[2026-03-04 19:29:58] [DEPRECATED] session_set_save_handler(): Providing individual callbacks instead of an object implementing SessionHandlerInterface is deprecated en /usr/share/nginx/html/sistema_biometrico/index.php línea 50
URI: /sistema_biometrico/assets/js/error-logger.js
--------------------------------------------------------------------------------
[2026-03-04 19:29:58] [DEPRECATED] session_set_save_handler(): Providing individual callbacks instead of an object implementing SessionHandlerInterface is deprecated en /usr/share/nginx/html/sistema_biometrico/index.php línea 50
URI: /sistema_biometrico/validaciones/obtener-contador-pendientes?t=1772674198622
--------------------------------------------------------------------------------
[2026-03-04 19:30:28] [DEPRECATED] session_set_save_handler(): Providing individual callbacks instead of an object implementing SessionHandlerInterface is deprecated en /usr/share/nginx/html/sistema_biometrico/index.php línea 50
URI: /sistema_biometrico/validaciones/obtener-contador-pendientes?t=1772674228653
--------------------------------------------------------------------------------
[2026-03-04 19:30:34] [DEPRECATED] session_set_save_handler(): Providing individual callbacks instead of an object implementing SessionHandlerInterface is deprecated en /usr/share/nginx/html/sistema_biometrico/index.php línea 50
URI: /empleados
--------------------------------------------------------------------------------
[2026-03-04 19:30:34] [DEPRECATED] session_set_save_handler(): Providing individual callbacks instead of an object implementing SessionHandlerInterface is deprecated en /usr/share/nginx/html/sistema_biometrico/index.php línea 50
URI: /sistema_biometrico/assets/css/modals.css
--------------------------------------------------------------------------------
[2026-03-04 19:30:34] [DEPRECATED] session_set_save_handler(): Providing individual callbacks instead of an object implementing SessionHandlerInterface is deprecated en /usr/share/nginx/html/sistema_biometrico/index.php línea 50
URI: /sistema_biometrico/assets/css/empleados.css
--------------------------------------------------------------------------------
[2026-03-04 19:30:34] [DEPRECATED] session_set_save_handler(): Providing individual callbacks instead of an object implementing SessionHandlerInterface is deprecated en /usr/share/nginx/html/sistema_biometrico/index.php línea 50
URI: /sistema_biometrico/assets/css/colores-pantone.css
--------------------------------------------------------------------------------
[2026-03-04 19:30:34] [DEPRECATED] session_set_save_handler(): Providing individual callbacks instead of an object implementing SessionHandlerInterface is deprecated en /usr/share/nginx/html/sistema_biometrico/index.php línea 50
URI: /sistema_biometrico/assets/js/error-logger.js
--------------------------------------------------------------------------------
[2026-03-04 19:30:34] [DEPRECATED] session_set_save_handler(): Providing individual callbacks instead of an object implementing SessionHandlerInterface is deprecated en /usr/share/nginx/html/sistema_biometrico/index.php línea 50
URI: /sistema_biometrico/validaciones/obtener-contador-pendientes?t=1772674234274
--------------------------------------------------------------------------------
[2026-03-04 19:30:35] [DEPRECATED] session_set_save_handler(): Providing individual callbacks instead of an object implementing SessionHandlerInterface is deprecated en /usr/share/nginx/html/sistema_biometrico/index.php línea 50
URI: /sistema_biometrico/empleados/datos-completos/4
--------------------------------------------------------------------------------
[2026-03-04 19:30:56] [DEPRECATED] session_set_save_handler(): Providing individual callbacks instead of an object implementing SessionHandlerInterface is deprecated en /usr/share/nginx/html/sistema_biometrico/index.php línea 50
URI: /sistema_biometrico/logout
--------------------------------------------------------------------------------
[2026-03-04 19:30:56] [DEPRECATED] session_set_save_handler(): Providing individual callbacks instead of an object implementing SessionHandlerInterface is deprecated en /usr/share/nginx/html/sistema_biometrico/index.php línea 50
URI: /sistema_biometrico/login
--------------------------------------------------------------------------------
[2026-03-04 19:30:56] [DEPRECATED] session_set_save_handler(): Providing individual callbacks instead of an object implementing SessionHandlerInterface is deprecated en /usr/share/nginx/html/sistema_biometrico/index.php línea 50
URI: /sistema_biometrico/assets/css/modals.css
--------------------------------------------------------------------------------
[2026-03-04 19:30:56] [DEPRECATED] session_set_save_handler(): Providing individual callbacks instead of an object implementing SessionHandlerInterface is deprecated en /usr/share/nginx/html/sistema_biometrico/index.php línea 50
URI: /sistema_biometrico/assets/css/empleados.css
--------------------------------------------------------------------------------
[2026-03-04 19:30:56] [DEPRECATED] session_set_save_handler(): Providing individual callbacks instead of an object implementing SessionHandlerInterface is deprecated en /usr/share/nginx/html/sistema_biometrico/index.php línea 50
URI: /sistema_biometrico/assets/css/colores-pantone.css
--------------------------------------------------------------------------------
[2026-03-04 19:30:56] [DEPRECATED] session_set_save_handler(): Providing individual callbacks instead of an object implementing SessionHandlerInterface is deprecated en /usr/share/nginx/html/sistema_biometrico/index.php línea 50
URI: /sistema_biometrico/assets/js/error-logger.js
--------------------------------------------------------------------------------
[2026-03-04 19:41:24] [DEPRECATED] session_set_save_handler(): Providing individual callbacks instead of an object implementing SessionHandlerInterface is deprecated en /usr/share/nginx/html/sistema_biometrico/index.php línea 50
URI: /
--------------------------------------------------------------------------------
[2026-03-04 19:41:24] [DEPRECATED] session_set_save_handler(): Providing individual callbacks instead of an object implementing SessionHandlerInterface is deprecated en /usr/share/nginx/html/sistema_biometrico/index.php línea 50
URI: /sistema_biometrico/login
--------------------------------------------------------------------------------
[2026-03-04 19:41:24] [DEPRECATED] session_set_save_handler(): Providing individual callbacks instead of an object implementing SessionHandlerInterface is deprecated en /usr/share/nginx/html/sistema_biometrico/index.php línea 50
URI: /sistema_biometrico/assets/css/empleados.css
--------------------------------------------------------------------------------
[2026-03-04 19:41:24] [DEPRECATED] session_set_save_handler(): Providing individual callbacks instead of an object implementing SessionHandlerInterface is deprecated en /usr/share/nginx/html/sistema_biometrico/index.php línea 50
URI: /sistema_biometrico/assets/css/colores-pantone.css
--------------------------------------------------------------------------------
[2026-03-04 19:41:25] [DEPRECATED] session_set_save_handler(): Providing individual callbacks instead of an object implementing SessionHandlerInterface is deprecated en /usr/share/nginx/html/sistema_biometrico/index.php línea 50
URI: /sistema_biometrico/assets/css/modals.css
--------------------------------------------------------------------------------
[2026-03-04 19:41:25] [DEPRECATED] session_set_save_handler(): Providing individual callbacks instead of an object implementing SessionHandlerInterface is deprecated en /usr/share/nginx/html/sistema_biometrico/index.php línea 50
URI: /sistema_biometrico/assets/js/error-logger.js
--------------------------------------------------------------------------------
[2026-03-04 19:41:40] [DEPRECATED] session_set_save_handler(): Providing individual callbacks instead of an object implementing SessionHandlerInterface is deprecated en /usr/share/nginx/html/sistema_biometrico/index.php línea 50
URI: /sistema_biometrico/login
--------------------------------------------------------------------------------
[2026-03-04 19:41:40] [DEPRECATED] session_set_save_handler(): Providing individual callbacks instead of an object implementing SessionHandlerInterface is deprecated en /usr/share/nginx/html/sistema_biometrico/index.php línea 50
URI: /sistema_biometrico/dashboard
--------------------------------------------------------------------------------
[2026-03-04 19:41:43] [EXCEPTION] PDOException
Contexto: {"action":"index","section":"comisiones"}
Mensaje: SQLSTATE[42S22]: Column not found: 1054 Unknown column 'monto' in 'SELECT'
URI: /sistema_biometrico/dashboard
Archivo: /usr/share/nginx/html/sistema_biometrico/models/Comision.php Línea: 116
#0 /usr/share/nginx/html/sistema_biometrico/models/Comision.php(116): PDO->prepare()
#1 /usr/share/nginx/html/sistema_biometrico/controllers/DashboardController.php(81): Comision->getTotalComisiones()
#2 /usr/share/nginx/html/sistema_biometrico/index.php(167): DashboardController->index()
#3 {main}
--------------------------------------------------------------------------------
[2026-03-04 19:41:43] [DEPRECATED] session_set_save_handler(): Providing individual callbacks instead of an object implementing SessionHandlerInterface is deprecated en /usr/share/nginx/html/sistema_biometrico/index.php línea 50
URI: /sistema_biometrico/assets/css/empleados.css
--------------------------------------------------------------------------------
[2026-03-04 19:41:43] [DEPRECATED] session_set_save_handler(): Providing individual callbacks instead of an object implementing SessionHandlerInterface is deprecated en /usr/share/nginx/html/sistema_biometrico/index.php línea 50
URI: /sistema_biometrico/assets/css/modals.css
--------------------------------------------------------------------------------
[2026-03-04 19:41:43] [DEPRECATED] session_set_save_handler(): Providing individual callbacks instead of an object implementing SessionHandlerInterface is deprecated en /usr/share/nginx/html/sistema_biometrico/index.php línea 50
URI: /sistema_biometrico/assets/css/colores-pantone.css
--------------------------------------------------------------------------------
[2026-03-04 19:41:43] [DEPRECATED] session_set_save_handler(): Providing individual callbacks instead of an object implementing SessionHandlerInterface is deprecated en /usr/share/nginx/html/sistema_biometrico/index.php línea 50
URI: /sistema_biometrico/assets/js/error-logger.js
--------------------------------------------------------------------------------
[2026-03-04 19:41:43] [DEPRECATED] session_set_save_handler(): Providing individual callbacks instead of an object implementing SessionHandlerInterface is deprecated en /usr/share/nginx/html/sistema_biometrico/index.php línea 50
URI: /sistema_biometrico/validaciones/obtener-contador-pendientes?t=1772674903296
--------------------------------------------------------------------------------
[2026-03-04 19:41:46] [DEPRECATED] session_set_save_handler(): Providing individual callbacks instead of an object implementing SessionHandlerInterface is deprecated en /usr/share/nginx/html/sistema_biometrico/index.php línea 50
URI: /empleados
--------------------------------------------------------------------------------
[2026-03-04 19:41:46] [DEPRECATED] session_set_save_handler(): Providing individual callbacks instead of an object implementing SessionHandlerInterface is deprecated en /usr/share/nginx/html/sistema_biometrico/index.php línea 50
URI: /sistema_biometrico/assets/css/modals.css
--------------------------------------------------------------------------------
[2026-03-04 19:41:46] [DEPRECATED] session_set_save_handler(): Providing individual callbacks instead of an object implementing SessionHandlerInterface is deprecated en /usr/share/nginx/html/sistema_biometrico/index.php línea 50
URI: /sistema_biometrico/assets/css/empleados.css
--------------------------------------------------------------------------------
[2026-03-04 19:41:46] [DEPRECATED] session_set_save_handler(): Providing individual callbacks instead of an object implementing SessionHandlerInterface is deprecated en /usr/share/nginx/html/sistema_biometrico/index.php línea 50
URI: /sistema_biometrico/assets/css/colores-pantone.css
--------------------------------------------------------------------------------
[2026-03-04 19:41:46] [DEPRECATED] session_set_save_handler(): Providing individual callbacks instead of an object implementing SessionHandlerInterface is deprecated en /usr/share/nginx/html/sistema_biometrico/index.php línea 50
URI: /sistema_biometrico/assets/js/error-logger.js
--------------------------------------------------------------------------------
[2026-03-04 19:41:46] [DEPRECATED] session_set_save_handler(): Providing individual callbacks instead of an object implementing SessionHandlerInterface is deprecated en /usr/share/nginx/html/sistema_biometrico/index.php línea 50
URI: /sistema_biometrico/validaciones/obtener-contador-pendientes?t=1772674906971
--------------------------------------------------------------------------------
[2026-03-04 19:41:48] [DEPRECATED] session_set_save_handler(): Providing individual callbacks instead of an object implementing SessionHandlerInterface is deprecated en /usr/share/nginx/html/sistema_biometrico/index.php línea 50
URI: /sistema_biometrico/empleados/datos-completos/1
--------------------------------------------------------------------------------
[2026-03-04 19:42:03] [DEPRECATED] session_set_save_handler(): Providing individual callbacks instead of an object implementing SessionHandlerInterface is deprecated en /usr/share/nginx/html/sistema_biometrico/index.php línea 50
URI: /sistema_biometrico/configuracion
--------------------------------------------------------------------------------
[2026-03-04 19:42:03] [DEPRECATED] session_set_save_handler(): Providing individual callbacks instead of an object implementing SessionHandlerInterface is deprecated en /usr/share/nginx/html/sistema_biometrico/index.php línea 50
URI: /sistema_biometrico/assets/css/modals.css
--------------------------------------------------------------------------------
[2026-03-04 19:42:03] [DEPRECATED] session_set_save_handler(): Providing individual callbacks instead of an object implementing SessionHandlerInterface is deprecated en /usr/share/nginx/html/sistema_biometrico/index.php línea 50
URI: /sistema_biometrico/assets/css/empleados.css
--------------------------------------------------------------------------------
[2026-03-04 19:42:03] [DEPRECATED] session_set_save_handler(): Providing individual callbacks instead of an object implementing SessionHandlerInterface is deprecated en /usr/share/nginx/html/sistema_biometrico/index.php línea 50
URI: /sistema_biometrico/assets/css/colores-pantone.css
--------------------------------------------------------------------------------
[2026-03-04 19:42:03] [DEPRECATED] session_set_save_handler(): Providing individual callbacks instead of an object implementing SessionHandlerInterface is deprecated en /usr/share/nginx/html/sistema_biometrico/index.php línea 50
URI: /sistema_biometrico/assets/js/error-logger.js
--------------------------------------------------------------------------------
[2026-03-04 19:42:03] [DEPRECATED] session_set_save_handler(): Providing individual callbacks instead of an object implementing SessionHandlerInterface is deprecated en /usr/share/nginx/html/sistema_biometrico/index.php línea 50
URI: /sistema_biometrico/configuracion/getRecentHistory
--------------------------------------------------------------------------------
[2026-03-04 19:42:03] [DEPRECATED] session_set_save_handler(): Providing individual callbacks instead of an object implementing SessionHandlerInterface is deprecated en /usr/share/nginx/html/sistema_biometrico/index.php línea 50
URI: /sistema_biometrico/validaciones/obtener-contador-pendientes?t=1772674923491
--------------------------------------------------------------------------------
[2026-03-04 19:42:35] [DEPRECATED] session_set_save_handler(): Providing individual callbacks instead of an object implementing SessionHandlerInterface is deprecated en /usr/share/nginx/html/sistema_biometrico/index.php línea 50
URI: /sistema_biometrico/validaciones/obtener-contador-pendientes?t=1772674955847
--------------------------------------------------------------------------------
[2026-03-04 19:42:38] [DEPRECATED] session_set_save_handler(): Providing individual callbacks instead of an object implementing SessionHandlerInterface is deprecated en /usr/share/nginx/html/sistema_biometrico/index.php línea 50
URI: /sistema_biometrico/configuracion/uploadZkteco
--------------------------------------------------------------------------------
[2026-03-04 19:42:42] [DEPRECATED] session_set_save_handler(): Providing individual callbacks instead of an object implementing SessionHandlerInterface is deprecated en /usr/share/nginx/html/sistema_biometrico/index.php línea 50
URI: /sistema_biometrico/configuracion/getRecentHistory
--------------------------------------------------------------------------------
[2026-03-04 19:43:04] [DEPRECATED] session_set_save_handler(): Providing individual callbacks instead of an object implementing SessionHandlerInterface is deprecated en /usr/share/nginx/html/sistema_biometrico/index.php línea 50
URI: /sistema_biometrico/configuracion
--------------------------------------------------------------------------------
[2026-03-04 19:43:04] [DEPRECATED] session_set_save_handler(): Providing individual callbacks instead of an object implementing SessionHandlerInterface is deprecated en /usr/share/nginx/html/sistema_biometrico/index.php línea 50
URI: /sistema_biometrico/login
--------------------------------------------------------------------------------
[2026-03-04 19:43:05] [DEPRECATED] session_set_save_handler(): Providing individual callbacks instead of an object implementing SessionHandlerInterface is deprecated en /usr/share/nginx/html/sistema_biometrico/index.php línea 50
URI: /sistema_biometrico/validaciones/obtener-contador-pendientes?t=1772674985869
--------------------------------------------------------------------------------
[2026-03-04 19:43:24] [DEPRECATED] session_set_save_handler(): Providing individual callbacks instead of an object implementing SessionHandlerInterface is deprecated en /usr/share/nginx/html/sistema_biometrico/index.php línea 50
URI: /sistema_biometrico/configuracion
--------------------------------------------------------------------------------
[2026-03-04 19:43:24] [DEPRECATED] session_set_save_handler(): Providing individual callbacks instead of an object implementing SessionHandlerInterface is deprecated en /usr/share/nginx/html/sistema_biometrico/index.php línea 50
URI: /sistema_biometrico/login
--------------------------------------------------------------------------------
[2026-03-04 19:43:30] [DEPRECATED] session_set_save_handler(): Providing individual callbacks instead of an object implementing SessionHandlerInterface is deprecated en /usr/share/nginx/html/sistema_biometrico/index.php línea 50
URI: /sistema_biometrico/configuracion
--------------------------------------------------------------------------------
[2026-03-04 19:43:30] [DEPRECATED] session_set_save_handler(): Providing individual callbacks instead of an object implementing SessionHandlerInterface is deprecated en /usr/share/nginx/html/sistema_biometrico/index.php línea 50
URI: /sistema_biometrico/assets/css/modals.css
--------------------------------------------------------------------------------
[2026-03-04 19:43:30] [DEPRECATED] session_set_save_handler(): Providing individual callbacks instead of an object implementing SessionHandlerInterface is deprecated en /usr/share/nginx/html/sistema_biometrico/index.php línea 50
URI: /sistema_biometrico/assets/css/empleados.css
--------------------------------------------------------------------------------
[2026-03-04 19:43:30] [DEPRECATED] session_set_save_handler(): Providing individual callbacks instead of an object implementing SessionHandlerInterface is deprecated en /usr/share/nginx/html/sistema_biometrico/index.php línea 50
URI: /sistema_biometrico/assets/css/colores-pantone.css
--------------------------------------------------------------------------------
[2026-03-04 19:43:30] [DEPRECATED] session_set_save_handler(): Providing individual callbacks instead of an object implementing SessionHandlerInterface is deprecated en /usr/share/nginx/html/sistema_biometrico/index.php línea 50
URI: /sistema_biometrico/assets/js/error-logger.js
--------------------------------------------------------------------------------
[2026-03-04 19:43:31] [DEPRECATED] session_set_save_handler(): Providing individual callbacks instead of an object implementing SessionHandlerInterface is deprecated en /usr/share/nginx/html/sistema_biometrico/index.php línea 50
URI: /sistema_biometrico/configuracion
--------------------------------------------------------------------------------
[2026-03-04 19:43:31] [DEPRECATED] session_set_save_handler(): Providing individual callbacks instead of an object implementing SessionHandlerInterface is deprecated en /usr/share/nginx/html/sistema_biometrico/index.php línea 50
URI: /sistema_biometrico/assets/css/modals.css
--------------------------------------------------------------------------------
[2026-03-04 19:43:31] [DEPRECATED] session_set_save_handler(): Providing individual callbacks instead of an object implementing SessionHandlerInterface is deprecated en /usr/share/nginx/html/sistema_biometrico/index.php línea 50
URI: /sistema_biometrico/assets/css/colores-pantone.css
--------------------------------------------------------------------------------
[2026-03-04 19:43:31] [DEPRECATED] session_set_save_handler(): Providing individual callbacks instead of an object implementing SessionHandlerInterface is deprecated en /usr/share/nginx/html/sistema_biometrico/index.php línea 50
URI: /sistema_biometrico/assets/css/empleados.css
--------------------------------------------------------------------------------
[2026-03-04 19:43:31] [DEPRECATED] session_set_save_handler(): Providing individual callbacks instead of an object implementing SessionHandlerInterface is deprecated en /usr/share/nginx/html/sistema_biometrico/index.php línea 50
URI: /sistema_biometrico/assets/js/error-logger.js
--------------------------------------------------------------------------------
[2026-03-04 19:43:31] [DEPRECATED] session_set_save_handler(): Providing individual callbacks instead of an object implementing SessionHandlerInterface is deprecated en /usr/share/nginx/html/sistema_biometrico/index.php línea 50
URI: /sistema_biometrico/configuracion/getRecentHistory
--------------------------------------------------------------------------------
[2026-03-04 19:43:34] [DEPRECATED] session_set_save_handler(): Providing individual callbacks instead of an object implementing SessionHandlerInterface is deprecated en /usr/share/nginx/html/sistema_biometrico/index.php línea 50
URI: /sistema_biometrico/configuracion
--------------------------------------------------------------------------------
[2026-03-04 19:43:34] [DEPRECATED] session_set_save_handler(): Providing individual callbacks instead of an object implementing SessionHandlerInterface is deprecated en /usr/share/nginx/html/sistema_biometrico/index.php línea 50
URI: /sistema_biometrico/assets/css/modals.css
--------------------------------------------------------------------------------
[2026-03-04 19:43:34] [DEPRECATED] session_set_save_handler(): Providing individual callbacks instead of an object implementing SessionHandlerInterface is deprecated en /usr/share/nginx/html/sistema_biometrico/index.php línea 50
URI: /sistema_biometrico/assets/css/empleados.css
--------------------------------------------------------------------------------
[2026-03-04 19:43:34] [DEPRECATED] session_set_save_handler(): Providing individual callbacks instead of an object implementing SessionHandlerInterface is deprecated en /usr/share/nginx/html/sistema_biometrico/index.php línea 50
URI: /sistema_biometrico/assets/css/colores-pantone.css
--------------------------------------------------------------------------------
[2026-03-04 19:43:34] [DEPRECATED] session_set_save_handler(): Providing individual callbacks instead of an object implementing SessionHandlerInterface is deprecated en /usr/share/nginx/html/sistema_biometrico/index.php línea 50
URI: /sistema_biometrico/assets/js/error-logger.js
--------------------------------------------------------------------------------
[2026-03-04 19:43:34] [DEPRECATED] session_set_save_handler(): Providing individual callbacks instead of an object implementing SessionHandlerInterface is deprecated en /usr/share/nginx/html/sistema_biometrico/index.php línea 50
URI: /sistema_biometrico/configuracion/getRecentHistory
--------------------------------------------------------------------------------
[2026-03-04 21:24:45] [FATAL_ERROR] Uncaught Error: Class "Database" not found in Command line code:1
Stack trace:
#0 {main}
  thrown en Command line code línea 1
URI: N/A
--------------------------------------------------------------------------------
[2026-03-04 21:28:43] [FATAL_ERROR] Uncaught Exception: Error de conexión a la base de datos in /usr/share/nginx/html/sistema_biometrico/models/Database.php:34
Stack trace:
#0 Command line code(1): Database->__construct()
#1 {main}
  thrown en /usr/share/nginx/html/sistema_biometrico/models/Database.php línea 34
URI: N/A
--------------------------------------------------------------------------------
[2026-03-04 21:28:57] [WARNING] Undefined array key 0 en Command line code línea 1
URI: N/A
--------------------------------------------------------------------------------
[2026-03-04 21:28:57] [WARNING] Undefined array key 0 en Command line code línea 1
URI: N/A
--------------------------------------------------------------------------------
[2026-03-04 21:28:57] [WARNING] Undefined array key 0 en Command line code línea 1
URI: N/A
--------------------------------------------------------------------------------
[2026-03-04 21:28:57] [WARNING] Undefined array key 0 en Command line code línea 1
URI: N/A
--------------------------------------------------------------------------------
[2026-03-04 21:28:57] [WARNING] Undefined array key 0 en Command line code línea 1
URI: N/A
--------------------------------------------------------------------------------
[2026-03-04 21:28:57] [WARNING] Undefined array key 0 en Command line code línea 1
URI: N/A
--------------------------------------------------------------------------------
[2026-03-04 21:28:57] [WARNING] Undefined array key 0 en Command line code línea 1
URI: N/A
--------------------------------------------------------------------------------
[2026-03-04 21:28:57] [WARNING] Undefined array key 0 en Command line code línea 1
URI: N/A
--------------------------------------------------------------------------------
[2026-03-04 21:28:57] [WARNING] Undefined array key 0 en Command line code línea 1
URI: N/A
--------------------------------------------------------------------------------
[2026-03-04 21:28:57] [WARNING] Undefined array key 0 en Command line code línea 1
URI: N/A
--------------------------------------------------------------------------------
[2026-03-04 21:28:57] [WARNING] Undefined array key 0 en Command line code línea 1
URI: N/A
--------------------------------------------------------------------------------
[2026-03-04 21:28:57] [WARNING] Undefined array key 0 en Command line code línea 1
URI: N/A
--------------------------------------------------------------------------------
[2026-03-04 21:28:57] [WARNING] Undefined array key 0 en Command line code línea 1
URI: N/A
--------------------------------------------------------------------------------
[2026-03-04 21:28:57] [WARNING] Undefined array key 0 en Command line code línea 1
URI: N/A
--------------------------------------------------------------------------------
[2026-03-04 21:28:57] [WARNING] Undefined array key 0 en Command line code línea 1
URI: N/A
--------------------------------------------------------------------------------
[2026-03-04 21:28:57] [WARNING] Undefined array key 0 en Command line code línea 1
URI: N/A
--------------------------------------------------------------------------------
[2026-03-04 21:28:57] [WARNING] Undefined array key 0 en Command line code línea 1
URI: N/A
--------------------------------------------------------------------------------
[2026-03-04 21:28:57] [WARNING] Undefined array key 0 en Command line code línea 1
URI: N/A
--------------------------------------------------------------------------------
[2026-03-04 21:28:57] [WARNING] Undefined array key 0 en Command line code línea 1
URI: N/A
--------------------------------------------------------------------------------
[2026-03-04 21:28:57] [WARNING] Undefined array key 0 en Command line code línea 1
URI: N/A
--------------------------------------------------------------------------------
[2026-03-04 21:28:57] [WARNING] Undefined array key 0 en Command line code línea 1
URI: N/A
--------------------------------------------------------------------------------
[2026-03-04 21:34:51] [DEPRECATED] fgetcsv(): the $escape parameter must be provided as its default value will change en /usr/share/nginx/html/sistema_biometrico/scripts/sync_zkteco_ids_empleados.php línea 60
URI: N/A
--------------------------------------------------------------------------------
[2026-03-04 21:34:51] [DEPRECATED] fgetcsv(): the $escape parameter must be provided as its default value will change en /usr/share/nginx/html/sistema_biometrico/scripts/sync_zkteco_ids_empleados.php línea 75
URI: N/A
--------------------------------------------------------------------------------
[2026-03-04 21:34:51] [DEPRECATED] fgetcsv(): the $escape parameter must be provided as its default value will change en /usr/share/nginx/html/sistema_biometrico/scripts/sync_zkteco_ids_empleados.php línea 75
URI: N/A
--------------------------------------------------------------------------------
[2026-03-04 21:37:48] [DEPRECATED] fputcsv(): the $escape parameter must be provided as its default value will change en /usr/share/nginx/html/sistema_biometrico/scripts/correlacionar_dat_empleados.php línea 116
URI: N/A
--------------------------------------------------------------------------------
[2026-03-04 21:37:48] [DEPRECATED] fputcsv(): the $escape parameter must be provided as its default value will change en /usr/share/nginx/html/sistema_biometrico/scripts/correlacionar_dat_empleados.php línea 125
URI: N/A
--------------------------------------------------------------------------------
[2026-03-04 21:37:48] [DEPRECATED] fputcsv(): the $escape parameter must be provided as its default value will change en /usr/share/nginx/html/sistema_biometrico/scripts/correlacionar_dat_empleados.php línea 125
URI: N/A
--------------------------------------------------------------------------------
[2026-03-04 21:37:48] [DEPRECATED] fputcsv(): the $escape parameter must be provided as its default value will change en /usr/share/nginx/html/sistema_biometrico/scripts/correlacionar_dat_empleados.php línea 125
URI: N/A
--------------------------------------------------------------------------------
[2026-03-04 21:37:48] [DEPRECATED] fputcsv(): the $escape parameter must be provided as its default value will change en /usr/share/nginx/html/sistema_biometrico/scripts/correlacionar_dat_empleados.php línea 125
URI: N/A
--------------------------------------------------------------------------------
[2026-03-04 21:37:48] [DEPRECATED] fputcsv(): the $escape parameter must be provided as its default value will change en /usr/share/nginx/html/sistema_biometrico/scripts/correlacionar_dat_empleados.php línea 125
URI: N/A
--------------------------------------------------------------------------------
[2026-03-04 21:37:48] [DEPRECATED] fputcsv(): the $escape parameter must be provided as its default value will change en /usr/share/nginx/html/sistema_biometrico/scripts/correlacionar_dat_empleados.php línea 125
URI: N/A
--------------------------------------------------------------------------------
[2026-03-04 21:37:48] [DEPRECATED] fputcsv(): the $escape parameter must be provided as its default value will change en /usr/share/nginx/html/sistema_biometrico/scripts/correlacionar_dat_empleados.php línea 125
URI: N/A
--------------------------------------------------------------------------------
[2026-03-04 21:37:48] [DEPRECATED] fputcsv(): the $escape parameter must be provided as its default value will change en /usr/share/nginx/html/sistema_biometrico/scripts/correlacionar_dat_empleados.php línea 125
URI: N/A
--------------------------------------------------------------------------------
[2026-03-04 21:37:48] [DEPRECATED] fputcsv(): the $escape parameter must be provided as its default value will change en /usr/share/nginx/html/sistema_biometrico/scripts/correlacionar_dat_empleados.php línea 125
URI: N/A
--------------------------------------------------------------------------------
[2026-03-04 21:37:48] [DEPRECATED] fputcsv(): the $escape parameter must be provided as its default value will change en /usr/share/nginx/html/sistema_biometrico/scripts/correlacionar_dat_empleados.php línea 125
URI: N/A
--------------------------------------------------------------------------------
[2026-03-04 21:37:48] [DEPRECATED] fputcsv(): the $escape parameter must be provided as its default value will change en /usr/share/nginx/html/sistema_biometrico/scripts/correlacionar_dat_empleados.php línea 125
URI: N/A
--------------------------------------------------------------------------------
[2026-03-04 21:37:48] [DEPRECATED] fputcsv(): the $escape parameter must be provided as its default value will change en /usr/share/nginx/html/sistema_biometrico/scripts/correlacionar_dat_empleados.php línea 125
URI: N/A
--------------------------------------------------------------------------------
[2026-03-04 21:37:48] [DEPRECATED] fputcsv(): the $escape parameter must be provided as its default value will change en /usr/share/nginx/html/sistema_biometrico/scripts/correlacionar_dat_empleados.php línea 125
URI: N/A
--------------------------------------------------------------------------------
[2026-03-04 21:37:48] [DEPRECATED] fputcsv(): the $escape parameter must be provided as its default value will change en /usr/share/nginx/html/sistema_biometrico/scripts/correlacionar_dat_empleados.php línea 125
URI: N/A
--------------------------------------------------------------------------------
[2026-03-04 21:37:48] [DEPRECATED] fputcsv(): the $escape parameter must be provided as its default value will change en /usr/share/nginx/html/sistema_biometrico/scripts/correlacionar_dat_empleados.php línea 125
URI: N/A
--------------------------------------------------------------------------------
[2026-03-04 21:37:48] [DEPRECATED] fputcsv(): the $escape parameter must be provided as its default value will change en /usr/share/nginx/html/sistema_biometrico/scripts/correlacionar_dat_empleados.php línea 125
URI: N/A
--------------------------------------------------------------------------------
[2026-03-04 21:37:48] [DEPRECATED] fputcsv(): the $escape parameter must be provided as its default value will change en /usr/share/nginx/html/sistema_biometrico/scripts/correlacionar_dat_empleados.php línea 125
URI: N/A
--------------------------------------------------------------------------------
[2026-03-04 21:37:48] [DEPRECATED] fputcsv(): the $escape parameter must be provided as its default value will change en /usr/share/nginx/html/sistema_biometrico/scripts/correlacionar_dat_empleados.php línea 125
URI: N/A
--------------------------------------------------------------------------------
[2026-03-04 21:37:48] [DEPRECATED] fputcsv(): the $escape parameter must be provided as its default value will change en /usr/share/nginx/html/sistema_biometrico/scripts/correlacionar_dat_empleados.php línea 125
URI: N/A
--------------------------------------------------------------------------------
[2026-03-04 21:37:48] [DEPRECATED] fputcsv(): the $escape parameter must be provided as its default value will change en /usr/share/nginx/html/sistema_biometrico/scripts/correlacionar_dat_empleados.php línea 125
URI: N/A
--------------------------------------------------------------------------------
[2026-03-04 21:37:48] [DEPRECATED] fputcsv(): the $escape parameter must be provided as its default value will change en /usr/share/nginx/html/sistema_biometrico/scripts/correlacionar_dat_empleados.php línea 125
URI: N/A
--------------------------------------------------------------------------------
[2026-03-04 21:37:48] [DEPRECATED] fputcsv(): the $escape parameter must be provided as its default value will change en /usr/share/nginx/html/sistema_biometrico/scripts/correlacionar_dat_empleados.php línea 125
URI: N/A
--------------------------------------------------------------------------------
[2026-03-04 21:37:48] [DEPRECATED] fputcsv(): the $escape parameter must be provided as its default value will change en /usr/share/nginx/html/sistema_biometrico/scripts/correlacionar_dat_empleados.php línea 125
URI: N/A
--------------------------------------------------------------------------------
[2026-03-04 21:37:48] [DEPRECATED] fputcsv(): the $escape parameter must be provided as its default value will change en /usr/share/nginx/html/sistema_biometrico/scripts/correlacionar_dat_empleados.php línea 125
URI: N/A
--------------------------------------------------------------------------------
[2026-03-04 21:37:48] [DEPRECATED] fputcsv(): the $escape parameter must be provided as its default value will change en /usr/share/nginx/html/sistema_biometrico/scripts/correlacionar_dat_empleados.php línea 125
URI: N/A
--------------------------------------------------------------------------------
[2026-03-04 21:37:48] [DEPRECATED] fputcsv(): the $escape parameter must be provided as its default value will change en /usr/share/nginx/html/sistema_biometrico/scripts/correlacionar_dat_empleados.php línea 125
URI: N/A
--------------------------------------------------------------------------------
[2026-03-04 21:37:48] [DEPRECATED] fputcsv(): the $escape parameter must be provided as its default value will change en /usr/share/nginx/html/sistema_biometrico/scripts/correlacionar_dat_empleados.php línea 125
URI: N/A
--------------------------------------------------------------------------------
[2026-03-04 21:37:48] [DEPRECATED] fputcsv(): the $escape parameter must be provided as its default value will change en /usr/share/nginx/html/sistema_biometrico/scripts/correlacionar_dat_empleados.php línea 125
URI: N/A
--------------------------------------------------------------------------------
[2026-03-04 21:37:48] [DEPRECATED] fputcsv(): the $escape parameter must be provided as its default value will change en /usr/share/nginx/html/sistema_biometrico/scripts/correlacionar_dat_empleados.php línea 125
URI: N/A
--------------------------------------------------------------------------------
[2026-03-04 21:37:48] [DEPRECATED] fputcsv(): the $escape parameter must be provided as its default value will change en /usr/share/nginx/html/sistema_biometrico/scripts/correlacionar_dat_empleados.php línea 125
URI: N/A
--------------------------------------------------------------------------------
[2026-03-04 21:37:48] [DEPRECATED] fputcsv(): the $escape parameter must be provided as its default value will change en /usr/share/nginx/html/sistema_biometrico/scripts/correlacionar_dat_empleados.php línea 125
URI: N/A
--------------------------------------------------------------------------------
[2026-03-04 21:37:48] [DEPRECATED] fputcsv(): the $escape parameter must be provided as its default value will change en /usr/share/nginx/html/sistema_biometrico/scripts/correlacionar_dat_empleados.php línea 125
URI: N/A
--------------------------------------------------------------------------------
[2026-03-04 21:37:48] [DEPRECATED] fputcsv(): the $escape parameter must be provided as its default value will change en /usr/share/nginx/html/sistema_biometrico/scripts/correlacionar_dat_empleados.php línea 125
URI: N/A
--------------------------------------------------------------------------------
[2026-03-04 21:37:48] [DEPRECATED] fputcsv(): the $escape parameter must be provided as its default value will change en /usr/share/nginx/html/sistema_biometrico/scripts/correlacionar_dat_empleados.php línea 125
URI: N/A
--------------------------------------------------------------------------------
[2026-03-04 21:37:48] [DEPRECATED] fputcsv(): the $escape parameter must be provided as its default value will change en /usr/share/nginx/html/sistema_biometrico/scripts/correlacionar_dat_empleados.php línea 125
URI: N/A
--------------------------------------------------------------------------------
[2026-03-04 21:37:48] [DEPRECATED] fputcsv(): the $escape parameter must be provided as its default value will change en /usr/share/nginx/html/sistema_biometrico/scripts/correlacionar_dat_empleados.php línea 125
URI: N/A
--------------------------------------------------------------------------------
[2026-03-04 21:37:48] [DEPRECATED] fputcsv(): the $escape parameter must be provided as its default value will change en /usr/share/nginx/html/sistema_biometrico/scripts/correlacionar_dat_empleados.php línea 125
URI: N/A
--------------------------------------------------------------------------------
[2026-03-04 21:37:48] [DEPRECATED] fputcsv(): the $escape parameter must be provided as its default value will change en /usr/share/nginx/html/sistema_biometrico/scripts/correlacionar_dat_empleados.php línea 125
URI: N/A
--------------------------------------------------------------------------------
[2026-03-04 21:37:48] [DEPRECATED] fputcsv(): the $escape parameter must be provided as its default value will change en /usr/share/nginx/html/sistema_biometrico/scripts/correlacionar_dat_empleados.php línea 125
URI: N/A
--------------------------------------------------------------------------------
[2026-03-04 21:37:48] [DEPRECATED] fputcsv(): the $escape parameter must be provided as its default value will change en /usr/share/nginx/html/sistema_biometrico/scripts/correlacionar_dat_empleados.php línea 125
URI: N/A
--------------------------------------------------------------------------------
[2026-03-04 21:37:48] [DEPRECATED] fputcsv(): the $escape parameter must be provided as its default value will change en /usr/share/nginx/html/sistema_biometrico/scripts/correlacionar_dat_empleados.php línea 125
URI: N/A
--------------------------------------------------------------------------------
[2026-03-04 21:37:48] [DEPRECATED] fputcsv(): the $escape parameter must be provided as its default value will change en /usr/share/nginx/html/sistema_biometrico/scripts/correlacionar_dat_empleados.php línea 125
URI: N/A
--------------------------------------------------------------------------------
[2026-03-04 21:37:48] [DEPRECATED] fputcsv(): the $escape parameter must be provided as its default value will change en /usr/share/nginx/html/sistema_biometrico/scripts/correlacionar_dat_empleados.php línea 125
URI: N/A
--------------------------------------------------------------------------------
[2026-03-04 21:37:48] [DEPRECATED] fputcsv(): the $escape parameter must be provided as its default value will change en /usr/share/nginx/html/sistema_biometrico/scripts/correlacionar_dat_empleados.php línea 125
URI: N/A
--------------------------------------------------------------------------------
[2026-03-04 21:37:48] [DEPRECATED] fputcsv(): the $escape parameter must be provided as its default value will change en /usr/share/nginx/html/sistema_biometrico/scripts/correlacionar_dat_empleados.php línea 125
URI: N/A
--------------------------------------------------------------------------------
[2026-03-04 21:37:48] [DEPRECATED] fputcsv(): the $escape parameter must be provided as its default value will change en /usr/share/nginx/html/sistema_biometrico/scripts/correlacionar_dat_empleados.php línea 125
URI: N/A
--------------------------------------------------------------------------------
[2026-03-04 21:37:48] [DEPRECATED] fputcsv(): the $escape parameter must be provided as its default value will change en /usr/share/nginx/html/sistema_biometrico/scripts/correlacionar_dat_empleados.php línea 125
URI: N/A
--------------------------------------------------------------------------------
[2026-03-04 21:37:48] [DEPRECATED] fputcsv(): the $escape parameter must be provided as its default value will change en /usr/share/nginx/html/sistema_biometrico/scripts/correlacionar_dat_empleados.php línea 125
URI: N/A
--------------------------------------------------------------------------------
[2026-03-04 21:37:48] [DEPRECATED] fputcsv(): the $escape parameter must be provided as its default value will change en /usr/share/nginx/html/sistema_biometrico/scripts/correlacionar_dat_empleados.php línea 125
URI: N/A
--------------------------------------------------------------------------------
[2026-03-04 21:37:48] [DEPRECATED] fputcsv(): the $escape parameter must be provided as its default value will change en /usr/share/nginx/html/sistema_biometrico/scripts/correlacionar_dat_empleados.php línea 125
URI: N/A
--------------------------------------------------------------------------------
[2026-03-04 21:37:48] [DEPRECATED] fputcsv(): the $escape parameter must be provided as its default value will change en /usr/share/nginx/html/sistema_biometrico/scripts/correlacionar_dat_empleados.php línea 125
URI: N/A
--------------------------------------------------------------------------------
[2026-03-04 21:37:48] [DEPRECATED] fputcsv(): the $escape parameter must be provided as its default value will change en /usr/share/nginx/html/sistema_biometrico/scripts/correlacionar_dat_empleados.php línea 125
URI: N/A
--------------------------------------------------------------------------------
[2026-03-04 21:37:48] [DEPRECATED] fputcsv(): the $escape parameter must be provided as its default value will change en /usr/share/nginx/html/sistema_biometrico/scripts/correlacionar_dat_empleados.php línea 125
URI: N/A
--------------------------------------------------------------------------------
[2026-03-04 21:37:48] [DEPRECATED] fputcsv(): the $escape parameter must be provided as its default value will change en /usr/share/nginx/html/sistema_biometrico/scripts/correlacionar_dat_empleados.php línea 125
URI: N/A
--------------------------------------------------------------------------------
[2026-03-04 21:37:48] [DEPRECATED] fputcsv(): the $escape parameter must be provided as its default value will change en /usr/share/nginx/html/sistema_biometrico/scripts/correlacionar_dat_empleados.php línea 125
URI: N/A
--------------------------------------------------------------------------------
[2026-03-04 21:37:48] [DEPRECATED] fputcsv(): the $escape parameter must be provided as its default value will change en /usr/share/nginx/html/sistema_biometrico/scripts/correlacionar_dat_empleados.php línea 125
URI: N/A
--------------------------------------------------------------------------------
[2026-03-04 21:37:48] [DEPRECATED] fputcsv(): the $escape parameter must be provided as its default value will change en /usr/share/nginx/html/sistema_biometrico/scripts/correlacionar_dat_empleados.php línea 125
URI: N/A
--------------------------------------------------------------------------------
[2026-03-04 21:37:48] [DEPRECATED] fputcsv(): the $escape parameter must be provided as its default value will change en /usr/share/nginx/html/sistema_biometrico/scripts/correlacionar_dat_empleados.php línea 125
URI: N/A
--------------------------------------------------------------------------------
[2026-03-04 21:37:48] [DEPRECATED] fputcsv(): the $escape parameter must be provided as its default value will change en /usr/share/nginx/html/sistema_biometrico/scripts/correlacionar_dat_empleados.php línea 125
URI: N/A
--------------------------------------------------------------------------------
[2026-03-04 21:37:48] [DEPRECATED] fputcsv(): the $escape parameter must be provided as its default value will change en /usr/share/nginx/html/sistema_biometrico/scripts/correlacionar_dat_empleados.php línea 125
URI: N/A
--------------------------------------------------------------------------------
[2026-03-04 21:37:48] [DEPRECATED] fputcsv(): the $escape parameter must be provided as its default value will change en /usr/share/nginx/html/sistema_biometrico/scripts/correlacionar_dat_empleados.php línea 125
URI: N/A
--------------------------------------------------------------------------------
[2026-03-04 21:37:48] [DEPRECATED] fputcsv(): the $escape parameter must be provided as its default value will change en /usr/share/nginx/html/sistema_biometrico/scripts/correlacionar_dat_empleados.php línea 125
URI: N/A
--------------------------------------------------------------------------------
[2026-03-04 21:37:48] [DEPRECATED] fputcsv(): the $escape parameter must be provided as its default value will change en /usr/share/nginx/html/sistema_biometrico/scripts/correlacionar_dat_empleados.php línea 125
URI: N/A
--------------------------------------------------------------------------------
[2026-03-04 21:37:48] [DEPRECATED] fputcsv(): the $escape parameter must be provided as its default value will change en /usr/share/nginx/html/sistema_biometrico/scripts/correlacionar_dat_empleados.php línea 125
URI: N/A
--------------------------------------------------------------------------------
[2026-03-04 21:37:48] [DEPRECATED] fputcsv(): the $escape parameter must be provided as its default value will change en /usr/share/nginx/html/sistema_biometrico/scripts/correlacionar_dat_empleados.php línea 125
URI: N/A
--------------------------------------------------------------------------------
[2026-03-04 21:37:48] [DEPRECATED] fputcsv(): the $escape parameter must be provided as its default value will change en /usr/share/nginx/html/sistema_biometrico/scripts/correlacionar_dat_empleados.php línea 125
URI: N/A
--------------------------------------------------------------------------------
[2026-03-04 21:37:48] [DEPRECATED] fputcsv(): the $escape parameter must be provided as its default value will change en /usr/share/nginx/html/sistema_biometrico/scripts/correlacionar_dat_empleados.php línea 125
URI: N/A
--------------------------------------------------------------------------------
[2026-03-04 21:37:48] [DEPRECATED] fputcsv(): the $escape parameter must be provided as its default value will change en /usr/share/nginx/html/sistema_biometrico/scripts/correlacionar_dat_empleados.php línea 125
URI: N/A
--------------------------------------------------------------------------------
[2026-03-04 21:37:48] [DEPRECATED] fputcsv(): the $escape parameter must be provided as its default value will change en /usr/share/nginx/html/sistema_biometrico/scripts/correlacionar_dat_empleados.php línea 125
URI: N/A
--------------------------------------------------------------------------------
[2026-03-04 21:37:48] [DEPRECATED] fputcsv(): the $escape parameter must be provided as its default value will change en /usr/share/nginx/html/sistema_biometrico/scripts/correlacionar_dat_empleados.php línea 125
URI: N/A
--------------------------------------------------------------------------------
[2026-03-04 21:37:48] [DEPRECATED] fputcsv(): the $escape parameter must be provided as its default value will change en /usr/share/nginx/html/sistema_biometrico/scripts/correlacionar_dat_empleados.php línea 125
URI: N/A
--------------------------------------------------------------------------------
[2026-03-04 21:37:48] [DEPRECATED] fputcsv(): the $escape parameter must be provided as its default value will change en /usr/share/nginx/html/sistema_biometrico/scripts/correlacionar_dat_empleados.php línea 125
URI: N/A
--------------------------------------------------------------------------------
[2026-03-04 21:37:48] [DEPRECATED] fputcsv(): the $escape parameter must be provided as its default value will change en /usr/share/nginx/html/sistema_biometrico/scripts/correlacionar_dat_empleados.php línea 125
URI: N/A
--------------------------------------------------------------------------------
[2026-03-04 21:37:48] [DEPRECATED] fputcsv(): the $escape parameter must be provided as its default value will change en /usr/share/nginx/html/sistema_biometrico/scripts/correlacionar_dat_empleados.php línea 125
URI: N/A
--------------------------------------------------------------------------------
[2026-03-04 21:37:48] [DEPRECATED] fputcsv(): the $escape parameter must be provided as its default value will change en /usr/share/nginx/html/sistema_biometrico/scripts/correlacionar_dat_empleados.php línea 125
URI: N/A
--------------------------------------------------------------------------------
[2026-03-04 21:37:48] [DEPRECATED] fputcsv(): the $escape parameter must be provided as its default value will change en /usr/share/nginx/html/sistema_biometrico/scripts/correlacionar_dat_empleados.php línea 125
URI: N/A
--------------------------------------------------------------------------------
[2026-03-04 21:37:48] [DEPRECATED] fputcsv(): the $escape parameter must be provided as its default value will change en /usr/share/nginx/html/sistema_biometrico/scripts/correlacionar_dat_empleados.php línea 125
URI: N/A
--------------------------------------------------------------------------------
[2026-03-04 21:37:48] [DEPRECATED] fputcsv(): the $escape parameter must be provided as its default value will change en /usr/share/nginx/html/sistema_biometrico/scripts/correlacionar_dat_empleados.php línea 125
URI: N/A
--------------------------------------------------------------------------------
[2026-03-04 21:37:48] [DEPRECATED] fputcsv(): the $escape parameter must be provided as its default value will change en /usr/share/nginx/html/sistema_biometrico/scripts/correlacionar_dat_empleados.php línea 125
URI: N/A
--------------------------------------------------------------------------------
[2026-03-04 21:37:48] [DEPRECATED] fputcsv(): the $escape parameter must be provided as its default value will change en /usr/share/nginx/html/sistema_biometrico/scripts/correlacionar_dat_empleados.php línea 125
URI: N/A
--------------------------------------------------------------------------------
[2026-03-04 21:37:48] [DEPRECATED] fputcsv(): the $escape parameter must be provided as its default value will change en /usr/share/nginx/html/sistema_biometrico/scripts/correlacionar_dat_empleados.php línea 125
URI: N/A
--------------------------------------------------------------------------------
[2026-03-04 21:37:48] [DEPRECATED] fputcsv(): the $escape parameter must be provided as its default value will change en /usr/share/nginx/html/sistema_biometrico/scripts/correlacionar_dat_empleados.php línea 125
URI: N/A
--------------------------------------------------------------------------------
[2026-03-04 21:37:48] [DEPRECATED] fputcsv(): the $escape parameter must be provided as its default value will change en /usr/share/nginx/html/sistema_biometrico/scripts/correlacionar_dat_empleados.php línea 125
URI: N/A
--------------------------------------------------------------------------------
[2026-03-04 21:37:48] [DEPRECATED] fputcsv(): the $escape parameter must be provided as its default value will change en /usr/share/nginx/html/sistema_biometrico/scripts/correlacionar_dat_empleados.php línea 125
URI: N/A
--------------------------------------------------------------------------------
[2026-03-04 21:37:48] [DEPRECATED] fputcsv(): the $escape parameter must be provided as its default value will change en /usr/share/nginx/html/sistema_biometrico/scripts/correlacionar_dat_empleados.php línea 125
URI: N/A
--------------------------------------------------------------------------------
[2026-03-04 21:37:48] [DEPRECATED] fputcsv(): the $escape parameter must be provided as its default value will change en /usr/share/nginx/html/sistema_biometrico/scripts/correlacionar_dat_empleados.php línea 125
URI: N/A
--------------------------------------------------------------------------------
[2026-03-04 21:37:48] [DEPRECATED] fputcsv(): the $escape parameter must be provided as its default value will change en /usr/share/nginx/html/sistema_biometrico/scripts/correlacionar_dat_empleados.php línea 125
URI: N/A
--------------------------------------------------------------------------------
[2026-03-04 21:37:48] [DEPRECATED] fputcsv(): the $escape parameter must be provided as its default value will change en /usr/share/nginx/html/sistema_biometrico/scripts/correlacionar_dat_empleados.php línea 125
URI: N/A
--------------------------------------------------------------------------------
[2026-03-04 21:37:48] [DEPRECATED] fputcsv(): the $escape parameter must be provided as its default value will change en /usr/share/nginx/html/sistema_biometrico/scripts/correlacionar_dat_empleados.php línea 125
URI: N/A
--------------------------------------------------------------------------------
[2026-03-04 21:37:48] [DEPRECATED] fputcsv(): the $escape parameter must be provided as its default value will change en /usr/share/nginx/html/sistema_biometrico/scripts/correlacionar_dat_empleados.php línea 125
URI: N/A
--------------------------------------------------------------------------------
[2026-03-04 21:37:48] [DEPRECATED] fputcsv(): the $escape parameter must be provided as its default value will change en /usr/share/nginx/html/sistema_biometrico/scripts/correlacionar_dat_empleados.php línea 125
URI: N/A
--------------------------------------------------------------------------------
[2026-03-04 21:37:48] [DEPRECATED] fputcsv(): the $escape parameter must be provided as its default value will change en /usr/share/nginx/html/sistema_biometrico/scripts/correlacionar_dat_empleados.php línea 125
URI: N/A
--------------------------------------------------------------------------------
[2026-03-04 21:37:48] [DEPRECATED] fputcsv(): the $escape parameter must be provided as its default value will change en /usr/share/nginx/html/sistema_biometrico/scripts/correlacionar_dat_empleados.php línea 125
URI: N/A
--------------------------------------------------------------------------------
[2026-03-04 21:37:48] [DEPRECATED] fputcsv(): the $escape parameter must be provided as its default value will change en /usr/share/nginx/html/sistema_biometrico/scripts/correlacionar_dat_empleados.php línea 125
URI: N/A
--------------------------------------------------------------------------------
[2026-03-04 21:37:48] [DEPRECATED] fputcsv(): the $escape parameter must be provided as its default value will change en /usr/share/nginx/html/sistema_biometrico/scripts/correlacionar_dat_empleados.php línea 125
URI: N/A
--------------------------------------------------------------------------------
[2026-03-04 21:37:48] [DEPRECATED] fputcsv(): the $escape parameter must be provided as its default value will change en /usr/share/nginx/html/sistema_biometrico/scripts/correlacionar_dat_empleados.php línea 125
URI: N/A
--------------------------------------------------------------------------------
[2026-03-04 21:37:48] [DEPRECATED] fputcsv(): the $escape parameter must be provided as its default value will change en /usr/share/nginx/html/sistema_biometrico/scripts/correlacionar_dat_empleados.php línea 125
URI: N/A
--------------------------------------------------------------------------------
[2026-03-04 21:37:48] [DEPRECATED] fputcsv(): the $escape parameter must be provided as its default value will change en /usr/share/nginx/html/sistema_biometrico/scripts/correlacionar_dat_empleados.php línea 125
URI: N/A
--------------------------------------------------------------------------------
[2026-03-04 21:37:48] [DEPRECATED] fputcsv(): the $escape parameter must be provided as its default value will change en /usr/share/nginx/html/sistema_biometrico/scripts/correlacionar_dat_empleados.php línea 125
URI: N/A
--------------------------------------------------------------------------------
[2026-03-04 21:37:48] [DEPRECATED] fputcsv(): the $escape parameter must be provided as its default value will change en /usr/share/nginx/html/sistema_biometrico/scripts/correlacionar_dat_empleados.php línea 125
URI: N/A
--------------------------------------------------------------------------------
[2026-03-04 21:37:48] [DEPRECATED] fputcsv(): the $escape parameter must be provided as its default value will change en /usr/share/nginx/html/sistema_biometrico/scripts/correlacionar_dat_empleados.php línea 125
URI: N/A
--------------------------------------------------------------------------------
[2026-03-04 21:37:48] [DEPRECATED] fputcsv(): the $escape parameter must be provided as its default value will change en /usr/share/nginx/html/sistema_biometrico/scripts/correlacionar_dat_empleados.php línea 125
URI: N/A
--------------------------------------------------------------------------------
[2026-03-04 21:37:48] [DEPRECATED] fputcsv(): the $escape parameter must be provided as its default value will change en /usr/share/nginx/html/sistema_biometrico/scripts/correlacionar_dat_empleados.php línea 125
URI: N/A
--------------------------------------------------------------------------------
[2026-03-04 21:37:48] [DEPRECATED] fputcsv(): the $escape parameter must be provided as its default value will change en /usr/share/nginx/html/sistema_biometrico/scripts/correlacionar_dat_empleados.php línea 125
URI: N/A
--------------------------------------------------------------------------------
[2026-03-04 21:37:48] [DEPRECATED] fputcsv(): the $escape parameter must be provided as its default value will change en /usr/share/nginx/html/sistema_biometrico/scripts/correlacionar_dat_empleados.php línea 125
URI: N/A
--------------------------------------------------------------------------------
[2026-03-04 21:37:48] [DEPRECATED] fputcsv(): the $escape parameter must be provided as its default value will change en /usr/share/nginx/html/sistema_biometrico/scripts/correlacionar_dat_empleados.php línea 125
URI: N/A
--------------------------------------------------------------------------------
[2026-03-04 21:37:48] [DEPRECATED] fputcsv(): the $escape parameter must be provided as its default value will change en /usr/share/nginx/html/sistema_biometrico/scripts/correlacionar_dat_empleados.php línea 125
URI: N/A
--------------------------------------------------------------------------------
[2026-03-04 21:37:48] [DEPRECATED] fputcsv(): the $escape parameter must be provided as its default value will change en /usr/share/nginx/html/sistema_biometrico/scripts/correlacionar_dat_empleados.php línea 125
URI: N/A
--------------------------------------------------------------------------------
[2026-03-04 21:37:48] [DEPRECATED] fputcsv(): the $escape parameter must be provided as its default value will change en /usr/share/nginx/html/sistema_biometrico/scripts/correlacionar_dat_empleados.php línea 125
URI: N/A
--------------------------------------------------------------------------------
[2026-03-04 21:37:48] [DEPRECATED] fputcsv(): the $escape parameter must be provided as its default value will change en /usr/share/nginx/html/sistema_biometrico/scripts/correlacionar_dat_empleados.php línea 125
URI: N/A
--------------------------------------------------------------------------------
[2026-03-04 21:37:48] [DEPRECATED] fputcsv(): the $escape parameter must be provided as its default value will change en /usr/share/nginx/html/sistema_biometrico/scripts/correlacionar_dat_empleados.php línea 125
URI: N/A
--------------------------------------------------------------------------------
[2026-03-04 21:37:48] [DEPRECATED] fputcsv(): the $escape parameter must be provided as its default value will change en /usr/share/nginx/html/sistema_biometrico/scripts/correlacionar_dat_empleados.php línea 125
URI: N/A
--------------------------------------------------------------------------------
[2026-03-04 21:37:48] [DEPRECATED] fputcsv(): the $escape parameter must be provided as its default value will change en /usr/share/nginx/html/sistema_biometrico/scripts/correlacionar_dat_empleados.php línea 125
URI: N/A
--------------------------------------------------------------------------------
[2026-03-04 21:37:48] [DEPRECATED] fputcsv(): the $escape parameter must be provided as its default value will change en /usr/share/nginx/html/sistema_biometrico/scripts/correlacionar_dat_empleados.php línea 125
URI: N/A
--------------------------------------------------------------------------------
[2026-03-04 21:37:48] [DEPRECATED] fputcsv(): the $escape parameter must be provided as its default value will change en /usr/share/nginx/html/sistema_biometrico/scripts/correlacionar_dat_empleados.php línea 125
URI: N/A
--------------------------------------------------------------------------------
[2026-03-04 21:37:48] [DEPRECATED] fputcsv(): the $escape parameter must be provided as its default value will change en /usr/share/nginx/html/sistema_biometrico/scripts/correlacionar_dat_empleados.php línea 125
URI: N/A
--------------------------------------------------------------------------------
[2026-03-04 21:37:48] [DEPRECATED] fputcsv(): the $escape parameter must be provided as its default value will change en /usr/share/nginx/html/sistema_biometrico/scripts/correlacionar_dat_empleados.php línea 125
URI: N/A
--------------------------------------------------------------------------------
[2026-03-04 21:37:48] [DEPRECATED] fputcsv(): the $escape parameter must be provided as its default value will change en /usr/share/nginx/html/sistema_biometrico/scripts/correlacionar_dat_empleados.php línea 125
URI: N/A
--------------------------------------------------------------------------------
[2026-03-04 21:37:48] [DEPRECATED] fputcsv(): the $escape parameter must be provided as its default value will change en /usr/share/nginx/html/sistema_biometrico/scripts/correlacionar_dat_empleados.php línea 125
URI: N/A
--------------------------------------------------------------------------------
[2026-03-04 21:37:48] [DEPRECATED] fputcsv(): the $escape parameter must be provided as its default value will change en /usr/share/nginx/html/sistema_biometrico/scripts/correlacionar_dat_empleados.php línea 125
URI: N/A
--------------------------------------------------------------------------------
[2026-03-04 21:37:48] [DEPRECATED] fputcsv(): the $escape parameter must be provided as its default value will change en /usr/share/nginx/html/sistema_biometrico/scripts/correlacionar_dat_empleados.php línea 125
URI: N/A
--------------------------------------------------------------------------------
[2026-03-04 21:37:48] [DEPRECATED] fputcsv(): the $escape parameter must be provided as its default value will change en /usr/share/nginx/html/sistema_biometrico/scripts/correlacionar_dat_empleados.php línea 125
URI: N/A
--------------------------------------------------------------------------------
[2026-03-04 21:37:48] [DEPRECATED] fputcsv(): the $escape parameter must be provided as its default value will change en /usr/share/nginx/html/sistema_biometrico/scripts/correlacionar_dat_empleados.php línea 125
URI: N/A
--------------------------------------------------------------------------------
[2026-03-04 21:37:48] [DEPRECATED] fputcsv(): the $escape parameter must be provided as its default value will change en /usr/share/nginx/html/sistema_biometrico/scripts/correlacionar_dat_empleados.php línea 125
URI: N/A
--------------------------------------------------------------------------------
[2026-03-04 21:37:48] [DEPRECATED] fputcsv(): the $escape parameter must be provided as its default value will change en /usr/share/nginx/html/sistema_biometrico/scripts/correlacionar_dat_empleados.php línea 125
URI: N/A
--------------------------------------------------------------------------------
[2026-03-04 21:37:48] [DEPRECATED] fputcsv(): the $escape parameter must be provided as its default value will change en /usr/share/nginx/html/sistema_biometrico/scripts/correlacionar_dat_empleados.php línea 125
URI: N/A
--------------------------------------------------------------------------------
[2026-03-04 21:37:48] [DEPRECATED] fputcsv(): the $escape parameter must be provided as its default value will change en /usr/share/nginx/html/sistema_biometrico/scripts/correlacionar_dat_empleados.php línea 125
URI: N/A
--------------------------------------------------------------------------------
[2026-03-04 21:37:48] [DEPRECATED] fputcsv(): the $escape parameter must be provided as its default value will change en /usr/share/nginx/html/sistema_biometrico/scripts/correlacionar_dat_empleados.php línea 125
URI: N/A
--------------------------------------------------------------------------------
[2026-03-04 21:37:48] [DEPRECATED] fputcsv(): the $escape parameter must be provided as its default value will change en /usr/share/nginx/html/sistema_biometrico/scripts/correlacionar_dat_empleados.php línea 125
URI: N/A
--------------------------------------------------------------------------------
[2026-03-04 21:37:48] [DEPRECATED] fputcsv(): the $escape parameter must be provided as its default value will change en /usr/share/nginx/html/sistema_biometrico/scripts/correlacionar_dat_empleados.php línea 125
URI: N/A
--------------------------------------------------------------------------------
[2026-03-04 21:37:48] [DEPRECATED] fputcsv(): the $escape parameter must be provided as its default value will change en /usr/share/nginx/html/sistema_biometrico/scripts/correlacionar_dat_empleados.php línea 125
URI: N/A
--------------------------------------------------------------------------------
[2026-03-04 21:37:48] [DEPRECATED] fputcsv(): the $escape parameter must be provided as its default value will change en /usr/share/nginx/html/sistema_biometrico/scripts/correlacionar_dat_empleados.php línea 125
URI: N/A
--------------------------------------------------------------------------------
[2026-03-04 21:37:48] [DEPRECATED] fputcsv(): the $escape parameter must be provided as its default value will change en /usr/share/nginx/html/sistema_biometrico/scripts/correlacionar_dat_empleados.php línea 125
URI: N/A
--------------------------------------------------------------------------------
[2026-03-04 21:37:48] [DEPRECATED] fputcsv(): the $escape parameter must be provided as its default value will change en /usr/share/nginx/html/sistema_biometrico/scripts/correlacionar_dat_empleados.php línea 125
URI: N/A
--------------------------------------------------------------------------------
[2026-03-04 21:37:48] [DEPRECATED] fputcsv(): the $escape parameter must be provided as its default value will change en /usr/share/nginx/html/sistema_biometrico/scripts/correlacionar_dat_empleados.php línea 125
URI: N/A
--------------------------------------------------------------------------------
[2026-03-04 21:37:48] [DEPRECATED] fputcsv(): the $escape parameter must be provided as its default value will change en /usr/share/nginx/html/sistema_biometrico/scripts/correlacionar_dat_empleados.php línea 125
URI: N/A
--------------------------------------------------------------------------------
[2026-03-04 21:37:48] [DEPRECATED] fputcsv(): the $escape parameter must be provided as its default value will change en /usr/share/nginx/html/sistema_biometrico/scripts/correlacionar_dat_empleados.php línea 125
URI: N/A
--------------------------------------------------------------------------------
[2026-03-04 21:37:48] [DEPRECATED] fputcsv(): the $escape parameter must be provided as its default value will change en /usr/share/nginx/html/sistema_biometrico/scripts/correlacionar_dat_empleados.php línea 125
URI: N/A
--------------------------------------------------------------------------------
[2026-03-04 21:37:48] [DEPRECATED] fputcsv(): the $escape parameter must be provided as its default value will change en /usr/share/nginx/html/sistema_biometrico/scripts/correlacionar_dat_empleados.php línea 125
URI: N/A
--------------------------------------------------------------------------------
[2026-03-04 21:37:48] [DEPRECATED] fputcsv(): the $escape parameter must be provided as its default value will change en /usr/share/nginx/html/sistema_biometrico/scripts/correlacionar_dat_empleados.php línea 125
URI: N/A
--------------------------------------------------------------------------------
[2026-03-04 21:37:48] [DEPRECATED] fputcsv(): the $escape parameter must be provided as its default value will change en /usr/share/nginx/html/sistema_biometrico/scripts/correlacionar_dat_empleados.php línea 125
URI: N/A
--------------------------------------------------------------------------------
[2026-03-04 21:37:48] [DEPRECATED] fputcsv(): the $escape parameter must be provided as its default value will change en /usr/share/nginx/html/sistema_biometrico/scripts/correlacionar_dat_empleados.php línea 125
URI: N/A
--------------------------------------------------------------------------------
[2026-03-04 21:37:48] [DEPRECATED] fputcsv(): the $escape parameter must be provided as its default value will change en /usr/share/nginx/html/sistema_biometrico/scripts/correlacionar_dat_empleados.php línea 125
URI: N/A
--------------------------------------------------------------------------------
[2026-03-04 21:37:48] [DEPRECATED] fputcsv(): the $escape parameter must be provided as its default value will change en /usr/share/nginx/html/sistema_biometrico/scripts/correlacionar_dat_empleados.php línea 125
URI: N/A
--------------------------------------------------------------------------------
[2026-03-04 21:37:48] [DEPRECATED] fputcsv(): the $escape parameter must be provided as its default value will change en /usr/share/nginx/html/sistema_biometrico/scripts/correlacionar_dat_empleados.php línea 125
URI: N/A
--------------------------------------------------------------------------------
[2026-03-04 21:37:48] [DEPRECATED] fputcsv(): the $escape parameter must be provided as its default value will change en /usr/share/nginx/html/sistema_biometrico/scripts/correlacionar_dat_empleados.php línea 125
URI: N/A
--------------------------------------------------------------------------------
[2026-03-04 21:37:48] [DEPRECATED] fputcsv(): the $escape parameter must be provided as its default value will change en /usr/share/nginx/html/sistema_biometrico/scripts/correlacionar_dat_empleados.php línea 125
URI: N/A
--------------------------------------------------------------------------------
[2026-03-04 21:37:48] [DEPRECATED] fputcsv(): the $escape parameter must be provided as its default value will change en /usr/share/nginx/html/sistema_biometrico/scripts/correlacionar_dat_empleados.php línea 125
URI: N/A
--------------------------------------------------------------------------------
[2026-03-04 21:37:48] [DEPRECATED] fputcsv(): the $escape parameter must be provided as its default value will change en /usr/share/nginx/html/sistema_biometrico/scripts/correlacionar_dat_empleados.php línea 125
URI: N/A
--------------------------------------------------------------------------------
[2026-03-04 21:37:48] [DEPRECATED] fputcsv(): the $escape parameter must be provided as its default value will change en /usr/share/nginx/html/sistema_biometrico/scripts/correlacionar_dat_empleados.php línea 125
URI: N/A
--------------------------------------------------------------------------------
[2026-03-04 21:37:48] [DEPRECATED] fputcsv(): the $escape parameter must be provided as its default value will change en /usr/share/nginx/html/sistema_biometrico/scripts/correlacionar_dat_empleados.php línea 125
URI: N/A
--------------------------------------------------------------------------------
[2026-03-04 21:37:48] [DEPRECATED] fputcsv(): the $escape parameter must be provided as its default value will change en /usr/share/nginx/html/sistema_biometrico/scripts/correlacionar_dat_empleados.php línea 125
URI: N/A
--------------------------------------------------------------------------------
[2026-03-04 21:37:48] [DEPRECATED] fputcsv(): the $escape parameter must be provided as its default value will change en /usr/share/nginx/html/sistema_biometrico/scripts/correlacionar_dat_empleados.php línea 125
URI: N/A
--------------------------------------------------------------------------------
[2026-03-04 21:37:48] [DEPRECATED] fputcsv(): the $escape parameter must be provided as its default value will change en /usr/share/nginx/html/sistema_biometrico/scripts/correlacionar_dat_empleados.php línea 125
URI: N/A
--------------------------------------------------------------------------------
[2026-03-04 21:37:48] [DEPRECATED] fputcsv(): the $escape parameter must be provided as its default value will change en /usr/share/nginx/html/sistema_biometrico/scripts/correlacionar_dat_empleados.php línea 125
URI: N/A
--------------------------------------------------------------------------------
[2026-03-04 21:37:48] [DEPRECATED] fputcsv(): the $escape parameter must be provided as its default value will change en /usr/share/nginx/html/sistema_biometrico/scripts/correlacionar_dat_empleados.php línea 125
URI: N/A
--------------------------------------------------------------------------------
[2026-03-04 21:38:38] [DEPRECATED] fputcsv(): the $escape parameter must be provided as its default value will change en /usr/share/nginx/html/sistema_biometrico/scripts/correlacionar_dat_empleados.php línea 125
URI: N/A
--------------------------------------------------------------------------------
[2026-03-04 21:38:38] [DEPRECATED] fputcsv(): the $escape parameter must be provided as its default value will change en /usr/share/nginx/html/sistema_biometrico/scripts/correlacionar_dat_empleados.php línea 126
URI: N/A
--------------------------------------------------------------------------------
[2026-03-04 21:38:38] [DEPRECATED] fputcsv(): the $escape parameter must be provided as its default value will change en /usr/share/nginx/html/sistema_biometrico/scripts/correlacionar_dat_empleados.php línea 135
URI: N/A
--------------------------------------------------------------------------------
[2026-03-04 21:38:38] [DEPRECATED] fputcsv(): the $escape parameter must be provided as its default value will change en /usr/share/nginx/html/sistema_biometrico/scripts/correlacionar_dat_empleados.php línea 144
URI: N/A
--------------------------------------------------------------------------------
[2026-03-04 21:38:38] [DEPRECATED] fputcsv(): the $escape parameter must be provided as its default value will change en /usr/share/nginx/html/sistema_biometrico/scripts/correlacionar_dat_empleados.php línea 135
URI: N/A
--------------------------------------------------------------------------------
[2026-03-04 21:38:38] [DEPRECATED] fputcsv(): the $escape parameter must be provided as its default value will change en /usr/share/nginx/html/sistema_biometrico/scripts/correlacionar_dat_empleados.php línea 144
URI: N/A
--------------------------------------------------------------------------------
[2026-03-04 21:38:38] [DEPRECATED] fputcsv(): the $escape parameter must be provided as its default value will change en /usr/share/nginx/html/sistema_biometrico/scripts/correlacionar_dat_empleados.php línea 135
URI: N/A
--------------------------------------------------------------------------------
[2026-03-04 21:38:38] [DEPRECATED] fputcsv(): the $escape parameter must be provided as its default value will change en /usr/share/nginx/html/sistema_biometrico/scripts/correlacionar_dat_empleados.php línea 144
URI: N/A
--------------------------------------------------------------------------------
[2026-03-04 21:38:38] [DEPRECATED] fputcsv(): the $escape parameter must be provided as its default value will change en /usr/share/nginx/html/sistema_biometrico/scripts/correlacionar_dat_empleados.php línea 135
URI: N/A
--------------------------------------------------------------------------------
[2026-03-04 21:38:38] [DEPRECATED] fputcsv(): the $escape parameter must be provided as its default value will change en /usr/share/nginx/html/sistema_biometrico/scripts/correlacionar_dat_empleados.php línea 144
URI: N/A
--------------------------------------------------------------------------------
[2026-03-04 21:38:38] [DEPRECATED] fputcsv(): the $escape parameter must be provided as its default value will change en /usr/share/nginx/html/sistema_biometrico/scripts/correlacionar_dat_empleados.php línea 135
URI: N/A
--------------------------------------------------------------------------------
[2026-03-04 21:38:38] [DEPRECATED] fputcsv(): the $escape parameter must be provided as its default value will change en /usr/share/nginx/html/sistema_biometrico/scripts/correlacionar_dat_empleados.php línea 144
URI: N/A
--------------------------------------------------------------------------------
[2026-03-04 21:38:38] [DEPRECATED] fputcsv(): the $escape parameter must be provided as its default value will change en /usr/share/nginx/html/sistema_biometrico/scripts/correlacionar_dat_empleados.php línea 135
URI: N/A
--------------------------------------------------------------------------------
[2026-03-04 21:38:38] [DEPRECATED] fputcsv(): the $escape parameter must be provided as its default value will change en /usr/share/nginx/html/sistema_biometrico/scripts/correlacionar_dat_empleados.php línea 144
URI: N/A
--------------------------------------------------------------------------------
[2026-03-04 21:38:38] [DEPRECATED] fputcsv(): the $escape parameter must be provided as its default value will change en /usr/share/nginx/html/sistema_biometrico/scripts/correlacionar_dat_empleados.php línea 135
URI: N/A
--------------------------------------------------------------------------------
[2026-03-04 21:38:38] [DEPRECATED] fputcsv(): the $escape parameter must be provided as its default value will change en /usr/share/nginx/html/sistema_biometrico/scripts/correlacionar_dat_empleados.php línea 144
URI: N/A
--------------------------------------------------------------------------------
[2026-03-04 21:38:38] [DEPRECATED] fputcsv(): the $escape parameter must be provided as its default value will change en /usr/share/nginx/html/sistema_biometrico/scripts/correlacionar_dat_empleados.php línea 135
URI: N/A
--------------------------------------------------------------------------------
[2026-03-04 21:38:38] [DEPRECATED] fputcsv(): the $escape parameter must be provided as its default value will change en /usr/share/nginx/html/sistema_biometrico/scripts/correlacionar_dat_empleados.php línea 144
URI: N/A
--------------------------------------------------------------------------------
[2026-03-04 21:38:38] [DEPRECATED] fputcsv(): the $escape parameter must be provided as its default value will change en /usr/share/nginx/html/sistema_biometrico/scripts/correlacionar_dat_empleados.php línea 135
URI: N/A
--------------------------------------------------------------------------------
[2026-03-04 21:38:38] [DEPRECATED] fputcsv(): the $escape parameter must be provided as its default value will change en /usr/share/nginx/html/sistema_biometrico/scripts/correlacionar_dat_empleados.php línea 144
URI: N/A
--------------------------------------------------------------------------------
[2026-03-04 21:38:38] [DEPRECATED] fputcsv(): the $escape parameter must be provided as its default value will change en /usr/share/nginx/html/sistema_biometrico/scripts/correlacionar_dat_empleados.php línea 135
URI: N/A
--------------------------------------------------------------------------------
[2026-03-04 21:38:38] [DEPRECATED] fputcsv(): the $escape parameter must be provided as its default value will change en /usr/share/nginx/html/sistema_biometrico/scripts/correlacionar_dat_empleados.php línea 144
URI: N/A
--------------------------------------------------------------------------------
[2026-03-04 21:38:38] [DEPRECATED] fputcsv(): the $escape parameter must be provided as its default value will change en /usr/share/nginx/html/sistema_biometrico/scripts/correlacionar_dat_empleados.php línea 135
URI: N/A
--------------------------------------------------------------------------------
[2026-03-04 21:38:38] [DEPRECATED] fputcsv(): the $escape parameter must be provided as its default value will change en /usr/share/nginx/html/sistema_biometrico/scripts/correlacionar_dat_empleados.php línea 144
URI: N/A
--------------------------------------------------------------------------------
[2026-03-04 21:38:38] [DEPRECATED] fputcsv(): the $escape parameter must be provided as its default value will change en /usr/share/nginx/html/sistema_biometrico/scripts/correlacionar_dat_empleados.php línea 135
URI: N/A
--------------------------------------------------------------------------------
[2026-03-04 21:38:38] [DEPRECATED] fputcsv(): the $escape parameter must be provided as its default value will change en /usr/share/nginx/html/sistema_biometrico/scripts/correlacionar_dat_empleados.php línea 144
URI: N/A
--------------------------------------------------------------------------------
[2026-03-04 21:38:38] [DEPRECATED] fputcsv(): the $escape parameter must be provided as its default value will change en /usr/share/nginx/html/sistema_biometrico/scripts/correlacionar_dat_empleados.php línea 135
URI: N/A
--------------------------------------------------------------------------------
[2026-03-04 21:38:38] [DEPRECATED] fputcsv(): the $escape parameter must be provided as its default value will change en /usr/share/nginx/html/sistema_biometrico/scripts/correlacionar_dat_empleados.php línea 144
URI: N/A
--------------------------------------------------------------------------------
[2026-03-04 21:38:38] [DEPRECATED] fputcsv(): the $escape parameter must be provided as its default value will change en /usr/share/nginx/html/sistema_biometrico/scripts/correlacionar_dat_empleados.php línea 135
URI: N/A
--------------------------------------------------------------------------------
[2026-03-04 21:38:38] [DEPRECATED] fputcsv(): the $escape parameter must be provided as its default value will change en /usr/share/nginx/html/sistema_biometrico/scripts/correlacionar_dat_empleados.php línea 144
URI: N/A
--------------------------------------------------------------------------------
[2026-03-04 21:38:38] [DEPRECATED] fputcsv(): the $escape parameter must be provided as its default value will change en /usr/share/nginx/html/sistema_biometrico/scripts/correlacionar_dat_empleados.php línea 135
URI: N/A
--------------------------------------------------------------------------------
[2026-03-04 21:38:38] [DEPRECATED] fputcsv(): the $escape parameter must be provided as its default value will change en /usr/share/nginx/html/sistema_biometrico/scripts/correlacionar_dat_empleados.php línea 144
URI: N/A
--------------------------------------------------------------------------------
[2026-03-04 21:38:38] [DEPRECATED] fputcsv(): the $escape parameter must be provided as its default value will change en /usr/share/nginx/html/sistema_biometrico/scripts/correlacionar_dat_empleados.php línea 135
URI: N/A
--------------------------------------------------------------------------------
[2026-03-04 21:38:38] [DEPRECATED] fputcsv(): the $escape parameter must be provided as its default value will change en /usr/share/nginx/html/sistema_biometrico/scripts/correlacionar_dat_empleados.php línea 144
URI: N/A
--------------------------------------------------------------------------------
[2026-03-04 21:38:38] [DEPRECATED] fputcsv(): the $escape parameter must be provided as its default value will change en /usr/share/nginx/html/sistema_biometrico/scripts/correlacionar_dat_empleados.php línea 135
URI: N/A
--------------------------------------------------------------------------------
[2026-03-04 21:38:38] [DEPRECATED] fputcsv(): the $escape parameter must be provided as its default value will change en /usr/share/nginx/html/sistema_biometrico/scripts/correlacionar_dat_empleados.php línea 144
URI: N/A
--------------------------------------------------------------------------------
[2026-03-04 21:38:38] [DEPRECATED] fputcsv(): the $escape parameter must be provided as its default value will change en /usr/share/nginx/html/sistema_biometrico/scripts/correlacionar_dat_empleados.php línea 135
URI: N/A
--------------------------------------------------------------------------------
[2026-03-04 21:38:38] [DEPRECATED] fputcsv(): the $escape parameter must be provided as its default value will change en /usr/share/nginx/html/sistema_biometrico/scripts/correlacionar_dat_empleados.php línea 144
URI: N/A
--------------------------------------------------------------------------------
[2026-03-04 21:38:38] [DEPRECATED] fputcsv(): the $escape parameter must be provided as its default value will change en /usr/share/nginx/html/sistema_biometrico/scripts/correlacionar_dat_empleados.php línea 135
URI: N/A
--------------------------------------------------------------------------------
[2026-03-04 21:38:38] [DEPRECATED] fputcsv(): the $escape parameter must be provided as its default value will change en /usr/share/nginx/html/sistema_biometrico/scripts/correlacionar_dat_empleados.php línea 144
URI: N/A
--------------------------------------------------------------------------------
[2026-03-04 21:38:38] [DEPRECATED] fputcsv(): the $escape parameter must be provided as its default value will change en /usr/share/nginx/html/sistema_biometrico/scripts/correlacionar_dat_empleados.php línea 135
URI: N/A
--------------------------------------------------------------------------------
[2026-03-04 21:38:38] [DEPRECATED] fputcsv(): the $escape parameter must be provided as its default value will change en /usr/share/nginx/html/sistema_biometrico/scripts/correlacionar_dat_empleados.php línea 144
URI: N/A
--------------------------------------------------------------------------------
[2026-03-04 21:38:38] [DEPRECATED] fputcsv(): the $escape parameter must be provided as its default value will change en /usr/share/nginx/html/sistema_biometrico/scripts/correlacionar_dat_empleados.php línea 135
URI: N/A
--------------------------------------------------------------------------------
[2026-03-04 21:38:38] [DEPRECATED] fputcsv(): the $escape parameter must be provided as its default value will change en /usr/share/nginx/html/sistema_biometrico/scripts/correlacionar_dat_empleados.php línea 144
URI: N/A
--------------------------------------------------------------------------------
[2026-03-04 21:38:38] [DEPRECATED] fputcsv(): the $escape parameter must be provided as its default value will change en /usr/share/nginx/html/sistema_biometrico/scripts/correlacionar_dat_empleados.php línea 135
URI: N/A
--------------------------------------------------------------------------------
[2026-03-04 21:38:38] [DEPRECATED] fputcsv(): the $escape parameter must be provided as its default value will change en /usr/share/nginx/html/sistema_biometrico/scripts/correlacionar_dat_empleados.php línea 144
URI: N/A
--------------------------------------------------------------------------------
[2026-03-04 21:38:38] [DEPRECATED] fputcsv(): the $escape parameter must be provided as its default value will change en /usr/share/nginx/html/sistema_biometrico/scripts/correlacionar_dat_empleados.php línea 135
URI: N/A
--------------------------------------------------------------------------------
[2026-03-04 21:38:38] [DEPRECATED] fputcsv(): the $escape parameter must be provided as its default value will change en /usr/share/nginx/html/sistema_biometrico/scripts/correlacionar_dat_empleados.php línea 144
URI: N/A
--------------------------------------------------------------------------------
[2026-03-04 21:38:38] [DEPRECATED] fputcsv(): the $escape parameter must be provided as its default value will change en /usr/share/nginx/html/sistema_biometrico/scripts/correlacionar_dat_empleados.php línea 135
URI: N/A
--------------------------------------------------------------------------------
[2026-03-04 21:38:38] [DEPRECATED] fputcsv(): the $escape parameter must be provided as its default value will change en /usr/share/nginx/html/sistema_biometrico/scripts/correlacionar_dat_empleados.php línea 144
URI: N/A
--------------------------------------------------------------------------------
[2026-03-04 21:38:38] [DEPRECATED] fputcsv(): the $escape parameter must be provided as its default value will change en /usr/share/nginx/html/sistema_biometrico/scripts/correlacionar_dat_empleados.php línea 135
URI: N/A
--------------------------------------------------------------------------------
[2026-03-04 21:38:38] [DEPRECATED] fputcsv(): the $escape parameter must be provided as its default value will change en /usr/share/nginx/html/sistema_biometrico/scripts/correlacionar_dat_empleados.php línea 144
URI: N/A
--------------------------------------------------------------------------------
[2026-03-04 21:38:38] [DEPRECATED] fputcsv(): the $escape parameter must be provided as its default value will change en /usr/share/nginx/html/sistema_biometrico/scripts/correlacionar_dat_empleados.php línea 135
URI: N/A
--------------------------------------------------------------------------------
[2026-03-04 21:38:38] [DEPRECATED] fputcsv(): the $escape parameter must be provided as its default value will change en /usr/share/nginx/html/sistema_biometrico/scripts/correlacionar_dat_empleados.php línea 144
URI: N/A
--------------------------------------------------------------------------------
[2026-03-04 21:38:38] [DEPRECATED] fputcsv(): the $escape parameter must be provided as its default value will change en /usr/share/nginx/html/sistema_biometrico/scripts/correlacionar_dat_empleados.php línea 135
URI: N/A
--------------------------------------------------------------------------------
[2026-03-04 21:38:38] [DEPRECATED] fputcsv(): the $escape parameter must be provided as its default value will change en /usr/share/nginx/html/sistema_biometrico/scripts/correlacionar_dat_empleados.php línea 144
URI: N/A
--------------------------------------------------------------------------------
[2026-03-04 21:38:38] [DEPRECATED] fputcsv(): the $escape parameter must be provided as its default value will change en /usr/share/nginx/html/sistema_biometrico/scripts/correlacionar_dat_empleados.php línea 135
URI: N/A
--------------------------------------------------------------------------------
[2026-03-04 21:38:38] [DEPRECATED] fputcsv(): the $escape parameter must be provided as its default value will change en /usr/share/nginx/html/sistema_biometrico/scripts/correlacionar_dat_empleados.php línea 144
URI: N/A
--------------------------------------------------------------------------------
[2026-03-04 21:38:38] [DEPRECATED] fputcsv(): the $escape parameter must be provided as its default value will change en /usr/share/nginx/html/sistema_biometrico/scripts/correlacionar_dat_empleados.php línea 135
URI: N/A
--------------------------------------------------------------------------------
[2026-03-04 21:38:38] [DEPRECATED] fputcsv(): the $escape parameter must be provided as its default value will change en /usr/share/nginx/html/sistema_biometrico/scripts/correlacionar_dat_empleados.php línea 144
URI: N/A
--------------------------------------------------------------------------------
[2026-03-04 21:38:38] [DEPRECATED] fputcsv(): the $escape parameter must be provided as its default value will change en /usr/share/nginx/html/sistema_biometrico/scripts/correlacionar_dat_empleados.php línea 135
URI: N/A
--------------------------------------------------------------------------------
[2026-03-04 21:38:38] [DEPRECATED] fputcsv(): the $escape parameter must be provided as its default value will change en /usr/share/nginx/html/sistema_biometrico/scripts/correlacionar_dat_empleados.php línea 144
URI: N/A
--------------------------------------------------------------------------------
[2026-03-04 21:38:38] [DEPRECATED] fputcsv(): the $escape parameter must be provided as its default value will change en /usr/share/nginx/html/sistema_biometrico/scripts/correlacionar_dat_empleados.php línea 135
URI: N/A
--------------------------------------------------------------------------------
[2026-03-04 21:38:38] [DEPRECATED] fputcsv(): the $escape parameter must be provided as its default value will change en /usr/share/nginx/html/sistema_biometrico/scripts/correlacionar_dat_empleados.php línea 144
URI: N/A
--------------------------------------------------------------------------------
[2026-03-04 21:38:38] [DEPRECATED] fputcsv(): the $escape parameter must be provided as its default value will change en /usr/share/nginx/html/sistema_biometrico/scripts/correlacionar_dat_empleados.php línea 135
URI: N/A
--------------------------------------------------------------------------------
[2026-03-04 21:38:38] [DEPRECATED] fputcsv(): the $escape parameter must be provided as its default value will change en /usr/share/nginx/html/sistema_biometrico/scripts/correlacionar_dat_empleados.php línea 144
URI: N/A
--------------------------------------------------------------------------------
[2026-03-04 21:38:38] [DEPRECATED] fputcsv(): the $escape parameter must be provided as its default value will change en /usr/share/nginx/html/sistema_biometrico/scripts/correlacionar_dat_empleados.php línea 135
URI: N/A
--------------------------------------------------------------------------------
[2026-03-04 21:38:38] [DEPRECATED] fputcsv(): the $escape parameter must be provided as its default value will change en /usr/share/nginx/html/sistema_biometrico/scripts/correlacionar_dat_empleados.php línea 144
URI: N/A
--------------------------------------------------------------------------------
[2026-03-04 21:38:38] [DEPRECATED] fputcsv(): the $escape parameter must be provided as its default value will change en /usr/share/nginx/html/sistema_biometrico/scripts/correlacionar_dat_empleados.php línea 135
URI: N/A
--------------------------------------------------------------------------------
[2026-03-04 21:38:38] [DEPRECATED] fputcsv(): the $escape parameter must be provided as its default value will change en /usr/share/nginx/html/sistema_biometrico/scripts/correlacionar_dat_empleados.php línea 144
URI: N/A
--------------------------------------------------------------------------------
[2026-03-04 21:38:38] [DEPRECATED] fputcsv(): the $escape parameter must be provided as its default value will change en /usr/share/nginx/html/sistema_biometrico/scripts/correlacionar_dat_empleados.php línea 135
URI: N/A
--------------------------------------------------------------------------------
[2026-03-04 21:38:38] [DEPRECATED] fputcsv(): the $escape parameter must be provided as its default value will change en /usr/share/nginx/html/sistema_biometrico/scripts/correlacionar_dat_empleados.php línea 144
URI: N/A
--------------------------------------------------------------------------------
[2026-03-04 21:38:38] [DEPRECATED] fputcsv(): the $escape parameter must be provided as its default value will change en /usr/share/nginx/html/sistema_biometrico/scripts/correlacionar_dat_empleados.php línea 135
URI: N/A
--------------------------------------------------------------------------------
[2026-03-04 21:38:38] [DEPRECATED] fputcsv(): the $escape parameter must be provided as its default value will change en /usr/share/nginx/html/sistema_biometrico/scripts/correlacionar_dat_empleados.php línea 144
URI: N/A
--------------------------------------------------------------------------------
[2026-03-04 21:38:38] [DEPRECATED] fputcsv(): the $escape parameter must be provided as its default value will change en /usr/share/nginx/html/sistema_biometrico/scripts/correlacionar_dat_empleados.php línea 135
URI: N/A
--------------------------------------------------------------------------------
[2026-03-04 21:38:38] [DEPRECATED] fputcsv(): the $escape parameter must be provided as its default value will change en /usr/share/nginx/html/sistema_biometrico/scripts/correlacionar_dat_empleados.php línea 144
URI: N/A
--------------------------------------------------------------------------------
[2026-03-04 21:38:38] [DEPRECATED] fputcsv(): the $escape parameter must be provided as its default value will change en /usr/share/nginx/html/sistema_biometrico/scripts/correlacionar_dat_empleados.php línea 135
URI: N/A
--------------------------------------------------------------------------------
[2026-03-04 21:38:38] [DEPRECATED] fputcsv(): the $escape parameter must be provided as its default value will change en /usr/share/nginx/html/sistema_biometrico/scripts/correlacionar_dat_empleados.php línea 144
URI: N/A
--------------------------------------------------------------------------------
[2026-03-04 21:38:38] [DEPRECATED] fputcsv(): the $escape parameter must be provided as its default value will change en /usr/share/nginx/html/sistema_biometrico/scripts/correlacionar_dat_empleados.php línea 135
URI: N/A
--------------------------------------------------------------------------------
[2026-03-04 21:38:38] [DEPRECATED] fputcsv(): the $escape parameter must be provided as its default value will change en /usr/share/nginx/html/sistema_biometrico/scripts/correlacionar_dat_empleados.php línea 144
URI: N/A
--------------------------------------------------------------------------------
[2026-03-04 21:38:38] [DEPRECATED] fputcsv(): the $escape parameter must be provided as its default value will change en /usr/share/nginx/html/sistema_biometrico/scripts/correlacionar_dat_empleados.php línea 135
URI: N/A
--------------------------------------------------------------------------------
[2026-03-04 21:38:38] [DEPRECATED] fputcsv(): the $escape parameter must be provided as its default value will change en /usr/share/nginx/html/sistema_biometrico/scripts/correlacionar_dat_empleados.php línea 144
URI: N/A
--------------------------------------------------------------------------------
[2026-03-04 21:38:38] [DEPRECATED] fputcsv(): the $escape parameter must be provided as its default value will change en /usr/share/nginx/html/sistema_biometrico/scripts/correlacionar_dat_empleados.php línea 135
URI: N/A
--------------------------------------------------------------------------------
[2026-03-04 21:38:38] [DEPRECATED] fputcsv(): the $escape parameter must be provided as its default value will change en /usr/share/nginx/html/sistema_biometrico/scripts/correlacionar_dat_empleados.php línea 144
URI: N/A
--------------------------------------------------------------------------------
[2026-03-04 21:38:38] [DEPRECATED] fputcsv(): the $escape parameter must be provided as its default value will change en /usr/share/nginx/html/sistema_biometrico/scripts/correlacionar_dat_empleados.php línea 135
URI: N/A
--------------------------------------------------------------------------------
[2026-03-04 21:38:38] [DEPRECATED] fputcsv(): the $escape parameter must be provided as its default value will change en /usr/share/nginx/html/sistema_biometrico/scripts/correlacionar_dat_empleados.php línea 144
URI: N/A
--------------------------------------------------------------------------------
[2026-03-04 21:38:38] [DEPRECATED] fputcsv(): the $escape parameter must be provided as its default value will change en /usr/share/nginx/html/sistema_biometrico/scripts/correlacionar_dat_empleados.php línea 135
URI: N/A
--------------------------------------------------------------------------------
[2026-03-04 21:38:38] [DEPRECATED] fputcsv(): the $escape parameter must be provided as its default value will change en /usr/share/nginx/html/sistema_biometrico/scripts/correlacionar_dat_empleados.php línea 144
URI: N/A
--------------------------------------------------------------------------------
[2026-03-04 21:38:38] [DEPRECATED] fputcsv(): the $escape parameter must be provided as its default value will change en /usr/share/nginx/html/sistema_biometrico/scripts/correlacionar_dat_empleados.php línea 135
URI: N/A
--------------------------------------------------------------------------------
[2026-03-04 21:38:38] [DEPRECATED] fputcsv(): the $escape parameter must be provided as its default value will change en /usr/share/nginx/html/sistema_biometrico/scripts/correlacionar_dat_empleados.php línea 144
URI: N/A
--------------------------------------------------------------------------------
[2026-03-04 21:38:38] [DEPRECATED] fputcsv(): the $escape parameter must be provided as its default value will change en /usr/share/nginx/html/sistema_biometrico/scripts/correlacionar_dat_empleados.php línea 135
URI: N/A
--------------------------------------------------------------------------------
[2026-03-04 21:38:38] [DEPRECATED] fputcsv(): the $escape parameter must be provided as its default value will change en /usr/share/nginx/html/sistema_biometrico/scripts/correlacionar_dat_empleados.php línea 144
URI: N/A
--------------------------------------------------------------------------------
[2026-03-04 21:38:38] [DEPRECATED] fputcsv(): the $escape parameter must be provided as its default value will change en /usr/share/nginx/html/sistema_biometrico/scripts/correlacionar_dat_empleados.php línea 135
URI: N/A
--------------------------------------------------------------------------------
[2026-03-04 21:38:38] [DEPRECATED] fputcsv(): the $escape parameter must be provided as its default value will change en /usr/share/nginx/html/sistema_biometrico/scripts/correlacionar_dat_empleados.php línea 144
URI: N/A
--------------------------------------------------------------------------------
[2026-03-04 21:38:38] [DEPRECATED] fputcsv(): the $escape parameter must be provided as its default value will change en /usr/share/nginx/html/sistema_biometrico/scripts/correlacionar_dat_empleados.php línea 135
URI: N/A
--------------------------------------------------------------------------------
[2026-03-04 21:38:38] [DEPRECATED] fputcsv(): the $escape parameter must be provided as its default value will change en /usr/share/nginx/html/sistema_biometrico/scripts/correlacionar_dat_empleados.php línea 144
URI: N/A
--------------------------------------------------------------------------------
[2026-03-04 21:38:38] [DEPRECATED] fputcsv(): the $escape parameter must be provided as its default value will change en /usr/share/nginx/html/sistema_biometrico/scripts/correlacionar_dat_empleados.php línea 135
URI: N/A
--------------------------------------------------------------------------------
[2026-03-04 21:38:38] [DEPRECATED] fputcsv(): the $escape parameter must be provided as its default value will change en /usr/share/nginx/html/sistema_biometrico/scripts/correlacionar_dat_empleados.php línea 144
URI: N/A
--------------------------------------------------------------------------------
[2026-03-04 21:38:38] [DEPRECATED] fputcsv(): the $escape parameter must be provided as its default value will change en /usr/share/nginx/html/sistema_biometrico/scripts/correlacionar_dat_empleados.php línea 135
URI: N/A
--------------------------------------------------------------------------------
[2026-03-04 21:38:38] [DEPRECATED] fputcsv(): the $escape parameter must be provided as its default value will change en /usr/share/nginx/html/sistema_biometrico/scripts/correlacionar_dat_empleados.php línea 144
URI: N/A
--------------------------------------------------------------------------------
[2026-03-04 21:38:38] [DEPRECATED] fputcsv(): the $escape parameter must be provided as its default value will change en /usr/share/nginx/html/sistema_biometrico/scripts/correlacionar_dat_empleados.php línea 135
URI: N/A
--------------------------------------------------------------------------------
[2026-03-04 21:38:38] [DEPRECATED] fputcsv(): the $escape parameter must be provided as its default value will change en /usr/share/nginx/html/sistema_biometrico/scripts/correlacionar_dat_empleados.php línea 144
URI: N/A
--------------------------------------------------------------------------------
[2026-03-04 21:38:38] [DEPRECATED] fputcsv(): the $escape parameter must be provided as its default value will change en /usr/share/nginx/html/sistema_biometrico/scripts/correlacionar_dat_empleados.php línea 135
URI: N/A
--------------------------------------------------------------------------------
[2026-03-04 21:38:38] [DEPRECATED] fputcsv(): the $escape parameter must be provided as its default value will change en /usr/share/nginx/html/sistema_biometrico/scripts/correlacionar_dat_empleados.php línea 144
URI: N/A
--------------------------------------------------------------------------------
[2026-03-04 21:38:38] [DEPRECATED] fputcsv(): the $escape parameter must be provided as its default value will change en /usr/share/nginx/html/sistema_biometrico/scripts/correlacionar_dat_empleados.php línea 135
URI: N/A
--------------------------------------------------------------------------------
[2026-03-04 21:38:38] [DEPRECATED] fputcsv(): the $escape parameter must be provided as its default value will change en /usr/share/nginx/html/sistema_biometrico/scripts/correlacionar_dat_empleados.php línea 144
URI: N/A
--------------------------------------------------------------------------------
[2026-03-04 21:38:38] [DEPRECATED] fputcsv(): the $escape parameter must be provided as its default value will change en /usr/share/nginx/html/sistema_biometrico/scripts/correlacionar_dat_empleados.php línea 135
URI: N/A
--------------------------------------------------------------------------------
[2026-03-04 21:38:38] [DEPRECATED] fputcsv(): the $escape parameter must be provided as its default value will change en /usr/share/nginx/html/sistema_biometrico/scripts/correlacionar_dat_empleados.php línea 144
URI: N/A
--------------------------------------------------------------------------------
[2026-03-04 21:38:38] [DEPRECATED] fputcsv(): the $escape parameter must be provided as its default value will change en /usr/share/nginx/html/sistema_biometrico/scripts/correlacionar_dat_empleados.php línea 135
URI: N/A
--------------------------------------------------------------------------------
[2026-03-04 21:38:38] [DEPRECATED] fputcsv(): the $escape parameter must be provided as its default value will change en /usr/share/nginx/html/sistema_biometrico/scripts/correlacionar_dat_empleados.php línea 144
URI: N/A
--------------------------------------------------------------------------------
[2026-03-04 21:38:38] [DEPRECATED] fputcsv(): the $escape parameter must be provided as its default value will change en /usr/share/nginx/html/sistema_biometrico/scripts/correlacionar_dat_empleados.php línea 135
URI: N/A
--------------------------------------------------------------------------------
[2026-03-04 21:38:38] [DEPRECATED] fputcsv(): the $escape parameter must be provided as its default value will change en /usr/share/nginx/html/sistema_biometrico/scripts/correlacionar_dat_empleados.php línea 144
URI: N/A
--------------------------------------------------------------------------------
[2026-03-04 21:38:38] [DEPRECATED] fputcsv(): the $escape parameter must be provided as its default value will change en /usr/share/nginx/html/sistema_biometrico/scripts/correlacionar_dat_empleados.php línea 135
URI: N/A
--------------------------------------------------------------------------------
[2026-03-04 21:38:38] [DEPRECATED] fputcsv(): the $escape parameter must be provided as its default value will change en /usr/share/nginx/html/sistema_biometrico/scripts/correlacionar_dat_empleados.php línea 144
URI: N/A
--------------------------------------------------------------------------------
[2026-03-04 21:38:38] [DEPRECATED] fputcsv(): the $escape parameter must be provided as its default value will change en /usr/share/nginx/html/sistema_biometrico/scripts/correlacionar_dat_empleados.php línea 135
URI: N/A
--------------------------------------------------------------------------------
[2026-03-04 21:38:38] [DEPRECATED] fputcsv(): the $escape parameter must be provided as its default value will change en /usr/share/nginx/html/sistema_biometrico/scripts/correlacionar_dat_empleados.php línea 144
URI: N/A
--------------------------------------------------------------------------------
[2026-03-04 21:38:38] [DEPRECATED] fputcsv(): the $escape parameter must be provided as its default value will change en /usr/share/nginx/html/sistema_biometrico/scripts/correlacionar_dat_empleados.php línea 135
URI: N/A
--------------------------------------------------------------------------------
[2026-03-04 21:38:38] [DEPRECATED] fputcsv(): the $escape parameter must be provided as its default value will change en /usr/share/nginx/html/sistema_biometrico/scripts/correlacionar_dat_empleados.php línea 144
URI: N/A
--------------------------------------------------------------------------------
[2026-03-04 21:38:38] [DEPRECATED] fputcsv(): the $escape parameter must be provided as its default value will change en /usr/share/nginx/html/sistema_biometrico/scripts/correlacionar_dat_empleados.php línea 135
URI: N/A
--------------------------------------------------------------------------------
[2026-03-04 21:38:38] [DEPRECATED] fputcsv(): the $escape parameter must be provided as its default value will change en /usr/share/nginx/html/sistema_biometrico/scripts/correlacionar_dat_empleados.php línea 144
URI: N/A
--------------------------------------------------------------------------------
[2026-03-04 21:38:38] [DEPRECATED] fputcsv(): the $escape parameter must be provided as its default value will change en /usr/share/nginx/html/sistema_biometrico/scripts/correlacionar_dat_empleados.php línea 135
URI: N/A
--------------------------------------------------------------------------------
[2026-03-04 21:38:38] [DEPRECATED] fputcsv(): the $escape parameter must be provided as its default value will change en /usr/share/nginx/html/sistema_biometrico/scripts/correlacionar_dat_empleados.php línea 144
URI: N/A
--------------------------------------------------------------------------------
[2026-03-04 21:38:38] [DEPRECATED] fputcsv(): the $escape parameter must be provided as its default value will change en /usr/share/nginx/html/sistema_biometrico/scripts/correlacionar_dat_empleados.php línea 135
URI: N/A
--------------------------------------------------------------------------------
[2026-03-04 21:38:38] [DEPRECATED] fputcsv(): the $escape parameter must be provided as its default value will change en /usr/share/nginx/html/sistema_biometrico/scripts/correlacionar_dat_empleados.php línea 144
URI: N/A
--------------------------------------------------------------------------------
[2026-03-04 21:38:38] [DEPRECATED] fputcsv(): the $escape parameter must be provided as its default value will change en /usr/share/nginx/html/sistema_biometrico/scripts/correlacionar_dat_empleados.php línea 135
URI: N/A
--------------------------------------------------------------------------------
[2026-03-04 21:38:38] [DEPRECATED] fputcsv(): the $escape parameter must be provided as its default value will change en /usr/share/nginx/html/sistema_biometrico/scripts/correlacionar_dat_empleados.php línea 144
URI: N/A
--------------------------------------------------------------------------------
[2026-03-04 21:38:38] [DEPRECATED] fputcsv(): the $escape parameter must be provided as its default value will change en /usr/share/nginx/html/sistema_biometrico/scripts/correlacionar_dat_empleados.php línea 135
URI: N/A
--------------------------------------------------------------------------------
[2026-03-04 21:38:38] [DEPRECATED] fputcsv(): the $escape parameter must be provided as its default value will change en /usr/share/nginx/html/sistema_biometrico/scripts/correlacionar_dat_empleados.php línea 144
URI: N/A
--------------------------------------------------------------------------------
[2026-03-04 21:38:38] [DEPRECATED] fputcsv(): the $escape parameter must be provided as its default value will change en /usr/share/nginx/html/sistema_biometrico/scripts/correlacionar_dat_empleados.php línea 135
URI: N/A
--------------------------------------------------------------------------------
[2026-03-04 21:38:38] [DEPRECATED] fputcsv(): the $escape parameter must be provided as its default value will change en /usr/share/nginx/html/sistema_biometrico/scripts/correlacionar_dat_empleados.php línea 144
URI: N/A
--------------------------------------------------------------------------------
[2026-03-04 21:38:38] [DEPRECATED] fputcsv(): the $escape parameter must be provided as its default value will change en /usr/share/nginx/html/sistema_biometrico/scripts/correlacionar_dat_empleados.php línea 135
URI: N/A
--------------------------------------------------------------------------------
[2026-03-04 21:38:38] [DEPRECATED] fputcsv(): the $escape parameter must be provided as its default value will change en /usr/share/nginx/html/sistema_biometrico/scripts/correlacionar_dat_empleados.php línea 144
URI: N/A
--------------------------------------------------------------------------------
[2026-03-04 21:38:38] [DEPRECATED] fputcsv(): the $escape parameter must be provided as its default value will change en /usr/share/nginx/html/sistema_biometrico/scripts/correlacionar_dat_empleados.php línea 135
URI: N/A
--------------------------------------------------------------------------------
[2026-03-04 21:38:38] [DEPRECATED] fputcsv(): the $escape parameter must be provided as its default value will change en /usr/share/nginx/html/sistema_biometrico/scripts/correlacionar_dat_empleados.php línea 144
URI: N/A
--------------------------------------------------------------------------------
[2026-03-04 21:38:38] [DEPRECATED] fputcsv(): the $escape parameter must be provided as its default value will change en /usr/share/nginx/html/sistema_biometrico/scripts/correlacionar_dat_empleados.php línea 135
URI: N/A
--------------------------------------------------------------------------------
[2026-03-04 21:38:38] [DEPRECATED] fputcsv(): the $escape parameter must be provided as its default value will change en /usr/share/nginx/html/sistema_biometrico/scripts/correlacionar_dat_empleados.php línea 144
URI: N/A
--------------------------------------------------------------------------------
[2026-03-04 21:38:38] [DEPRECATED] fputcsv(): the $escape parameter must be provided as its default value will change en /usr/share/nginx/html/sistema_biometrico/scripts/correlacionar_dat_empleados.php línea 135
URI: N/A
--------------------------------------------------------------------------------
[2026-03-04 21:38:38] [DEPRECATED] fputcsv(): the $escape parameter must be provided as its default value will change en /usr/share/nginx/html/sistema_biometrico/scripts/correlacionar_dat_empleados.php línea 144
URI: N/A
--------------------------------------------------------------------------------
[2026-03-04 21:38:38] [DEPRECATED] fputcsv(): the $escape parameter must be provided as its default value will change en /usr/share/nginx/html/sistema_biometrico/scripts/correlacionar_dat_empleados.php línea 135
URI: N/A
--------------------------------------------------------------------------------
[2026-03-04 21:38:38] [DEPRECATED] fputcsv(): the $escape parameter must be provided as its default value will change en /usr/share/nginx/html/sistema_biometrico/scripts/correlacionar_dat_empleados.php línea 144
URI: N/A
--------------------------------------------------------------------------------
[2026-03-04 21:38:38] [DEPRECATED] fputcsv(): the $escape parameter must be provided as its default value will change en /usr/share/nginx/html/sistema_biometrico/scripts/correlacionar_dat_empleados.php línea 135
URI: N/A
--------------------------------------------------------------------------------
[2026-03-04 21:38:38] [DEPRECATED] fputcsv(): the $escape parameter must be provided as its default value will change en /usr/share/nginx/html/sistema_biometrico/scripts/correlacionar_dat_empleados.php línea 144
URI: N/A
--------------------------------------------------------------------------------
[2026-03-04 21:38:38] [DEPRECATED] fputcsv(): the $escape parameter must be provided as its default value will change en /usr/share/nginx/html/sistema_biometrico/scripts/correlacionar_dat_empleados.php línea 135
URI: N/A
--------------------------------------------------------------------------------
[2026-03-04 21:38:38] [DEPRECATED] fputcsv(): the $escape parameter must be provided as its default value will change en /usr/share/nginx/html/sistema_biometrico/scripts/correlacionar_dat_empleados.php línea 144
URI: N/A
--------------------------------------------------------------------------------
[2026-03-04 21:38:38] [DEPRECATED] fputcsv(): the $escape parameter must be provided as its default value will change en /usr/share/nginx/html/sistema_biometrico/scripts/correlacionar_dat_empleados.php línea 135
URI: N/A
--------------------------------------------------------------------------------
[2026-03-04 21:38:38] [DEPRECATED] fputcsv(): the $escape parameter must be provided as its default value will change en /usr/share/nginx/html/sistema_biometrico/scripts/correlacionar_dat_empleados.php línea 144
URI: N/A
--------------------------------------------------------------------------------
[2026-03-04 21:38:38] [DEPRECATED] fputcsv(): the $escape parameter must be provided as its default value will change en /usr/share/nginx/html/sistema_biometrico/scripts/correlacionar_dat_empleados.php línea 135
URI: N/A
--------------------------------------------------------------------------------
[2026-03-04 21:38:38] [DEPRECATED] fputcsv(): the $escape parameter must be provided as its default value will change en /usr/share/nginx/html/sistema_biometrico/scripts/correlacionar_dat_empleados.php línea 144
URI: N/A
--------------------------------------------------------------------------------
[2026-03-04 21:38:38] [DEPRECATED] fputcsv(): the $escape parameter must be provided as its default value will change en /usr/share/nginx/html/sistema_biometrico/scripts/correlacionar_dat_empleados.php línea 135
URI: N/A
--------------------------------------------------------------------------------
[2026-03-04 21:38:38] [DEPRECATED] fputcsv(): the $escape parameter must be provided as its default value will change en /usr/share/nginx/html/sistema_biometrico/scripts/correlacionar_dat_empleados.php línea 144
URI: N/A
--------------------------------------------------------------------------------
[2026-03-04 21:38:38] [DEPRECATED] fputcsv(): the $escape parameter must be provided as its default value will change en /usr/share/nginx/html/sistema_biometrico/scripts/correlacionar_dat_empleados.php línea 135
URI: N/A
--------------------------------------------------------------------------------
[2026-03-04 21:38:38] [DEPRECATED] fputcsv(): the $escape parameter must be provided as its default value will change en /usr/share/nginx/html/sistema_biometrico/scripts/correlacionar_dat_empleados.php línea 144
URI: N/A
--------------------------------------------------------------------------------
[2026-03-04 21:38:38] [DEPRECATED] fputcsv(): the $escape parameter must be provided as its default value will change en /usr/share/nginx/html/sistema_biometrico/scripts/correlacionar_dat_empleados.php línea 135
URI: N/A
--------------------------------------------------------------------------------
[2026-03-04 21:38:38] [DEPRECATED] fputcsv(): the $escape parameter must be provided as its default value will change en /usr/share/nginx/html/sistema_biometrico/scripts/correlacionar_dat_empleados.php línea 144
URI: N/A
--------------------------------------------------------------------------------
[2026-03-04 21:38:38] [DEPRECATED] fputcsv(): the $escape parameter must be provided as its default value will change en /usr/share/nginx/html/sistema_biometrico/scripts/correlacionar_dat_empleados.php línea 135
URI: N/A
--------------------------------------------------------------------------------
[2026-03-04 21:38:38] [DEPRECATED] fputcsv(): the $escape parameter must be provided as its default value will change en /usr/share/nginx/html/sistema_biometrico/scripts/correlacionar_dat_empleados.php línea 144
URI: N/A
--------------------------------------------------------------------------------
[2026-03-04 21:38:38] [DEPRECATED] fputcsv(): the $escape parameter must be provided as its default value will change en /usr/share/nginx/html/sistema_biometrico/scripts/correlacionar_dat_empleados.php línea 135
URI: N/A
--------------------------------------------------------------------------------
[2026-03-04 21:38:38] [DEPRECATED] fputcsv(): the $escape parameter must be provided as its default value will change en /usr/share/nginx/html/sistema_biometrico/scripts/correlacionar_dat_empleados.php línea 144
URI: N/A
--------------------------------------------------------------------------------
[2026-03-04 21:38:38] [DEPRECATED] fputcsv(): the $escape parameter must be provided as its default value will change en /usr/share/nginx/html/sistema_biometrico/scripts/correlacionar_dat_empleados.php línea 135
URI: N/A
--------------------------------------------------------------------------------
[2026-03-04 21:38:38] [DEPRECATED] fputcsv(): the $escape parameter must be provided as its default value will change en /usr/share/nginx/html/sistema_biometrico/scripts/correlacionar_dat_empleados.php línea 144
URI: N/A
--------------------------------------------------------------------------------
[2026-03-04 21:38:38] [DEPRECATED] fputcsv(): the $escape parameter must be provided as its default value will change en /usr/share/nginx/html/sistema_biometrico/scripts/correlacionar_dat_empleados.php línea 135
URI: N/A
--------------------------------------------------------------------------------
[2026-03-04 21:38:38] [DEPRECATED] fputcsv(): the $escape parameter must be provided as its default value will change en /usr/share/nginx/html/sistema_biometrico/scripts/correlacionar_dat_empleados.php línea 144
URI: N/A
--------------------------------------------------------------------------------
[2026-03-04 21:38:38] [DEPRECATED] fputcsv(): the $escape parameter must be provided as its default value will change en /usr/share/nginx/html/sistema_biometrico/scripts/correlacionar_dat_empleados.php línea 135
URI: N/A
--------------------------------------------------------------------------------
[2026-03-04 21:38:38] [DEPRECATED] fputcsv(): the $escape parameter must be provided as its default value will change en /usr/share/nginx/html/sistema_biometrico/scripts/correlacionar_dat_empleados.php línea 144
URI: N/A
--------------------------------------------------------------------------------
[2026-03-04 21:38:38] [DEPRECATED] fputcsv(): the $escape parameter must be provided as its default value will change en /usr/share/nginx/html/sistema_biometrico/scripts/correlacionar_dat_empleados.php línea 135
URI: N/A
--------------------------------------------------------------------------------
[2026-03-04 21:38:38] [DEPRECATED] fputcsv(): the $escape parameter must be provided as its default value will change en /usr/share/nginx/html/sistema_biometrico/scripts/correlacionar_dat_empleados.php línea 144
URI: N/A
--------------------------------------------------------------------------------
[2026-03-04 21:38:38] [DEPRECATED] fputcsv(): the $escape parameter must be provided as its default value will change en /usr/share/nginx/html/sistema_biometrico/scripts/correlacionar_dat_empleados.php línea 135
URI: N/A
--------------------------------------------------------------------------------
[2026-03-04 21:38:38] [DEPRECATED] fputcsv(): the $escape parameter must be provided as its default value will change en /usr/share/nginx/html/sistema_biometrico/scripts/correlacionar_dat_empleados.php línea 144
URI: N/A
--------------------------------------------------------------------------------
[2026-03-04 21:38:38] [DEPRECATED] fputcsv(): the $escape parameter must be provided as its default value will change en /usr/share/nginx/html/sistema_biometrico/scripts/correlacionar_dat_empleados.php línea 135
URI: N/A
--------------------------------------------------------------------------------
[2026-03-04 21:38:38] [DEPRECATED] fputcsv(): the $escape parameter must be provided as its default value will change en /usr/share/nginx/html/sistema_biometrico/scripts/correlacionar_dat_empleados.php línea 144
URI: N/A
--------------------------------------------------------------------------------
[2026-03-04 21:38:38] [DEPRECATED] fputcsv(): the $escape parameter must be provided as its default value will change en /usr/share/nginx/html/sistema_biometrico/scripts/correlacionar_dat_empleados.php línea 135
URI: N/A
--------------------------------------------------------------------------------
[2026-03-04 21:38:38] [DEPRECATED] fputcsv(): the $escape parameter must be provided as its default value will change en /usr/share/nginx/html/sistema_biometrico/scripts/correlacionar_dat_empleados.php línea 144
URI: N/A
--------------------------------------------------------------------------------
[2026-03-04 21:38:38] [DEPRECATED] fputcsv(): the $escape parameter must be provided as its default value will change en /usr/share/nginx/html/sistema_biometrico/scripts/correlacionar_dat_empleados.php línea 135
URI: N/A
--------------------------------------------------------------------------------
[2026-03-04 21:38:38] [DEPRECATED] fputcsv(): the $escape parameter must be provided as its default value will change en /usr/share/nginx/html/sistema_biometrico/scripts/correlacionar_dat_empleados.php línea 144
URI: N/A
--------------------------------------------------------------------------------
[2026-03-04 21:38:38] [DEPRECATED] fputcsv(): the $escape parameter must be provided as its default value will change en /usr/share/nginx/html/sistema_biometrico/scripts/correlacionar_dat_empleados.php línea 135
URI: N/A
--------------------------------------------------------------------------------
[2026-03-04 21:38:38] [DEPRECATED] fputcsv(): the $escape parameter must be provided as its default value will change en /usr/share/nginx/html/sistema_biometrico/scripts/correlacionar_dat_empleados.php línea 144
URI: N/A
--------------------------------------------------------------------------------
[2026-03-04 21:38:38] [DEPRECATED] fputcsv(): the $escape parameter must be provided as its default value will change en /usr/share/nginx/html/sistema_biometrico/scripts/correlacionar_dat_empleados.php línea 135
URI: N/A
--------------------------------------------------------------------------------
[2026-03-04 21:38:38] [DEPRECATED] fputcsv(): the $escape parameter must be provided as its default value will change en /usr/share/nginx/html/sistema_biometrico/scripts/correlacionar_dat_empleados.php línea 144
URI: N/A
--------------------------------------------------------------------------------
[2026-03-04 21:38:38] [DEPRECATED] fputcsv(): the $escape parameter must be provided as its default value will change en /usr/share/nginx/html/sistema_biometrico/scripts/correlacionar_dat_empleados.php línea 135
URI: N/A
--------------------------------------------------------------------------------
[2026-03-04 21:38:38] [DEPRECATED] fputcsv(): the $escape parameter must be provided as its default value will change en /usr/share/nginx/html/sistema_biometrico/scripts/correlacionar_dat_empleados.php línea 144
URI: N/A
--------------------------------------------------------------------------------
[2026-03-04 21:38:38] [DEPRECATED] fputcsv(): the $escape parameter must be provided as its default value will change en /usr/share/nginx/html/sistema_biometrico/scripts/correlacionar_dat_empleados.php línea 135
URI: N/A
--------------------------------------------------------------------------------
[2026-03-04 21:38:38] [DEPRECATED] fputcsv(): the $escape parameter must be provided as its default value will change en /usr/share/nginx/html/sistema_biometrico/scripts/correlacionar_dat_empleados.php línea 144
URI: N/A
--------------------------------------------------------------------------------
[2026-03-04 21:38:38] [DEPRECATED] fputcsv(): the $escape parameter must be provided as its default value will change en /usr/share/nginx/html/sistema_biometrico/scripts/correlacionar_dat_empleados.php línea 135
URI: N/A
--------------------------------------------------------------------------------
[2026-03-04 21:38:38] [DEPRECATED] fputcsv(): the $escape parameter must be provided as its default value will change en /usr/share/nginx/html/sistema_biometrico/scripts/correlacionar_dat_empleados.php línea 144
URI: N/A
--------------------------------------------------------------------------------
[2026-03-04 21:38:38] [DEPRECATED] fputcsv(): the $escape parameter must be provided as its default value will change en /usr/share/nginx/html/sistema_biometrico/scripts/correlacionar_dat_empleados.php línea 135
URI: N/A
--------------------------------------------------------------------------------
[2026-03-04 21:38:38] [DEPRECATED] fputcsv(): the $escape parameter must be provided as its default value will change en /usr/share/nginx/html/sistema_biometrico/scripts/correlacionar_dat_empleados.php línea 144
URI: N/A
--------------------------------------------------------------------------------
[2026-03-04 21:38:38] [DEPRECATED] fputcsv(): the $escape parameter must be provided as its default value will change en /usr/share/nginx/html/sistema_biometrico/scripts/correlacionar_dat_empleados.php línea 135
URI: N/A
--------------------------------------------------------------------------------
[2026-03-04 21:38:38] [DEPRECATED] fputcsv(): the $escape parameter must be provided as its default value will change en /usr/share/nginx/html/sistema_biometrico/scripts/correlacionar_dat_empleados.php línea 144
URI: N/A
--------------------------------------------------------------------------------
[2026-03-04 21:38:38] [DEPRECATED] fputcsv(): the $escape parameter must be provided as its default value will change en /usr/share/nginx/html/sistema_biometrico/scripts/correlacionar_dat_empleados.php línea 135
URI: N/A
--------------------------------------------------------------------------------
[2026-03-04 21:38:38] [DEPRECATED] fputcsv(): the $escape parameter must be provided as its default value will change en /usr/share/nginx/html/sistema_biometrico/scripts/correlacionar_dat_empleados.php línea 144
URI: N/A
--------------------------------------------------------------------------------
[2026-03-04 21:38:38] [DEPRECATED] fputcsv(): the $escape parameter must be provided as its default value will change en /usr/share/nginx/html/sistema_biometrico/scripts/correlacionar_dat_empleados.php línea 135
URI: N/A
--------------------------------------------------------------------------------
[2026-03-04 21:38:38] [DEPRECATED] fputcsv(): the $escape parameter must be provided as its default value will change en /usr/share/nginx/html/sistema_biometrico/scripts/correlacionar_dat_empleados.php línea 144
URI: N/A
--------------------------------------------------------------------------------
[2026-03-04 21:38:38] [DEPRECATED] fputcsv(): the $escape parameter must be provided as its default value will change en /usr/share/nginx/html/sistema_biometrico/scripts/correlacionar_dat_empleados.php línea 135
URI: N/A
--------------------------------------------------------------------------------
[2026-03-04 21:38:38] [DEPRECATED] fputcsv(): the $escape parameter must be provided as its default value will change en /usr/share/nginx/html/sistema_biometrico/scripts/correlacionar_dat_empleados.php línea 144
URI: N/A
--------------------------------------------------------------------------------
[2026-03-04 21:38:38] [DEPRECATED] fputcsv(): the $escape parameter must be provided as its default value will change en /usr/share/nginx/html/sistema_biometrico/scripts/correlacionar_dat_empleados.php línea 135
URI: N/A
--------------------------------------------------------------------------------
[2026-03-04 21:38:38] [DEPRECATED] fputcsv(): the $escape parameter must be provided as its default value will change en /usr/share/nginx/html/sistema_biometrico/scripts/correlacionar_dat_empleados.php línea 144
URI: N/A
--------------------------------------------------------------------------------
[2026-03-04 21:38:38] [DEPRECATED] fputcsv(): the $escape parameter must be provided as its default value will change en /usr/share/nginx/html/sistema_biometrico/scripts/correlacionar_dat_empleados.php línea 135
URI: N/A
--------------------------------------------------------------------------------
[2026-03-04 21:38:38] [DEPRECATED] fputcsv(): the $escape parameter must be provided as its default value will change en /usr/share/nginx/html/sistema_biometrico/scripts/correlacionar_dat_empleados.php línea 144
URI: N/A
--------------------------------------------------------------------------------
[2026-03-04 21:38:38] [DEPRECATED] fputcsv(): the $escape parameter must be provided as its default value will change en /usr/share/nginx/html/sistema_biometrico/scripts/correlacionar_dat_empleados.php línea 135
URI: N/A
--------------------------------------------------------------------------------
[2026-03-04 21:38:38] [DEPRECATED] fputcsv(): the $escape parameter must be provided as its default value will change en /usr/share/nginx/html/sistema_biometrico/scripts/correlacionar_dat_empleados.php línea 144
URI: N/A
--------------------------------------------------------------------------------
[2026-03-04 21:38:38] [DEPRECATED] fputcsv(): the $escape parameter must be provided as its default value will change en /usr/share/nginx/html/sistema_biometrico/scripts/correlacionar_dat_empleados.php línea 135
URI: N/A
--------------------------------------------------------------------------------
[2026-03-04 21:38:38] [DEPRECATED] fputcsv(): the $escape parameter must be provided as its default value will change en /usr/share/nginx/html/sistema_biometrico/scripts/correlacionar_dat_empleados.php línea 144
URI: N/A
--------------------------------------------------------------------------------
[2026-03-04 21:38:38] [DEPRECATED] fputcsv(): the $escape parameter must be provided as its default value will change en /usr/share/nginx/html/sistema_biometrico/scripts/correlacionar_dat_empleados.php línea 135
URI: N/A
--------------------------------------------------------------------------------
[2026-03-04 21:38:38] [DEPRECATED] fputcsv(): the $escape parameter must be provided as its default value will change en /usr/share/nginx/html/sistema_biometrico/scripts/correlacionar_dat_empleados.php línea 144
URI: N/A
--------------------------------------------------------------------------------
[2026-03-04 21:38:38] [DEPRECATED] fputcsv(): the $escape parameter must be provided as its default value will change en /usr/share/nginx/html/sistema_biometrico/scripts/correlacionar_dat_empleados.php línea 135
URI: N/A
--------------------------------------------------------------------------------
[2026-03-04 21:38:38] [DEPRECATED] fputcsv(): the $escape parameter must be provided as its default value will change en /usr/share/nginx/html/sistema_biometrico/scripts/correlacionar_dat_empleados.php línea 144
URI: N/A
--------------------------------------------------------------------------------
[2026-03-04 21:38:38] [DEPRECATED] fputcsv(): the $escape parameter must be provided as its default value will change en /usr/share/nginx/html/sistema_biometrico/scripts/correlacionar_dat_empleados.php línea 135
URI: N/A
--------------------------------------------------------------------------------
[2026-03-04 21:38:38] [DEPRECATED] fputcsv(): the $escape parameter must be provided as its default value will change en /usr/share/nginx/html/sistema_biometrico/scripts/correlacionar_dat_empleados.php línea 144
URI: N/A
--------------------------------------------------------------------------------
[2026-03-04 21:38:38] [DEPRECATED] fputcsv(): the $escape parameter must be provided as its default value will change en /usr/share/nginx/html/sistema_biometrico/scripts/correlacionar_dat_empleados.php línea 135
URI: N/A
--------------------------------------------------------------------------------
[2026-03-04 21:38:38] [DEPRECATED] fputcsv(): the $escape parameter must be provided as its default value will change en /usr/share/nginx/html/sistema_biometrico/scripts/correlacionar_dat_empleados.php línea 144
URI: N/A
--------------------------------------------------------------------------------
[2026-03-04 21:38:38] [DEPRECATED] fputcsv(): the $escape parameter must be provided as its default value will change en /usr/share/nginx/html/sistema_biometrico/scripts/correlacionar_dat_empleados.php línea 135
URI: N/A
--------------------------------------------------------------------------------
[2026-03-04 21:38:38] [DEPRECATED] fputcsv(): the $escape parameter must be provided as its default value will change en /usr/share/nginx/html/sistema_biometrico/scripts/correlacionar_dat_empleados.php línea 144
URI: N/A
--------------------------------------------------------------------------------
[2026-03-04 21:38:38] [DEPRECATED] fputcsv(): the $escape parameter must be provided as its default value will change en /usr/share/nginx/html/sistema_biometrico/scripts/correlacionar_dat_empleados.php línea 135
URI: N/A
--------------------------------------------------------------------------------
[2026-03-04 21:38:38] [DEPRECATED] fputcsv(): the $escape parameter must be provided as its default value will change en /usr/share/nginx/html/sistema_biometrico/scripts/correlacionar_dat_empleados.php línea 144
URI: N/A
--------------------------------------------------------------------------------
[2026-03-04 21:38:38] [DEPRECATED] fputcsv(): the $escape parameter must be provided as its default value will change en /usr/share/nginx/html/sistema_biometrico/scripts/correlacionar_dat_empleados.php línea 135
URI: N/A
--------------------------------------------------------------------------------
[2026-03-04 21:38:38] [DEPRECATED] fputcsv(): the $escape parameter must be provided as its default value will change en /usr/share/nginx/html/sistema_biometrico/scripts/correlacionar_dat_empleados.php línea 144
URI: N/A
--------------------------------------------------------------------------------
[2026-03-04 21:38:38] [DEPRECATED] fputcsv(): the $escape parameter must be provided as its default value will change en /usr/share/nginx/html/sistema_biometrico/scripts/correlacionar_dat_empleados.php línea 135
URI: N/A
--------------------------------------------------------------------------------
[2026-03-04 21:38:38] [DEPRECATED] fputcsv(): the $escape parameter must be provided as its default value will change en /usr/share/nginx/html/sistema_biometrico/scripts/correlacionar_dat_empleados.php línea 144
URI: N/A
--------------------------------------------------------------------------------
[2026-03-04 21:38:38] [DEPRECATED] fputcsv(): the $escape parameter must be provided as its default value will change en /usr/share/nginx/html/sistema_biometrico/scripts/correlacionar_dat_empleados.php línea 135
URI: N/A
--------------------------------------------------------------------------------
[2026-03-04 21:38:38] [DEPRECATED] fputcsv(): the $escape parameter must be provided as its default value will change en /usr/share/nginx/html/sistema_biometrico/scripts/correlacionar_dat_empleados.php línea 144
URI: N/A
--------------------------------------------------------------------------------
[2026-03-04 21:38:38] [DEPRECATED] fputcsv(): the $escape parameter must be provided as its default value will change en /usr/share/nginx/html/sistema_biometrico/scripts/correlacionar_dat_empleados.php línea 135
URI: N/A
--------------------------------------------------------------------------------
[2026-03-04 21:38:38] [DEPRECATED] fputcsv(): the $escape parameter must be provided as its default value will change en /usr/share/nginx/html/sistema_biometrico/scripts/correlacionar_dat_empleados.php línea 144
URI: N/A
--------------------------------------------------------------------------------
[2026-03-04 21:38:38] [DEPRECATED] fputcsv(): the $escape parameter must be provided as its default value will change en /usr/share/nginx/html/sistema_biometrico/scripts/correlacionar_dat_empleados.php línea 135
URI: N/A
--------------------------------------------------------------------------------
[2026-03-04 21:38:38] [DEPRECATED] fputcsv(): the $escape parameter must be provided as its default value will change en /usr/share/nginx/html/sistema_biometrico/scripts/correlacionar_dat_empleados.php línea 144
URI: N/A
--------------------------------------------------------------------------------
[2026-03-04 21:38:38] [DEPRECATED] fputcsv(): the $escape parameter must be provided as its default value will change en /usr/share/nginx/html/sistema_biometrico/scripts/correlacionar_dat_empleados.php línea 135
URI: N/A
--------------------------------------------------------------------------------
[2026-03-04 21:38:38] [DEPRECATED] fputcsv(): the $escape parameter must be provided as its default value will change en /usr/share/nginx/html/sistema_biometrico/scripts/correlacionar_dat_empleados.php línea 144
URI: N/A
--------------------------------------------------------------------------------
[2026-03-04 21:38:38] [DEPRECATED] fputcsv(): the $escape parameter must be provided as its default value will change en /usr/share/nginx/html/sistema_biometrico/scripts/correlacionar_dat_empleados.php línea 135
URI: N/A
--------------------------------------------------------------------------------
[2026-03-04 21:38:38] [DEPRECATED] fputcsv(): the $escape parameter must be provided as its default value will change en /usr/share/nginx/html/sistema_biometrico/scripts/correlacionar_dat_empleados.php línea 144
URI: N/A
--------------------------------------------------------------------------------
[2026-03-04 21:38:38] [DEPRECATED] fputcsv(): the $escape parameter must be provided as its default value will change en /usr/share/nginx/html/sistema_biometrico/scripts/correlacionar_dat_empleados.php línea 135
URI: N/A
--------------------------------------------------------------------------------
[2026-03-04 21:38:38] [DEPRECATED] fputcsv(): the $escape parameter must be provided as its default value will change en /usr/share/nginx/html/sistema_biometrico/scripts/correlacionar_dat_empleados.php línea 144
URI: N/A
--------------------------------------------------------------------------------
[2026-03-04 21:38:38] [DEPRECATED] fputcsv(): the $escape parameter must be provided as its default value will change en /usr/share/nginx/html/sistema_biometrico/scripts/correlacionar_dat_empleados.php línea 135
URI: N/A
--------------------------------------------------------------------------------
[2026-03-04 21:38:38] [DEPRECATED] fputcsv(): the $escape parameter must be provided as its default value will change en /usr/share/nginx/html/sistema_biometrico/scripts/correlacionar_dat_empleados.php línea 144
URI: N/A
--------------------------------------------------------------------------------
[2026-03-04 21:38:38] [DEPRECATED] fputcsv(): the $escape parameter must be provided as its default value will change en /usr/share/nginx/html/sistema_biometrico/scripts/correlacionar_dat_empleados.php línea 135
URI: N/A
--------------------------------------------------------------------------------
[2026-03-04 21:38:38] [DEPRECATED] fputcsv(): the $escape parameter must be provided as its default value will change en /usr/share/nginx/html/sistema_biometrico/scripts/correlacionar_dat_empleados.php línea 144
URI: N/A
--------------------------------------------------------------------------------
[2026-03-04 21:38:38] [DEPRECATED] fputcsv(): the $escape parameter must be provided as its default value will change en /usr/share/nginx/html/sistema_biometrico/scripts/correlacionar_dat_empleados.php línea 135
URI: N/A
--------------------------------------------------------------------------------
[2026-03-04 21:38:38] [DEPRECATED] fputcsv(): the $escape parameter must be provided as its default value will change en /usr/share/nginx/html/sistema_biometrico/scripts/correlacionar_dat_empleados.php línea 144
URI: N/A
--------------------------------------------------------------------------------
[2026-03-04 21:38:38] [DEPRECATED] fputcsv(): the $escape parameter must be provided as its default value will change en /usr/share/nginx/html/sistema_biometrico/scripts/correlacionar_dat_empleados.php línea 135
URI: N/A
--------------------------------------------------------------------------------
[2026-03-04 21:38:38] [DEPRECATED] fputcsv(): the $escape parameter must be provided as its default value will change en /usr/share/nginx/html/sistema_biometrico/scripts/correlacionar_dat_empleados.php línea 144
URI: N/A
--------------------------------------------------------------------------------
[2026-03-04 21:38:38] [DEPRECATED] fputcsv(): the $escape parameter must be provided as its default value will change en /usr/share/nginx/html/sistema_biometrico/scripts/correlacionar_dat_empleados.php línea 135
URI: N/A
--------------------------------------------------------------------------------
[2026-03-04 21:38:38] [DEPRECATED] fputcsv(): the $escape parameter must be provided as its default value will change en /usr/share/nginx/html/sistema_biometrico/scripts/correlacionar_dat_empleados.php línea 144
URI: N/A
--------------------------------------------------------------------------------
[2026-03-04 21:38:38] [DEPRECATED] fputcsv(): the $escape parameter must be provided as its default value will change en /usr/share/nginx/html/sistema_biometrico/scripts/correlacionar_dat_empleados.php línea 135
URI: N/A
--------------------------------------------------------------------------------
[2026-03-04 21:38:38] [DEPRECATED] fputcsv(): the $escape parameter must be provided as its default value will change en /usr/share/nginx/html/sistema_biometrico/scripts/correlacionar_dat_empleados.php línea 144
URI: N/A
--------------------------------------------------------------------------------
[2026-03-04 21:38:38] [DEPRECATED] fputcsv(): the $escape parameter must be provided as its default value will change en /usr/share/nginx/html/sistema_biometrico/scripts/correlacionar_dat_empleados.php línea 135
URI: N/A
--------------------------------------------------------------------------------
[2026-03-04 21:38:38] [DEPRECATED] fputcsv(): the $escape parameter must be provided as its default value will change en /usr/share/nginx/html/sistema_biometrico/scripts/correlacionar_dat_empleados.php línea 144
URI: N/A
--------------------------------------------------------------------------------
[2026-03-04 21:38:38] [DEPRECATED] fputcsv(): the $escape parameter must be provided as its default value will change en /usr/share/nginx/html/sistema_biometrico/scripts/correlacionar_dat_empleados.php línea 135
URI: N/A
--------------------------------------------------------------------------------
[2026-03-04 21:38:38] [DEPRECATED] fputcsv(): the $escape parameter must be provided as its default value will change en /usr/share/nginx/html/sistema_biometrico/scripts/correlacionar_dat_empleados.php línea 144
URI: N/A
--------------------------------------------------------------------------------
[2026-03-04 21:38:38] [DEPRECATED] fputcsv(): the $escape parameter must be provided as its default value will change en /usr/share/nginx/html/sistema_biometrico/scripts/correlacionar_dat_empleados.php línea 135
URI: N/A
--------------------------------------------------------------------------------
[2026-03-04 21:38:38] [DEPRECATED] fputcsv(): the $escape parameter must be provided as its default value will change en /usr/share/nginx/html/sistema_biometrico/scripts/correlacionar_dat_empleados.php línea 144
URI: N/A
--------------------------------------------------------------------------------
[2026-03-04 21:38:38] [DEPRECATED] fputcsv(): the $escape parameter must be provided as its default value will change en /usr/share/nginx/html/sistema_biometrico/scripts/correlacionar_dat_empleados.php línea 135
URI: N/A
--------------------------------------------------------------------------------
[2026-03-04 21:38:38] [DEPRECATED] fputcsv(): the $escape parameter must be provided as its default value will change en /usr/share/nginx/html/sistema_biometrico/scripts/correlacionar_dat_empleados.php línea 144
URI: N/A
--------------------------------------------------------------------------------
[2026-03-04 21:38:38] [DEPRECATED] fputcsv(): the $escape parameter must be provided as its default value will change en /usr/share/nginx/html/sistema_biometrico/scripts/correlacionar_dat_empleados.php línea 135
URI: N/A
--------------------------------------------------------------------------------
[2026-03-04 21:38:38] [DEPRECATED] fputcsv(): the $escape parameter must be provided as its default value will change en /usr/share/nginx/html/sistema_biometrico/scripts/correlacionar_dat_empleados.php línea 144
URI: N/A
--------------------------------------------------------------------------------
[2026-03-04 21:38:38] [DEPRECATED] fputcsv(): the $escape parameter must be provided as its default value will change en /usr/share/nginx/html/sistema_biometrico/scripts/correlacionar_dat_empleados.php línea 135
URI: N/A
--------------------------------------------------------------------------------
[2026-03-04 21:38:38] [DEPRECATED] fputcsv(): the $escape parameter must be provided as its default value will change en /usr/share/nginx/html/sistema_biometrico/scripts/correlacionar_dat_empleados.php línea 144
URI: N/A
--------------------------------------------------------------------------------
[2026-03-04 21:38:38] [DEPRECATED] fputcsv(): the $escape parameter must be provided as its default value will change en /usr/share/nginx/html/sistema_biometrico/scripts/correlacionar_dat_empleados.php línea 135
URI: N/A
--------------------------------------------------------------------------------
[2026-03-04 21:38:38] [DEPRECATED] fputcsv(): the $escape parameter must be provided as its default value will change en /usr/share/nginx/html/sistema_biometrico/scripts/correlacionar_dat_empleados.php línea 144
URI: N/A
--------------------------------------------------------------------------------
[2026-03-04 21:38:38] [DEPRECATED] fputcsv(): the $escape parameter must be provided as its default value will change en /usr/share/nginx/html/sistema_biometrico/scripts/correlacionar_dat_empleados.php línea 135
URI: N/A
--------------------------------------------------------------------------------
[2026-03-04 21:38:38] [DEPRECATED] fputcsv(): the $escape parameter must be provided as its default value will change en /usr/share/nginx/html/sistema_biometrico/scripts/correlacionar_dat_empleados.php línea 144
URI: N/A
--------------------------------------------------------------------------------
[2026-03-04 21:38:38] [DEPRECATED] fputcsv(): the $escape parameter must be provided as its default value will change en /usr/share/nginx/html/sistema_biometrico/scripts/correlacionar_dat_empleados.php línea 135
URI: N/A
--------------------------------------------------------------------------------
[2026-03-04 21:38:38] [DEPRECATED] fputcsv(): the $escape parameter must be provided as its default value will change en /usr/share/nginx/html/sistema_biometrico/scripts/correlacionar_dat_empleados.php línea 144
URI: N/A
--------------------------------------------------------------------------------
[2026-03-04 21:38:38] [DEPRECATED] fputcsv(): the $escape parameter must be provided as its default value will change en /usr/share/nginx/html/sistema_biometrico/scripts/correlacionar_dat_empleados.php línea 135
URI: N/A
--------------------------------------------------------------------------------
[2026-03-04 21:38:38] [DEPRECATED] fputcsv(): the $escape parameter must be provided as its default value will change en /usr/share/nginx/html/sistema_biometrico/scripts/correlacionar_dat_empleados.php línea 144
URI: N/A
--------------------------------------------------------------------------------
[2026-03-04 21:38:38] [DEPRECATED] fputcsv(): the $escape parameter must be provided as its default value will change en /usr/share/nginx/html/sistema_biometrico/scripts/correlacionar_dat_empleados.php línea 135
URI: N/A
--------------------------------------------------------------------------------
[2026-03-04 21:38:38] [DEPRECATED] fputcsv(): the $escape parameter must be provided as its default value will change en /usr/share/nginx/html/sistema_biometrico/scripts/correlacionar_dat_empleados.php línea 144
URI: N/A
--------------------------------------------------------------------------------
[2026-03-04 21:38:38] [DEPRECATED] fputcsv(): the $escape parameter must be provided as its default value will change en /usr/share/nginx/html/sistema_biometrico/scripts/correlacionar_dat_empleados.php línea 135
URI: N/A
--------------------------------------------------------------------------------
[2026-03-04 21:38:38] [DEPRECATED] fputcsv(): the $escape parameter must be provided as its default value will change en /usr/share/nginx/html/sistema_biometrico/scripts/correlacionar_dat_empleados.php línea 144
URI: N/A
--------------------------------------------------------------------------------
[2026-03-04 21:38:38] [DEPRECATED] fputcsv(): the $escape parameter must be provided as its default value will change en /usr/share/nginx/html/sistema_biometrico/scripts/correlacionar_dat_empleados.php línea 135
URI: N/A
--------------------------------------------------------------------------------
[2026-03-04 21:38:38] [DEPRECATED] fputcsv(): the $escape parameter must be provided as its default value will change en /usr/share/nginx/html/sistema_biometrico/scripts/correlacionar_dat_empleados.php línea 144
URI: N/A
--------------------------------------------------------------------------------
[2026-03-04 21:38:38] [DEPRECATED] fputcsv(): the $escape parameter must be provided as its default value will change en /usr/share/nginx/html/sistema_biometrico/scripts/correlacionar_dat_empleados.php línea 135
URI: N/A
--------------------------------------------------------------------------------
[2026-03-04 21:38:38] [DEPRECATED] fputcsv(): the $escape parameter must be provided as its default value will change en /usr/share/nginx/html/sistema_biometrico/scripts/correlacionar_dat_empleados.php línea 144
URI: N/A
--------------------------------------------------------------------------------
[2026-03-04 21:38:38] [DEPRECATED] fputcsv(): the $escape parameter must be provided as its default value will change en /usr/share/nginx/html/sistema_biometrico/scripts/correlacionar_dat_empleados.php línea 135
URI: N/A
--------------------------------------------------------------------------------
[2026-03-04 21:38:38] [DEPRECATED] fputcsv(): the $escape parameter must be provided as its default value will change en /usr/share/nginx/html/sistema_biometrico/scripts/correlacionar_dat_empleados.php línea 144
URI: N/A
--------------------------------------------------------------------------------
[2026-03-04 21:38:38] [DEPRECATED] fputcsv(): the $escape parameter must be provided as its default value will change en /usr/share/nginx/html/sistema_biometrico/scripts/correlacionar_dat_empleados.php línea 135
URI: N/A
--------------------------------------------------------------------------------
[2026-03-04 21:38:38] [DEPRECATED] fputcsv(): the $escape parameter must be provided as its default value will change en /usr/share/nginx/html/sistema_biometrico/scripts/correlacionar_dat_empleados.php línea 144
URI: N/A
--------------------------------------------------------------------------------
[2026-03-04 21:38:38] [DEPRECATED] fputcsv(): the $escape parameter must be provided as its default value will change en /usr/share/nginx/html/sistema_biometrico/scripts/correlacionar_dat_empleados.php línea 135
URI: N/A
--------------------------------------------------------------------------------
[2026-03-04 21:38:38] [DEPRECATED] fputcsv(): the $escape parameter must be provided as its default value will change en /usr/share/nginx/html/sistema_biometrico/scripts/correlacionar_dat_empleados.php línea 144
URI: N/A
--------------------------------------------------------------------------------
[2026-03-04 21:38:38] [DEPRECATED] fputcsv(): the $escape parameter must be provided as its default value will change en /usr/share/nginx/html/sistema_biometrico/scripts/correlacionar_dat_empleados.php línea 135
URI: N/A
--------------------------------------------------------------------------------
[2026-03-04 21:38:38] [DEPRECATED] fputcsv(): the $escape parameter must be provided as its default value will change en /usr/share/nginx/html/sistema_biometrico/scripts/correlacionar_dat_empleados.php línea 144
URI: N/A
--------------------------------------------------------------------------------
[2026-03-04 21:38:38] [DEPRECATED] fputcsv(): the $escape parameter must be provided as its default value will change en /usr/share/nginx/html/sistema_biometrico/scripts/correlacionar_dat_empleados.php línea 135
URI: N/A
--------------------------------------------------------------------------------
[2026-03-04 21:38:38] [DEPRECATED] fputcsv(): the $escape parameter must be provided as its default value will change en /usr/share/nginx/html/sistema_biometrico/scripts/correlacionar_dat_empleados.php línea 144
URI: N/A
--------------------------------------------------------------------------------
[2026-03-04 21:38:38] [DEPRECATED] fputcsv(): the $escape parameter must be provided as its default value will change en /usr/share/nginx/html/sistema_biometrico/scripts/correlacionar_dat_empleados.php línea 135
URI: N/A
--------------------------------------------------------------------------------
[2026-03-04 21:38:38] [DEPRECATED] fputcsv(): the $escape parameter must be provided as its default value will change en /usr/share/nginx/html/sistema_biometrico/scripts/correlacionar_dat_empleados.php línea 144
URI: N/A
--------------------------------------------------------------------------------
[2026-03-04 21:38:38] [DEPRECATED] fputcsv(): the $escape parameter must be provided as its default value will change en /usr/share/nginx/html/sistema_biometrico/scripts/correlacionar_dat_empleados.php línea 135
URI: N/A
--------------------------------------------------------------------------------
[2026-03-04 21:38:38] [DEPRECATED] fputcsv(): the $escape parameter must be provided as its default value will change en /usr/share/nginx/html/sistema_biometrico/scripts/correlacionar_dat_empleados.php línea 144
URI: N/A
--------------------------------------------------------------------------------
[2026-03-04 21:38:38] [DEPRECATED] fputcsv(): the $escape parameter must be provided as its default value will change en /usr/share/nginx/html/sistema_biometrico/scripts/correlacionar_dat_empleados.php línea 135
URI: N/A
--------------------------------------------------------------------------------
[2026-03-04 21:38:38] [DEPRECATED] fputcsv(): the $escape parameter must be provided as its default value will change en /usr/share/nginx/html/sistema_biometrico/scripts/correlacionar_dat_empleados.php línea 144
URI: N/A
--------------------------------------------------------------------------------
[2026-03-04 21:38:38] [DEPRECATED] fputcsv(): the $escape parameter must be provided as its default value will change en /usr/share/nginx/html/sistema_biometrico/scripts/correlacionar_dat_empleados.php línea 135
URI: N/A
--------------------------------------------------------------------------------
[2026-03-04 21:38:38] [DEPRECATED] fputcsv(): the $escape parameter must be provided as its default value will change en /usr/share/nginx/html/sistema_biometrico/scripts/correlacionar_dat_empleados.php línea 144
URI: N/A
--------------------------------------------------------------------------------
[2026-03-04 21:38:38] [DEPRECATED] fputcsv(): the $escape parameter must be provided as its default value will change en /usr/share/nginx/html/sistema_biometrico/scripts/correlacionar_dat_empleados.php línea 135
URI: N/A
--------------------------------------------------------------------------------
[2026-03-04 21:38:38] [DEPRECATED] fputcsv(): the $escape parameter must be provided as its default value will change en /usr/share/nginx/html/sistema_biometrico/scripts/correlacionar_dat_empleados.php línea 144
URI: N/A
--------------------------------------------------------------------------------
[2026-03-04 21:38:38] [DEPRECATED] fputcsv(): the $escape parameter must be provided as its default value will change en /usr/share/nginx/html/sistema_biometrico/scripts/correlacionar_dat_empleados.php línea 135
URI: N/A
--------------------------------------------------------------------------------
[2026-03-04 21:38:38] [DEPRECATED] fputcsv(): the $escape parameter must be provided as its default value will change en /usr/share/nginx/html/sistema_biometrico/scripts/correlacionar_dat_empleados.php línea 144
URI: N/A
--------------------------------------------------------------------------------
[2026-03-04 21:38:38] [DEPRECATED] fputcsv(): the $escape parameter must be provided as its default value will change en /usr/share/nginx/html/sistema_biometrico/scripts/correlacionar_dat_empleados.php línea 135
URI: N/A
--------------------------------------------------------------------------------
[2026-03-04 21:38:38] [DEPRECATED] fputcsv(): the $escape parameter must be provided as its default value will change en /usr/share/nginx/html/sistema_biometrico/scripts/correlacionar_dat_empleados.php línea 144
URI: N/A
--------------------------------------------------------------------------------
[2026-03-04 21:38:38] [DEPRECATED] fputcsv(): the $escape parameter must be provided as its default value will change en /usr/share/nginx/html/sistema_biometrico/scripts/correlacionar_dat_empleados.php línea 135
URI: N/A
--------------------------------------------------------------------------------
[2026-03-04 21:38:38] [DEPRECATED] fputcsv(): the $escape parameter must be provided as its default value will change en /usr/share/nginx/html/sistema_biometrico/scripts/correlacionar_dat_empleados.php línea 144
URI: N/A
--------------------------------------------------------------------------------
[2026-03-04 21:38:38] [DEPRECATED] fputcsv(): the $escape parameter must be provided as its default value will change en /usr/share/nginx/html/sistema_biometrico/scripts/correlacionar_dat_empleados.php línea 135
URI: N/A
--------------------------------------------------------------------------------
[2026-03-04 21:38:38] [DEPRECATED] fputcsv(): the $escape parameter must be provided as its default value will change en /usr/share/nginx/html/sistema_biometrico/scripts/correlacionar_dat_empleados.php línea 144
URI: N/A
--------------------------------------------------------------------------------
[2026-03-04 21:38:38] [DEPRECATED] fputcsv(): the $escape parameter must be provided as its default value will change en /usr/share/nginx/html/sistema_biometrico/scripts/correlacionar_dat_empleados.php línea 135
URI: N/A
--------------------------------------------------------------------------------
[2026-03-04 21:38:38] [DEPRECATED] fputcsv(): the $escape parameter must be provided as its default value will change en /usr/share/nginx/html/sistema_biometrico/scripts/correlacionar_dat_empleados.php línea 144
URI: N/A
--------------------------------------------------------------------------------
[2026-03-04 21:38:38] [DEPRECATED] fputcsv(): the $escape parameter must be provided as its default value will change en /usr/share/nginx/html/sistema_biometrico/scripts/correlacionar_dat_empleados.php línea 135
URI: N/A
--------------------------------------------------------------------------------
[2026-03-04 21:38:38] [DEPRECATED] fputcsv(): the $escape parameter must be provided as its default value will change en /usr/share/nginx/html/sistema_biometrico/scripts/correlacionar_dat_empleados.php línea 144
URI: N/A
--------------------------------------------------------------------------------
[2026-03-04 21:38:38] [DEPRECATED] fputcsv(): the $escape parameter must be provided as its default value will change en /usr/share/nginx/html/sistema_biometrico/scripts/correlacionar_dat_empleados.php línea 135
URI: N/A
--------------------------------------------------------------------------------
[2026-03-04 21:38:38] [DEPRECATED] fputcsv(): the $escape parameter must be provided as its default value will change en /usr/share/nginx/html/sistema_biometrico/scripts/correlacionar_dat_empleados.php línea 144
URI: N/A
--------------------------------------------------------------------------------
[2026-03-04 21:38:38] [DEPRECATED] fputcsv(): the $escape parameter must be provided as its default value will change en /usr/share/nginx/html/sistema_biometrico/scripts/correlacionar_dat_empleados.php línea 135
URI: N/A
--------------------------------------------------------------------------------
[2026-03-04 21:38:38] [DEPRECATED] fputcsv(): the $escape parameter must be provided as its default value will change en /usr/share/nginx/html/sistema_biometrico/scripts/correlacionar_dat_empleados.php línea 144
URI: N/A
--------------------------------------------------------------------------------
[2026-03-04 21:38:38] [DEPRECATED] fputcsv(): the $escape parameter must be provided as its default value will change en /usr/share/nginx/html/sistema_biometrico/scripts/correlacionar_dat_empleados.php línea 135
URI: N/A
--------------------------------------------------------------------------------
[2026-03-04 21:38:38] [DEPRECATED] fputcsv(): the $escape parameter must be provided as its default value will change en /usr/share/nginx/html/sistema_biometrico/scripts/correlacionar_dat_empleados.php línea 144
URI: N/A
--------------------------------------------------------------------------------
[2026-03-04 21:38:38] [DEPRECATED] fputcsv(): the $escape parameter must be provided as its default value will change en /usr/share/nginx/html/sistema_biometrico/scripts/correlacionar_dat_empleados.php línea 135
URI: N/A
--------------------------------------------------------------------------------
[2026-03-04 21:38:38] [DEPRECATED] fputcsv(): the $escape parameter must be provided as its default value will change en /usr/share/nginx/html/sistema_biometrico/scripts/correlacionar_dat_empleados.php línea 144
URI: N/A
--------------------------------------------------------------------------------
[2026-03-04 21:38:38] [DEPRECATED] fputcsv(): the $escape parameter must be provided as its default value will change en /usr/share/nginx/html/sistema_biometrico/scripts/correlacionar_dat_empleados.php línea 135
URI: N/A
--------------------------------------------------------------------------------
[2026-03-04 21:38:38] [DEPRECATED] fputcsv(): the $escape parameter must be provided as its default value will change en /usr/share/nginx/html/sistema_biometrico/scripts/correlacionar_dat_empleados.php línea 144
URI: N/A
--------------------------------------------------------------------------------
[2026-03-04 21:38:38] [DEPRECATED] fputcsv(): the $escape parameter must be provided as its default value will change en /usr/share/nginx/html/sistema_biometrico/scripts/correlacionar_dat_empleados.php línea 135
URI: N/A
--------------------------------------------------------------------------------
[2026-03-04 21:38:38] [DEPRECATED] fputcsv(): the $escape parameter must be provided as its default value will change en /usr/share/nginx/html/sistema_biometrico/scripts/correlacionar_dat_empleados.php línea 144
URI: N/A
--------------------------------------------------------------------------------
[2026-03-04 21:39:05] [DEPRECATED] fgetcsv(): the $escape parameter must be provided as its default value will change en /usr/share/nginx/html/sistema_biometrico/scripts/sync_zkteco_ids_empleados.php línea 60
URI: N/A
--------------------------------------------------------------------------------
[2026-03-04 21:39:05] [DEPRECATED] fgetcsv(): the $escape parameter must be provided as its default value will change en /usr/share/nginx/html/sistema_biometrico/scripts/sync_zkteco_ids_empleados.php línea 75
URI: N/A
--------------------------------------------------------------------------------
[2026-03-04 21:39:05] [DEPRECATED] fgetcsv(): the $escape parameter must be provided as its default value will change en /usr/share/nginx/html/sistema_biometrico/scripts/sync_zkteco_ids_empleados.php línea 75
URI: N/A
--------------------------------------------------------------------------------
[2026-03-04 21:39:05] [DEPRECATED] fgetcsv(): the $escape parameter must be provided as its default value will change en /usr/share/nginx/html/sistema_biometrico/scripts/sync_zkteco_ids_empleados.php línea 75
URI: N/A
--------------------------------------------------------------------------------
[2026-03-04 21:39:05] [DEPRECATED] fgetcsv(): the $escape parameter must be provided as its default value will change en /usr/share/nginx/html/sistema_biometrico/scripts/sync_zkteco_ids_empleados.php línea 75
URI: N/A
--------------------------------------------------------------------------------
[2026-03-04 21:39:05] [DEPRECATED] fgetcsv(): the $escape parameter must be provided as its default value will change en /usr/share/nginx/html/sistema_biometrico/scripts/sync_zkteco_ids_empleados.php línea 75
URI: N/A
--------------------------------------------------------------------------------
[2026-03-04 21:39:05] [DEPRECATED] fgetcsv(): the $escape parameter must be provided as its default value will change en /usr/share/nginx/html/sistema_biometrico/scripts/sync_zkteco_ids_empleados.php línea 75
URI: N/A
--------------------------------------------------------------------------------
[2026-03-04 21:39:05] [DEPRECATED] fgetcsv(): the $escape parameter must be provided as its default value will change en /usr/share/nginx/html/sistema_biometrico/scripts/sync_zkteco_ids_empleados.php línea 75
URI: N/A
--------------------------------------------------------------------------------
[2026-03-04 21:39:05] [DEPRECATED] fgetcsv(): the $escape parameter must be provided as its default value will change en /usr/share/nginx/html/sistema_biometrico/scripts/sync_zkteco_ids_empleados.php línea 75
URI: N/A
--------------------------------------------------------------------------------
[2026-03-04 21:39:05] [DEPRECATED] fgetcsv(): the $escape parameter must be provided as its default value will change en /usr/share/nginx/html/sistema_biometrico/scripts/sync_zkteco_ids_empleados.php línea 75
URI: N/A
--------------------------------------------------------------------------------
[2026-03-04 21:39:05] [DEPRECATED] fgetcsv(): the $escape parameter must be provided as its default value will change en /usr/share/nginx/html/sistema_biometrico/scripts/sync_zkteco_ids_empleados.php línea 75
URI: N/A
--------------------------------------------------------------------------------
[2026-03-04 21:39:05] [DEPRECATED] fgetcsv(): the $escape parameter must be provided as its default value will change en /usr/share/nginx/html/sistema_biometrico/scripts/sync_zkteco_ids_empleados.php línea 75
URI: N/A
--------------------------------------------------------------------------------
[2026-03-04 21:39:05] [DEPRECATED] fgetcsv(): the $escape parameter must be provided as its default value will change en /usr/share/nginx/html/sistema_biometrico/scripts/sync_zkteco_ids_empleados.php línea 75
URI: N/A
--------------------------------------------------------------------------------
[2026-03-04 21:39:05] [DEPRECATED] fgetcsv(): the $escape parameter must be provided as its default value will change en /usr/share/nginx/html/sistema_biometrico/scripts/sync_zkteco_ids_empleados.php línea 75
URI: N/A
--------------------------------------------------------------------------------
[2026-03-04 21:39:05] [DEPRECATED] fgetcsv(): the $escape parameter must be provided as its default value will change en /usr/share/nginx/html/sistema_biometrico/scripts/sync_zkteco_ids_empleados.php línea 75
URI: N/A
--------------------------------------------------------------------------------
[2026-03-04 21:39:05] [DEPRECATED] fgetcsv(): the $escape parameter must be provided as its default value will change en /usr/share/nginx/html/sistema_biometrico/scripts/sync_zkteco_ids_empleados.php línea 75
URI: N/A
--------------------------------------------------------------------------------
[2026-03-04 21:39:05] [DEPRECATED] fgetcsv(): the $escape parameter must be provided as its default value will change en /usr/share/nginx/html/sistema_biometrico/scripts/sync_zkteco_ids_empleados.php línea 75
URI: N/A
--------------------------------------------------------------------------------
[2026-03-04 21:39:05] [DEPRECATED] fgetcsv(): the $escape parameter must be provided as its default value will change en /usr/share/nginx/html/sistema_biometrico/scripts/sync_zkteco_ids_empleados.php línea 75
URI: N/A
--------------------------------------------------------------------------------
[2026-03-04 21:39:05] [DEPRECATED] fgetcsv(): the $escape parameter must be provided as its default value will change en /usr/share/nginx/html/sistema_biometrico/scripts/sync_zkteco_ids_empleados.php línea 75
URI: N/A
--------------------------------------------------------------------------------
[2026-03-04 21:39:05] [DEPRECATED] fgetcsv(): the $escape parameter must be provided as its default value will change en /usr/share/nginx/html/sistema_biometrico/scripts/sync_zkteco_ids_empleados.php línea 75
URI: N/A
--------------------------------------------------------------------------------
[2026-03-04 21:39:05] [DEPRECATED] fgetcsv(): the $escape parameter must be provided as its default value will change en /usr/share/nginx/html/sistema_biometrico/scripts/sync_zkteco_ids_empleados.php línea 75
URI: N/A
--------------------------------------------------------------------------------
[2026-03-04 21:39:05] [DEPRECATED] fgetcsv(): the $escape parameter must be provided as its default value will change en /usr/share/nginx/html/sistema_biometrico/scripts/sync_zkteco_ids_empleados.php línea 75
URI: N/A
--------------------------------------------------------------------------------
[2026-03-04 21:39:05] [DEPRECATED] fgetcsv(): the $escape parameter must be provided as its default value will change en /usr/share/nginx/html/sistema_biometrico/scripts/sync_zkteco_ids_empleados.php línea 75
URI: N/A
--------------------------------------------------------------------------------
[2026-03-04 21:39:05] [DEPRECATED] fgetcsv(): the $escape parameter must be provided as its default value will change en /usr/share/nginx/html/sistema_biometrico/scripts/sync_zkteco_ids_empleados.php línea 75
URI: N/A
--------------------------------------------------------------------------------
[2026-03-04 21:39:05] [DEPRECATED] fgetcsv(): the $escape parameter must be provided as its default value will change en /usr/share/nginx/html/sistema_biometrico/scripts/sync_zkteco_ids_empleados.php línea 75
URI: N/A
--------------------------------------------------------------------------------
[2026-03-04 21:39:05] [DEPRECATED] fgetcsv(): the $escape parameter must be provided as its default value will change en /usr/share/nginx/html/sistema_biometrico/scripts/sync_zkteco_ids_empleados.php línea 75
URI: N/A
--------------------------------------------------------------------------------
[2026-03-04 21:39:05] [DEPRECATED] fgetcsv(): the $escape parameter must be provided as its default value will change en /usr/share/nginx/html/sistema_biometrico/scripts/sync_zkteco_ids_empleados.php línea 75
URI: N/A
--------------------------------------------------------------------------------
[2026-03-04 21:39:05] [DEPRECATED] fgetcsv(): the $escape parameter must be provided as its default value will change en /usr/share/nginx/html/sistema_biometrico/scripts/sync_zkteco_ids_empleados.php línea 75
URI: N/A
--------------------------------------------------------------------------------
[2026-03-04 21:39:05] [DEPRECATED] fgetcsv(): the $escape parameter must be provided as its default value will change en /usr/share/nginx/html/sistema_biometrico/scripts/sync_zkteco_ids_empleados.php línea 75
URI: N/A
--------------------------------------------------------------------------------
[2026-03-04 21:39:05] [DEPRECATED] fgetcsv(): the $escape parameter must be provided as its default value will change en /usr/share/nginx/html/sistema_biometrico/scripts/sync_zkteco_ids_empleados.php línea 75
URI: N/A
--------------------------------------------------------------------------------
[2026-03-04 21:39:05] [DEPRECATED] fgetcsv(): the $escape parameter must be provided as its default value will change en /usr/share/nginx/html/sistema_biometrico/scripts/sync_zkteco_ids_empleados.php línea 75
URI: N/A
--------------------------------------------------------------------------------
[2026-03-04 21:39:05] [DEPRECATED] fgetcsv(): the $escape parameter must be provided as its default value will change en /usr/share/nginx/html/sistema_biometrico/scripts/sync_zkteco_ids_empleados.php línea 75
URI: N/A
--------------------------------------------------------------------------------
[2026-03-04 21:39:05] [DEPRECATED] fgetcsv(): the $escape parameter must be provided as its default value will change en /usr/share/nginx/html/sistema_biometrico/scripts/sync_zkteco_ids_empleados.php línea 75
URI: N/A
--------------------------------------------------------------------------------
[2026-03-04 21:39:05] [DEPRECATED] fgetcsv(): the $escape parameter must be provided as its default value will change en /usr/share/nginx/html/sistema_biometrico/scripts/sync_zkteco_ids_empleados.php línea 75
URI: N/A
--------------------------------------------------------------------------------
[2026-03-04 21:39:05] [DEPRECATED] fgetcsv(): the $escape parameter must be provided as its default value will change en /usr/share/nginx/html/sistema_biometrico/scripts/sync_zkteco_ids_empleados.php línea 75
URI: N/A
--------------------------------------------------------------------------------
[2026-03-04 21:39:05] [DEPRECATED] fgetcsv(): the $escape parameter must be provided as its default value will change en /usr/share/nginx/html/sistema_biometrico/scripts/sync_zkteco_ids_empleados.php línea 75
URI: N/A
--------------------------------------------------------------------------------
[2026-03-04 21:39:05] [DEPRECATED] fgetcsv(): the $escape parameter must be provided as its default value will change en /usr/share/nginx/html/sistema_biometrico/scripts/sync_zkteco_ids_empleados.php línea 75
URI: N/A
--------------------------------------------------------------------------------
[2026-03-04 21:39:05] [DEPRECATED] fgetcsv(): the $escape parameter must be provided as its default value will change en /usr/share/nginx/html/sistema_biometrico/scripts/sync_zkteco_ids_empleados.php línea 75
URI: N/A
--------------------------------------------------------------------------------
[2026-03-04 21:39:05] [DEPRECATED] fgetcsv(): the $escape parameter must be provided as its default value will change en /usr/share/nginx/html/sistema_biometrico/scripts/sync_zkteco_ids_empleados.php línea 75
URI: N/A
--------------------------------------------------------------------------------
[2026-03-04 21:39:05] [DEPRECATED] fgetcsv(): the $escape parameter must be provided as its default value will change en /usr/share/nginx/html/sistema_biometrico/scripts/sync_zkteco_ids_empleados.php línea 75
URI: N/A
--------------------------------------------------------------------------------
[2026-03-04 21:39:05] [DEPRECATED] fgetcsv(): the $escape parameter must be provided as its default value will change en /usr/share/nginx/html/sistema_biometrico/scripts/sync_zkteco_ids_empleados.php línea 75
URI: N/A
--------------------------------------------------------------------------------
[2026-03-04 21:39:05] [DEPRECATED] fgetcsv(): the $escape parameter must be provided as its default value will change en /usr/share/nginx/html/sistema_biometrico/scripts/sync_zkteco_ids_empleados.php línea 75
URI: N/A
--------------------------------------------------------------------------------
[2026-03-04 21:39:05] [DEPRECATED] fgetcsv(): the $escape parameter must be provided as its default value will change en /usr/share/nginx/html/sistema_biometrico/scripts/sync_zkteco_ids_empleados.php línea 75
URI: N/A
--------------------------------------------------------------------------------
[2026-03-04 21:39:05] [DEPRECATED] fgetcsv(): the $escape parameter must be provided as its default value will change en /usr/share/nginx/html/sistema_biometrico/scripts/sync_zkteco_ids_empleados.php línea 75
URI: N/A
--------------------------------------------------------------------------------
[2026-03-04 21:39:05] [DEPRECATED] fgetcsv(): the $escape parameter must be provided as its default value will change en /usr/share/nginx/html/sistema_biometrico/scripts/sync_zkteco_ids_empleados.php línea 75
URI: N/A
--------------------------------------------------------------------------------
[2026-03-04 21:39:05] [DEPRECATED] fgetcsv(): the $escape parameter must be provided as its default value will change en /usr/share/nginx/html/sistema_biometrico/scripts/sync_zkteco_ids_empleados.php línea 75
URI: N/A
--------------------------------------------------------------------------------
[2026-03-04 21:39:05] [DEPRECATED] fgetcsv(): the $escape parameter must be provided as its default value will change en /usr/share/nginx/html/sistema_biometrico/scripts/sync_zkteco_ids_empleados.php línea 75
URI: N/A
--------------------------------------------------------------------------------
[2026-03-04 21:39:05] [DEPRECATED] fgetcsv(): the $escape parameter must be provided as its default value will change en /usr/share/nginx/html/sistema_biometrico/scripts/sync_zkteco_ids_empleados.php línea 75
URI: N/A
--------------------------------------------------------------------------------
[2026-03-04 21:39:05] [DEPRECATED] fgetcsv(): the $escape parameter must be provided as its default value will change en /usr/share/nginx/html/sistema_biometrico/scripts/sync_zkteco_ids_empleados.php línea 75
URI: N/A
--------------------------------------------------------------------------------
[2026-03-04 21:39:05] [DEPRECATED] fgetcsv(): the $escape parameter must be provided as its default value will change en /usr/share/nginx/html/sistema_biometrico/scripts/sync_zkteco_ids_empleados.php línea 75
URI: N/A
--------------------------------------------------------------------------------
[2026-03-04 21:39:05] [DEPRECATED] fgetcsv(): the $escape parameter must be provided as its default value will change en /usr/share/nginx/html/sistema_biometrico/scripts/sync_zkteco_ids_empleados.php línea 75
URI: N/A
--------------------------------------------------------------------------------
[2026-03-04 21:39:05] [DEPRECATED] fgetcsv(): the $escape parameter must be provided as its default value will change en /usr/share/nginx/html/sistema_biometrico/scripts/sync_zkteco_ids_empleados.php línea 75
URI: N/A
--------------------------------------------------------------------------------
[2026-03-04 21:39:05] [DEPRECATED] fgetcsv(): the $escape parameter must be provided as its default value will change en /usr/share/nginx/html/sistema_biometrico/scripts/sync_zkteco_ids_empleados.php línea 75
URI: N/A
--------------------------------------------------------------------------------
[2026-03-04 21:39:05] [DEPRECATED] fgetcsv(): the $escape parameter must be provided as its default value will change en /usr/share/nginx/html/sistema_biometrico/scripts/sync_zkteco_ids_empleados.php línea 75
URI: N/A
--------------------------------------------------------------------------------
[2026-03-04 21:39:05] [DEPRECATED] fgetcsv(): the $escape parameter must be provided as its default value will change en /usr/share/nginx/html/sistema_biometrico/scripts/sync_zkteco_ids_empleados.php línea 75
URI: N/A
--------------------------------------------------------------------------------
[2026-03-04 21:39:05] [DEPRECATED] fgetcsv(): the $escape parameter must be provided as its default value will change en /usr/share/nginx/html/sistema_biometrico/scripts/sync_zkteco_ids_empleados.php línea 75
URI: N/A
--------------------------------------------------------------------------------
[2026-03-04 21:39:05] [DEPRECATED] fgetcsv(): the $escape parameter must be provided as its default value will change en /usr/share/nginx/html/sistema_biometrico/scripts/sync_zkteco_ids_empleados.php línea 75
URI: N/A
--------------------------------------------------------------------------------
[2026-03-04 21:39:05] [DEPRECATED] fgetcsv(): the $escape parameter must be provided as its default value will change en /usr/share/nginx/html/sistema_biometrico/scripts/sync_zkteco_ids_empleados.php línea 75
URI: N/A
--------------------------------------------------------------------------------
[2026-03-04 21:39:05] [DEPRECATED] fgetcsv(): the $escape parameter must be provided as its default value will change en /usr/share/nginx/html/sistema_biometrico/scripts/sync_zkteco_ids_empleados.php línea 75
URI: N/A
--------------------------------------------------------------------------------
[2026-03-04 21:39:05] [DEPRECATED] fgetcsv(): the $escape parameter must be provided as its default value will change en /usr/share/nginx/html/sistema_biometrico/scripts/sync_zkteco_ids_empleados.php línea 75
URI: N/A
--------------------------------------------------------------------------------
[2026-03-04 21:39:05] [DEPRECATED] fgetcsv(): the $escape parameter must be provided as its default value will change en /usr/share/nginx/html/sistema_biometrico/scripts/sync_zkteco_ids_empleados.php línea 75
URI: N/A
--------------------------------------------------------------------------------
[2026-03-04 21:39:05] [DEPRECATED] fgetcsv(): the $escape parameter must be provided as its default value will change en /usr/share/nginx/html/sistema_biometrico/scripts/sync_zkteco_ids_empleados.php línea 75
URI: N/A
--------------------------------------------------------------------------------
[2026-03-04 21:39:05] [DEPRECATED] fgetcsv(): the $escape parameter must be provided as its default value will change en /usr/share/nginx/html/sistema_biometrico/scripts/sync_zkteco_ids_empleados.php línea 75
URI: N/A
--------------------------------------------------------------------------------
[2026-03-04 21:39:05] [DEPRECATED] fgetcsv(): the $escape parameter must be provided as its default value will change en /usr/share/nginx/html/sistema_biometrico/scripts/sync_zkteco_ids_empleados.php línea 75
URI: N/A
--------------------------------------------------------------------------------
[2026-03-04 21:39:05] [DEPRECATED] fgetcsv(): the $escape parameter must be provided as its default value will change en /usr/share/nginx/html/sistema_biometrico/scripts/sync_zkteco_ids_empleados.php línea 75
URI: N/A
--------------------------------------------------------------------------------
[2026-03-04 21:39:05] [DEPRECATED] fgetcsv(): the $escape parameter must be provided as its default value will change en /usr/share/nginx/html/sistema_biometrico/scripts/sync_zkteco_ids_empleados.php línea 75
URI: N/A
--------------------------------------------------------------------------------
[2026-03-04 21:39:05] [DEPRECATED] fgetcsv(): the $escape parameter must be provided as its default value will change en /usr/share/nginx/html/sistema_biometrico/scripts/sync_zkteco_ids_empleados.php línea 75
URI: N/A
--------------------------------------------------------------------------------
[2026-03-04 21:39:05] [DEPRECATED] fgetcsv(): the $escape parameter must be provided as its default value will change en /usr/share/nginx/html/sistema_biometrico/scripts/sync_zkteco_ids_empleados.php línea 75
URI: N/A
--------------------------------------------------------------------------------
[2026-03-04 21:39:05] [DEPRECATED] fgetcsv(): the $escape parameter must be provided as its default value will change en /usr/share/nginx/html/sistema_biometrico/scripts/sync_zkteco_ids_empleados.php línea 75
URI: N/A
--------------------------------------------------------------------------------
[2026-03-04 21:39:05] [DEPRECATED] fgetcsv(): the $escape parameter must be provided as its default value will change en /usr/share/nginx/html/sistema_biometrico/scripts/sync_zkteco_ids_empleados.php línea 75
URI: N/A
--------------------------------------------------------------------------------
[2026-03-04 21:39:05] [DEPRECATED] fgetcsv(): the $escape parameter must be provided as its default value will change en /usr/share/nginx/html/sistema_biometrico/scripts/sync_zkteco_ids_empleados.php línea 75
URI: N/A
--------------------------------------------------------------------------------
[2026-03-04 21:39:05] [DEPRECATED] fgetcsv(): the $escape parameter must be provided as its default value will change en /usr/share/nginx/html/sistema_biometrico/scripts/sync_zkteco_ids_empleados.php línea 75
URI: N/A
--------------------------------------------------------------------------------
[2026-03-04 21:39:05] [DEPRECATED] fgetcsv(): the $escape parameter must be provided as its default value will change en /usr/share/nginx/html/sistema_biometrico/scripts/sync_zkteco_ids_empleados.php línea 75
URI: N/A
--------------------------------------------------------------------------------
[2026-03-04 21:39:05] [DEPRECATED] fgetcsv(): the $escape parameter must be provided as its default value will change en /usr/share/nginx/html/sistema_biometrico/scripts/sync_zkteco_ids_empleados.php línea 75
URI: N/A
--------------------------------------------------------------------------------
[2026-03-04 21:39:05] [DEPRECATED] fgetcsv(): the $escape parameter must be provided as its default value will change en /usr/share/nginx/html/sistema_biometrico/scripts/sync_zkteco_ids_empleados.php línea 75
URI: N/A
--------------------------------------------------------------------------------
[2026-03-04 21:39:05] [DEPRECATED] fgetcsv(): the $escape parameter must be provided as its default value will change en /usr/share/nginx/html/sistema_biometrico/scripts/sync_zkteco_ids_empleados.php línea 75
URI: N/A
--------------------------------------------------------------------------------
[2026-03-04 21:39:05] [DEPRECATED] fgetcsv(): the $escape parameter must be provided as its default value will change en /usr/share/nginx/html/sistema_biometrico/scripts/sync_zkteco_ids_empleados.php línea 75
URI: N/A
--------------------------------------------------------------------------------
[2026-03-04 21:39:05] [DEPRECATED] fgetcsv(): the $escape parameter must be provided as its default value will change en /usr/share/nginx/html/sistema_biometrico/scripts/sync_zkteco_ids_empleados.php línea 75
URI: N/A
--------------------------------------------------------------------------------
[2026-03-04 21:39:05] [DEPRECATED] fgetcsv(): the $escape parameter must be provided as its default value will change en /usr/share/nginx/html/sistema_biometrico/scripts/sync_zkteco_ids_empleados.php línea 75
URI: N/A
--------------------------------------------------------------------------------
[2026-03-04 21:39:05] [DEPRECATED] fgetcsv(): the $escape parameter must be provided as its default value will change en /usr/share/nginx/html/sistema_biometrico/scripts/sync_zkteco_ids_empleados.php línea 75
URI: N/A
--------------------------------------------------------------------------------
[2026-03-04 21:39:05] [DEPRECATED] fgetcsv(): the $escape parameter must be provided as its default value will change en /usr/share/nginx/html/sistema_biometrico/scripts/sync_zkteco_ids_empleados.php línea 75
URI: N/A
--------------------------------------------------------------------------------
[2026-03-04 21:39:05] [DEPRECATED] fgetcsv(): the $escape parameter must be provided as its default value will change en /usr/share/nginx/html/sistema_biometrico/scripts/sync_zkteco_ids_empleados.php línea 75
URI: N/A
--------------------------------------------------------------------------------
[2026-03-04 21:39:05] [DEPRECATED] fgetcsv(): the $escape parameter must be provided as its default value will change en /usr/share/nginx/html/sistema_biometrico/scripts/sync_zkteco_ids_empleados.php línea 75
URI: N/A
--------------------------------------------------------------------------------
[2026-03-04 21:39:05] [DEPRECATED] fgetcsv(): the $escape parameter must be provided as its default value will change en /usr/share/nginx/html/sistema_biometrico/scripts/sync_zkteco_ids_empleados.php línea 75
URI: N/A
--------------------------------------------------------------------------------
[2026-03-04 21:39:05] [DEPRECATED] fgetcsv(): the $escape parameter must be provided as its default value will change en /usr/share/nginx/html/sistema_biometrico/scripts/sync_zkteco_ids_empleados.php línea 75
URI: N/A
--------------------------------------------------------------------------------
[2026-03-04 21:39:05] [DEPRECATED] fgetcsv(): the $escape parameter must be provided as its default value will change en /usr/share/nginx/html/sistema_biometrico/scripts/sync_zkteco_ids_empleados.php línea 75
URI: N/A
--------------------------------------------------------------------------------
[2026-03-04 21:39:05] [DEPRECATED] fgetcsv(): the $escape parameter must be provided as its default value will change en /usr/share/nginx/html/sistema_biometrico/scripts/sync_zkteco_ids_empleados.php línea 75
URI: N/A
--------------------------------------------------------------------------------
[2026-03-04 21:39:05] [DEPRECATED] fgetcsv(): the $escape parameter must be provided as its default value will change en /usr/share/nginx/html/sistema_biometrico/scripts/sync_zkteco_ids_empleados.php línea 75
URI: N/A
--------------------------------------------------------------------------------
[2026-03-04 21:39:05] [DEPRECATED] fgetcsv(): the $escape parameter must be provided as its default value will change en /usr/share/nginx/html/sistema_biometrico/scripts/sync_zkteco_ids_empleados.php línea 75
URI: N/A
--------------------------------------------------------------------------------
[2026-03-04 21:39:05] [DEPRECATED] fgetcsv(): the $escape parameter must be provided as its default value will change en /usr/share/nginx/html/sistema_biometrico/scripts/sync_zkteco_ids_empleados.php línea 75
URI: N/A
--------------------------------------------------------------------------------
[2026-03-04 21:39:05] [DEPRECATED] fgetcsv(): the $escape parameter must be provided as its default value will change en /usr/share/nginx/html/sistema_biometrico/scripts/sync_zkteco_ids_empleados.php línea 75
URI: N/A
--------------------------------------------------------------------------------
[2026-03-04 21:39:05] [DEPRECATED] fgetcsv(): the $escape parameter must be provided as its default value will change en /usr/share/nginx/html/sistema_biometrico/scripts/sync_zkteco_ids_empleados.php línea 75
URI: N/A
--------------------------------------------------------------------------------
[2026-03-04 21:39:05] [DEPRECATED] fgetcsv(): the $escape parameter must be provided as its default value will change en /usr/share/nginx/html/sistema_biometrico/scripts/sync_zkteco_ids_empleados.php línea 75
URI: N/A
--------------------------------------------------------------------------------
[2026-03-04 21:39:05] [DEPRECATED] fgetcsv(): the $escape parameter must be provided as its default value will change en /usr/share/nginx/html/sistema_biometrico/scripts/sync_zkteco_ids_empleados.php línea 75
URI: N/A
--------------------------------------------------------------------------------
[2026-03-04 21:39:05] [DEPRECATED] fgetcsv(): the $escape parameter must be provided as its default value will change en /usr/share/nginx/html/sistema_biometrico/scripts/sync_zkteco_ids_empleados.php línea 75
URI: N/A
--------------------------------------------------------------------------------
[2026-03-04 21:39:05] [DEPRECATED] fgetcsv(): the $escape parameter must be provided as its default value will change en /usr/share/nginx/html/sistema_biometrico/scripts/sync_zkteco_ids_empleados.php línea 75
URI: N/A
--------------------------------------------------------------------------------
[2026-03-04 21:39:05] [DEPRECATED] fgetcsv(): the $escape parameter must be provided as its default value will change en /usr/share/nginx/html/sistema_biometrico/scripts/sync_zkteco_ids_empleados.php línea 75
URI: N/A
--------------------------------------------------------------------------------
[2026-03-04 21:39:05] [DEPRECATED] fgetcsv(): the $escape parameter must be provided as its default value will change en /usr/share/nginx/html/sistema_biometrico/scripts/sync_zkteco_ids_empleados.php línea 75
URI: N/A
--------------------------------------------------------------------------------
[2026-03-04 21:39:05] [DEPRECATED] fgetcsv(): the $escape parameter must be provided as its default value will change en /usr/share/nginx/html/sistema_biometrico/scripts/sync_zkteco_ids_empleados.php línea 75
URI: N/A
--------------------------------------------------------------------------------
[2026-03-04 21:39:05] [DEPRECATED] fgetcsv(): the $escape parameter must be provided as its default value will change en /usr/share/nginx/html/sistema_biometrico/scripts/sync_zkteco_ids_empleados.php línea 75
URI: N/A
--------------------------------------------------------------------------------
[2026-03-04 21:39:05] [DEPRECATED] fgetcsv(): the $escape parameter must be provided as its default value will change en /usr/share/nginx/html/sistema_biometrico/scripts/sync_zkteco_ids_empleados.php línea 75
URI: N/A
--------------------------------------------------------------------------------
[2026-03-04 21:39:05] [DEPRECATED] fgetcsv(): the $escape parameter must be provided as its default value will change en /usr/share/nginx/html/sistema_biometrico/scripts/sync_zkteco_ids_empleados.php línea 75
URI: N/A
--------------------------------------------------------------------------------
[2026-03-04 21:39:05] [DEPRECATED] fgetcsv(): the $escape parameter must be provided as its default value will change en /usr/share/nginx/html/sistema_biometrico/scripts/sync_zkteco_ids_empleados.php línea 75
URI: N/A
--------------------------------------------------------------------------------
[2026-03-04 21:39:05] [DEPRECATED] fgetcsv(): the $escape parameter must be provided as its default value will change en /usr/share/nginx/html/sistema_biometrico/scripts/sync_zkteco_ids_empleados.php línea 75
URI: N/A
--------------------------------------------------------------------------------
[2026-03-04 21:39:05] [DEPRECATED] fgetcsv(): the $escape parameter must be provided as its default value will change en /usr/share/nginx/html/sistema_biometrico/scripts/sync_zkteco_ids_empleados.php línea 75
URI: N/A
--------------------------------------------------------------------------------
[2026-03-04 21:39:05] [DEPRECATED] fgetcsv(): the $escape parameter must be provided as its default value will change en /usr/share/nginx/html/sistema_biometrico/scripts/sync_zkteco_ids_empleados.php línea 75
URI: N/A
--------------------------------------------------------------------------------
[2026-03-04 21:39:05] [DEPRECATED] fgetcsv(): the $escape parameter must be provided as its default value will change en /usr/share/nginx/html/sistema_biometrico/scripts/sync_zkteco_ids_empleados.php línea 75
URI: N/A
--------------------------------------------------------------------------------
[2026-03-04 21:39:05] [DEPRECATED] fgetcsv(): the $escape parameter must be provided as its default value will change en /usr/share/nginx/html/sistema_biometrico/scripts/sync_zkteco_ids_empleados.php línea 75
URI: N/A
--------------------------------------------------------------------------------
[2026-03-04 21:39:05] [DEPRECATED] fgetcsv(): the $escape parameter must be provided as its default value will change en /usr/share/nginx/html/sistema_biometrico/scripts/sync_zkteco_ids_empleados.php línea 75
URI: N/A
--------------------------------------------------------------------------------
[2026-03-04 21:39:05] [DEPRECATED] fgetcsv(): the $escape parameter must be provided as its default value will change en /usr/share/nginx/html/sistema_biometrico/scripts/sync_zkteco_ids_empleados.php línea 75
URI: N/A
--------------------------------------------------------------------------------
[2026-03-04 21:39:05] [DEPRECATED] fgetcsv(): the $escape parameter must be provided as its default value will change en /usr/share/nginx/html/sistema_biometrico/scripts/sync_zkteco_ids_empleados.php línea 75
URI: N/A
--------------------------------------------------------------------------------
[2026-03-04 21:39:05] [DEPRECATED] fgetcsv(): the $escape parameter must be provided as its default value will change en /usr/share/nginx/html/sistema_biometrico/scripts/sync_zkteco_ids_empleados.php línea 75
URI: N/A
--------------------------------------------------------------------------------
[2026-03-04 21:39:05] [DEPRECATED] fgetcsv(): the $escape parameter must be provided as its default value will change en /usr/share/nginx/html/sistema_biometrico/scripts/sync_zkteco_ids_empleados.php línea 75
URI: N/A
--------------------------------------------------------------------------------
[2026-03-04 21:39:05] [DEPRECATED] fgetcsv(): the $escape parameter must be provided as its default value will change en /usr/share/nginx/html/sistema_biometrico/scripts/sync_zkteco_ids_empleados.php línea 75
URI: N/A
--------------------------------------------------------------------------------
[2026-03-04 21:39:05] [DEPRECATED] fgetcsv(): the $escape parameter must be provided as its default value will change en /usr/share/nginx/html/sistema_biometrico/scripts/sync_zkteco_ids_empleados.php línea 75
URI: N/A
--------------------------------------------------------------------------------
[2026-03-04 21:39:05] [DEPRECATED] fgetcsv(): the $escape parameter must be provided as its default value will change en /usr/share/nginx/html/sistema_biometrico/scripts/sync_zkteco_ids_empleados.php línea 75
URI: N/A
--------------------------------------------------------------------------------
[2026-03-04 21:39:05] [DEPRECATED] fgetcsv(): the $escape parameter must be provided as its default value will change en /usr/share/nginx/html/sistema_biometrico/scripts/sync_zkteco_ids_empleados.php línea 75
URI: N/A
--------------------------------------------------------------------------------
[2026-03-04 21:39:05] [DEPRECATED] fgetcsv(): the $escape parameter must be provided as its default value will change en /usr/share/nginx/html/sistema_biometrico/scripts/sync_zkteco_ids_empleados.php línea 75
URI: N/A
--------------------------------------------------------------------------------
[2026-03-04 21:39:05] [DEPRECATED] fgetcsv(): the $escape parameter must be provided as its default value will change en /usr/share/nginx/html/sistema_biometrico/scripts/sync_zkteco_ids_empleados.php línea 75
URI: N/A
--------------------------------------------------------------------------------
[2026-03-04 21:39:05] [DEPRECATED] fgetcsv(): the $escape parameter must be provided as its default value will change en /usr/share/nginx/html/sistema_biometrico/scripts/sync_zkteco_ids_empleados.php línea 75
URI: N/A
--------------------------------------------------------------------------------
[2026-03-04 21:39:05] [DEPRECATED] fgetcsv(): the $escape parameter must be provided as its default value will change en /usr/share/nginx/html/sistema_biometrico/scripts/sync_zkteco_ids_empleados.php línea 75
URI: N/A
--------------------------------------------------------------------------------
[2026-03-04 21:39:05] [DEPRECATED] fgetcsv(): the $escape parameter must be provided as its default value will change en /usr/share/nginx/html/sistema_biometrico/scripts/sync_zkteco_ids_empleados.php línea 75
URI: N/A
--------------------------------------------------------------------------------
[2026-03-04 21:39:05] [DEPRECATED] fgetcsv(): the $escape parameter must be provided as its default value will change en /usr/share/nginx/html/sistema_biometrico/scripts/sync_zkteco_ids_empleados.php línea 75
URI: N/A
--------------------------------------------------------------------------------
[2026-03-04 21:39:05] [DEPRECATED] fgetcsv(): the $escape parameter must be provided as its default value will change en /usr/share/nginx/html/sistema_biometrico/scripts/sync_zkteco_ids_empleados.php línea 75
URI: N/A
--------------------------------------------------------------------------------
[2026-03-04 21:39:05] [DEPRECATED] fgetcsv(): the $escape parameter must be provided as its default value will change en /usr/share/nginx/html/sistema_biometrico/scripts/sync_zkteco_ids_empleados.php línea 75
URI: N/A
--------------------------------------------------------------------------------
[2026-03-04 21:39:05] [DEPRECATED] fgetcsv(): the $escape parameter must be provided as its default value will change en /usr/share/nginx/html/sistema_biometrico/scripts/sync_zkteco_ids_empleados.php línea 75
URI: N/A
--------------------------------------------------------------------------------
[2026-03-04 21:39:05] [DEPRECATED] fgetcsv(): the $escape parameter must be provided as its default value will change en /usr/share/nginx/html/sistema_biometrico/scripts/sync_zkteco_ids_empleados.php línea 75
URI: N/A
--------------------------------------------------------------------------------
[2026-03-04 21:39:05] [DEPRECATED] fgetcsv(): the $escape parameter must be provided as its default value will change en /usr/share/nginx/html/sistema_biometrico/scripts/sync_zkteco_ids_empleados.php línea 75
URI: N/A
--------------------------------------------------------------------------------
[2026-03-04 21:39:05] [DEPRECATED] fgetcsv(): the $escape parameter must be provided as its default value will change en /usr/share/nginx/html/sistema_biometrico/scripts/sync_zkteco_ids_empleados.php línea 75
URI: N/A
--------------------------------------------------------------------------------
[2026-03-04 21:39:05] [DEPRECATED] fgetcsv(): the $escape parameter must be provided as its default value will change en /usr/share/nginx/html/sistema_biometrico/scripts/sync_zkteco_ids_empleados.php línea 75
URI: N/A
--------------------------------------------------------------------------------
[2026-03-04 21:39:05] [DEPRECATED] fgetcsv(): the $escape parameter must be provided as its default value will change en /usr/share/nginx/html/sistema_biometrico/scripts/sync_zkteco_ids_empleados.php línea 75
URI: N/A
--------------------------------------------------------------------------------
[2026-03-04 21:39:05] [DEPRECATED] fgetcsv(): the $escape parameter must be provided as its default value will change en /usr/share/nginx/html/sistema_biometrico/scripts/sync_zkteco_ids_empleados.php línea 75
URI: N/A
--------------------------------------------------------------------------------
[2026-03-04 21:39:05] [DEPRECATED] fgetcsv(): the $escape parameter must be provided as its default value will change en /usr/share/nginx/html/sistema_biometrico/scripts/sync_zkteco_ids_empleados.php línea 75
URI: N/A
--------------------------------------------------------------------------------
[2026-03-04 21:39:05] [DEPRECATED] fgetcsv(): the $escape parameter must be provided as its default value will change en /usr/share/nginx/html/sistema_biometrico/scripts/sync_zkteco_ids_empleados.php línea 75
URI: N/A
--------------------------------------------------------------------------------
[2026-03-04 21:39:05] [DEPRECATED] fgetcsv(): the $escape parameter must be provided as its default value will change en /usr/share/nginx/html/sistema_biometrico/scripts/sync_zkteco_ids_empleados.php línea 75
URI: N/A
--------------------------------------------------------------------------------
[2026-03-04 21:39:05] [DEPRECATED] fgetcsv(): the $escape parameter must be provided as its default value will change en /usr/share/nginx/html/sistema_biometrico/scripts/sync_zkteco_ids_empleados.php línea 75
URI: N/A
--------------------------------------------------------------------------------
[2026-03-04 21:39:05] [DEPRECATED] fgetcsv(): the $escape parameter must be provided as its default value will change en /usr/share/nginx/html/sistema_biometrico/scripts/sync_zkteco_ids_empleados.php línea 75
URI: N/A
--------------------------------------------------------------------------------
[2026-03-04 21:39:05] [DEPRECATED] fgetcsv(): the $escape parameter must be provided as its default value will change en /usr/share/nginx/html/sistema_biometrico/scripts/sync_zkteco_ids_empleados.php línea 75
URI: N/A
--------------------------------------------------------------------------------
[2026-03-04 21:39:05] [DEPRECATED] fgetcsv(): the $escape parameter must be provided as its default value will change en /usr/share/nginx/html/sistema_biometrico/scripts/sync_zkteco_ids_empleados.php línea 75
URI: N/A
--------------------------------------------------------------------------------
[2026-03-04 21:39:05] [DEPRECATED] fgetcsv(): the $escape parameter must be provided as its default value will change en /usr/share/nginx/html/sistema_biometrico/scripts/sync_zkteco_ids_empleados.php línea 75
URI: N/A
--------------------------------------------------------------------------------
[2026-03-04 21:39:05] [DEPRECATED] fgetcsv(): the $escape parameter must be provided as its default value will change en /usr/share/nginx/html/sistema_biometrico/scripts/sync_zkteco_ids_empleados.php línea 75
URI: N/A
--------------------------------------------------------------------------------
[2026-03-04 21:39:05] [DEPRECATED] fgetcsv(): the $escape parameter must be provided as its default value will change en /usr/share/nginx/html/sistema_biometrico/scripts/sync_zkteco_ids_empleados.php línea 75
URI: N/A
--------------------------------------------------------------------------------
[2026-03-04 21:39:05] [DEPRECATED] fgetcsv(): the $escape parameter must be provided as its default value will change en /usr/share/nginx/html/sistema_biometrico/scripts/sync_zkteco_ids_empleados.php línea 75
URI: N/A
--------------------------------------------------------------------------------
[2026-03-04 21:39:05] [DEPRECATED] fgetcsv(): the $escape parameter must be provided as its default value will change en /usr/share/nginx/html/sistema_biometrico/scripts/sync_zkteco_ids_empleados.php línea 75
URI: N/A
--------------------------------------------------------------------------------
[2026-03-04 21:39:05] [DEPRECATED] fgetcsv(): the $escape parameter must be provided as its default value will change en /usr/share/nginx/html/sistema_biometrico/scripts/sync_zkteco_ids_empleados.php línea 75
URI: N/A
--------------------------------------------------------------------------------
[2026-03-04 21:39:05] [DEPRECATED] fgetcsv(): the $escape parameter must be provided as its default value will change en /usr/share/nginx/html/sistema_biometrico/scripts/sync_zkteco_ids_empleados.php línea 75
URI: N/A
--------------------------------------------------------------------------------
[2026-03-04 21:39:05] [DEPRECATED] fgetcsv(): the $escape parameter must be provided as its default value will change en /usr/share/nginx/html/sistema_biometrico/scripts/sync_zkteco_ids_empleados.php línea 75
URI: N/A
--------------------------------------------------------------------------------
[2026-03-04 21:39:05] [DEPRECATED] fgetcsv(): the $escape parameter must be provided as its default value will change en /usr/share/nginx/html/sistema_biometrico/scripts/sync_zkteco_ids_empleados.php línea 75
URI: N/A
--------------------------------------------------------------------------------
[2026-03-04 21:39:05] [DEPRECATED] fgetcsv(): the $escape parameter must be provided as its default value will change en /usr/share/nginx/html/sistema_biometrico/scripts/sync_zkteco_ids_empleados.php línea 75
URI: N/A
--------------------------------------------------------------------------------
[2026-03-04 21:39:05] [DEPRECATED] fgetcsv(): the $escape parameter must be provided as its default value will change en /usr/share/nginx/html/sistema_biometrico/scripts/sync_zkteco_ids_empleados.php línea 75
URI: N/A
--------------------------------------------------------------------------------
[2026-03-04 21:39:05] [DEPRECATED] fgetcsv(): the $escape parameter must be provided as its default value will change en /usr/share/nginx/html/sistema_biometrico/scripts/sync_zkteco_ids_empleados.php línea 75
URI: N/A
--------------------------------------------------------------------------------
[2026-03-04 21:39:05] [DEPRECATED] fgetcsv(): the $escape parameter must be provided as its default value will change en /usr/share/nginx/html/sistema_biometrico/scripts/sync_zkteco_ids_empleados.php línea 75
URI: N/A
--------------------------------------------------------------------------------
[2026-03-04 21:39:05] [DEPRECATED] fgetcsv(): the $escape parameter must be provided as its default value will change en /usr/share/nginx/html/sistema_biometrico/scripts/sync_zkteco_ids_empleados.php línea 75
URI: N/A
--------------------------------------------------------------------------------
[2026-03-04 21:39:05] [DEPRECATED] fgetcsv(): the $escape parameter must be provided as its default value will change en /usr/share/nginx/html/sistema_biometrico/scripts/sync_zkteco_ids_empleados.php línea 75
URI: N/A
--------------------------------------------------------------------------------
[2026-03-04 21:39:05] [DEPRECATED] fgetcsv(): the $escape parameter must be provided as its default value will change en /usr/share/nginx/html/sistema_biometrico/scripts/sync_zkteco_ids_empleados.php línea 75
URI: N/A
--------------------------------------------------------------------------------
[2026-03-04 21:39:05] [DEPRECATED] fgetcsv(): the $escape parameter must be provided as its default value will change en /usr/share/nginx/html/sistema_biometrico/scripts/sync_zkteco_ids_empleados.php línea 75
URI: N/A
--------------------------------------------------------------------------------
[2026-03-04 21:39:05] [DEPRECATED] fgetcsv(): the $escape parameter must be provided as its default value will change en /usr/share/nginx/html/sistema_biometrico/scripts/sync_zkteco_ids_empleados.php línea 75
URI: N/A
--------------------------------------------------------------------------------
[2026-03-04 21:39:05] [DEPRECATED] fgetcsv(): the $escape parameter must be provided as its default value will change en /usr/share/nginx/html/sistema_biometrico/scripts/sync_zkteco_ids_empleados.php línea 75
URI: N/A
--------------------------------------------------------------------------------
[2026-03-04 21:40:01] [FATAL_ERROR] Uncaught PDOException: SQLSTATE[42000]: Syntax error or access violation: 1064 You have an error in your SQL syntax; check the manual that corresponds to your MariaDB server version for the right syntax to use near '(zkteo_id, empleado_id, activo)
            ) ENGINE=InnoDB DEFAULT CHARSET=u...' at line 18 in /usr/share/nginx/html/sistema_biometrico/models/ZKTecoMappingManager.php:44
Stack trace:
#0 /usr/share/nginx/html/sistema_biometrico/models/ZKTecoMappingManager.php(44): PDO->exec()
#1 Command line code(1): ZKTecoMappingManager->crearTablaMapeo()
#2 {main}
  thrown en /usr/share/nginx/html/sistema_biometrico/models/ZKTecoMappingManager.php línea 44
URI: N/A
--------------------------------------------------------------------------------
[2026-03-04 22:20:02] [WARNING] Undefined array key "salida_final" en /usr/share/nginx/html/sistema_biometrico/models/ZKTecoLogProcessor.php línea 157
URI: N/A
--------------------------------------------------------------------------------
[2026-03-04 22:30:28] [WARNING] file(/tmp/zkteo_ids_all_data.txt): Failed to open stream: No such file or directory en Command line code línea 1
URI: N/A
--------------------------------------------------------------------------------
[2026-03-04 22:30:28] [FATAL_ERROR] Uncaught PDOException: SQLSTATE[42000]: Syntax error or access violation: 1064 You have an error in your SQL syntax; check the manual that corresponds to your MariaDB server version for the right syntax to use near '' at line 1 in Command line code:1
Stack trace:
#0 Command line code(1): PDO->query()
#1 {main}
  thrown en Command line code línea 1
URI: N/A
--------------------------------------------------------------------------------
[2026-03-04 22:30:59] [FATAL_ERROR] Uncaught PDOException: SQLSTATE[42000]: Syntax error or access violation: 1064 You have an error in your SQL syntax; check the manual that corresponds to your MariaDB server version for the right syntax to use near ') ORDER BY id LIMIT 60' at line 1 in Command line code:1
Stack trace:
#0 Command line code(1): PDO->query()
#1 {main}
  thrown en Command line code línea 1
URI: N/A
--------------------------------------------------------------------------------
[2026-03-04 22:31:54] [WARNING] Undefined array key 0 en /tmp/diag_ids_dat_no_asignados.php línea 26
URI: N/A
--------------------------------------------------------------------------------
[2026-03-04 22:31:54] [WARNING] Undefined array key 0 en /tmp/diag_ids_dat_no_asignados.php línea 26
URI: N/A
--------------------------------------------------------------------------------
[2026-03-04 22:31:54] [WARNING] Undefined array key 0 en /tmp/diag_ids_dat_no_asignados.php línea 26
URI: N/A
--------------------------------------------------------------------------------
[2026-03-04 22:31:54] [WARNING] Undefined array key 0 en /tmp/diag_ids_dat_no_asignados.php línea 26
URI: N/A
--------------------------------------------------------------------------------
[2026-03-04 22:31:54] [WARNING] Undefined array key 0 en /tmp/diag_ids_dat_no_asignados.php línea 26
URI: N/A
--------------------------------------------------------------------------------
[2026-03-04 22:31:54] [WARNING] Undefined array key 0 en /tmp/diag_ids_dat_no_asignados.php línea 26
URI: N/A
--------------------------------------------------------------------------------
[2026-03-04 22:31:54] [WARNING] Undefined array key 0 en /tmp/diag_ids_dat_no_asignados.php línea 26
URI: N/A
--------------------------------------------------------------------------------
[2026-03-04 22:31:54] [WARNING] Undefined array key 0 en /tmp/diag_ids_dat_no_asignados.php línea 26
URI: N/A
--------------------------------------------------------------------------------
[2026-03-04 22:31:54] [WARNING] Undefined array key 0 en /tmp/diag_ids_dat_no_asignados.php línea 26
URI: N/A
--------------------------------------------------------------------------------
[2026-03-04 22:31:54] [WARNING] Undefined array key 0 en /tmp/diag_ids_dat_no_asignados.php línea 26
URI: N/A
--------------------------------------------------------------------------------
[2026-03-04 22:31:54] [WARNING] Undefined array key 0 en /tmp/diag_ids_dat_no_asignados.php línea 26
URI: N/A
--------------------------------------------------------------------------------
[2026-03-04 22:31:54] [WARNING] Undefined array key 0 en /tmp/diag_ids_dat_no_asignados.php línea 26
URI: N/A
--------------------------------------------------------------------------------
[2026-03-04 22:31:54] [WARNING] Undefined array key 0 en /tmp/diag_ids_dat_no_asignados.php línea 26
URI: N/A
--------------------------------------------------------------------------------
[2026-03-04 22:31:54] [WARNING] Undefined array key 0 en /tmp/diag_ids_dat_no_asignados.php línea 26
URI: N/A
--------------------------------------------------------------------------------
[2026-03-04 22:31:54] [WARNING] Undefined array key 0 en /tmp/diag_ids_dat_no_asignados.php línea 26
URI: N/A
--------------------------------------------------------------------------------
[2026-03-04 22:31:54] [WARNING] Undefined array key 0 en /tmp/diag_ids_dat_no_asignados.php línea 26
URI: N/A
--------------------------------------------------------------------------------
[2026-03-04 22:31:54] [WARNING] Undefined array key 0 en /tmp/diag_ids_dat_no_asignados.php línea 26
URI: N/A
--------------------------------------------------------------------------------
[2026-03-04 22:31:54] [WARNING] Undefined array key 0 en /tmp/diag_ids_dat_no_asignados.php línea 26
URI: N/A
--------------------------------------------------------------------------------
[2026-03-04 22:31:54] [WARNING] Undefined array key 0 en /tmp/diag_ids_dat_no_asignados.php línea 26
URI: N/A
--------------------------------------------------------------------------------
[2026-03-04 22:31:54] [WARNING] Undefined array key 0 en /tmp/diag_ids_dat_no_asignados.php línea 26
URI: N/A
--------------------------------------------------------------------------------
[2026-03-04 22:31:54] [WARNING] Undefined array key 0 en /tmp/diag_ids_dat_no_asignados.php línea 26
URI: N/A
--------------------------------------------------------------------------------
[2026-03-04 22:31:54] [WARNING] Undefined array key 0 en /tmp/diag_ids_dat_no_asignados.php línea 26
URI: N/A
--------------------------------------------------------------------------------
[2026-03-04 22:31:54] [WARNING] Undefined array key 0 en /tmp/diag_ids_dat_no_asignados.php línea 26
URI: N/A
--------------------------------------------------------------------------------
[2026-03-04 22:31:54] [WARNING] Undefined array key 0 en /tmp/diag_ids_dat_no_asignados.php línea 26
URI: N/A
--------------------------------------------------------------------------------
[2026-03-04 22:31:54] [WARNING] Undefined array key 0 en /tmp/diag_ids_dat_no_asignados.php línea 26
URI: N/A
--------------------------------------------------------------------------------
[2026-03-04 22:31:54] [WARNING] Undefined array key 0 en /tmp/diag_ids_dat_no_asignados.php línea 26
URI: N/A
--------------------------------------------------------------------------------
[2026-03-04 22:31:54] [WARNING] Undefined array key 0 en /tmp/diag_ids_dat_no_asignados.php línea 26
URI: N/A
--------------------------------------------------------------------------------
[2026-03-04 22:31:54] [WARNING] Undefined array key 0 en /tmp/diag_ids_dat_no_asignados.php línea 26
URI: N/A
--------------------------------------------------------------------------------
[2026-03-04 22:31:54] [WARNING] Undefined array key 0 en /tmp/diag_ids_dat_no_asignados.php línea 26
URI: N/A
--------------------------------------------------------------------------------
[2026-03-04 22:31:54] [WARNING] Undefined array key 0 en /tmp/diag_ids_dat_no_asignados.php línea 26
URI: N/A
--------------------------------------------------------------------------------
[2026-03-04 22:31:54] [WARNING] Undefined array key 0 en /tmp/diag_ids_dat_no_asignados.php línea 26
URI: N/A
--------------------------------------------------------------------------------
[2026-03-04 22:31:54] [WARNING] Undefined array key 0 en /tmp/diag_ids_dat_no_asignados.php línea 26
URI: N/A
--------------------------------------------------------------------------------
[2026-03-04 22:31:54] [WARNING] Undefined array key 0 en /tmp/diag_ids_dat_no_asignados.php línea 26
URI: N/A
--------------------------------------------------------------------------------
[2026-03-04 22:31:54] [WARNING] Undefined array key 0 en /tmp/diag_ids_dat_no_asignados.php línea 26
URI: N/A
--------------------------------------------------------------------------------
[2026-03-04 22:31:54] [WARNING] Undefined array key 0 en /tmp/diag_ids_dat_no_asignados.php línea 26
URI: N/A
--------------------------------------------------------------------------------
[2026-03-04 22:31:54] [WARNING] Undefined array key 0 en /tmp/diag_ids_dat_no_asignados.php línea 26
URI: N/A
--------------------------------------------------------------------------------
[2026-03-04 22:31:54] [WARNING] Undefined array key 0 en /tmp/diag_ids_dat_no_asignados.php línea 26
URI: N/A
--------------------------------------------------------------------------------
[2026-03-04 22:31:54] [WARNING] Undefined array key 0 en /tmp/diag_ids_dat_no_asignados.php línea 26
URI: N/A
--------------------------------------------------------------------------------
[2026-03-04 22:31:54] [WARNING] Undefined array key 0 en /tmp/diag_ids_dat_no_asignados.php línea 26
URI: N/A
--------------------------------------------------------------------------------
[2026-03-04 22:31:54] [WARNING] Undefined array key 0 en /tmp/diag_ids_dat_no_asignados.php línea 26
URI: N/A
--------------------------------------------------------------------------------
[2026-03-04 22:31:54] [WARNING] Undefined array key 0 en /tmp/diag_ids_dat_no_asignados.php línea 26
URI: N/A
--------------------------------------------------------------------------------
[2026-03-04 22:31:54] [WARNING] Undefined array key 0 en /tmp/diag_ids_dat_no_asignados.php línea 26
URI: N/A
--------------------------------------------------------------------------------
[2026-03-04 22:31:54] [WARNING] Undefined array key 0 en /tmp/diag_ids_dat_no_asignados.php línea 26
URI: N/A
--------------------------------------------------------------------------------
[2026-03-04 22:31:54] [WARNING] Undefined array key 0 en /tmp/diag_ids_dat_no_asignados.php línea 26
URI: N/A
--------------------------------------------------------------------------------
[2026-03-04 22:31:54] [WARNING] Undefined array key 0 en /tmp/diag_ids_dat_no_asignados.php línea 26
URI: N/A
--------------------------------------------------------------------------------
[2026-03-04 22:31:54] [WARNING] Undefined array key 0 en /tmp/diag_ids_dat_no_asignados.php línea 26
URI: N/A
--------------------------------------------------------------------------------
[2026-03-04 22:31:54] [WARNING] Undefined array key 0 en /tmp/diag_ids_dat_no_asignados.php línea 26
URI: N/A
--------------------------------------------------------------------------------
[2026-03-04 22:31:54] [WARNING] Undefined array key 0 en /tmp/diag_ids_dat_no_asignados.php línea 26
URI: N/A
--------------------------------------------------------------------------------
[2026-03-04 22:31:54] [WARNING] Undefined array key 0 en /tmp/diag_ids_dat_no_asignados.php línea 26
URI: N/A
--------------------------------------------------------------------------------
[2026-03-04 22:31:54] [WARNING] Undefined array key 0 en /tmp/diag_ids_dat_no_asignados.php línea 26
URI: N/A
--------------------------------------------------------------------------------
[2026-03-04 22:31:54] [WARNING] Undefined array key 0 en /tmp/diag_ids_dat_no_asignados.php línea 26
URI: N/A
--------------------------------------------------------------------------------
[2026-03-04 22:31:54] [WARNING] Undefined array key 0 en /tmp/diag_ids_dat_no_asignados.php línea 26
URI: N/A
--------------------------------------------------------------------------------
[2026-03-04 22:31:54] [WARNING] Undefined array key 0 en /tmp/diag_ids_dat_no_asignados.php línea 26
URI: N/A
--------------------------------------------------------------------------------
[2026-03-04 22:31:54] [WARNING] Undefined array key 0 en /tmp/diag_ids_dat_no_asignados.php línea 26
URI: N/A
--------------------------------------------------------------------------------
[2026-03-04 22:31:54] [WARNING] Undefined array key 0 en /tmp/diag_ids_dat_no_asignados.php línea 26
URI: N/A
--------------------------------------------------------------------------------
[2026-03-04 22:31:54] [WARNING] Undefined array key 0 en /tmp/diag_ids_dat_no_asignados.php línea 26
URI: N/A
--------------------------------------------------------------------------------
[2026-03-04 22:31:54] [WARNING] Undefined array key 0 en /tmp/diag_ids_dat_no_asignados.php línea 26
URI: N/A
--------------------------------------------------------------------------------
[2026-03-04 22:31:54] [WARNING] Undefined array key 0 en /tmp/diag_ids_dat_no_asignados.php línea 26
URI: N/A
--------------------------------------------------------------------------------
[2026-03-04 22:31:54] [WARNING] Undefined array key 0 en /tmp/diag_ids_dat_no_asignados.php línea 26
URI: N/A
--------------------------------------------------------------------------------
[2026-03-04 22:31:54] [WARNING] Undefined array key 0 en /tmp/diag_ids_dat_no_asignados.php línea 26
URI: N/A
--------------------------------------------------------------------------------
[2026-03-04 22:31:54] [WARNING] Undefined array key 0 en /tmp/diag_ids_dat_no_asignados.php línea 26
URI: N/A
--------------------------------------------------------------------------------
[2026-03-04 22:31:54] [WARNING] Undefined array key 0 en /tmp/diag_ids_dat_no_asignados.php línea 26
URI: N/A
--------------------------------------------------------------------------------
[2026-03-04 22:31:54] [WARNING] Undefined array key 0 en /tmp/diag_ids_dat_no_asignados.php línea 26
URI: N/A
--------------------------------------------------------------------------------
[2026-03-04 22:31:54] [WARNING] Undefined array key 0 en /tmp/diag_ids_dat_no_asignados.php línea 26
URI: N/A
--------------------------------------------------------------------------------
[2026-03-04 22:31:54] [WARNING] Undefined array key 0 en /tmp/diag_ids_dat_no_asignados.php línea 26
URI: N/A
--------------------------------------------------------------------------------
[2026-03-04 22:31:54] [WARNING] Undefined array key 0 en /tmp/diag_ids_dat_no_asignados.php línea 26
URI: N/A
--------------------------------------------------------------------------------
[2026-03-04 22:31:54] [WARNING] Undefined array key 0 en /tmp/diag_ids_dat_no_asignados.php línea 26
URI: N/A
--------------------------------------------------------------------------------
[2026-03-04 22:31:54] [WARNING] Undefined array key 0 en /tmp/diag_ids_dat_no_asignados.php línea 26
URI: N/A
--------------------------------------------------------------------------------
[2026-03-04 22:31:54] [WARNING] Undefined array key 0 en /tmp/diag_ids_dat_no_asignados.php línea 26
URI: N/A
--------------------------------------------------------------------------------
[2026-03-04 22:31:54] [WARNING] Undefined array key 0 en /tmp/diag_ids_dat_no_asignados.php línea 26
URI: N/A
--------------------------------------------------------------------------------
[2026-03-04 22:31:54] [WARNING] Undefined array key 0 en /tmp/diag_ids_dat_no_asignados.php línea 26
URI: N/A
--------------------------------------------------------------------------------
[2026-03-04 22:31:54] [WARNING] Undefined array key 0 en /tmp/diag_ids_dat_no_asignados.php línea 26
URI: N/A
--------------------------------------------------------------------------------
[2026-03-04 22:31:54] [WARNING] Undefined array key 0 en /tmp/diag_ids_dat_no_asignados.php línea 26
URI: N/A
--------------------------------------------------------------------------------
[2026-03-04 22:31:54] [WARNING] Undefined array key 0 en /tmp/diag_ids_dat_no_asignados.php línea 26
URI: N/A
--------------------------------------------------------------------------------
[2026-03-04 22:31:54] [WARNING] Undefined array key 0 en /tmp/diag_ids_dat_no_asignados.php línea 26
URI: N/A
--------------------------------------------------------------------------------
[2026-03-04 22:31:54] [WARNING] Undefined array key 0 en /tmp/diag_ids_dat_no_asignados.php línea 26
URI: N/A
--------------------------------------------------------------------------------
[2026-03-04 22:31:54] [WARNING] Undefined array key 0 en /tmp/diag_ids_dat_no_asignados.php línea 26
URI: N/A
--------------------------------------------------------------------------------
[2026-03-04 22:31:54] [WARNING] Undefined array key 0 en /tmp/diag_ids_dat_no_asignados.php línea 26
URI: N/A
--------------------------------------------------------------------------------
[2026-03-04 22:31:54] [WARNING] Undefined array key 0 en /tmp/diag_ids_dat_no_asignados.php línea 26
URI: N/A
--------------------------------------------------------------------------------
[2026-03-04 22:31:54] [WARNING] Undefined array key 0 en /tmp/diag_ids_dat_no_asignados.php línea 26
URI: N/A
--------------------------------------------------------------------------------
[2026-03-04 22:31:54] [WARNING] Undefined array key 0 en /tmp/diag_ids_dat_no_asignados.php línea 26
URI: N/A
--------------------------------------------------------------------------------
[2026-03-04 22:31:54] [WARNING] Undefined array key 0 en /tmp/diag_ids_dat_no_asignados.php línea 26
URI: N/A
--------------------------------------------------------------------------------
[2026-03-04 22:31:54] [WARNING] Undefined array key 0 en /tmp/diag_ids_dat_no_asignados.php línea 26
URI: N/A
--------------------------------------------------------------------------------
[2026-03-04 22:31:54] [WARNING] Undefined array key 0 en /tmp/diag_ids_dat_no_asignados.php línea 26
URI: N/A
--------------------------------------------------------------------------------
[2026-03-04 22:31:54] [WARNING] Undefined array key 0 en /tmp/diag_ids_dat_no_asignados.php línea 26
URI: N/A
--------------------------------------------------------------------------------
[2026-03-04 22:31:54] [WARNING] Undefined array key 0 en /tmp/diag_ids_dat_no_asignados.php línea 26
URI: N/A
--------------------------------------------------------------------------------
[2026-03-04 22:31:54] [WARNING] Undefined array key 0 en /tmp/diag_ids_dat_no_asignados.php línea 26
URI: N/A
--------------------------------------------------------------------------------
[2026-03-04 22:31:54] [WARNING] Undefined array key 0 en /tmp/diag_ids_dat_no_asignados.php línea 26
URI: N/A
--------------------------------------------------------------------------------
[2026-03-04 22:31:54] [WARNING] Undefined array key 0 en /tmp/diag_ids_dat_no_asignados.php línea 26
URI: N/A
--------------------------------------------------------------------------------
[2026-03-04 22:31:54] [WARNING] Undefined array key 0 en /tmp/diag_ids_dat_no_asignados.php línea 26
URI: N/A
--------------------------------------------------------------------------------
[2026-03-04 22:31:54] [WARNING] Undefined array key 0 en /tmp/diag_ids_dat_no_asignados.php línea 26
URI: N/A
--------------------------------------------------------------------------------
[2026-03-04 22:31:54] [WARNING] Undefined array key 0 en /tmp/diag_ids_dat_no_asignados.php línea 26
URI: N/A
--------------------------------------------------------------------------------
[2026-03-04 22:31:54] [WARNING] Undefined array key 0 en /tmp/diag_ids_dat_no_asignados.php línea 26
URI: N/A
--------------------------------------------------------------------------------
[2026-03-04 22:31:54] [WARNING] Undefined array key 0 en /tmp/diag_ids_dat_no_asignados.php línea 26
URI: N/A
--------------------------------------------------------------------------------
[2026-03-04 22:31:54] [WARNING] Undefined array key 0 en /tmp/diag_ids_dat_no_asignados.php línea 26
URI: N/A
--------------------------------------------------------------------------------
[2026-03-04 22:31:54] [WARNING] Undefined array key 0 en /tmp/diag_ids_dat_no_asignados.php línea 26
URI: N/A
--------------------------------------------------------------------------------
[2026-03-04 22:31:54] [WARNING] Undefined array key 0 en /tmp/diag_ids_dat_no_asignados.php línea 26
URI: N/A
--------------------------------------------------------------------------------
[2026-03-04 22:31:54] [WARNING] Undefined array key 0 en /tmp/diag_ids_dat_no_asignados.php línea 26
URI: N/A
--------------------------------------------------------------------------------
[2026-03-04 22:31:54] [WARNING] Undefined array key 0 en /tmp/diag_ids_dat_no_asignados.php línea 26
URI: N/A
--------------------------------------------------------------------------------
[2026-03-04 22:31:54] [WARNING] Undefined array key 0 en /tmp/diag_ids_dat_no_asignados.php línea 26
URI: N/A
--------------------------------------------------------------------------------
[2026-03-04 22:31:54] [WARNING] Undefined array key 0 en /tmp/diag_ids_dat_no_asignados.php línea 26
URI: N/A
--------------------------------------------------------------------------------
[2026-03-04 22:31:54] [WARNING] Undefined array key 0 en /tmp/diag_ids_dat_no_asignados.php línea 26
URI: N/A
--------------------------------------------------------------------------------
[2026-03-04 22:31:54] [WARNING] Undefined array key 0 en /tmp/diag_ids_dat_no_asignados.php línea 26
URI: N/A
--------------------------------------------------------------------------------
[2026-03-04 22:31:54] [WARNING] Undefined array key 0 en /tmp/diag_ids_dat_no_asignados.php línea 26
URI: N/A
--------------------------------------------------------------------------------
[2026-03-04 22:31:54] [WARNING] Undefined array key 0 en /tmp/diag_ids_dat_no_asignados.php línea 26
URI: N/A
--------------------------------------------------------------------------------
[2026-03-04 22:31:54] [WARNING] Undefined array key 0 en /tmp/diag_ids_dat_no_asignados.php línea 26
URI: N/A
--------------------------------------------------------------------------------
[2026-03-04 22:31:54] [WARNING] Undefined array key 0 en /tmp/diag_ids_dat_no_asignados.php línea 26
URI: N/A
--------------------------------------------------------------------------------
[2026-03-04 22:31:54] [WARNING] Undefined array key 0 en /tmp/diag_ids_dat_no_asignados.php línea 26
URI: N/A
--------------------------------------------------------------------------------
[2026-03-04 22:31:54] [WARNING] Undefined array key 0 en /tmp/diag_ids_dat_no_asignados.php línea 26
URI: N/A
--------------------------------------------------------------------------------
[2026-03-04 22:31:54] [WARNING] Undefined array key 0 en /tmp/diag_ids_dat_no_asignados.php línea 26
URI: N/A
--------------------------------------------------------------------------------
[2026-03-04 22:31:54] [WARNING] Undefined array key 0 en /tmp/diag_ids_dat_no_asignados.php línea 26
URI: N/A
--------------------------------------------------------------------------------
[2026-03-04 22:31:54] [WARNING] Undefined array key 0 en /tmp/diag_ids_dat_no_asignados.php línea 26
URI: N/A
--------------------------------------------------------------------------------
[2026-03-04 22:31:54] [WARNING] Undefined array key 0 en /tmp/diag_ids_dat_no_asignados.php línea 26
URI: N/A
--------------------------------------------------------------------------------
[2026-03-04 22:31:54] [WARNING] Undefined array key 0 en /tmp/diag_ids_dat_no_asignados.php línea 26
URI: N/A
--------------------------------------------------------------------------------
[2026-03-04 22:31:54] [WARNING] Undefined array key 0 en /tmp/diag_ids_dat_no_asignados.php línea 26
URI: N/A
--------------------------------------------------------------------------------
[2026-03-04 22:31:54] [WARNING] Undefined array key 0 en /tmp/diag_ids_dat_no_asignados.php línea 26
URI: N/A
--------------------------------------------------------------------------------
[2026-03-04 22:31:54] [WARNING] Undefined array key 0 en /tmp/diag_ids_dat_no_asignados.php línea 26
URI: N/A
--------------------------------------------------------------------------------
[2026-03-04 22:31:54] [WARNING] Undefined array key 0 en /tmp/diag_ids_dat_no_asignados.php línea 26
URI: N/A
--------------------------------------------------------------------------------
[2026-03-04 22:31:54] [WARNING] Undefined array key 0 en /tmp/diag_ids_dat_no_asignados.php línea 26
URI: N/A
--------------------------------------------------------------------------------
[2026-03-04 22:31:54] [WARNING] Undefined array key 0 en /tmp/diag_ids_dat_no_asignados.php línea 26
URI: N/A
--------------------------------------------------------------------------------
[2026-03-04 22:31:54] [WARNING] Undefined array key 0 en /tmp/diag_ids_dat_no_asignados.php línea 26
URI: N/A
--------------------------------------------------------------------------------
[2026-03-04 22:31:54] [WARNING] Undefined array key 0 en /tmp/diag_ids_dat_no_asignados.php línea 26
URI: N/A
--------------------------------------------------------------------------------
[2026-03-04 22:31:54] [WARNING] Undefined array key 0 en /tmp/diag_ids_dat_no_asignados.php línea 26
URI: N/A
--------------------------------------------------------------------------------
[2026-03-04 22:31:54] [WARNING] Undefined array key 0 en /tmp/diag_ids_dat_no_asignados.php línea 26
URI: N/A
--------------------------------------------------------------------------------
[2026-03-04 22:31:54] [WARNING] Undefined array key 0 en /tmp/diag_ids_dat_no_asignados.php línea 26
URI: N/A
--------------------------------------------------------------------------------
[2026-03-04 22:31:54] [WARNING] Undefined array key 0 en /tmp/diag_ids_dat_no_asignados.php línea 26
URI: N/A
--------------------------------------------------------------------------------
[2026-03-04 22:31:54] [WARNING] Undefined array key 0 en /tmp/diag_ids_dat_no_asignados.php línea 26
URI: N/A
--------------------------------------------------------------------------------
[2026-03-04 22:31:54] [WARNING] Undefined array key 0 en /tmp/diag_ids_dat_no_asignados.php línea 26
URI: N/A
--------------------------------------------------------------------------------
[2026-03-04 22:31:54] [WARNING] Undefined array key 0 en /tmp/diag_ids_dat_no_asignados.php línea 26
URI: N/A
--------------------------------------------------------------------------------
[2026-03-04 22:31:54] [WARNING] Undefined array key 0 en /tmp/diag_ids_dat_no_asignados.php línea 26
URI: N/A
--------------------------------------------------------------------------------
[2026-03-04 22:31:54] [WARNING] Undefined array key 0 en /tmp/diag_ids_dat_no_asignados.php línea 26
URI: N/A
--------------------------------------------------------------------------------
[2026-03-04 22:31:54] [WARNING] Undefined array key 0 en /tmp/diag_ids_dat_no_asignados.php línea 26
URI: N/A
--------------------------------------------------------------------------------
[2026-03-04 22:31:54] [WARNING] Undefined array key 0 en /tmp/diag_ids_dat_no_asignados.php línea 26
URI: N/A
--------------------------------------------------------------------------------
[2026-03-04 22:31:54] [WARNING] Undefined array key 0 en /tmp/diag_ids_dat_no_asignados.php línea 26
URI: N/A
--------------------------------------------------------------------------------
[2026-03-04 22:31:54] [WARNING] Undefined array key 0 en /tmp/diag_ids_dat_no_asignados.php línea 26
URI: N/A
--------------------------------------------------------------------------------
[2026-03-04 22:31:54] [WARNING] Undefined array key 0 en /tmp/diag_ids_dat_no_asignados.php línea 26
URI: N/A
--------------------------------------------------------------------------------
[2026-03-04 22:31:54] [WARNING] Undefined array key 0 en /tmp/diag_ids_dat_no_asignados.php línea 26
URI: N/A
--------------------------------------------------------------------------------
[2026-03-04 22:31:54] [WARNING] Undefined array key 0 en /tmp/diag_ids_dat_no_asignados.php línea 26
URI: N/A
--------------------------------------------------------------------------------
[2026-03-04 22:31:54] [WARNING] Undefined array key 0 en /tmp/diag_ids_dat_no_asignados.php línea 26
URI: N/A
--------------------------------------------------------------------------------
[2026-03-04 22:31:54] [WARNING] Undefined array key 0 en /tmp/diag_ids_dat_no_asignados.php línea 26
URI: N/A
--------------------------------------------------------------------------------
[2026-03-04 22:31:54] [WARNING] Undefined array key 0 en /tmp/diag_ids_dat_no_asignados.php línea 26
URI: N/A
--------------------------------------------------------------------------------
[2026-03-04 22:31:54] [WARNING] Undefined array key 0 en /tmp/diag_ids_dat_no_asignados.php línea 26
URI: N/A
--------------------------------------------------------------------------------
[2026-03-04 22:31:54] [WARNING] Undefined array key 0 en /tmp/diag_ids_dat_no_asignados.php línea 26
URI: N/A
--------------------------------------------------------------------------------
[2026-03-04 22:31:54] [WARNING] Undefined array key 0 en /tmp/diag_ids_dat_no_asignados.php línea 26
URI: N/A
--------------------------------------------------------------------------------
[2026-03-04 22:31:54] [WARNING] Undefined array key 0 en /tmp/diag_ids_dat_no_asignados.php línea 26
URI: N/A
--------------------------------------------------------------------------------
[2026-03-04 22:31:54] [WARNING] Undefined array key 0 en /tmp/diag_ids_dat_no_asignados.php línea 26
URI: N/A
--------------------------------------------------------------------------------
[2026-03-04 22:31:54] [WARNING] Undefined array key 0 en /tmp/diag_ids_dat_no_asignados.php línea 26
URI: N/A
--------------------------------------------------------------------------------
[2026-03-04 22:31:54] [WARNING] Undefined array key 0 en /tmp/diag_ids_dat_no_asignados.php línea 26
URI: N/A
--------------------------------------------------------------------------------
[2026-03-04 22:31:54] [WARNING] Undefined array key 0 en /tmp/diag_ids_dat_no_asignados.php línea 26
URI: N/A
--------------------------------------------------------------------------------
[2026-03-04 22:31:54] [WARNING] Undefined array key 0 en /tmp/diag_ids_dat_no_asignados.php línea 26
URI: N/A
--------------------------------------------------------------------------------
[2026-03-04 22:31:54] [WARNING] Undefined array key 0 en /tmp/diag_ids_dat_no_asignados.php línea 26
URI: N/A
--------------------------------------------------------------------------------
[2026-03-04 22:31:54] [WARNING] Undefined array key 0 en /tmp/diag_ids_dat_no_asignados.php línea 26
URI: N/A
--------------------------------------------------------------------------------
[2026-03-04 22:31:54] [WARNING] Undefined array key 0 en /tmp/diag_ids_dat_no_asignados.php línea 26
URI: N/A
--------------------------------------------------------------------------------
[2026-03-04 22:31:54] [WARNING] Undefined array key 0 en /tmp/diag_ids_dat_no_asignados.php línea 26
URI: N/A
--------------------------------------------------------------------------------
[2026-03-04 22:31:54] [WARNING] Undefined array key 0 en /tmp/diag_ids_dat_no_asignados.php línea 26
URI: N/A
--------------------------------------------------------------------------------
[2026-03-04 22:31:54] [WARNING] Undefined array key 0 en /tmp/diag_ids_dat_no_asignados.php línea 26
URI: N/A
--------------------------------------------------------------------------------
[2026-03-04 22:32:15] [FATAL_ERROR] Uncaught PDOException: SQLSTATE[42000]: Syntax error or access violation: 1064 You have an error in your SQL syntax; check the manual that corresponds to your MariaDB server version for the right syntax to use near 'ORDER BY id LIMIT 30' at line 1 in Command line code:1
Stack trace:
#0 Command line code(1): PDO->query()
#1 {main}
  thrown en Command line code línea 1
URI: N/A
--------------------------------------------------------------------------------
[2026-03-04 22:33:33] [DEPRECATED] fputcsv(): the $escape parameter must be provided as its default value will change en Command line code línea 1
URI: N/A
--------------------------------------------------------------------------------
[2026-03-04 22:33:33] [FATAL_ERROR] Uncaught PDOException: SQLSTATE[42000]: Syntax error or access violation: 1064 You have an error in your SQL syntax; check the manual that corresponds to your MariaDB server version for the right syntax to use near ') ORDER BY id' at line 1 in Command line code:1
Stack trace:
#0 Command line code(1): PDO->query()
#1 {main}
  thrown en Command line code línea 1
URI: N/A
--------------------------------------------------------------------------------
[2026-03-04 22:33:55] [DEPRECATED] fputcsv(): the $escape parameter must be provided as its default value will change en /tmp/export_pendientes_zkteo.php línea 8
URI: N/A
--------------------------------------------------------------------------------
[2026-03-04 22:33:55] [DEPRECATED] fputcsv(): the $escape parameter must be provided as its default value will change en /tmp/export_pendientes_zkteo.php línea 11
URI: N/A
--------------------------------------------------------------------------------
[2026-03-04 22:33:55] [DEPRECATED] fputcsv(): the $escape parameter must be provided as its default value will change en /tmp/export_pendientes_zkteo.php línea 11
URI: N/A
--------------------------------------------------------------------------------
[2026-03-04 22:33:55] [DEPRECATED] fputcsv(): the $escape parameter must be provided as its default value will change en /tmp/export_pendientes_zkteo.php línea 11
URI: N/A
--------------------------------------------------------------------------------
[2026-03-04 22:33:55] [DEPRECATED] fputcsv(): the $escape parameter must be provided as its default value will change en /tmp/export_pendientes_zkteo.php línea 11
URI: N/A
--------------------------------------------------------------------------------
[2026-03-04 22:33:55] [DEPRECATED] fputcsv(): the $escape parameter must be provided as its default value will change en /tmp/export_pendientes_zkteo.php línea 11
URI: N/A
--------------------------------------------------------------------------------
[2026-03-04 22:33:55] [DEPRECATED] fputcsv(): the $escape parameter must be provided as its default value will change en /tmp/export_pendientes_zkteo.php línea 11
URI: N/A
--------------------------------------------------------------------------------
[2026-03-04 22:33:55] [DEPRECATED] fputcsv(): the $escape parameter must be provided as its default value will change en /tmp/export_pendientes_zkteo.php línea 11
URI: N/A
--------------------------------------------------------------------------------
[2026-03-04 22:33:55] [DEPRECATED] fputcsv(): the $escape parameter must be provided as its default value will change en /tmp/export_pendientes_zkteo.php línea 11
URI: N/A
--------------------------------------------------------------------------------
[2026-03-04 22:33:55] [DEPRECATED] fputcsv(): the $escape parameter must be provided as its default value will change en /tmp/export_pendientes_zkteo.php línea 11
URI: N/A
--------------------------------------------------------------------------------
[2026-03-04 22:33:55] [DEPRECATED] fputcsv(): the $escape parameter must be provided as its default value will change en /tmp/export_pendientes_zkteo.php línea 11
URI: N/A
--------------------------------------------------------------------------------
[2026-03-04 22:33:55] [DEPRECATED] fputcsv(): the $escape parameter must be provided as its default value will change en /tmp/export_pendientes_zkteo.php línea 11
URI: N/A
--------------------------------------------------------------------------------
[2026-03-04 22:33:55] [DEPRECATED] fputcsv(): the $escape parameter must be provided as its default value will change en /tmp/export_pendientes_zkteo.php línea 11
URI: N/A
--------------------------------------------------------------------------------
[2026-03-04 22:33:55] [DEPRECATED] fputcsv(): the $escape parameter must be provided as its default value will change en /tmp/export_pendientes_zkteo.php línea 11
URI: N/A
--------------------------------------------------------------------------------
[2026-03-04 22:33:55] [DEPRECATED] fputcsv(): the $escape parameter must be provided as its default value will change en /tmp/export_pendientes_zkteo.php línea 11
URI: N/A
--------------------------------------------------------------------------------
[2026-03-04 22:33:55] [DEPRECATED] fputcsv(): the $escape parameter must be provided as its default value will change en /tmp/export_pendientes_zkteo.php línea 11
URI: N/A
--------------------------------------------------------------------------------
[2026-03-04 22:33:55] [DEPRECATED] fputcsv(): the $escape parameter must be provided as its default value will change en /tmp/export_pendientes_zkteo.php línea 11
URI: N/A
--------------------------------------------------------------------------------
[2026-03-04 22:33:55] [DEPRECATED] fputcsv(): the $escape parameter must be provided as its default value will change en /tmp/export_pendientes_zkteo.php línea 11
URI: N/A
--------------------------------------------------------------------------------
[2026-03-04 22:33:55] [DEPRECATED] fputcsv(): the $escape parameter must be provided as its default value will change en /tmp/export_pendientes_zkteo.php línea 11
URI: N/A
--------------------------------------------------------------------------------
[2026-03-04 22:33:55] [DEPRECATED] fputcsv(): the $escape parameter must be provided as its default value will change en /tmp/export_pendientes_zkteo.php línea 11
URI: N/A
--------------------------------------------------------------------------------
[2026-03-04 22:33:55] [DEPRECATED] fputcsv(): the $escape parameter must be provided as its default value will change en /tmp/export_pendientes_zkteo.php línea 11
URI: N/A
--------------------------------------------------------------------------------
[2026-03-04 22:33:55] [DEPRECATED] fputcsv(): the $escape parameter must be provided as its default value will change en /tmp/export_pendientes_zkteo.php línea 11
URI: N/A
--------------------------------------------------------------------------------
[2026-03-04 22:33:55] [DEPRECATED] fputcsv(): the $escape parameter must be provided as its default value will change en /tmp/export_pendientes_zkteo.php línea 11
URI: N/A
--------------------------------------------------------------------------------
[2026-03-04 22:33:55] [DEPRECATED] fputcsv(): the $escape parameter must be provided as its default value will change en /tmp/export_pendientes_zkteo.php línea 11
URI: N/A
--------------------------------------------------------------------------------
[2026-03-04 22:33:55] [DEPRECATED] fputcsv(): the $escape parameter must be provided as its default value will change en /tmp/export_pendientes_zkteo.php línea 11
URI: N/A
--------------------------------------------------------------------------------
[2026-03-04 22:33:55] [DEPRECATED] fputcsv(): the $escape parameter must be provided as its default value will change en /tmp/export_pendientes_zkteo.php línea 11
URI: N/A
--------------------------------------------------------------------------------
[2026-03-04 22:33:55] [DEPRECATED] fputcsv(): the $escape parameter must be provided as its default value will change en /tmp/export_pendientes_zkteo.php línea 11
URI: N/A
--------------------------------------------------------------------------------
[2026-03-04 22:33:55] [DEPRECATED] fputcsv(): the $escape parameter must be provided as its default value will change en /tmp/export_pendientes_zkteo.php línea 11
URI: N/A
--------------------------------------------------------------------------------
[2026-03-04 22:33:55] [DEPRECATED] fputcsv(): the $escape parameter must be provided as its default value will change en /tmp/export_pendientes_zkteo.php línea 11
URI: N/A
--------------------------------------------------------------------------------
[2026-03-04 22:33:55] [DEPRECATED] fputcsv(): the $escape parameter must be provided as its default value will change en /tmp/export_pendientes_zkteo.php línea 11
URI: N/A
--------------------------------------------------------------------------------
[2026-03-04 22:33:55] [DEPRECATED] fputcsv(): the $escape parameter must be provided as its default value will change en /tmp/export_pendientes_zkteo.php línea 11
URI: N/A
--------------------------------------------------------------------------------
[2026-03-04 22:33:55] [DEPRECATED] fputcsv(): the $escape parameter must be provided as its default value will change en /tmp/export_pendientes_zkteo.php línea 11
URI: N/A
--------------------------------------------------------------------------------
[2026-03-04 22:33:55] [DEPRECATED] fputcsv(): the $escape parameter must be provided as its default value will change en /tmp/export_pendientes_zkteo.php línea 11
URI: N/A
--------------------------------------------------------------------------------
[2026-03-04 22:33:55] [DEPRECATED] fputcsv(): the $escape parameter must be provided as its default value will change en /tmp/export_pendientes_zkteo.php línea 11
URI: N/A
--------------------------------------------------------------------------------
[2026-03-04 22:33:55] [DEPRECATED] fputcsv(): the $escape parameter must be provided as its default value will change en /tmp/export_pendientes_zkteo.php línea 11
URI: N/A
--------------------------------------------------------------------------------
[2026-03-04 22:33:55] [DEPRECATED] fputcsv(): the $escape parameter must be provided as its default value will change en /tmp/export_pendientes_zkteo.php línea 11
URI: N/A
--------------------------------------------------------------------------------
[2026-03-04 22:33:55] [DEPRECATED] fputcsv(): the $escape parameter must be provided as its default value will change en /tmp/export_pendientes_zkteo.php línea 11
URI: N/A
--------------------------------------------------------------------------------
[2026-03-04 22:36:28] [WARNING] Undefined array key 0 en /tmp/comparar_faltantes_vs_dat_especifico.php línea 49
URI: N/A
--------------------------------------------------------------------------------
[2026-03-04 22:36:28] [WARNING] Undefined array key 0 en /tmp/comparar_faltantes_vs_dat_especifico.php línea 49
URI: N/A
--------------------------------------------------------------------------------
[2026-03-04 22:36:28] [WARNING] Undefined array key 0 en /tmp/comparar_faltantes_vs_dat_especifico.php línea 49
URI: N/A
--------------------------------------------------------------------------------
[2026-03-04 22:36:28] [WARNING] Undefined array key 0 en /tmp/comparar_faltantes_vs_dat_especifico.php línea 49
URI: N/A
--------------------------------------------------------------------------------
[2026-03-04 22:36:28] [WARNING] Undefined array key 0 en /tmp/comparar_faltantes_vs_dat_especifico.php línea 49
URI: N/A
--------------------------------------------------------------------------------
[2026-03-04 22:36:28] [WARNING] Undefined array key 0 en /tmp/comparar_faltantes_vs_dat_especifico.php línea 49
URI: N/A
--------------------------------------------------------------------------------
[2026-03-04 22:36:28] [WARNING] Undefined array key 0 en /tmp/comparar_faltantes_vs_dat_especifico.php línea 49
URI: N/A
--------------------------------------------------------------------------------
[2026-03-04 22:36:28] [WARNING] Undefined array key 0 en /tmp/comparar_faltantes_vs_dat_especifico.php línea 49
URI: N/A
--------------------------------------------------------------------------------
[2026-03-04 22:36:28] [WARNING] Undefined array key 0 en /tmp/comparar_faltantes_vs_dat_especifico.php línea 49
URI: N/A
--------------------------------------------------------------------------------
[2026-03-04 22:36:28] [WARNING] Undefined array key 0 en /tmp/comparar_faltantes_vs_dat_especifico.php línea 49
URI: N/A
--------------------------------------------------------------------------------
[2026-03-04 22:36:28] [WARNING] Undefined array key 0 en /tmp/comparar_faltantes_vs_dat_especifico.php línea 49
URI: N/A
--------------------------------------------------------------------------------
[2026-03-04 22:36:28] [WARNING] Undefined array key 0 en /tmp/comparar_faltantes_vs_dat_especifico.php línea 49
URI: N/A
--------------------------------------------------------------------------------
[2026-03-04 22:36:28] [WARNING] Undefined array key 0 en /tmp/comparar_faltantes_vs_dat_especifico.php línea 49
URI: N/A
--------------------------------------------------------------------------------
[2026-03-04 22:36:28] [WARNING] Undefined array key 0 en /tmp/comparar_faltantes_vs_dat_especifico.php línea 49
URI: N/A
--------------------------------------------------------------------------------
[2026-03-04 22:36:28] [WARNING] Undefined array key 0 en /tmp/comparar_faltantes_vs_dat_especifico.php línea 49
URI: N/A
--------------------------------------------------------------------------------
[2026-03-04 22:36:28] [WARNING] Undefined array key 0 en /tmp/comparar_faltantes_vs_dat_especifico.php línea 49
URI: N/A
--------------------------------------------------------------------------------
[2026-03-04 22:36:28] [WARNING] Undefined array key 0 en /tmp/comparar_faltantes_vs_dat_especifico.php línea 49
URI: N/A
--------------------------------------------------------------------------------
[2026-03-04 22:36:28] [WARNING] Undefined array key 0 en /tmp/comparar_faltantes_vs_dat_especifico.php línea 49
URI: N/A
--------------------------------------------------------------------------------
[2026-03-04 22:36:28] [WARNING] Undefined array key 0 en /tmp/comparar_faltantes_vs_dat_especifico.php línea 49
URI: N/A
--------------------------------------------------------------------------------
[2026-03-04 22:36:28] [WARNING] Undefined array key 0 en /tmp/comparar_faltantes_vs_dat_especifico.php línea 49
URI: N/A
--------------------------------------------------------------------------------
[2026-03-04 22:36:28] [WARNING] Undefined array key 0 en /tmp/comparar_faltantes_vs_dat_especifico.php línea 49
URI: N/A
--------------------------------------------------------------------------------
[2026-03-04 22:36:28] [WARNING] Undefined array key 0 en /tmp/comparar_faltantes_vs_dat_especifico.php línea 49
URI: N/A
--------------------------------------------------------------------------------
[2026-03-04 22:36:28] [WARNING] Undefined array key 0 en /tmp/comparar_faltantes_vs_dat_especifico.php línea 49
URI: N/A
--------------------------------------------------------------------------------
[2026-03-04 22:36:28] [WARNING] Undefined array key 0 en /tmp/comparar_faltantes_vs_dat_especifico.php línea 49
URI: N/A
--------------------------------------------------------------------------------
[2026-03-04 22:36:28] [WARNING] Undefined array key 0 en /tmp/comparar_faltantes_vs_dat_especifico.php línea 49
URI: N/A
--------------------------------------------------------------------------------
[2026-03-04 22:36:28] [WARNING] Undefined array key 0 en /tmp/comparar_faltantes_vs_dat_especifico.php línea 49
URI: N/A
--------------------------------------------------------------------------------
[2026-03-04 22:36:28] [WARNING] Undefined array key 0 en /tmp/comparar_faltantes_vs_dat_especifico.php línea 49
URI: N/A
--------------------------------------------------------------------------------
[2026-03-04 22:36:28] [WARNING] Undefined array key 0 en /tmp/comparar_faltantes_vs_dat_especifico.php línea 49
URI: N/A
--------------------------------------------------------------------------------
[2026-03-04 22:36:28] [WARNING] Undefined array key 0 en /tmp/comparar_faltantes_vs_dat_especifico.php línea 49
URI: N/A
--------------------------------------------------------------------------------
[2026-03-04 22:36:28] [WARNING] Undefined array key 0 en /tmp/comparar_faltantes_vs_dat_especifico.php línea 49
URI: N/A
--------------------------------------------------------------------------------
[2026-03-04 22:36:28] [WARNING] Undefined array key 0 en /tmp/comparar_faltantes_vs_dat_especifico.php línea 49
URI: N/A
--------------------------------------------------------------------------------
[2026-03-04 22:36:28] [WARNING] Undefined array key 0 en /tmp/comparar_faltantes_vs_dat_especifico.php línea 49
URI: N/A
--------------------------------------------------------------------------------
[2026-03-04 22:36:28] [WARNING] Undefined array key 0 en /tmp/comparar_faltantes_vs_dat_especifico.php línea 49
URI: N/A
--------------------------------------------------------------------------------
[2026-03-04 22:36:28] [WARNING] Undefined array key 0 en /tmp/comparar_faltantes_vs_dat_especifico.php línea 49
URI: N/A
--------------------------------------------------------------------------------
[2026-03-04 22:36:28] [WARNING] Undefined array key 0 en /tmp/comparar_faltantes_vs_dat_especifico.php línea 49
URI: N/A
--------------------------------------------------------------------------------
[2026-03-04 22:36:28] [WARNING] Undefined array key 0 en /tmp/comparar_faltantes_vs_dat_especifico.php línea 49
URI: N/A
--------------------------------------------------------------------------------
[2026-03-04 22:36:28] [WARNING] Undefined array key 0 en /tmp/comparar_faltantes_vs_dat_especifico.php línea 49
URI: N/A
--------------------------------------------------------------------------------
[2026-03-04 22:36:28] [WARNING] Undefined array key 0 en /tmp/comparar_faltantes_vs_dat_especifico.php línea 49
URI: N/A
--------------------------------------------------------------------------------
[2026-03-04 22:36:28] [WARNING] Undefined array key 0 en /tmp/comparar_faltantes_vs_dat_especifico.php línea 49
URI: N/A
--------------------------------------------------------------------------------
[2026-03-04 22:36:28] [WARNING] Undefined array key 0 en /tmp/comparar_faltantes_vs_dat_especifico.php línea 49
URI: N/A
--------------------------------------------------------------------------------
[2026-03-04 22:36:28] [WARNING] Undefined array key 0 en /tmp/comparar_faltantes_vs_dat_especifico.php línea 49
URI: N/A
--------------------------------------------------------------------------------
[2026-03-04 22:36:28] [WARNING] Undefined array key 0 en /tmp/comparar_faltantes_vs_dat_especifico.php línea 49
URI: N/A
--------------------------------------------------------------------------------
[2026-03-04 22:36:28] [WARNING] Undefined array key 0 en /tmp/comparar_faltantes_vs_dat_especifico.php línea 49
URI: N/A
--------------------------------------------------------------------------------
[2026-03-04 22:36:28] [WARNING] Undefined array key 0 en /tmp/comparar_faltantes_vs_dat_especifico.php línea 49
URI: N/A
--------------------------------------------------------------------------------
[2026-03-04 22:36:28] [WARNING] Undefined array key 0 en /tmp/comparar_faltantes_vs_dat_especifico.php línea 49
URI: N/A
--------------------------------------------------------------------------------
[2026-03-04 22:36:28] [WARNING] Undefined array key 0 en /tmp/comparar_faltantes_vs_dat_especifico.php línea 49
URI: N/A
--------------------------------------------------------------------------------
[2026-03-04 22:36:28] [WARNING] Undefined array key 0 en /tmp/comparar_faltantes_vs_dat_especifico.php línea 49
URI: N/A
--------------------------------------------------------------------------------
[2026-03-04 22:36:28] [WARNING] Undefined array key 0 en /tmp/comparar_faltantes_vs_dat_especifico.php línea 49
URI: N/A
--------------------------------------------------------------------------------
[2026-03-04 22:36:28] [WARNING] Undefined array key 0 en /tmp/comparar_faltantes_vs_dat_especifico.php línea 49
URI: N/A
--------------------------------------------------------------------------------
[2026-03-04 22:36:28] [WARNING] Undefined array key 0 en /tmp/comparar_faltantes_vs_dat_especifico.php línea 49
URI: N/A
--------------------------------------------------------------------------------
[2026-03-04 22:36:28] [WARNING] Undefined array key 0 en /tmp/comparar_faltantes_vs_dat_especifico.php línea 49
URI: N/A
--------------------------------------------------------------------------------
[2026-03-04 22:36:28] [WARNING] Undefined array key 0 en /tmp/comparar_faltantes_vs_dat_especifico.php línea 49
URI: N/A
--------------------------------------------------------------------------------
[2026-03-04 22:36:28] [WARNING] Undefined array key 0 en /tmp/comparar_faltantes_vs_dat_especifico.php línea 49
URI: N/A
--------------------------------------------------------------------------------
[2026-03-04 22:36:28] [WARNING] Undefined array key 0 en /tmp/comparar_faltantes_vs_dat_especifico.php línea 49
URI: N/A
--------------------------------------------------------------------------------
[2026-03-04 22:36:28] [WARNING] Undefined array key 0 en /tmp/comparar_faltantes_vs_dat_especifico.php línea 49
URI: N/A
--------------------------------------------------------------------------------
[2026-03-04 22:36:28] [WARNING] Undefined array key 0 en /tmp/comparar_faltantes_vs_dat_especifico.php línea 49
URI: N/A
--------------------------------------------------------------------------------
[2026-03-04 22:36:28] [WARNING] Undefined array key 0 en /tmp/comparar_faltantes_vs_dat_especifico.php línea 49
URI: N/A
--------------------------------------------------------------------------------
[2026-03-04 22:36:28] [WARNING] Undefined array key 0 en /tmp/comparar_faltantes_vs_dat_especifico.php línea 49
URI: N/A
--------------------------------------------------------------------------------
[2026-03-04 22:36:28] [WARNING] Undefined array key 0 en /tmp/comparar_faltantes_vs_dat_especifico.php línea 49
URI: N/A
--------------------------------------------------------------------------------
[2026-03-04 22:36:28] [WARNING] Undefined array key 0 en /tmp/comparar_faltantes_vs_dat_especifico.php línea 49
URI: N/A
--------------------------------------------------------------------------------
[2026-03-04 22:36:28] [WARNING] Undefined array key 0 en /tmp/comparar_faltantes_vs_dat_especifico.php línea 49
URI: N/A
--------------------------------------------------------------------------------
[2026-03-04 22:36:28] [WARNING] Undefined array key 0 en /tmp/comparar_faltantes_vs_dat_especifico.php línea 49
URI: N/A
--------------------------------------------------------------------------------
[2026-03-04 22:36:28] [WARNING] Undefined array key 0 en /tmp/comparar_faltantes_vs_dat_especifico.php línea 49
URI: N/A
--------------------------------------------------------------------------------
[2026-03-04 22:36:28] [WARNING] Undefined array key 0 en /tmp/comparar_faltantes_vs_dat_especifico.php línea 49
URI: N/A
--------------------------------------------------------------------------------
[2026-03-04 22:36:28] [WARNING] Undefined array key 0 en /tmp/comparar_faltantes_vs_dat_especifico.php línea 49
URI: N/A
--------------------------------------------------------------------------------
[2026-03-04 22:36:28] [WARNING] Undefined array key 0 en /tmp/comparar_faltantes_vs_dat_especifico.php línea 49
URI: N/A
--------------------------------------------------------------------------------
[2026-03-04 22:36:28] [WARNING] Undefined array key 0 en /tmp/comparar_faltantes_vs_dat_especifico.php línea 49
URI: N/A
--------------------------------------------------------------------------------
[2026-03-04 22:36:28] [WARNING] Undefined array key 0 en /tmp/comparar_faltantes_vs_dat_especifico.php línea 49
URI: N/A
--------------------------------------------------------------------------------
[2026-03-04 22:36:28] [WARNING] Undefined array key 0 en /tmp/comparar_faltantes_vs_dat_especifico.php línea 49
URI: N/A
--------------------------------------------------------------------------------
[2026-03-04 22:36:28] [WARNING] Undefined array key 0 en /tmp/comparar_faltantes_vs_dat_especifico.php línea 49
URI: N/A
--------------------------------------------------------------------------------
[2026-03-04 22:36:28] [WARNING] Undefined array key 0 en /tmp/comparar_faltantes_vs_dat_especifico.php línea 49
URI: N/A
--------------------------------------------------------------------------------
[2026-03-04 22:36:28] [WARNING] Undefined array key 0 en /tmp/comparar_faltantes_vs_dat_especifico.php línea 49
URI: N/A
--------------------------------------------------------------------------------
[2026-03-04 22:36:28] [WARNING] Undefined array key 0 en /tmp/comparar_faltantes_vs_dat_especifico.php línea 49
URI: N/A
--------------------------------------------------------------------------------
[2026-03-04 22:36:28] [WARNING] Undefined array key 0 en /tmp/comparar_faltantes_vs_dat_especifico.php línea 49
URI: N/A
--------------------------------------------------------------------------------
[2026-03-04 22:36:28] [WARNING] Undefined array key 0 en /tmp/comparar_faltantes_vs_dat_especifico.php línea 49
URI: N/A
--------------------------------------------------------------------------------
[2026-03-04 22:36:28] [WARNING] Undefined array key 0 en /tmp/comparar_faltantes_vs_dat_especifico.php línea 49
URI: N/A
--------------------------------------------------------------------------------
[2026-03-04 22:36:28] [WARNING] Undefined array key 0 en /tmp/comparar_faltantes_vs_dat_especifico.php línea 49
URI: N/A
--------------------------------------------------------------------------------
[2026-03-04 22:36:28] [WARNING] Undefined array key 0 en /tmp/comparar_faltantes_vs_dat_especifico.php línea 49
URI: N/A
--------------------------------------------------------------------------------
[2026-03-04 22:36:28] [WARNING] Undefined array key 0 en /tmp/comparar_faltantes_vs_dat_especifico.php línea 49
URI: N/A
--------------------------------------------------------------------------------
[2026-03-04 22:36:28] [WARNING] Undefined array key 0 en /tmp/comparar_faltantes_vs_dat_especifico.php línea 49
URI: N/A
--------------------------------------------------------------------------------
[2026-03-04 22:36:28] [WARNING] Undefined array key 0 en /tmp/comparar_faltantes_vs_dat_especifico.php línea 49
URI: N/A
--------------------------------------------------------------------------------
[2026-03-04 22:36:28] [WARNING] Undefined array key 0 en /tmp/comparar_faltantes_vs_dat_especifico.php línea 49
URI: N/A
--------------------------------------------------------------------------------
[2026-03-04 22:36:28] [WARNING] Undefined array key 0 en /tmp/comparar_faltantes_vs_dat_especifico.php línea 49
URI: N/A
--------------------------------------------------------------------------------
[2026-03-04 22:36:28] [WARNING] Undefined array key 0 en /tmp/comparar_faltantes_vs_dat_especifico.php línea 49
URI: N/A
--------------------------------------------------------------------------------
[2026-03-04 22:36:28] [WARNING] Undefined array key 0 en /tmp/comparar_faltantes_vs_dat_especifico.php línea 49
URI: N/A
--------------------------------------------------------------------------------
[2026-03-04 22:36:28] [WARNING] Undefined array key 0 en /tmp/comparar_faltantes_vs_dat_especifico.php línea 49
URI: N/A
--------------------------------------------------------------------------------
[2026-03-04 22:36:28] [WARNING] Undefined array key 0 en /tmp/comparar_faltantes_vs_dat_especifico.php línea 49
URI: N/A
--------------------------------------------------------------------------------
[2026-03-04 22:36:28] [WARNING] Undefined array key 0 en /tmp/comparar_faltantes_vs_dat_especifico.php línea 49
URI: N/A
--------------------------------------------------------------------------------
[2026-03-04 22:36:28] [WARNING] Undefined array key 0 en /tmp/comparar_faltantes_vs_dat_especifico.php línea 49
URI: N/A
--------------------------------------------------------------------------------
[2026-03-04 22:36:28] [WARNING] Undefined array key 0 en /tmp/comparar_faltantes_vs_dat_especifico.php línea 49
URI: N/A
--------------------------------------------------------------------------------
[2026-03-04 22:36:28] [WARNING] Undefined array key 0 en /tmp/comparar_faltantes_vs_dat_especifico.php línea 49
URI: N/A
--------------------------------------------------------------------------------
[2026-03-04 22:36:28] [WARNING] Undefined array key 0 en /tmp/comparar_faltantes_vs_dat_especifico.php línea 49
URI: N/A
--------------------------------------------------------------------------------
[2026-03-04 22:36:28] [WARNING] Undefined array key 0 en /tmp/comparar_faltantes_vs_dat_especifico.php línea 49
URI: N/A
--------------------------------------------------------------------------------
[2026-03-04 22:36:28] [WARNING] Undefined array key 0 en /tmp/comparar_faltantes_vs_dat_especifico.php línea 49
URI: N/A
--------------------------------------------------------------------------------
[2026-03-04 22:36:28] [WARNING] Undefined array key 0 en /tmp/comparar_faltantes_vs_dat_especifico.php línea 49
URI: N/A
--------------------------------------------------------------------------------
[2026-03-04 22:36:28] [WARNING] Undefined array key 0 en /tmp/comparar_faltantes_vs_dat_especifico.php línea 49
URI: N/A
--------------------------------------------------------------------------------
[2026-03-04 22:36:28] [WARNING] Undefined array key 0 en /tmp/comparar_faltantes_vs_dat_especifico.php línea 49
URI: N/A
--------------------------------------------------------------------------------
[2026-03-04 22:36:28] [WARNING] Undefined array key 0 en /tmp/comparar_faltantes_vs_dat_especifico.php línea 49
URI: N/A
--------------------------------------------------------------------------------
[2026-03-04 22:36:28] [WARNING] Undefined array key 0 en /tmp/comparar_faltantes_vs_dat_especifico.php línea 49
URI: N/A
--------------------------------------------------------------------------------
[2026-03-04 22:36:28] [WARNING] Undefined array key 0 en /tmp/comparar_faltantes_vs_dat_especifico.php línea 49
URI: N/A
--------------------------------------------------------------------------------
[2026-03-04 22:36:28] [WARNING] Undefined array key 0 en /tmp/comparar_faltantes_vs_dat_especifico.php línea 49
URI: N/A
--------------------------------------------------------------------------------
[2026-03-04 22:36:28] [WARNING] Undefined array key 0 en /tmp/comparar_faltantes_vs_dat_especifico.php línea 49
URI: N/A
--------------------------------------------------------------------------------
[2026-03-04 22:36:28] [WARNING] Undefined array key 0 en /tmp/comparar_faltantes_vs_dat_especifico.php línea 49
URI: N/A
--------------------------------------------------------------------------------
[2026-03-04 22:36:28] [WARNING] Undefined array key 0 en /tmp/comparar_faltantes_vs_dat_especifico.php línea 49
URI: N/A
--------------------------------------------------------------------------------
[2026-03-04 22:36:28] [WARNING] Undefined array key 0 en /tmp/comparar_faltantes_vs_dat_especifico.php línea 49
URI: N/A
--------------------------------------------------------------------------------
[2026-03-04 22:36:28] [WARNING] Undefined array key 0 en /tmp/comparar_faltantes_vs_dat_especifico.php línea 49
URI: N/A
--------------------------------------------------------------------------------
[2026-03-04 22:36:28] [WARNING] Undefined array key 0 en /tmp/comparar_faltantes_vs_dat_especifico.php línea 49
URI: N/A
--------------------------------------------------------------------------------
[2026-03-04 22:36:28] [WARNING] Undefined array key 0 en /tmp/comparar_faltantes_vs_dat_especifico.php línea 49
URI: N/A
--------------------------------------------------------------------------------
[2026-03-04 22:36:28] [WARNING] Undefined array key 0 en /tmp/comparar_faltantes_vs_dat_especifico.php línea 49
URI: N/A
--------------------------------------------------------------------------------
[2026-03-04 22:36:28] [WARNING] Undefined array key 0 en /tmp/comparar_faltantes_vs_dat_especifico.php línea 49
URI: N/A
--------------------------------------------------------------------------------
[2026-03-04 22:36:28] [WARNING] Undefined array key 0 en /tmp/comparar_faltantes_vs_dat_especifico.php línea 49
URI: N/A
--------------------------------------------------------------------------------
[2026-03-04 22:36:28] [WARNING] Undefined array key 0 en /tmp/comparar_faltantes_vs_dat_especifico.php línea 49
URI: N/A
--------------------------------------------------------------------------------
[2026-03-04 22:36:28] [WARNING] Undefined array key 0 en /tmp/comparar_faltantes_vs_dat_especifico.php línea 49
URI: N/A
--------------------------------------------------------------------------------
[2026-03-04 22:36:28] [WARNING] Undefined array key 0 en /tmp/comparar_faltantes_vs_dat_especifico.php línea 49
URI: N/A
--------------------------------------------------------------------------------
[2026-03-04 22:36:28] [WARNING] Undefined array key 0 en /tmp/comparar_faltantes_vs_dat_especifico.php línea 49
URI: N/A
--------------------------------------------------------------------------------
[2026-03-04 22:36:28] [WARNING] Undefined array key 0 en /tmp/comparar_faltantes_vs_dat_especifico.php línea 49
URI: N/A
--------------------------------------------------------------------------------
[2026-03-04 22:36:28] [WARNING] Undefined array key 0 en /tmp/comparar_faltantes_vs_dat_especifico.php línea 49
URI: N/A
--------------------------------------------------------------------------------
[2026-03-04 22:36:28] [WARNING] Undefined array key 0 en /tmp/comparar_faltantes_vs_dat_especifico.php línea 49
URI: N/A
--------------------------------------------------------------------------------
[2026-03-04 22:36:28] [WARNING] Undefined array key 0 en /tmp/comparar_faltantes_vs_dat_especifico.php línea 49
URI: N/A
--------------------------------------------------------------------------------
[2026-03-04 22:36:28] [WARNING] Undefined array key 0 en /tmp/comparar_faltantes_vs_dat_especifico.php línea 49
URI: N/A
--------------------------------------------------------------------------------
[2026-03-04 22:36:28] [WARNING] Undefined array key 0 en /tmp/comparar_faltantes_vs_dat_especifico.php línea 49
URI: N/A
--------------------------------------------------------------------------------
[2026-03-04 22:36:28] [WARNING] Undefined array key 0 en /tmp/comparar_faltantes_vs_dat_especifico.php línea 49
URI: N/A
--------------------------------------------------------------------------------
[2026-03-04 22:36:28] [WARNING] Undefined array key 0 en /tmp/comparar_faltantes_vs_dat_especifico.php línea 49
URI: N/A
--------------------------------------------------------------------------------
[2026-03-04 22:36:28] [WARNING] Undefined array key 0 en /tmp/comparar_faltantes_vs_dat_especifico.php línea 49
URI: N/A
--------------------------------------------------------------------------------
[2026-03-04 22:36:28] [WARNING] Undefined array key 0 en /tmp/comparar_faltantes_vs_dat_especifico.php línea 49
URI: N/A
--------------------------------------------------------------------------------
[2026-03-04 22:36:28] [WARNING] Undefined array key 0 en /tmp/comparar_faltantes_vs_dat_especifico.php línea 49
URI: N/A
--------------------------------------------------------------------------------
[2026-03-04 22:36:28] [WARNING] Undefined array key 0 en /tmp/comparar_faltantes_vs_dat_especifico.php línea 49
URI: N/A
--------------------------------------------------------------------------------
[2026-03-04 22:36:28] [WARNING] Undefined array key 0 en /tmp/comparar_faltantes_vs_dat_especifico.php línea 49
URI: N/A
--------------------------------------------------------------------------------
[2026-03-04 22:36:28] [WARNING] Undefined array key 0 en /tmp/comparar_faltantes_vs_dat_especifico.php línea 49
URI: N/A
--------------------------------------------------------------------------------
[2026-03-04 22:36:28] [WARNING] Undefined array key 0 en /tmp/comparar_faltantes_vs_dat_especifico.php línea 49
URI: N/A
--------------------------------------------------------------------------------
[2026-03-04 22:36:28] [WARNING] Undefined array key 0 en /tmp/comparar_faltantes_vs_dat_especifico.php línea 49
URI: N/A
--------------------------------------------------------------------------------
[2026-03-04 22:36:28] [WARNING] Undefined array key 0 en /tmp/comparar_faltantes_vs_dat_especifico.php línea 49
URI: N/A
--------------------------------------------------------------------------------
[2026-03-04 22:36:28] [WARNING] Undefined array key 0 en /tmp/comparar_faltantes_vs_dat_especifico.php línea 49
URI: N/A
--------------------------------------------------------------------------------
[2026-03-04 22:36:28] [WARNING] Undefined array key 0 en /tmp/comparar_faltantes_vs_dat_especifico.php línea 49
URI: N/A
--------------------------------------------------------------------------------
[2026-03-04 22:36:28] [WARNING] Undefined array key 0 en /tmp/comparar_faltantes_vs_dat_especifico.php línea 49
URI: N/A
--------------------------------------------------------------------------------
[2026-03-04 22:36:28] [WARNING] Undefined array key 0 en /tmp/comparar_faltantes_vs_dat_especifico.php línea 49
URI: N/A
--------------------------------------------------------------------------------
[2026-03-04 22:36:28] [WARNING] Undefined array key 0 en /tmp/comparar_faltantes_vs_dat_especifico.php línea 49
URI: N/A
--------------------------------------------------------------------------------
[2026-03-04 22:36:28] [WARNING] Undefined array key 0 en /tmp/comparar_faltantes_vs_dat_especifico.php línea 49
URI: N/A
--------------------------------------------------------------------------------
[2026-03-04 22:36:28] [WARNING] Undefined array key 0 en /tmp/comparar_faltantes_vs_dat_especifico.php línea 49
URI: N/A
--------------------------------------------------------------------------------
[2026-03-04 22:36:28] [WARNING] Undefined array key 0 en /tmp/comparar_faltantes_vs_dat_especifico.php línea 49
URI: N/A
--------------------------------------------------------------------------------
[2026-03-04 22:36:28] [WARNING] Undefined array key 0 en /tmp/comparar_faltantes_vs_dat_especifico.php línea 49
URI: N/A
--------------------------------------------------------------------------------
[2026-03-04 22:36:28] [WARNING] Undefined array key 0 en /tmp/comparar_faltantes_vs_dat_especifico.php línea 49
URI: N/A
--------------------------------------------------------------------------------
[2026-03-04 22:36:28] [WARNING] Undefined array key 0 en /tmp/comparar_faltantes_vs_dat_especifico.php línea 49
URI: N/A
--------------------------------------------------------------------------------
[2026-03-04 22:36:28] [WARNING] Undefined array key 0 en /tmp/comparar_faltantes_vs_dat_especifico.php línea 49
URI: N/A
--------------------------------------------------------------------------------
[2026-03-04 22:36:28] [WARNING] Undefined array key 0 en /tmp/comparar_faltantes_vs_dat_especifico.php línea 49
URI: N/A
--------------------------------------------------------------------------------
[2026-03-04 22:36:28] [WARNING] Undefined array key 0 en /tmp/comparar_faltantes_vs_dat_especifico.php línea 49
URI: N/A
--------------------------------------------------------------------------------
[2026-03-04 22:36:28] [WARNING] Undefined array key 0 en /tmp/comparar_faltantes_vs_dat_especifico.php línea 49
URI: N/A
--------------------------------------------------------------------------------
[2026-03-04 22:36:28] [WARNING] Undefined array key 0 en /tmp/comparar_faltantes_vs_dat_especifico.php línea 49
URI: N/A
--------------------------------------------------------------------------------
[2026-03-04 22:36:28] [WARNING] Undefined array key 0 en /tmp/comparar_faltantes_vs_dat_especifico.php línea 49
URI: N/A
--------------------------------------------------------------------------------
[2026-03-04 22:36:28] [WARNING] Undefined array key 0 en /tmp/comparar_faltantes_vs_dat_especifico.php línea 49
URI: N/A
--------------------------------------------------------------------------------
[2026-03-04 22:36:28] [WARNING] Undefined array key 0 en /tmp/comparar_faltantes_vs_dat_especifico.php línea 49
URI: N/A
--------------------------------------------------------------------------------
[2026-03-04 22:36:28] [WARNING] Undefined array key 0 en /tmp/comparar_faltantes_vs_dat_especifico.php línea 49
URI: N/A
--------------------------------------------------------------------------------
[2026-03-04 22:36:28] [WARNING] Undefined array key 0 en /tmp/comparar_faltantes_vs_dat_especifico.php línea 49
URI: N/A
--------------------------------------------------------------------------------
[2026-03-04 22:36:28] [WARNING] Undefined array key 0 en /tmp/comparar_faltantes_vs_dat_especifico.php línea 49
URI: N/A
--------------------------------------------------------------------------------
[2026-03-04 22:36:28] [WARNING] Undefined array key 0 en /tmp/comparar_faltantes_vs_dat_especifico.php línea 49
URI: N/A
--------------------------------------------------------------------------------
[2026-03-04 22:36:28] [WARNING] Undefined array key 0 en /tmp/comparar_faltantes_vs_dat_especifico.php línea 49
URI: N/A
--------------------------------------------------------------------------------
[2026-03-04 22:36:28] [WARNING] Undefined array key 0 en /tmp/comparar_faltantes_vs_dat_especifico.php línea 49
URI: N/A
--------------------------------------------------------------------------------
[2026-03-04 22:36:28] [WARNING] Undefined array key 0 en /tmp/comparar_faltantes_vs_dat_especifico.php línea 49
URI: N/A
--------------------------------------------------------------------------------
[2026-03-04 22:36:28] [WARNING] Undefined array key 0 en /tmp/comparar_faltantes_vs_dat_especifico.php línea 49
URI: N/A
--------------------------------------------------------------------------------
[2026-03-04 22:36:28] [DEPRECATED] fputcsv(): the $escape parameter must be provided as its default value will change en /tmp/comparar_faltantes_vs_dat_especifico.php línea 60
URI: N/A
--------------------------------------------------------------------------------
[2026-03-04 22:36:51] [FATAL_ERROR] Uncaught PDOException: SQLSTATE[42000]: Syntax error or access violation: 1064 You have an error in your SQL syntax; check the manual that corresponds to your MariaDB server version for the right syntax to use near '' at line 1 in Command line code:1
Stack trace:
#0 Command line code(1): PDO->query()
#1 {main}
  thrown en Command line code línea 1
URI: N/A
--------------------------------------------------------------------------------
[2026-03-04 22:37:00] [WARNING] Undefined array key 0 en /tmp/check_asignados_zkteo.php línea 9
URI: N/A
--------------------------------------------------------------------------------
[2026-03-04 22:37:00] [WARNING] Undefined array key 0 en /tmp/check_asignados_zkteo.php línea 9
URI: N/A
--------------------------------------------------------------------------------
[2026-03-04 22:37:00] [WARNING] Undefined array key 0 en /tmp/check_asignados_zkteo.php línea 9
URI: N/A
--------------------------------------------------------------------------------
[2026-03-04 22:37:00] [WARNING] Undefined array key 0 en /tmp/check_asignados_zkteo.php línea 9
URI: N/A
--------------------------------------------------------------------------------
[2026-03-04 22:37:00] [WARNING] Undefined array key 0 en /tmp/check_asignados_zkteo.php línea 9
URI: N/A
--------------------------------------------------------------------------------
[2026-03-04 22:37:00] [WARNING] Undefined array key 0 en /tmp/check_asignados_zkteo.php línea 9
URI: N/A
--------------------------------------------------------------------------------
[2026-03-04 22:37:00] [WARNING] Undefined array key 0 en /tmp/check_asignados_zkteo.php línea 9
URI: N/A
--------------------------------------------------------------------------------
[2026-03-04 22:37:00] [WARNING] Undefined array key 0 en /tmp/check_asignados_zkteo.php línea 9
URI: N/A
--------------------------------------------------------------------------------
[2026-03-04 22:37:00] [WARNING] Undefined array key 0 en /tmp/check_asignados_zkteo.php línea 9
URI: N/A
--------------------------------------------------------------------------------
[2026-03-04 22:37:00] [WARNING] Undefined array key 0 en /tmp/check_asignados_zkteo.php línea 9
URI: N/A
--------------------------------------------------------------------------------
[2026-03-04 22:37:00] [WARNING] Undefined array key 0 en /tmp/check_asignados_zkteo.php línea 9
URI: N/A
--------------------------------------------------------------------------------
[2026-03-04 22:37:00] [WARNING] Undefined array key 0 en /tmp/check_asignados_zkteo.php línea 9
URI: N/A
--------------------------------------------------------------------------------
[2026-03-04 22:37:00] [WARNING] Undefined array key 0 en /tmp/check_asignados_zkteo.php línea 9
URI: N/A
--------------------------------------------------------------------------------
[2026-03-04 22:37:00] [WARNING] Undefined array key 0 en /tmp/check_asignados_zkteo.php línea 9
URI: N/A
--------------------------------------------------------------------------------
[2026-03-04 22:37:00] [WARNING] Undefined array key 0 en /tmp/check_asignados_zkteo.php línea 9
URI: N/A
--------------------------------------------------------------------------------
[2026-03-04 22:37:00] [WARNING] Undefined array key 0 en /tmp/check_asignados_zkteo.php línea 9
URI: N/A
--------------------------------------------------------------------------------
[2026-03-04 22:37:00] [WARNING] Undefined array key 0 en /tmp/check_asignados_zkteo.php línea 9
URI: N/A
--------------------------------------------------------------------------------
[2026-03-04 22:37:00] [WARNING] Undefined array key 0 en /tmp/check_asignados_zkteo.php línea 9
URI: N/A
--------------------------------------------------------------------------------
[2026-03-04 22:37:00] [WARNING] Undefined array key 0 en /tmp/check_asignados_zkteo.php línea 9
URI: N/A
--------------------------------------------------------------------------------
[2026-03-04 22:37:00] [WARNING] Undefined array key 0 en /tmp/check_asignados_zkteo.php línea 9
URI: N/A
--------------------------------------------------------------------------------
[2026-03-04 22:37:00] [WARNING] Undefined array key 0 en /tmp/check_asignados_zkteo.php línea 9
URI: N/A
--------------------------------------------------------------------------------
[2026-03-04 22:37:00] [WARNING] Undefined array key 0 en /tmp/check_asignados_zkteo.php línea 9
URI: N/A
--------------------------------------------------------------------------------
[2026-03-04 22:37:00] [WARNING] Undefined array key 0 en /tmp/check_asignados_zkteo.php línea 9
URI: N/A
--------------------------------------------------------------------------------
[2026-03-04 22:37:00] [WARNING] Undefined array key 0 en /tmp/check_asignados_zkteo.php línea 9
URI: N/A
--------------------------------------------------------------------------------
[2026-03-04 22:37:00] [WARNING] Undefined array key 0 en /tmp/check_asignados_zkteo.php línea 9
URI: N/A
--------------------------------------------------------------------------------
[2026-03-04 22:37:00] [WARNING] Undefined array key 0 en /tmp/check_asignados_zkteo.php línea 9
URI: N/A
--------------------------------------------------------------------------------
[2026-03-04 22:37:00] [WARNING] Undefined array key 0 en /tmp/check_asignados_zkteo.php línea 9
URI: N/A
--------------------------------------------------------------------------------
[2026-03-04 22:37:00] [WARNING] Undefined array key 0 en /tmp/check_asignados_zkteo.php línea 9
URI: N/A
--------------------------------------------------------------------------------
[2026-03-04 22:37:00] [WARNING] Undefined array key 0 en /tmp/check_asignados_zkteo.php línea 9
URI: N/A
--------------------------------------------------------------------------------
[2026-03-04 22:37:00] [WARNING] Undefined array key 0 en /tmp/check_asignados_zkteo.php línea 9
URI: N/A
--------------------------------------------------------------------------------
[2026-03-04 22:37:00] [WARNING] Undefined array key 0 en /tmp/check_asignados_zkteo.php línea 9
URI: N/A
--------------------------------------------------------------------------------
[2026-03-04 22:37:00] [WARNING] Undefined array key 0 en /tmp/check_asignados_zkteo.php línea 9
URI: N/A
--------------------------------------------------------------------------------
[2026-03-04 22:37:00] [WARNING] Undefined array key 0 en /tmp/check_asignados_zkteo.php línea 9
URI: N/A
--------------------------------------------------------------------------------
[2026-03-04 22:37:00] [WARNING] Undefined array key 0 en /tmp/check_asignados_zkteo.php línea 9
URI: N/A
--------------------------------------------------------------------------------
[2026-03-04 22:37:00] [WARNING] Undefined array key 0 en /tmp/check_asignados_zkteo.php línea 9
URI: N/A
--------------------------------------------------------------------------------
[2026-03-04 22:37:00] [WARNING] Undefined array key 0 en /tmp/check_asignados_zkteo.php línea 9
URI: N/A
--------------------------------------------------------------------------------
[2026-03-04 22:37:00] [WARNING] Undefined array key 0 en /tmp/check_asignados_zkteo.php línea 9
URI: N/A
--------------------------------------------------------------------------------
[2026-03-04 22:37:00] [WARNING] Undefined array key 0 en /tmp/check_asignados_zkteo.php línea 9
URI: N/A
--------------------------------------------------------------------------------
[2026-03-04 22:37:00] [WARNING] Undefined array key 0 en /tmp/check_asignados_zkteo.php línea 9
URI: N/A
--------------------------------------------------------------------------------
[2026-03-04 22:37:00] [WARNING] Undefined array key 0 en /tmp/check_asignados_zkteo.php línea 9
URI: N/A
--------------------------------------------------------------------------------
[2026-03-04 22:37:00] [WARNING] Undefined array key 0 en /tmp/check_asignados_zkteo.php línea 9
URI: N/A
--------------------------------------------------------------------------------
[2026-03-04 22:37:00] [WARNING] Undefined array key 0 en /tmp/check_asignados_zkteo.php línea 9
URI: N/A
--------------------------------------------------------------------------------
[2026-03-04 22:37:00] [WARNING] Undefined array key 0 en /tmp/check_asignados_zkteo.php línea 9
URI: N/A
--------------------------------------------------------------------------------
[2026-03-04 22:37:00] [WARNING] Undefined array key 0 en /tmp/check_asignados_zkteo.php línea 9
URI: N/A
--------------------------------------------------------------------------------
[2026-03-04 22:37:00] [WARNING] Undefined array key 0 en /tmp/check_asignados_zkteo.php línea 9
URI: N/A
--------------------------------------------------------------------------------
[2026-03-04 22:37:00] [WARNING] Undefined array key 0 en /tmp/check_asignados_zkteo.php línea 9
URI: N/A
--------------------------------------------------------------------------------
[2026-03-04 22:37:00] [WARNING] Undefined array key 0 en /tmp/check_asignados_zkteo.php línea 9
URI: N/A
--------------------------------------------------------------------------------
[2026-03-04 22:37:00] [WARNING] Undefined array key 0 en /tmp/check_asignados_zkteo.php línea 9
URI: N/A
--------------------------------------------------------------------------------
[2026-03-04 22:37:00] [WARNING] Undefined array key 0 en /tmp/check_asignados_zkteo.php línea 9
URI: N/A
--------------------------------------------------------------------------------
[2026-03-04 22:37:00] [WARNING] Undefined array key 0 en /tmp/check_asignados_zkteo.php línea 9
URI: N/A
--------------------------------------------------------------------------------
[2026-03-04 22:37:00] [WARNING] Undefined array key 0 en /tmp/check_asignados_zkteo.php línea 9
URI: N/A
--------------------------------------------------------------------------------
[2026-03-04 22:37:00] [WARNING] Undefined array key 0 en /tmp/check_asignados_zkteo.php línea 9
URI: N/A
--------------------------------------------------------------------------------
[2026-03-04 22:37:00] [WARNING] Undefined array key 0 en /tmp/check_asignados_zkteo.php línea 9
URI: N/A
--------------------------------------------------------------------------------
[2026-03-04 22:37:00] [WARNING] Undefined array key 0 en /tmp/check_asignados_zkteo.php línea 9
URI: N/A
--------------------------------------------------------------------------------
[2026-03-04 22:37:00] [WARNING] Undefined array key 0 en /tmp/check_asignados_zkteo.php línea 9
URI: N/A
--------------------------------------------------------------------------------
[2026-03-04 22:37:00] [WARNING] Undefined array key 0 en /tmp/check_asignados_zkteo.php línea 9
URI: N/A
--------------------------------------------------------------------------------
[2026-03-04 22:37:00] [WARNING] Undefined array key 0 en /tmp/check_asignados_zkteo.php línea 9
URI: N/A
--------------------------------------------------------------------------------
[2026-03-04 22:37:00] [WARNING] Undefined array key 0 en /tmp/check_asignados_zkteo.php línea 9
URI: N/A
--------------------------------------------------------------------------------
[2026-03-04 22:37:00] [WARNING] Undefined array key 0 en /tmp/check_asignados_zkteo.php línea 9
URI: N/A
--------------------------------------------------------------------------------
[2026-03-04 22:37:00] [WARNING] Undefined array key 0 en /tmp/check_asignados_zkteo.php línea 9
URI: N/A
--------------------------------------------------------------------------------
[2026-03-04 22:37:00] [WARNING] Undefined array key 0 en /tmp/check_asignados_zkteo.php línea 9
URI: N/A
--------------------------------------------------------------------------------
[2026-03-04 22:37:00] [WARNING] Undefined array key 0 en /tmp/check_asignados_zkteo.php línea 9
URI: N/A
--------------------------------------------------------------------------------
[2026-03-04 22:37:00] [WARNING] Undefined array key 0 en /tmp/check_asignados_zkteo.php línea 9
URI: N/A
--------------------------------------------------------------------------------
[2026-03-04 22:37:00] [WARNING] Undefined array key 0 en /tmp/check_asignados_zkteo.php línea 9
URI: N/A
--------------------------------------------------------------------------------
[2026-03-04 22:37:00] [WARNING] Undefined array key 0 en /tmp/check_asignados_zkteo.php línea 9
URI: N/A
--------------------------------------------------------------------------------
[2026-03-04 22:37:00] [WARNING] Undefined array key 0 en /tmp/check_asignados_zkteo.php línea 9
URI: N/A
--------------------------------------------------------------------------------
[2026-03-04 22:37:00] [WARNING] Undefined array key 0 en /tmp/check_asignados_zkteo.php línea 9
URI: N/A
--------------------------------------------------------------------------------
[2026-03-04 22:37:00] [WARNING] Undefined array key 0 en /tmp/check_asignados_zkteo.php línea 9
URI: N/A
--------------------------------------------------------------------------------
[2026-03-04 22:37:00] [WARNING] Undefined array key 0 en /tmp/check_asignados_zkteo.php línea 9
URI: N/A
--------------------------------------------------------------------------------
[2026-03-04 22:37:00] [WARNING] Undefined array key 0 en /tmp/check_asignados_zkteo.php línea 9
URI: N/A
--------------------------------------------------------------------------------
[2026-03-04 22:37:00] [WARNING] Undefined array key 0 en /tmp/check_asignados_zkteo.php línea 9
URI: N/A
--------------------------------------------------------------------------------
[2026-03-04 22:37:00] [WARNING] Undefined array key 0 en /tmp/check_asignados_zkteo.php línea 9
URI: N/A
--------------------------------------------------------------------------------
[2026-03-04 22:37:00] [WARNING] Undefined array key 0 en /tmp/check_asignados_zkteo.php línea 9
URI: N/A
--------------------------------------------------------------------------------
[2026-03-04 22:37:00] [WARNING] Undefined array key 0 en /tmp/check_asignados_zkteo.php línea 9
URI: N/A
--------------------------------------------------------------------------------
[2026-03-04 22:37:00] [WARNING] Undefined array key 0 en /tmp/check_asignados_zkteo.php línea 9
URI: N/A
--------------------------------------------------------------------------------
[2026-03-04 22:37:00] [WARNING] Undefined array key 0 en /tmp/check_asignados_zkteo.php línea 9
URI: N/A
--------------------------------------------------------------------------------
[2026-03-04 22:37:00] [WARNING] Undefined array key 0 en /tmp/check_asignados_zkteo.php línea 9
URI: N/A
--------------------------------------------------------------------------------
[2026-03-04 22:37:00] [WARNING] Undefined array key 0 en /tmp/check_asignados_zkteo.php línea 9
URI: N/A
--------------------------------------------------------------------------------
[2026-03-04 22:37:00] [WARNING] Undefined array key 0 en /tmp/check_asignados_zkteo.php línea 9
URI: N/A
--------------------------------------------------------------------------------
[2026-03-04 22:37:00] [WARNING] Undefined array key 0 en /tmp/check_asignados_zkteo.php línea 9
URI: N/A
--------------------------------------------------------------------------------
[2026-03-04 22:37:00] [WARNING] Undefined array key 0 en /tmp/check_asignados_zkteo.php línea 9
URI: N/A
--------------------------------------------------------------------------------
[2026-03-04 22:37:00] [WARNING] Undefined array key 0 en /tmp/check_asignados_zkteo.php línea 9
URI: N/A
--------------------------------------------------------------------------------
[2026-03-04 22:37:00] [WARNING] Undefined array key 0 en /tmp/check_asignados_zkteo.php línea 9
URI: N/A
--------------------------------------------------------------------------------
[2026-03-04 22:37:00] [WARNING] Undefined array key 0 en /tmp/check_asignados_zkteo.php línea 9
URI: N/A
--------------------------------------------------------------------------------
[2026-03-04 22:37:00] [WARNING] Undefined array key 0 en /tmp/check_asignados_zkteo.php línea 9
URI: N/A
--------------------------------------------------------------------------------
[2026-03-04 22:37:00] [WARNING] Undefined array key 0 en /tmp/check_asignados_zkteo.php línea 9
URI: N/A
--------------------------------------------------------------------------------
[2026-03-04 22:37:00] [WARNING] Undefined array key 0 en /tmp/check_asignados_zkteo.php línea 9
URI: N/A
--------------------------------------------------------------------------------
[2026-03-04 22:37:00] [WARNING] Undefined array key 0 en /tmp/check_asignados_zkteo.php línea 9
URI: N/A
--------------------------------------------------------------------------------
[2026-03-04 22:37:00] [WARNING] Undefined array key 0 en /tmp/check_asignados_zkteo.php línea 9
URI: N/A
--------------------------------------------------------------------------------
[2026-03-04 22:37:00] [WARNING] Undefined array key 0 en /tmp/check_asignados_zkteo.php línea 9
URI: N/A
--------------------------------------------------------------------------------
[2026-03-04 22:37:00] [WARNING] Undefined array key 0 en /tmp/check_asignados_zkteo.php línea 9
URI: N/A
--------------------------------------------------------------------------------
[2026-03-04 22:37:00] [WARNING] Undefined array key 0 en /tmp/check_asignados_zkteo.php línea 9
URI: N/A
--------------------------------------------------------------------------------
[2026-03-04 22:37:00] [WARNING] Undefined array key 0 en /tmp/check_asignados_zkteo.php línea 9
URI: N/A
--------------------------------------------------------------------------------
[2026-03-04 22:37:00] [WARNING] Undefined array key 0 en /tmp/check_asignados_zkteo.php línea 9
URI: N/A
--------------------------------------------------------------------------------
[2026-03-04 22:37:00] [WARNING] Undefined array key 0 en /tmp/check_asignados_zkteo.php línea 9
URI: N/A
--------------------------------------------------------------------------------
[2026-03-04 22:37:00] [WARNING] Undefined array key 0 en /tmp/check_asignados_zkteo.php línea 9
URI: N/A
--------------------------------------------------------------------------------
[2026-03-04 22:37:00] [WARNING] Undefined array key 0 en /tmp/check_asignados_zkteo.php línea 9
URI: N/A
--------------------------------------------------------------------------------
[2026-03-04 22:37:00] [WARNING] Undefined array key 0 en /tmp/check_asignados_zkteo.php línea 9
URI: N/A
--------------------------------------------------------------------------------
[2026-03-04 22:37:00] [WARNING] Undefined array key 0 en /tmp/check_asignados_zkteo.php línea 9
URI: N/A
--------------------------------------------------------------------------------
[2026-03-04 22:37:00] [WARNING] Undefined array key 0 en /tmp/check_asignados_zkteo.php línea 9
URI: N/A
--------------------------------------------------------------------------------
[2026-03-04 22:37:00] [WARNING] Undefined array key 0 en /tmp/check_asignados_zkteo.php línea 9
URI: N/A
--------------------------------------------------------------------------------
[2026-03-04 22:37:00] [WARNING] Undefined array key 0 en /tmp/check_asignados_zkteo.php línea 9
URI: N/A
--------------------------------------------------------------------------------
[2026-03-04 22:37:00] [WARNING] Undefined array key 0 en /tmp/check_asignados_zkteo.php línea 9
URI: N/A
--------------------------------------------------------------------------------
[2026-03-04 22:37:00] [WARNING] Undefined array key 0 en /tmp/check_asignados_zkteo.php línea 9
URI: N/A
--------------------------------------------------------------------------------
[2026-03-04 22:37:00] [WARNING] Undefined array key 0 en /tmp/check_asignados_zkteo.php línea 9
URI: N/A
--------------------------------------------------------------------------------
[2026-03-04 22:37:00] [WARNING] Undefined array key 0 en /tmp/check_asignados_zkteo.php línea 9
URI: N/A
--------------------------------------------------------------------------------
[2026-03-04 22:37:00] [WARNING] Undefined array key 0 en /tmp/check_asignados_zkteo.php línea 9
URI: N/A
--------------------------------------------------------------------------------
[2026-03-04 22:37:00] [WARNING] Undefined array key 0 en /tmp/check_asignados_zkteo.php línea 9
URI: N/A
--------------------------------------------------------------------------------
[2026-03-04 22:37:00] [WARNING] Undefined array key 0 en /tmp/check_asignados_zkteo.php línea 9
URI: N/A
--------------------------------------------------------------------------------
[2026-03-04 22:37:00] [WARNING] Undefined array key 0 en /tmp/check_asignados_zkteo.php línea 9
URI: N/A
--------------------------------------------------------------------------------
[2026-03-04 22:37:00] [WARNING] Undefined array key 0 en /tmp/check_asignados_zkteo.php línea 9
URI: N/A
--------------------------------------------------------------------------------
[2026-03-04 22:37:00] [WARNING] Undefined array key 0 en /tmp/check_asignados_zkteo.php línea 9
URI: N/A
--------------------------------------------------------------------------------
[2026-03-04 22:37:00] [WARNING] Undefined array key 0 en /tmp/check_asignados_zkteo.php línea 9
URI: N/A
--------------------------------------------------------------------------------
[2026-03-04 22:37:00] [WARNING] Undefined array key 0 en /tmp/check_asignados_zkteo.php línea 9
URI: N/A
--------------------------------------------------------------------------------
[2026-03-04 22:37:00] [WARNING] Undefined array key 0 en /tmp/check_asignados_zkteo.php línea 9
URI: N/A
--------------------------------------------------------------------------------
[2026-03-04 22:37:00] [WARNING] Undefined array key 0 en /tmp/check_asignados_zkteo.php línea 9
URI: N/A
--------------------------------------------------------------------------------
[2026-03-04 22:37:00] [WARNING] Undefined array key 0 en /tmp/check_asignados_zkteo.php línea 9
URI: N/A
--------------------------------------------------------------------------------
[2026-03-04 22:37:00] [WARNING] Undefined array key 0 en /tmp/check_asignados_zkteo.php línea 9
URI: N/A
--------------------------------------------------------------------------------
[2026-03-04 22:37:00] [WARNING] Undefined array key 0 en /tmp/check_asignados_zkteo.php línea 9
URI: N/A
--------------------------------------------------------------------------------
[2026-03-04 22:37:00] [WARNING] Undefined array key 0 en /tmp/check_asignados_zkteo.php línea 9
URI: N/A
--------------------------------------------------------------------------------
[2026-03-04 22:37:00] [WARNING] Undefined array key 0 en /tmp/check_asignados_zkteo.php línea 9
URI: N/A
--------------------------------------------------------------------------------
[2026-03-04 22:37:00] [WARNING] Undefined array key 0 en /tmp/check_asignados_zkteo.php línea 9
URI: N/A
--------------------------------------------------------------------------------
[2026-03-04 22:37:00] [WARNING] Undefined array key 0 en /tmp/check_asignados_zkteo.php línea 9
URI: N/A
--------------------------------------------------------------------------------
[2026-03-04 22:37:00] [WARNING] Undefined array key 0 en /tmp/check_asignados_zkteo.php línea 9
URI: N/A
--------------------------------------------------------------------------------
[2026-03-04 22:37:00] [WARNING] Undefined array key 0 en /tmp/check_asignados_zkteo.php línea 9
URI: N/A
--------------------------------------------------------------------------------
[2026-03-04 22:37:00] [WARNING] Undefined array key 0 en /tmp/check_asignados_zkteo.php línea 9
URI: N/A
--------------------------------------------------------------------------------
[2026-03-04 22:37:00] [WARNING] Undefined array key 0 en /tmp/check_asignados_zkteo.php línea 9
URI: N/A
--------------------------------------------------------------------------------
[2026-03-04 22:37:00] [WARNING] Undefined array key 0 en /tmp/check_asignados_zkteo.php línea 9
URI: N/A
--------------------------------------------------------------------------------
[2026-03-04 22:37:00] [WARNING] Undefined array key 0 en /tmp/check_asignados_zkteo.php línea 9
URI: N/A
--------------------------------------------------------------------------------
[2026-03-04 22:37:00] [WARNING] Undefined array key 0 en /tmp/check_asignados_zkteo.php línea 9
URI: N/A
--------------------------------------------------------------------------------
[2026-03-04 22:37:00] [WARNING] Undefined array key 0 en /tmp/check_asignados_zkteo.php línea 9
URI: N/A
--------------------------------------------------------------------------------
[2026-03-04 22:37:00] [WARNING] Undefined array key 0 en /tmp/check_asignados_zkteo.php línea 9
URI: N/A
--------------------------------------------------------------------------------
[2026-03-04 22:37:00] [WARNING] Undefined array key 0 en /tmp/check_asignados_zkteo.php línea 9
URI: N/A
--------------------------------------------------------------------------------
[2026-03-04 22:37:00] [WARNING] Undefined array key 0 en /tmp/check_asignados_zkteo.php línea 9
URI: N/A
--------------------------------------------------------------------------------
[2026-03-04 22:37:00] [WARNING] Undefined array key 0 en /tmp/check_asignados_zkteo.php línea 9
URI: N/A
--------------------------------------------------------------------------------
[2026-03-04 22:37:00] [WARNING] Undefined array key 0 en /tmp/check_asignados_zkteo.php línea 9
URI: N/A
--------------------------------------------------------------------------------
[2026-03-04 22:37:00] [WARNING] Undefined array key 0 en /tmp/check_asignados_zkteo.php línea 9
URI: N/A
--------------------------------------------------------------------------------
[2026-03-04 22:37:00] [WARNING] Undefined array key 0 en /tmp/check_asignados_zkteo.php línea 9
URI: N/A
--------------------------------------------------------------------------------
[2026-03-04 22:37:00] [WARNING] Undefined array key 0 en /tmp/check_asignados_zkteo.php línea 9
URI: N/A
--------------------------------------------------------------------------------
[2026-03-04 22:37:00] [WARNING] Undefined array key 0 en /tmp/check_asignados_zkteo.php línea 9
URI: N/A
--------------------------------------------------------------------------------
[2026-03-04 22:37:00] [WARNING] Undefined array key 0 en /tmp/check_asignados_zkteo.php línea 9
URI: N/A
--------------------------------------------------------------------------------
[2026-03-04 22:37:00] [WARNING] Undefined array key 0 en /tmp/check_asignados_zkteo.php línea 9
URI: N/A
--------------------------------------------------------------------------------
[2026-03-04 22:37:00] [WARNING] Undefined array key 0 en /tmp/check_asignados_zkteo.php línea 9
URI: N/A
--------------------------------------------------------------------------------
[2026-03-04 22:37:00] [WARNING] Undefined array key 0 en /tmp/check_asignados_zkteo.php línea 9
URI: N/A
--------------------------------------------------------------------------------
[2026-03-04 22:37:00] [WARNING] Undefined array key 0 en /tmp/check_asignados_zkteo.php línea 9
URI: N/A
--------------------------------------------------------------------------------
[2026-03-04 22:37:00] [WARNING] Undefined array key 0 en /tmp/check_asignados_zkteo.php línea 9
URI: N/A
--------------------------------------------------------------------------------
[2026-03-04 22:37:00] [WARNING] Undefined array key 0 en /tmp/check_asignados_zkteo.php línea 9
URI: N/A
--------------------------------------------------------------------------------
[2026-03-04 22:37:00] [WARNING] Undefined array key 0 en /tmp/check_asignados_zkteo.php línea 9
URI: N/A
--------------------------------------------------------------------------------
[2026-03-04 22:37:00] [WARNING] Undefined array key 0 en /tmp/check_asignados_zkteo.php línea 9
URI: N/A
--------------------------------------------------------------------------------
[2026-03-04 22:37:00] [WARNING] Undefined array key 0 en /tmp/check_asignados_zkteo.php línea 9
URI: N/A
--------------------------------------------------------------------------------
[2026-03-04 22:37:00] [WARNING] Undefined array key 0 en /tmp/check_asignados_zkteo.php línea 9
URI: N/A
--------------------------------------------------------------------------------
[2026-03-04 22:37:00] [WARNING] Undefined array key 0 en /tmp/check_asignados_zkteo.php línea 9
URI: N/A
--------------------------------------------------------------------------------
[2026-03-04 22:37:00] [WARNING] Undefined array key 0 en /tmp/check_asignados_zkteo.php línea 9
URI: N/A
--------------------------------------------------------------------------------
[2026-03-04 22:37:00] [WARNING] Undefined array key 0 en /tmp/check_asignados_zkteo.php línea 9
URI: N/A
--------------------------------------------------------------------------------
[2026-03-04 22:37:00] [WARNING] Undefined array key 0 en /tmp/check_asignados_zkteo.php línea 9
URI: N/A
--------------------------------------------------------------------------------
[2026-03-04 22:37:00] [WARNING] Undefined array key 0 en /tmp/check_asignados_zkteo.php línea 9
URI: N/A
--------------------------------------------------------------------------------
[2026-03-04 22:37:00] [WARNING] Undefined array key 0 en /tmp/check_asignados_zkteo.php línea 9
URI: N/A
--------------------------------------------------------------------------------
[2026-03-04 22:37:00] [WARNING] Undefined array key 0 en /tmp/check_asignados_zkteo.php línea 9
URI: N/A
--------------------------------------------------------------------------------
[2026-03-04 22:37:00] [WARNING] Undefined array key 0 en /tmp/check_asignados_zkteo.php línea 9
URI: N/A
--------------------------------------------------------------------------------
[2026-03-04 23:00:37] [FATAL_ERROR] Uncaught PDOException: There is no active transaction in Command line code:1
Stack trace:
#0 Command line code(1): PDO->commit()
#1 {main}
  thrown en Command line code línea 1
URI: N/A
--------------------------------------------------------------------------------
[2026-03-04 23:15:28] [FATAL_ERROR] Uncaught Exception: Error de conexión a la base de datos in /usr/share/nginx/html/sistema_biometrico/models/Database.php:34
Stack trace:
#0 Command line code(1): Database->__construct()
#1 {main}
  thrown en /usr/share/nginx/html/sistema_biometrico/models/Database.php línea 34
URI: N/A
--------------------------------------------------------------------------------
[2026-03-04 23:19:47] [FATAL_ERROR] Uncaught PDOException: SQLSTATE[42S22]: Column not found: 1054 Unknown column 'falta_31_minutos' in 'WHERE' in Command line code:1
Stack trace:
#0 Command line code(1): PDO->query()
#1 {main}
  thrown en Command line code línea 1
URI: N/A
--------------------------------------------------------------------------------
[2026-03-04 23:34:54] [FATAL_ERROR] Uncaught Exception: Error de conexión a la base de datos in /usr/share/nginx/html/sistema_biometrico/models/Database.php:34
Stack trace:
#0 Command line code(1): Database->__construct()
#1 {main}
  thrown en /usr/share/nginx/html/sistema_biometrico/models/Database.php línea 34
URI: N/A
--------------------------------------------------------------------------------
