           113	2026-02-03 14:25:44	1	0	1	0
           828	2026-02-03 14:31:25	1	0	1	0
           113	2026-02-03 14:32:15	1	0	1	0
           527	2026-02-03 14:33:30	1	0	1	0
           113	2026-02-03 14:33:49	1	0	1	0
           525	2026-02-03 14:35:01	1	0	1	0
            18	2026-02-03 14:45:18	1	0	1	0
            18	2026-02-03 14:45:37	1	0	1	0
            44	2026-02-03 14:49:01	1	0	1	0
           314	2026-02-03 14:49:59	1	0	1	0
           893	2026-02-04 09:30:58	1	0	1	0
           113	2026-02-04 09:33:21	1	0	1	0
           569	2026-02-04 09:35:16	1	0	1	0
           635	2026-02-04 09:36:13	1	0	1	0
           575	2026-02-04 09:37:04	1	0	1	0
            94	2026-02-04 09:45:27	1	0	1	0
           113	2026-02-04 09:45:40	1	0	1	0
           563	2026-02-04 09:47:14	1	0	1	0
           602	2026-02-04 09:48:24	1	0	1	0
           585	2026-02-04 09:49:06	1	0	1	0
           561	2026-02-04 09:51:28	1	0	1	0
           631	2026-02-04 09:53:08	1	0	1	0
           562	2026-02-04 09:53:54	1	0	1	0
           625	2026-02-04 09:55:03	1	0	1	0
           605	2026-02-04 09:55:49	1	0	1	0
           327	2026-02-04 09:56:31	1	0	1	0
           328	2026-02-04 09:57:16	1	0	1	0
           531	2026-02-04 09:57:56	1	0	1	0
           559	2026-02-04 09:58:40	1	0	1	0
           325	2026-02-04 09:59:20	1	0	1	0
           258	2026-02-04 10:00:02	1	0	1	0
           576	2026-02-04 10:00:44	1	0	1	0
           616	2026-02-04 10:03:29	1	0	1	0
           618	2026-02-04 10:04:12	1	0	1	0
           604	2026-02-04 10:04:51	1	0	1	0
           645	2026-02-04 10:05:33	1	0	1	0
           623	2026-02-04 10:06:27	1	0	1	0
           587	2026-02-04 10:12:04	1	0	1	0
           601	2026-02-04 10:12:47	1	0	1	0
           610	2026-02-04 10:13:36	1	0	1	0
           565	2026-02-04 10:14:16	1	0	1	0
           137	2026-02-04 10:15:49	1	0	1	0
           553	2026-02-04 10:21:20	1	0	1	0
           584	2026-02-04 10:22:21	1	0	1	0
            12	2026-02-04 10:57:44	1	0	1	0
           113	2026-02-04 10:58:13	1	0	1	0
           124	2026-02-04 10:59:43	1	0	1	0
            84	2026-02-04 11:00:25	1	0	1	0
            13	2026-02-04 11:01:27	1	0	1	0
           117	2026-02-04 11:03:22	1	0	1	0
           245	2026-02-04 11:03:59	1	0	1	0
           318	2026-02-04 11:04:36	1	0	1	0
           226	2026-02-04 11:05:26	1	0	1	0
           253	2026-02-04 11:06:04	1	0	1	0
           218	2026-02-04 11:06:47	1	0	1	0
            79	2026-02-04 11:07:46	1	0	1	0
           152	2026-02-04 11:08:30	1	0	1	0
           106	2026-02-04 11:09:21	1	0	1	0
           407	2026-02-04 11:10:03	1	0	1	0
           107	2026-02-04 11:10:41	1	0	1	0
           109	2026-02-04 11:11:27	1	0	1	0
           160	2026-02-04 11:12:11	1	0	1	0
           663	2026-02-04 11:21:49	1	0	1	0
           651	2026-02-04 11:22:54	1	0	1	0
            71	2026-02-04 11:23:52	1	0	1	0
           891	2026-02-04 11:25:05	1	0	1	0
           875	2026-02-04 11:27:12	1	0	1	0
            65	2026-02-04 11:34:25	1	0	1	0
           408	2026-02-04 11:35:24	1	0	1	0
           818	2026-02-04 11:54:31	1	0	1	0
            10	2026-02-04 12:02:06	1	0	1	0
           896	2026-02-04 12:07:17	1	0	1	0
             1	2026-02-04 12:08:24	1	0	1	0
            83	2026-02-04 12:14:36	1	0	1	0
           260	2026-02-04 12:23:54	1	0	1	0
           818	2026-02-04 12:25:00	1	0	1	0
            87	2026-02-04 12:46:13	1	0	1	0
            81	2026-02-04 13:13:59	1	0	1	0
            82	2026-02-04 13:24:42	1	0	1	0
            23	2026-02-04 13:35:23	1	0	1	0
           113	2026-02-04 13:42:42	1	0	1	0
           572	2026-02-04 14:19:14	1	0	1	0
           828	2026-02-04 14:23:57	1	0	1	0
           594	2026-02-04 14:47:59	1	0	1	0
            90	2026-02-04 15:00:10	1	0	1	0
           578	2026-02-04 15:09:19	1	0	1	0
           622	2026-02-04 15:48:48	1	0	1	0
           232	2026-02-05 09:17:52	1	0	1	0
           221	2026-02-05 09:18:49	1	0	1	0
           248	2026-02-05 09:19:35	1	0	1	0
           956	2026-02-05 09:20:14	1	0	1	0
           955	2026-02-05 09:20:56	1	0	1	0
            25	2026-02-05 09:25:39	1	0	1	0
           414	2026-02-05 09:26:40	1	0	1	0
           204	2026-02-05 09:27:23	1	0	1	0
            22	2026-02-05 09:28:05	1	0	1	0
           219	2026-02-05 09:30:30	1	0	1	0
           879	2026-02-05 09:31:23	1	0	1	0
          2620	2026-02-05 09:32:21	1	0	1	0
          2620	2026-02-05 09:32:27	1	0	1	0
          2620	2026-02-05 09:32:30	1	0	1	0
           212	2026-02-05 09:33:56	1	0	1	0
           401	2026-02-05 09:39:13	1	0	1	0
           113	2026-02-05 09:40:41	1	0	1	0
           526	2026-02-05 09:41:25	1	0	1	0
            34	2026-02-05 10:25:50	1	0	1	0
           120	2026-02-05 11:10:09	1	0	1	0
            78	2026-02-05 11:11:03	1	0	1	0
            98	2026-02-05 11:17:16	1	0	1	0
           251	2026-02-05 11:18:19	1	0	1	0
            65	2026-02-05 11:24:13	1	0	1	0
           144	2026-02-05 11:25:42	1	0	1	0
           144	2026-02-05 11:25:59	1	0	1	0
            65	2026-02-05 11:27:21	1	0	1	0
            52	2026-02-05 11:28:26	1	0	1	0
           114	2026-02-05 11:29:16	1	0	1	0
           897	2026-02-05 11:29:52	1	0	1	0
            65	2026-02-05 11:30:13	1	0	1	0
            65	2026-02-05 11:30:20	1	0	1	0
            65	2026-02-05 11:30:28	1	0	1	0
             9	2026-02-05 11:31:28	1	0	1	0
           179	2026-02-05 11:32:36	1	0	1	0
           544	2026-02-05 11:33:50	1	0	1	0
           501	2026-02-05 11:54:52	1	0	1	0
           521	2026-02-05 11:55:46	1	0	1	0
            65	2026-02-05 12:01:23	1	0	1	0
           936	2026-02-05 12:03:38	1	0	1	0
            65	2026-02-05 12:07:07	1	0	1	0
           101	2026-02-05 12:08:12	1	0	1	0
           514	2026-02-05 12:09:58	1	0	1	0
            65	2026-02-05 12:10:30	1	0	1	0
           628	2026-02-05 12:11:16	1	0	1	0
           249	2026-02-05 12:13:40	1	0	1	0
            54	2026-02-05 12:14:55	1	0	1	0
           893	2026-02-05 12:29:44	1	0	1	0
          2505	2026-02-05 12:46:36	1	0	1	0
          2506	2026-02-05 12:47:31	1	0	1	0
          2500	2026-02-05 12:48:32	1	0	1	0
           252	2026-02-05 12:49:20	1	0	1	0
          2521	2026-02-05 12:50:24	1	0	1	0
          2502	2026-02-05 12:51:22	1	0	1	0
           230	2026-02-05 12:53:10	1	0	1	0
           230	2026-02-05 12:53:16	1	0	1	0
           230	2026-02-05 12:53:22	1	0	1	0
          2512	2026-02-05 12:54:20	1	0	1	0
          1003	2026-02-05 12:55:02	1	0	1	0
            73	2026-02-05 12:56:36	1	0	1	0
            93	2026-02-05 12:57:30	1	0	1	0
           244	2026-02-05 12:58:07	1	0	1	0
           235	2026-02-05 13:09:57	1	0	1	0
           576	2026-02-05 13:34:09	1	0	1	0
           101	2026-02-05 14:14:19	1	0	1	0
           616	2026-02-05 14:56:57	1	0	1	0
            10	2026-02-05 15:00:20	1	0	1	0
            10	2026-02-05 15:00:28	1	0	1	0
           245	2026-02-05 15:00:33	1	0	1	0
           117	2026-02-05 15:00:37	1	0	1	0
            98	2026-02-05 15:00:44	1	0	1	0
            78	2026-02-05 15:00:50	1	0	1	0
           120	2026-02-05 15:00:55	1	0	1	0
           318	2026-02-05 15:01:07	1	0	1	0
           260	2026-02-05 15:01:10	1	0	1	0
           407	2026-02-05 15:01:13	1	0	1	0
           152	2026-02-05 15:01:49	1	0	1	0
            84	2026-02-05 15:01:54	1	0	1	0
           106	2026-02-05 15:02:01	1	0	1	0
           562	2026-02-05 15:03:46	1	0	1	0
           828	2026-02-05 15:03:53	1	0	1	0
           526	2026-02-05 15:05:28	1	0	1	0
           625	2026-02-05 15:06:15	1	0	1	0
           221	2026-02-05 15:06:25	1	0	1	0
           219	2026-02-05 15:06:32	1	0	1	0
           221	2026-02-05 15:06:45	1	0	1	0
           561	2026-02-05 15:07:56	1	0	1	0
           161	2026-02-05 15:08:16	1	0	1	0
            79	2026-02-05 15:08:56	1	0	1	0
           565	2026-02-05 15:10:01	1	0	1	0
           144	2026-02-05 15:11:39	1	0	1	0
            94	2026-02-05 15:11:44	1	0	1	0
            73	2026-02-05 15:11:50	1	0	1	0
          2620	2026-02-05 15:16:41	1	0	1	0
           879	2026-02-05 15:16:50	1	0	1	0
           604	2026-02-05 15:17:37	1	0	1	0
           109	2026-02-05 15:21:42	1	0	1	0
            44	2026-02-05 15:23:34	1	0	1	0
           314	2026-02-05 15:23:45	1	0	1	0
           160	2026-02-05 15:25:56	1	0	1	0
          1003	2026-02-05 15:31:16	1	0	1	0
          2512	2026-02-05 15:31:42	1	0	1	0
           327	2026-02-05 15:47:49	1	0	1	0
           137	2026-02-05 16:00:04	1	0	1	0
           137	2026-02-05 16:00:07	1	0	1	0
             1	2026-02-05 16:00:14	1	0	1	0
             1	2026-02-05 16:00:20	1	0	1	0
            93	2026-02-05 16:00:25	1	0	1	0
           544	2026-02-05 16:00:32	1	0	1	0
           575	2026-02-05 16:00:44	1	0	1	0
            71	2026-02-05 16:00:51	1	0	1	0
            71	2026-02-05 16:00:55	1	0	1	0
           113	2026-02-05 16:01:05	1	0	1	0
           113	2026-02-05 16:01:13	1	0	1	0
           896	2026-02-05 16:01:28	1	0	1	0
           896	2026-02-05 16:01:31	1	0	1	0
           893	2026-02-05 16:01:54	1	0	1	0
          2505	2026-02-05 16:02:20	1	0	1	0
          2505	2026-02-05 16:02:26	1	0	1	0
           663	2026-02-05 16:02:51	1	0	1	0
           605	2026-02-05 16:02:58	1	0	1	0
             9	2026-02-05 16:03:19	1	0	1	0
           559	2026-02-05 16:03:28	1	0	1	0
           618	2026-02-05 16:04:12	1	0	1	0
           618	2026-02-05 16:04:17	1	0	1	0
           230	2026-02-05 16:04:26	1	0	1	0
           230	2026-02-05 16:04:29	1	0	1	0
           249	2026-02-05 16:04:39	1	0	1	0
             9	2026-02-05 16:04:46	1	0	1	0
           114	2026-02-05 16:04:53	1	0	1	0
           610	2026-02-05 16:05:15	1	0	1	0
             9	2026-02-05 16:05:22	1	0	1	0
            52	2026-02-05 16:05:52	1	0	1	0
            52	2026-02-05 16:05:56	1	0	1	0
           252	2026-02-05 16:06:44	1	0	1	0
           631	2026-02-05 16:06:48	1	0	1	0
           891	2026-02-05 16:06:54	1	0	1	0
           124	2026-02-05 16:06:58	1	0	1	0
           563	2026-02-05 16:07:03	1	0	1	0
           635	2026-02-05 16:07:09	1	0	1	0
            25	2026-02-05 16:08:41	1	0	1	0
            25	2026-02-05 16:09:38	1	0	1	0
           525	2026-02-05 16:09:52	1	0	1	0
           525	2026-02-05 16:09:56	1	0	1	0
           401	2026-02-05 16:10:24	1	0	1	0
           401	2026-02-05 16:10:29	1	0	1	0
          2506	2026-02-05 16:12:21	1	0	1	0
           956	2026-02-05 16:12:56	1	0	1	0
           252	2026-02-05 16:14:21	1	0	1	0
           252	2026-02-05 16:14:33	1	0	1	0
           578	2026-02-05 16:18:37	1	0	1	0
            87	2026-02-05 16:19:41	1	0	1	0
            87	2026-02-05 16:19:52	1	0	1	0
           414	2026-02-05 16:25:41	1	0	1	0
           414	2026-02-05 16:25:45	1	0	1	0
           179	2026-02-05 16:26:17	1	0	1	0
          2502	2026-02-05 16:29:44	1	0	1	0
           601	2026-02-05 16:37:13	1	0	1	0
           514	2026-02-05 16:43:36	1	0	1	0
           628	2026-02-05 16:43:57	1	0	1	0
           897	2026-02-05 17:01:21	1	0	1	0
           651	2026-02-05 17:01:43	1	0	1	0
           897	2026-02-05 17:01:47	1	0	1	0
           623	2026-02-05 17:02:31	1	0	1	0
           623	2026-02-05 17:02:36	1	0	1	0
            83	2026-02-05 17:02:46	1	0	1	0
           204	2026-02-05 17:03:18	1	0	1	0
           204	2026-02-05 17:03:23	1	0	1	0
           251	2026-02-05 17:05:24	1	0	1	0
          2521	2026-02-05 17:05:48	1	0	1	0
           818	2026-02-05 17:10:02	1	0	1	0
           501	2026-02-05 17:12:51	1	0	1	0
            90	2026-02-05 17:14:01	1	0	1	0
          2500	2026-02-05 17:21:33	1	0	1	0
            18	2026-02-05 17:22:22	1	0	1	0
            82	2026-02-05 17:24:09	1	0	1	0
           553	2026-02-05 17:28:00	1	0	1	0
           645	2026-02-05 17:31:16	1	0	1	0
            81	2026-02-05 17:35:55	1	0	1	0
           569	2026-02-05 17:36:07	1	0	1	0
           587	2026-02-05 17:39:04	1	0	1	0
           328	2026-02-05 18:02:08	1	0	1	0
           328	2026-02-05 18:02:12	1	0	1	0
           328	2026-02-05 18:02:37	1	0	1	0
           328	2026-02-05 18:02:47	1	0	1	0
           521	2026-02-05 18:03:45	1	0	1	0
           258	2026-02-05 18:06:51	1	0	1	0
           531	2026-02-05 18:07:01	1	0	1	0
           622	2026-02-05 18:07:14	1	0	1	0
           622	2026-02-05 18:07:19	1	0	1	0
           584	2026-02-05 18:09:25	1	0	1	0
           594	2026-02-05 18:09:33	1	0	1	0
           594	2026-02-05 18:09:39	1	0	1	0
           585	2026-02-05 18:28:35	1	0	1	0
           585	2026-02-05 18:28:41	1	0	1	0
           585	2026-02-05 18:31:10	1	0	1	0
           585	2026-02-05 18:31:14	1	0	1	0
           572	2026-02-05 18:36:18	1	0	1	0
           572	2026-02-05 18:36:27	1	0	1	0
           218	2026-02-05 18:47:16	1	0	1	0
            34	2026-02-05 18:57:31	1	0	1	0
            34	2026-02-05 18:57:34	1	0	1	0
           408	2026-02-05 19:07:15	1	0	1	0
           244	2026-02-05 21:36:01	1	0	1	0
           212	2026-02-06 06:41:55	1	0	1	0
           212	2026-02-06 06:41:57	1	0	1	0
           248	2026-02-06 06:51:35	1	0	1	0
           248	2026-02-06 06:51:41	1	0	1	0
           109	2026-02-06 07:22:10	1	0	1	0
           955	2026-02-06 07:25:56	1	0	1	0
           526	2026-02-06 07:38:46	1	0	1	0
           407	2026-02-06 07:39:28	1	0	1	0
           260	2026-02-06 07:39:35	1	0	1	0
            98	2026-02-06 07:42:30	1	0	1	0
            98	2026-02-06 07:42:37	1	0	1	0
           828	2026-02-06 07:42:56	1	0	1	0
            68	2026-02-06 07:45:17	1	0	1	0
           625	2026-02-06 07:47:29	1	0	1	0
           225	2026-02-06 07:48:38	1	0	1	0
           117	2026-02-06 07:49:13	1	0	1	0
           221	2026-02-06 07:49:48	1	0	1	0
           221	2026-02-06 07:49:54	1	0	1	0
            73	2026-02-06 07:50:28	1	0	1	0
           107	2026-02-06 07:51:48	1	0	1	0
           245	2026-02-06 07:52:25	1	0	1	0
           120	2026-02-06 07:52:52	1	0	1	0
            10	2026-02-06 07:56:03	1	0	1	0
            10	2026-02-06 07:56:16	1	0	1	0
           152	2026-02-06 07:56:43	1	0	1	0
           106	2026-02-06 07:59:55	1	0	1	0
           160	2026-02-06 08:00:16	1	0	1	0
           562	2026-02-06 08:01:05	1	0	1	0
           144	2026-02-06 08:01:58	1	0	1	0
          2512	2026-02-06 08:03:20	1	0	1	0
            94	2026-02-06 08:06:32	1	0	1	0
           161	2026-02-06 08:06:52	1	0	1	0
           219	2026-02-06 08:08:27	1	0	1	0
            65	2026-02-06 08:09:18	1	0	1	0
            65	2026-02-06 08:09:25	1	0	1	0
           314	2026-02-06 08:13:01	1	0	1	0
           553	2026-02-06 08:13:09	1	0	1	0
           602	2026-02-06 08:14:57	1	0	1	0
           602	2026-02-06 08:15:00	1	0	1	0
           258	2026-02-06 08:17:32	1	0	1	0
           604	2026-02-06 08:18:11	1	0	1	0
          2620	2026-02-06 08:19:19	1	0	1	0
            79	2026-02-06 08:20:07	1	0	1	0
          1003	2026-02-06 08:26:33	1	0	1	0
           601	2026-02-06 08:27:25	1	0	1	0
             1	2026-02-06 08:28:02	1	0	1	0
             1	2026-02-06 08:28:06	1	0	1	0
           576	2026-02-06 08:35:41	1	0	1	0
           252	2026-02-06 08:36:39	1	0	1	0
           645	2026-02-06 08:38:36	1	0	1	0
            52	2026-02-06 08:38:54	1	0	1	0
            52	2026-02-06 08:39:00	1	0	1	0
           124	2026-02-06 08:39:17	1	0	1	0
           124	2026-02-06 08:39:19	1	0	1	0
            71	2026-02-06 08:40:49	1	0	1	0
            71	2026-02-06 08:40:57	1	0	1	0
           179	2026-02-06 08:42:48	1	0	1	0
           179	2026-02-06 08:42:57	1	0	1	0
           635	2026-02-06 08:43:17	1	0	1	0
           230	2026-02-06 08:44:59	1	0	1	0
           230	2026-02-06 08:45:01	1	0	1	0
           232	2026-02-06 08:45:08	1	0	1	0
           232	2026-02-06 08:45:13	1	0	1	0
           113	2026-02-06 08:45:18	1	0	1	0
           251	2026-02-06 08:45:42	1	0	1	0
           575	2026-02-06 08:45:51	1	0	1	0
           575	2026-02-06 08:46:04	1	0	1	0
           891	2026-02-06 08:46:10	1	0	1	0
           531	2026-02-06 08:46:47	1	0	1	0
           663	2026-02-06 08:48:45	1	0	1	0
           253	2026-02-06 08:49:03	1	0	1	0
            87	2026-02-06 08:51:47	1	0	1	0
           101	2026-02-06 08:52:00	1	0	1	0
            87	2026-02-06 08:52:41	1	0	1	0
           318	2026-02-06 08:53:41	1	0	1	0
          2505	2026-02-06 08:54:17	1	0	1	0
          2505	2026-02-06 08:54:24	1	0	1	0
           328	2026-02-06 08:54:40	1	0	1	0
           328	2026-02-06 08:54:44	1	0	1	0
           896	2026-02-06 08:54:49	1	0	1	0
           896	2026-02-06 08:54:51	1	0	1	0
           249	2026-02-06 08:55:24	1	0	1	0
           631	2026-02-06 08:55:37	1	0	1	0
            12	2026-02-06 08:56:07	1	0	1	0
           584	2026-02-06 08:56:30	1	0	1	0
            25	2026-02-06 08:56:43	1	0	1	0
            25	2026-02-06 08:56:49	1	0	1	0
           623	2026-02-06 08:57:11	1	0	1	0
           623	2026-02-06 08:57:16	1	0	1	0
            87	2026-02-06 08:57:37	1	0	1	0
            87	2026-02-06 08:57:43	1	0	1	0
            82	2026-02-06 08:58:31	1	0	1	0
           325	2026-02-06 08:59:07	1	0	1	0
           628	2026-02-06 08:59:19	1	0	1	0
            93	2026-02-06 08:59:30	1	0	1	0
           618	2026-02-06 08:59:36	1	0	1	0
           587	2026-02-06 09:00:08	1	0	1	0
            22	2026-02-06 09:00:14	1	0	1	0
            35	2026-02-06 09:01:24	1	0	1	0
            35	2026-02-06 09:01:29	1	0	1	0
           559	2026-02-06 09:01:42	1	0	1	0
           559	2026-02-06 09:01:46	1	0	1	0
          2500	2026-02-06 09:02:19	1	0	1	0
           572	2026-02-06 09:03:13	1	0	1	0
           572	2026-02-06 09:03:16	1	0	1	0
           578	2026-02-06 09:03:23	1	0	1	0
           204	2026-02-06 09:03:36	1	0	1	0
           204	2026-02-06 09:03:40	1	0	1	0
          2506	2026-02-06 09:05:22	1	0	1	0
          2506	2026-02-06 09:05:24	1	0	1	0
           565	2026-02-06 09:06:10	1	0	1	0
           501	2026-02-06 09:06:23	1	0	1	0
           622	2026-02-06 09:07:09	1	0	1	0
           622	2026-02-06 09:07:15	1	0	1	0
           622	2026-02-06 09:07:21	1	0	1	0
           514	2026-02-06 09:07:27	1	0	1	0
            18	2026-02-06 09:07:48	1	0	1	0
            18	2026-02-06 09:08:02	1	0	1	0
          2501	2026-02-06 09:08:59	1	0	1	0
           527	2026-02-06 09:09:22	1	0	1	0
           569	2026-02-06 09:09:28	1	0	1	0
           610	2026-02-06 09:09:34	1	0	1	0
          2502	2026-02-06 09:09:55	1	0	1	0
           521	2026-02-06 09:10:02	1	0	1	0
           561	2026-02-06 09:14:29	1	0	1	0
           616	2026-02-06 09:15:53	1	0	1	0
            53	2026-02-06 09:16:44	1	0	1	0
           401	2026-02-06 09:18:02	1	0	1	0
           893	2026-02-06 09:19:36	1	0	1	0
            81	2026-02-06 09:25:55	1	0	1	0
           585	2026-02-06 09:29:38	1	0	1	0
           585	2026-02-06 09:29:41	1	0	1	0
          2521	2026-02-06 09:49:22	1	0	1	0
            34	2026-02-06 09:56:48	1	0	1	0
            83	2026-02-06 09:56:59	1	0	1	0
           137	2026-02-06 09:59:01	1	0	1	0
           137	2026-02-06 09:59:10	1	0	1	0
           235	2026-02-06 10:00:12	1	0	1	0
           875	2026-02-06 10:01:56	1	0	1	0
           818	2026-02-06 10:05:44	1	0	1	0
           218	2026-02-06 10:07:22	1	0	1	0
           408	2026-02-06 10:07:30	1	0	1	0
           244	2026-02-06 10:11:43	1	0	1	0
           252	2026-02-06 11:49:40	1	0	1	0
           252	2026-02-06 11:49:59	1	0	1	0
           576	2026-02-06 13:00:44	1	0	1	0
           179	2026-02-06 13:16:07	1	0	1	0
           253	2026-02-06 13:16:34	1	0	1	0
           602	2026-02-06 13:30:07	1	0	1	0
           226	2026-02-06 13:37:16	1	0	1	0
           212	2026-02-06 14:04:43	1	0	1	0
           248	2026-02-06 14:04:49	1	0	1	0
           616	2026-02-06 14:07:28	1	0	1	0
           875	2026-02-06 14:08:56	1	0	1	0
            22	2026-02-06 14:09:17	1	0	1	0
           101	2026-02-06 14:09:31	1	0	1	0
           107	2026-02-06 14:11:20	1	0	1	0
           235	2026-02-06 14:14:06	1	0	1	0
           561	2026-02-06 14:20:36	1	0	1	0
           594	2026-02-06 14:32:48	1	0	1	0
           594	2026-02-06 14:32:52	1	0	1	0
           562	2026-02-06 15:00:03	1	0	1	0
            68	2026-02-06 15:00:13	1	0	1	0
            73	2026-02-06 15:00:20	1	0	1	0
            10	2026-02-06 15:00:28	1	0	1	0
            98	2026-02-06 15:00:34	1	0	1	0
            98	2026-02-06 15:00:39	1	0	1	0
           318	2026-02-06 15:00:42	1	0	1	0
           260	2026-02-06 15:00:45	1	0	1	0
           245	2026-02-06 15:00:51	1	0	1	0
           407	2026-02-06 15:00:56	1	0	1	0
           109	2026-02-06 15:01:02	1	0	1	0
           160	2026-02-06 15:01:11	1	0	1	0
           152	2026-02-06 15:01:24	1	0	1	0
           526	2026-02-06 15:01:34	1	0	1	0
           106	2026-02-06 15:01:40	1	0	1	0
            46	2026-02-06 15:01:59	1	1	1	0
            46	2026-02-06 15:02:06	1	1	1	0
           117	2026-02-06 15:02:12	1	1	1	0
          2512	2026-02-06 15:02:18	1	1	1	0
           120	2026-02-06 15:03:34	1	1	1	0
           625	2026-02-06 15:04:14	1	1	1	0
           625	2026-02-06 15:04:23	1	1	1	0
           828	2026-02-06 15:06:12	1	1	1	0
           219	2026-02-06 15:08:56	1	1	1	0
           219	2026-02-06 15:09:06	1	1	1	0
           221	2026-02-06 15:09:14	1	1	1	0
          2620	2026-02-06 15:09:29	1	1	1	0
           221	2026-02-06 15:10:20	1	1	1	0
            65	2026-02-06 15:10:28	1	1	1	0
           565	2026-02-06 15:11:13	1	1	1	0
            94	2026-02-06 15:13:13	1	1	1	0
           144	2026-02-06 15:23:51	1	1	1	0
          1003	2026-02-06 15:34:59	1	1	1	0
           327	2026-02-06 15:44:24	1	1	1	0
           314	2026-02-06 15:53:33	1	1	1	0
             1	2026-02-06 16:00:27	1	1	1	0
             1	2026-02-06 16:00:33	1	1	1	0
            72	2026-02-06 16:00:43	1	1	1	0
            71	2026-02-06 16:00:52	1	1	1	0
           225	2026-02-06 16:02:03	1	1	1	0
           559	2026-02-06 16:02:15	1	1	1	0
           559	2026-02-06 16:02:20	1	1	1	0
            12	2026-02-06 16:02:30	1	1	1	0
            12	2026-02-06 16:02:35	1	1	1	0
           578	2026-02-06 16:02:41	1	1	1	0
           222	2026-02-06 16:02:54	1	1	1	0
           896	2026-02-06 16:02:59	1	1	1	0
           161	2026-02-06 16:03:10	1	1	1	0
            93	2026-02-06 16:03:50	1	1	1	0
           137	2026-02-06 16:04:29	1	1	1	0
           137	2026-02-06 16:04:32	1	1	1	0
           610	2026-02-06 16:05:06	1	1	1	0
           113	2026-02-06 16:05:12	1	1	1	0
           618	2026-02-06 16:05:24	1	1	1	0
           618	2026-02-06 16:05:32	1	1	1	0
           618	2026-02-06 16:05:37	1	1	1	0
           249	2026-02-06 16:05:52	1	1	1	0
          2505	2026-02-06 16:06:24	1	1	1	0
          2505	2026-02-06 16:06:30	1	1	1	0
           401	2026-02-06 16:06:37	1	1	1	0
           401	2026-02-06 16:06:47	1	1	1	0
          2506	2026-02-06 16:07:04	1	1	1	0
          2501	2026-02-06 16:07:18	1	1	1	0
           191	2026-02-06 16:07:26	1	1	1	0
           232	2026-02-06 16:07:49	1	1	1	0
           232	2026-02-06 16:07:53	1	1	1	0
           527	2026-02-06 16:08:16	1	1	1	0
           525	2026-02-06 16:08:36	1	1	1	0
           252	2026-02-06 16:08:56	1	1	1	0
            53	2026-02-06 16:09:04	1	1	1	0
            25	2026-02-06 16:09:10	1	1	1	0
            25	2026-02-06 16:09:16	1	1	1	0
           956	2026-02-06 16:09:22	1	1	1	0
           955	2026-02-06 16:09:27	1	1	1	0
            35	2026-02-06 16:10:13	1	1	1	0
            35	2026-02-06 16:10:15	1	1	1	0
           631	2026-02-06 16:11:13	1	1	1	0
          2500	2026-02-06 16:13:47	1	1	1	0
          2502	2026-02-06 16:14:07	1	1	1	0
          2503	2026-02-06 16:14:55	1	1	1	0
          2503	2026-02-06 16:14:57	1	1	1	0
           635	2026-02-06 16:16:08	1	1	1	0
           575	2026-02-06 16:16:13	1	1	1	0
           575	2026-02-06 16:16:19	1	1	1	0
           891	2026-02-06 16:16:30	1	1	1	0
           124	2026-02-06 16:16:38	1	1	1	0
           124	2026-02-06 16:16:44	1	1	1	0
           179	2026-02-06 16:18:31	1	1	1	0
           179	2026-02-06 16:18:35	1	1	1	0
           230	2026-02-06 16:20:41	1	1	1	0
           230	2026-02-06 16:20:46	1	1	1	0
            79	2026-02-06 16:25:44	1	1	1	0
           218	2026-02-06 16:25:52	1	1	1	0
            87	2026-02-06 16:32:20	1	1	1	0
            87	2026-02-06 16:32:27	1	1	1	0
            87	2026-02-06 16:32:41	1	1	1	0
           628	2026-02-06 16:34:13	1	1	1	0
           601	2026-02-06 16:36:34	1	1	1	0
           893	2026-02-06 16:40:41	1	1	1	0
           514	2026-02-06 16:44:22	1	1	1	0
           569	2026-02-06 16:55:28	1	1	1	0
           553	2026-02-06 17:00:22	1	1	1	0
           623	2026-02-06 17:02:16	1	1	1	0
           623	2026-02-06 17:02:21	1	1	1	0
           251	2026-02-06 17:02:35	1	1	1	0
           204	2026-02-06 17:02:42	1	1	1	0
           204	2026-02-06 17:02:46	1	1	1	0
           251	2026-02-06 17:05:27	1	1	1	0
          2521	2026-02-06 17:07:13	1	1	1	0
           587	2026-02-06 17:08:03	1	1	1	0
           325	2026-02-06 17:10:59	1	1	1	0
           501	2026-02-06 17:17:09	1	1	1	0
           604	2026-02-06 17:31:09	1	1	1	0
           645	2026-02-06 17:31:14	1	1	1	0
           572	2026-02-06 17:39:52	1	1	1	0
           572	2026-02-06 17:39:59	1	1	1	0
           328	2026-02-06 18:01:07	1	1	1	0
           328	2026-02-06 18:01:10	1	1	1	0
            81	2026-02-06 18:05:04	1	1	1	0
            82	2026-02-06 18:05:19	1	1	1	0
            83	2026-02-06 18:05:52	1	1	1	0
            90	2026-02-06 18:05:58	1	1	1	0
           521	2026-02-06 18:07:34	1	1	1	0
           521	2026-02-06 18:07:44	1	1	1	0
           258	2026-02-06 18:15:29	1	1	1	0
           531	2026-02-06 18:15:36	1	1	1	0
           584	2026-02-06 18:15:43	1	1	1	0
           594	2026-02-06 18:15:53	1	1	1	0
           594	2026-02-06 18:16:04	1	1	1	0
           622	2026-02-06 18:16:12	1	1	1	0
           622	2026-02-06 18:16:18	1	1	1	0
           622	2026-02-06 18:16:24	1	1	1	0
            34	2026-02-06 18:22:19	1	1	1	0
            34	2026-02-06 18:22:22	1	1	1	0
            18	2026-02-06 18:28:49	1	1	1	0
           585	2026-02-06 18:34:32	1	1	1	0
           585	2026-02-06 18:34:35	1	1	1	0
           244	2026-02-06 20:20:10	1	1	1	0
           212	2026-02-09 06:48:06	1	1	1	0
            68	2026-02-09 06:55:11	1	1	1	0
           109	2026-02-09 07:25:17	1	1	1	0
           955	2026-02-09 07:27:59	1	1	1	0
           221	2026-02-09 07:31:45	1	1	1	0
           221	2026-02-09 07:31:50	1	1	1	0
           160	2026-02-09 07:42:15	1	1	1	0
           526	2026-02-09 07:42:49	1	1	1	0
            98	2026-02-09 07:47:59	1	1	1	0
           144	2026-02-09 07:48:39	1	1	1	0
            73	2026-02-09 07:49:30	1	1	1	0
          2512	2026-02-09 07:49:44	1	1	1	0
           828	2026-02-09 07:50:59	1	1	1	0
           120	2026-02-09 07:51:48	1	1	1	0
           625	2026-02-09 07:52:51	1	1	1	0
           625	2026-02-09 07:52:58	1	1	1	0
           260	2026-02-09 07:53:37	1	1	1	0
           152	2026-02-09 07:54:33	1	1	1	0
           117	2026-02-09 07:54:39	1	1	1	0
           407	2026-02-09 07:58:46	1	1	1	0
            44	2026-02-09 08:00:27	1	1	1	0
           245	2026-02-09 08:00:50	1	1	1	0
           245	2026-02-09 08:01:05	1	1	1	0
           107	2026-02-09 08:02:04	1	1	1	0
             1	2026-02-09 08:03:11	1	1	1	0
             1	2026-02-09 08:03:17	1	1	1	0
           314	2026-02-09 08:04:01	1	1	1	0
            65	2026-02-09 08:05:54	1	1	1	0
           225	2026-02-09 08:06:23	1	1	1	0
            79	2026-02-09 08:06:30	1	1	1	0
           553	2026-02-09 08:06:42	1	1	1	0
           956	2026-02-09 08:07:53	1	1	1	0
           562	2026-02-09 08:08:23	1	1	1	0
           565	2026-02-09 08:09:55	1	1	1	0
           565	2026-02-09 08:10:14	1	1	1	0
           219	2026-02-09 08:14:01	1	1	1	0
           604	2026-02-09 08:18:40	1	1	1	0
           601	2026-02-09 08:19:36	1	1	1	0
            71	2026-02-09 08:23:19	1	1	1	0
            71	2026-02-09 08:23:23	1	1	1	0
          2620	2026-02-09 08:24:04	1	1	1	0
           645	2026-02-09 08:26:15	1	1	1	0
           879	2026-02-09 08:28:40	1	1	1	0
           879	2026-02-09 08:28:43	1	1	1	0
          1003	2026-02-09 08:31:12	1	1	1	0
           563	2026-02-09 08:33:44	1	1	1	0
           563	2026-02-09 08:33:50	1	1	1	0
            52	2026-02-09 08:37:20	1	1	1	0
            52	2026-02-09 08:37:29	1	1	1	0
            46	2026-02-09 08:38:34	1	0	1	0
            46	2026-02-09 08:38:39	1	0	1	0
           225	2026-02-09 08:38:45	1	0	1	0
           113	2026-02-09 08:39:36	1	0	1	0
           113	2026-02-09 08:39:58	1	0	1	0
           569	2026-02-09 08:40:52	1	0	1	0
           253	2026-02-09 08:44:12	1	0	1	0
           575	2026-02-09 08:45:48	1	0	1	0
           575	2026-02-09 08:45:54	1	0	1	0
           635	2026-02-09 08:45:59	1	0	1	0
            25	2026-02-09 08:46:25	1	0	1	0
            25	2026-02-09 08:46:38	1	0	1	0
           576	2026-02-09 08:50:26	1	0	1	0
          2501	2026-02-09 08:50:56	1	0	1	0
          2505	2026-02-09 08:51:39	1	0	1	0
          2505	2026-02-09 08:51:50	1	0	1	0
           179	2026-02-09 08:52:40	1	0	1	0
           179	2026-02-09 08:52:49	1	0	1	0
           605	2026-02-09 08:53:41	1	0	1	0
           605	2026-02-09 08:53:44	1	0	1	0
            35	2026-02-09 08:54:27	1	0	1	0
            35	2026-02-09 08:54:31	1	0	1	0
           252	2026-02-09 08:55:45	1	0	1	0
           252	2026-02-09 08:55:52	1	0	1	0
           101	2026-02-09 08:55:58	1	0	1	0
           559	2026-02-09 08:56:04	1	0	1	0
           559	2026-02-09 08:56:10	1	0	1	0
           230	2026-02-09 08:56:16	1	0	1	0
           230	2026-02-09 08:56:19	1	0	1	0
           663	2026-02-09 08:56:24	1	0	1	0
           896	2026-02-09 08:59:30	1	0	1	0
           896	2026-02-09 08:59:32	1	0	1	0
           631	2026-02-09 09:01:37	1	0	1	0
           623	2026-02-09 09:01:46	1	0	1	0
           623	2026-02-09 09:01:50	1	0	1	0
           251	2026-02-09 09:02:12	1	0	1	0
           514	2026-02-09 09:02:17	1	0	1	0
            22	2026-02-09 09:02:22	1	0	1	0
          2506	2026-02-09 09:02:33	1	0	1	0
           891	2026-02-09 09:02:53	1	0	1	0
           414	2026-02-09 09:03:01	1	0	1	0
           414	2026-02-09 09:03:04	1	0	1	0
           204	2026-02-09 09:03:18	1	0	1	0
           204	2026-02-09 09:03:22	1	0	1	0
           544	2026-02-09 09:03:25	1	0	1	0
           561	2026-02-09 09:03:40	1	0	1	0
            93	2026-02-09 09:03:48	1	0	1	0
           618	2026-02-09 09:04:16	1	0	1	0
           618	2026-02-09 09:04:25	1	0	1	0
           618	2026-02-09 09:04:31	1	0	1	0
           327	2026-02-09 09:05:36	1	0	1	0
           249	2026-02-09 09:06:19	1	0	1	0
           610	2026-02-09 09:07:40	1	0	1	0
            18	2026-02-09 09:08:07	1	0	1	0
            54	2026-02-09 09:08:13	1	0	1	0
           587	2026-02-09 09:08:18	1	0	1	0
            72	2026-02-09 09:08:48	1	0	1	0
          2502	2026-02-09 09:09:01	1	0	1	0
           521	2026-02-09 09:09:18	1	0	1	0
           222	2026-02-09 09:09:28	1	0	1	0
           114	2026-02-09 09:09:35	1	0	1	0
           584	2026-02-09 09:10:04	1	0	1	0
           401	2026-02-09 09:10:20	1	0	1	0
           191	2026-02-09 09:10:33	1	0	1	0
           622	2026-02-09 09:11:31	1	0	1	0
           622	2026-02-09 09:11:36	1	0	1	0
           622	2026-02-09 09:11:42	1	0	1	0
            81	2026-02-09 09:14:40	1	0	1	0
            12	2026-02-09 09:15:25	1	0	1	0
           531	2026-02-09 09:15:59	1	0	1	0
          2500	2026-02-09 09:17:17	1	0	1	0
           893	2026-02-09 09:18:28	1	0	1	0
          2503	2026-02-09 09:19:13	1	0	1	0
           572	2026-02-09 09:19:47	1	0	1	0
           572	2026-02-09 09:20:05	1	0	1	0
             9	2026-02-09 09:24:31	1	0	1	0
           616	2026-02-09 09:33:42	1	0	1	0
            34	2026-02-09 09:33:49	1	0	1	0
            34	2026-02-09 09:33:51	1	0	1	0
           585	2026-02-09 09:38:25	1	0	1	0
           585	2026-02-09 09:38:29	1	0	1	0
          2521	2026-02-09 09:42:33	1	0	1	0
           408	2026-02-09 09:50:51	1	0	1	0
            82	2026-02-09 09:58:21	1	0	1	0
           818	2026-02-09 10:00:19	1	0	1	0
           818	2026-02-09 10:01:16	1	0	1	0
           235	2026-02-09 10:02:06	1	0	1	0
            90	2026-02-09 10:05:34	1	0	1	0
           137	2026-02-09 10:05:55	1	0	1	0
           137	2026-02-09 10:05:59	1	0	1	0
           244	2026-02-09 10:06:06	1	0	1	0
           875	2026-02-09 10:07:29	1	0	1	0
            83	2026-02-09 10:08:05	1	0	1	0
           218	2026-02-09 10:21:25	1	0	1	0
           576	2026-02-09 13:00:04	1	0	1	0
           226	2026-02-09 13:07:42	1	0	1	0
           253	2026-02-09 13:07:50	1	0	1	0
           818	2026-02-09 13:54:40	1	0	1	0
           818	2026-02-09 13:54:48	1	0	1	0
            22	2026-02-09 14:02:27	1	0	1	0
           212	2026-02-09 14:02:51	1	0	1	0
           107	2026-02-09 14:06:23	1	0	1	0
           561	2026-02-09 14:09:17	1	0	1	0
           235	2026-02-09 14:16:08	1	0	1	0
           594	2026-02-09 14:32:51	1	0	1	0
           594	2026-02-09 14:32:56	1	0	1	0
           101	2026-02-09 14:41:02	1	0	1	0
           616	2026-02-09 14:49:12	1	0	1	0
           875	2026-02-09 14:49:53	1	0	1	0
           260	2026-02-09 15:00:49	1	0	1	0
           407	2026-02-09 15:00:53	1	0	1	0
           318	2026-02-09 15:01:00	1	0	1	0
           245	2026-02-09 15:01:09	1	0	1	0
            98	2026-02-09 15:01:16	1	0	1	0
          2512	2026-02-09 15:01:19	1	0	1	0
           109	2026-02-09 15:01:26	1	0	1	0
           160	2026-02-09 15:01:39	1	0	1	0
           117	2026-02-09 15:02:24	1	0	1	0
            84	2026-02-09 15:02:31	1	0	1	0
           106	2026-02-09 15:02:37	1	0	1	0
           152	2026-02-09 15:02:43	1	0	1	0
            79	2026-02-09 15:02:54	1	0	1	0
            46	2026-02-09 15:03:42	1	1	1	0
            46	2026-02-09 15:03:45	1	1	1	0
            65	2026-02-09 15:04:25	1	1	1	0
           219	2026-02-09 15:04:51	1	1	1	0
           221	2026-02-09 15:05:02	1	1	1	0
           562	2026-02-09 15:05:07	1	1	1	0
           562	2026-02-09 15:05:10	1	1	1	0
            65	2026-02-09 15:05:25	1	1	1	0
           526	2026-02-09 15:05:34	1	1	1	0
            68	2026-02-09 15:05:41	1	1	1	0
           625	2026-02-09 15:05:51	1	1	1	0
            73	2026-02-09 15:05:58	1	1	1	0
          2620	2026-02-09 15:08:01	1	1	1	0
           879	2026-02-09 15:08:56	1	1	1	0
           879	2026-02-09 15:08:58	1	1	1	0
            44	2026-02-09 15:09:14	1	1	1	0
           314	2026-02-09 15:09:23	1	1	1	0
           565	2026-02-09 15:10:22	1	1	1	0
           828	2026-02-09 15:11:29	1	1	1	0
           161	2026-02-09 15:29:39	1	1	1	0
          1003	2026-02-09 15:31:43	1	1	1	0
            52	2026-02-09 15:34:32	1	1	1	0
            52	2026-02-09 15:34:36	1	1	1	0
             1	2026-02-09 16:00:19	1	1	1	0
             1	2026-02-09 16:00:24	1	1	1	0
            71	2026-02-09 16:00:44	1	1	1	0
           113	2026-02-09 16:01:14	1	1	1	0
           113	2026-02-09 16:01:22	1	1	1	0
           896	2026-02-09 16:01:30	1	1	1	0
           896	2026-02-09 16:01:32	1	1	1	0
           605	2026-02-09 16:01:45	1	1	1	0
           232	2026-02-09 16:01:52	1	1	1	0
           232	2026-02-09 16:01:56	1	1	1	0
           225	2026-02-09 16:02:07	1	1	1	0
           137	2026-02-09 16:02:12	1	1	1	0
           137	2026-02-09 16:02:15	1	1	1	0
           137	2026-02-09 16:02:17	1	1	1	0
           893	2026-02-09 16:02:21	1	1	1	0
           663	2026-02-09 16:02:26	1	1	1	0
            12	2026-02-09 16:02:32	1	1	1	0
          2506	2026-02-09 16:02:40	1	1	1	0
           563	2026-02-09 16:02:46	1	1	1	0
           631	2026-02-09 16:02:49	1	1	1	0
           114	2026-02-09 16:02:55	1	1	1	0
             9	2026-02-09 16:03:04	1	1	1	0
          2501	2026-02-09 16:03:10	1	1	1	0
           191	2026-02-09 16:03:16	1	1	1	0
           575	2026-02-09 16:03:22	1	1	1	0
           575	2026-02-09 16:03:28	1	1	1	0
           635	2026-02-09 16:03:53	1	1	1	0
           544	2026-02-09 16:03:59	1	1	1	0
            72	2026-02-09 16:04:29	1	1	1	0
           401	2026-02-09 16:05:47	1	1	1	0
           610	2026-02-09 16:06:23	1	1	1	0
            93	2026-02-09 16:06:30	1	1	1	0
            93	2026-02-09 16:06:32	1	1	1	0
            18	2026-02-09 16:06:38	1	1	1	0
           527	2026-02-09 16:06:48	1	1	1	0
           233	2026-02-09 16:06:54	1	1	1	0
           179	2026-02-09 16:07:35	1	1	1	0
           252	2026-02-09 16:07:42	1	1	1	0
           222	2026-02-09 16:07:49	1	1	1	0
           414	2026-02-09 16:07:54	1	1	1	0
           414	2026-02-09 16:08:00	1	1	1	0
           618	2026-02-09 16:08:31	1	1	1	0
           618	2026-02-09 16:08:34	1	1	1	0
           230	2026-02-09 16:08:41	1	1	1	0
           230	2026-02-09 16:08:44	1	1	1	0
           124	2026-02-09 16:09:15	1	1	1	0
           124	2026-02-09 16:09:17	1	1	1	0
           891	2026-02-09 16:09:21	1	1	1	0
          2502	2026-02-09 16:09:30	1	1	1	0
            35	2026-02-09 16:09:40	1	1	1	0
            35	2026-02-09 16:09:45	1	1	1	0
            25	2026-02-09 16:09:51	1	1	1	0
            25	2026-02-09 16:09:57	1	1	1	0
           249	2026-02-09 16:12:35	1	1	1	0
          2505	2026-02-09 16:16:27	1	1	1	0
          2505	2026-02-09 16:16:36	1	1	1	0
           569	2026-02-09 16:28:21	1	1	1	0
            53	2026-02-09 16:28:33	1	1	1	0
           601	2026-02-09 16:32:20	1	1	1	0
           514	2026-02-09 16:48:01	1	1	1	0
           628	2026-02-09 16:48:06	1	1	1	0
           623	2026-02-09 17:01:40	1	1	1	0
           623	2026-02-09 17:01:43	1	1	1	0
           204	2026-02-09 17:02:07	1	1	1	0
           204	2026-02-09 17:02:13	1	1	1	0
           559	2026-02-09 17:03:31	1	1	1	0
           559	2026-02-09 17:03:36	1	1	1	0
            81	2026-02-09 17:10:01	1	1	1	0
           818	2026-02-09 17:11:43	1	1	1	0
           553	2026-02-09 17:11:58	1	1	1	0
          2503	2026-02-09 17:18:37	1	1	1	0
           604	2026-02-09 17:30:07	1	1	1	0
           645	2026-02-09 17:30:12	1	1	1	0
           251	2026-02-09 17:33:36	1	1	1	0
          2521	2026-02-09 17:43:20	1	1	1	0
           218	2026-02-09 17:49:04	1	1	1	0
           584	2026-02-09 18:04:41	1	1	1	0
           594	2026-02-09 18:04:46	1	1	1	0
           594	2026-02-09 18:04:51	1	1	1	0
           408	2026-02-09 18:05:41	1	1	1	0
           531	2026-02-09 18:07:21	1	1	1	0
           587	2026-02-09 18:09:02	1	1	1	0
           572	2026-02-09 18:16:35	1	1	1	0
           572	2026-02-09 18:16:37	1	1	1	0
           622	2026-02-09 18:16:43	1	1	1	0
           622	2026-02-09 18:16:49	1	1	1	0
           622	2026-02-09 18:16:55	1	1	1	0
            90	2026-02-09 18:20:04	1	1	1	0
           585	2026-02-09 18:31:13	1	1	1	0
           585	2026-02-09 18:31:15	1	1	1	0
            82	2026-02-09 19:01:02	1	1	1	0
            83	2026-02-09 19:01:08	1	1	1	0
            34	2026-02-09 19:02:02	1	1	1	0
            34	2026-02-09 19:02:06	1	1	1	0
           244	2026-02-09 20:22:09	1	1	1	0
           526	2026-02-10 06:48:54	1	1	1	0
           212	2026-02-10 06:49:00	1	1	1	0
           248	2026-02-10 06:49:52	1	1	1	0
           248	2026-02-10 06:49:56	1	1	1	0
            68	2026-02-10 06:55:19	1	1	1	0
           221	2026-02-10 07:14:28	1	1	1	0
           221	2026-02-10 07:14:31	1	1	1	0
           407	2026-02-10 07:29:23	1	1	1	0
            98	2026-02-10 07:35:35	1	1	1	0
            98	2026-02-10 07:35:44	1	1	1	0
           117	2026-02-10 07:35:58	1	1	1	0
            73	2026-02-10 07:46:39	1	1	1	0
           107	2026-02-10 07:49:15	1	1	1	0
           562	2026-02-10 07:49:19	1	1	1	0
           828	2026-02-10 07:49:34	1	1	1	0
           625	2026-02-10 07:49:49	1	1	1	0
           120	2026-02-10 07:51:07	1	1	1	0
            44	2026-02-10 07:52:21	1	1	1	0
           245	2026-02-10 07:52:50	1	1	1	0
           245	2026-02-10 07:52:54	1	1	1	0
            84	2026-02-10 07:54:40	1	1	1	0
           879	2026-02-10 07:56:43	1	1	1	0
           879	2026-02-10 07:56:45	1	1	1	0
           152	2026-02-10 07:57:21	1	1	1	0
           260	2026-02-10 07:57:54	1	1	1	0
           106	2026-02-10 08:00:35	1	1	1	0
           565	2026-02-10 08:01:56	1	1	1	0
           161	2026-02-10 08:03:01	1	1	1	0
            10	2026-02-10 08:04:30	1	1	1	0
          2512	2026-02-10 08:04:46	1	1	1	0
            65	2026-02-10 08:05:22	1	1	1	0
           553	2026-02-10 08:05:29	1	1	1	0
           314	2026-02-10 08:05:58	1	1	1	0
           314	2026-02-10 08:06:01	1	1	1	0
            79	2026-02-10 08:07:46	1	1	1	0
            94	2026-02-10 08:10:11	1	1	1	0
          2620	2026-02-10 08:13:21	1	1	1	0
             1	2026-02-10 08:18:20	1	1	1	0
             1	2026-02-10 08:18:26	1	1	1	0
           219	2026-02-10 08:19:30	1	1	1	0
           601	2026-02-10 08:19:52	1	1	1	0
           218	2026-02-10 08:22:04	1	1	1	0
           604	2026-02-10 08:23:11	1	1	1	0
           645	2026-02-10 08:24:40	1	1	1	0
          1003	2026-02-10 08:29:20	1	1	1	0
            52	2026-02-10 08:31:13	1	1	1	0
            52	2026-02-10 08:31:19	1	1	1	0
           124	2026-02-10 08:31:34	1	1	1	0
           124	2026-02-10 08:31:37	1	1	1	0
            71	2026-02-10 08:33:06	1	1	1	0
           576	2026-02-10 08:34:46	1	1	1	0
           252	2026-02-10 08:38:08	1	1	1	0
           252	2026-02-10 08:38:19	1	1	1	0
           113	2026-02-10 08:41:23	1	1	1	0
            46	2026-02-10 08:42:07	1	0	1	0
            46	2026-02-10 08:42:10	1	0	1	0
          2501	2026-02-10 08:46:40	1	0	1	0
            25	2026-02-10 08:46:46	1	0	1	0
            25	2026-02-10 08:46:52	1	0	1	0
           663	2026-02-10 08:47:09	1	0	1	0
            72	2026-02-10 08:47:55	1	0	1	0
           544	2026-02-10 08:48:06	1	0	1	0
          2505	2026-02-10 08:49:55	1	0	1	0
          2505	2026-02-10 08:50:01	1	0	1	0
           179	2026-02-10 08:50:09	1	0	1	0
           569	2026-02-10 08:50:48	1	0	1	0
           232	2026-02-10 08:50:55	1	0	1	0
           232	2026-02-10 08:50:58	1	0	1	0
           179	2026-02-10 08:51:29	1	0	1	0
           225	2026-02-10 08:51:44	1	0	1	0
           225	2026-02-10 08:51:54	1	0	1	0
           258	2026-02-10 08:52:51	1	0	1	0
           635	2026-02-10 08:54:48	1	0	1	0
           563	2026-02-10 08:54:54	1	0	1	0
           623	2026-02-10 08:55:24	1	0	1	0
           623	2026-02-10 08:55:29	1	0	1	0
           318	2026-02-10 08:56:54	1	0	1	0
           230	2026-02-10 08:58:33	1	0	1	0
           230	2026-02-10 08:58:36	1	0	1	0
           328	2026-02-10 08:58:53	1	0	1	0
           328	2026-02-10 08:58:55	1	0	1	0
            35	2026-02-10 08:59:00	1	0	1	0
            35	2026-02-10 08:59:05	1	0	1	0
           327	2026-02-10 08:59:12	1	0	1	0
           327	2026-02-10 08:59:16	1	0	1	0
           204	2026-02-10 08:59:20	1	0	1	0
           204	2026-02-10 08:59:22	1	0	1	0
           244	2026-02-10 08:59:26	1	0	1	0
            12	2026-02-10 08:59:31	1	0	1	0
           559	2026-02-10 08:59:40	1	0	1	0
           559	2026-02-10 08:59:43	1	0	1	0
           251	2026-02-10 09:00:02	1	0	1	0
           222	2026-02-10 09:00:57	1	0	1	0
           101	2026-02-10 09:01:09	1	0	1	0
           631	2026-02-10 09:01:20	1	0	1	0
           618	2026-02-10 09:01:27	1	0	1	0
           618	2026-02-10 09:01:32	1	0	1	0
           253	2026-02-10 09:01:44	1	0	1	0
           896	2026-02-10 09:01:55	1	0	1	0
           896	2026-02-10 09:01:57	1	0	1	0
            87	2026-02-10 09:02:08	1	0	1	0
            87	2026-02-10 09:02:14	1	0	1	0
            18	2026-02-10 09:02:29	1	0	1	0
            22	2026-02-10 09:03:02	1	0	1	0
           561	2026-02-10 09:04:04	1	0	1	0
           628	2026-02-10 09:04:17	1	0	1	0
          2506	2026-02-10 09:04:39	1	0	1	0
             9	2026-02-10 09:05:19	1	0	1	0
           891	2026-02-10 09:05:59	1	0	1	0
           584	2026-02-10 09:06:27	1	0	1	0
           587	2026-02-10 09:06:51	1	0	1	0
            81	2026-02-10 09:06:58	1	0	1	0
            93	2026-02-10 09:07:04	1	0	1	0
           114	2026-02-10 09:07:12	1	0	1	0
           191	2026-02-10 09:07:17	1	0	1	0
           893	2026-02-10 09:07:23	1	0	1	0
           249	2026-02-10 09:07:35	1	0	1	0
           401	2026-02-10 09:07:43	1	0	1	0
            54	2026-02-10 09:08:09	1	0	1	0
           578	2026-02-10 09:08:17	1	0	1	0
          2502	2026-02-10 09:08:43	1	0	1	0
           651	2026-02-10 09:12:19	1	0	1	0
           233	2026-02-10 09:12:41	1	0	1	0
           501	2026-02-10 09:15:48	1	0	1	0
           616	2026-02-10 09:16:29	1	0	1	0
           527	2026-02-10 09:17:20	1	0	1	0
           622	2026-02-10 09:18:17	1	0	1	0
           622	2026-02-10 09:18:26	1	0	1	0
           622	2026-02-10 09:18:32	1	0	1	0
           622	2026-02-10 09:18:38	1	0	1	0
           521	2026-02-10 09:18:52	1	0	1	0
           572	2026-02-10 09:18:59	1	0	1	0
           572	2026-02-10 09:19:03	1	0	1	0
           575	2026-02-10 09:23:15	1	0	1	0
           575	2026-02-10 09:23:21	1	0	1	0
           544	2026-02-10 09:40:31	1	0	1	0
           544	2026-02-10 09:55:35	1	0	1	0
            83	2026-02-10 09:55:47	1	0	1	0
           585	2026-02-10 09:57:39	1	0	1	0
           585	2026-02-10 09:57:41	1	0	1	0
            82	2026-02-10 09:59:55	1	0	1	0
           137	2026-02-10 10:06:35	1	0	1	0
           137	2026-02-10 10:06:38	1	0	1	0
           818	2026-02-10 10:06:44	1	0	1	0
           235	2026-02-10 10:07:28	1	0	1	0
           897	2026-02-10 10:08:02	1	0	1	0
            90	2026-02-10 10:08:27	1	0	1	0
          5000	2026-02-10 10:13:01	1	0	1	0
          5000	2026-02-10 10:15:53	1	0	1	0
           875	2026-02-10 10:16:00	1	0	1	0
           161	2026-02-10 10:34:51	1	0	1	0
           525	2026-02-10 10:35:27	1	0	1	0
           576	2026-02-10 13:01:04	1	0	1	0
           253	2026-02-10 13:03:18	1	0	1	0
           605	2026-02-10 13:07:38	1	0	1	0
           605	2026-02-10 13:07:42	1	0	1	0
            54	2026-02-10 13:08:54	1	0	1	0
            46	2026-02-10 14:01:44	1	1	1	0
            46	2026-02-10 14:01:47	1	1	1	0
           248	2026-02-10 14:03:03	1	1	1	0
           248	2026-02-10 14:03:06	1	1	1	0
           212	2026-02-10 14:03:30	1	1	1	0
           107	2026-02-10 14:05:34	1	1	1	0
           235	2026-02-10 14:19:40	1	1	1	0
           875	2026-02-10 14:22:51	1	1	1	0
           594	2026-02-10 14:32:27	1	1	1	0
           594	2026-02-10 14:32:32	1	1	1	0
           101	2026-02-10 14:40:18	1	1	1	0
           318	2026-02-10 15:00:03	1	1	1	0
           407	2026-02-10 15:00:06	1	1	1	0
           260	2026-02-10 15:00:08	1	1	1	0
            10	2026-02-10 15:00:20	1	1	1	0
            98	2026-02-10 15:00:32	1	1	1	0
            98	2026-02-10 15:00:37	1	1	1	0
            68	2026-02-10 15:00:52	1	1	1	0
            73	2026-02-10 15:01:00	1	1	1	0
           152	2026-02-10 15:01:07	1	1	1	0
          2512	2026-02-10 15:01:25	1	1	1	0
           828	2026-02-10 15:01:44	1	1	1	0
           120	2026-02-10 15:01:58	1	1	1	0
            44	2026-02-10 15:02:15	1	1	1	0
           314	2026-02-10 15:02:22	1	1	1	0
           117	2026-02-10 15:02:30	1	1	1	0
            79	2026-02-10 15:02:37	1	1	1	0
           625	2026-02-10 15:04:04	1	1	1	0
           625	2026-02-10 15:04:09	1	1	1	0
            65	2026-02-10 15:04:21	1	1	1	0
           526	2026-02-10 15:04:43	1	1	1	0
           221	2026-02-10 15:05:20	1	1	1	0
           221	2026-02-10 15:05:24	1	1	1	0
           219	2026-02-10 15:05:35	1	1	1	0
           565	2026-02-10 15:07:20	1	1	1	0
           562	2026-02-10 15:08:57	1	1	1	0
          2620	2026-02-10 15:11:41	1	1	1	0
           561	2026-02-10 15:13:53	1	1	1	0
           144	2026-02-10 15:18:17	1	1	1	0
           879	2026-02-10 15:19:34	1	1	1	0
           879	2026-02-10 15:19:37	1	1	1	0
           616	2026-02-10 15:19:56	1	1	1	0
          1003	2026-02-10 15:28:51	1	1	1	0
           161	2026-02-10 15:44:39	1	1	1	0
           327	2026-02-10 15:45:56	1	1	1	0
           137	2026-02-10 16:00:04	1	1	1	0
           137	2026-02-10 16:00:07	1	1	1	0
             1	2026-02-10 16:00:14	1	1	1	0
             1	2026-02-10 16:00:19	1	1	1	0
            71	2026-02-10 16:00:40	1	1	1	0
           113	2026-02-10 16:01:12	1	1	1	0
           896	2026-02-10 16:01:25	1	1	1	0
           896	2026-02-10 16:01:27	1	1	1	0
           222	2026-02-10 16:01:32	1	1	1	0
           663	2026-02-10 16:01:38	1	1	1	0
             9	2026-02-10 16:01:58	1	1	1	0
            72	2026-02-10 16:02:04	1	1	1	0
           563	2026-02-10 16:02:10	1	1	1	0
           631	2026-02-10 16:02:18	1	1	1	0
            52	2026-02-10 16:02:24	1	1	1	0
            52	2026-02-10 16:02:28	1	1	1	0
           225	2026-02-10 16:02:35	1	1	1	0
           225	2026-02-10 16:02:41	1	1	1	0
           114	2026-02-10 16:02:48	1	1	1	0
           544	2026-02-10 16:02:55	1	1	1	0
           191	2026-02-10 16:03:00	1	1	1	0
           569	2026-02-10 16:05:50	1	1	1	0
           610	2026-02-10 16:05:58	1	1	1	0
           618	2026-02-10 16:06:03	1	1	1	0
           618	2026-02-10 16:06:09	1	1	1	0
            93	2026-02-10 16:06:26	1	1	1	0
           230	2026-02-10 16:06:53	1	1	1	0
           230	2026-02-10 16:06:56	1	1	1	0
           232	2026-02-10 16:07:21	1	1	1	0
           232	2026-02-10 16:07:25	1	1	1	0
            25	2026-02-10 16:08:36	1	1	1	0
            25	2026-02-10 16:08:42	1	1	1	0
           893	2026-02-10 16:09:01	1	1	1	0
           578	2026-02-10 16:09:09	1	1	1	0
           249	2026-02-10 16:09:21	1	1	1	0
           401	2026-02-10 16:09:38	1	1	1	0
          2501	2026-02-10 16:11:11	1	1	1	0
          2506	2026-02-10 16:11:23	1	1	1	0
           527	2026-02-10 16:15:31	1	1	1	0
           179	2026-02-10 16:15:43	1	1	1	0
           252	2026-02-10 16:15:50	1	1	1	0
           252	2026-02-10 16:15:56	1	1	1	0
           233	2026-02-10 16:17:33	1	1	1	0
            87	2026-02-10 16:20:43	1	1	1	0
            87	2026-02-10 16:20:48	1	1	1	0
            87	2026-02-10 16:20:55	1	1	1	0
           124	2026-02-10 16:21:23	1	1	1	0
           124	2026-02-10 16:21:25	1	1	1	0
          2500	2026-02-10 16:22:12	1	1	1	0
          2502	2026-02-10 16:22:20	1	1	1	0
           601	2026-02-10 16:36:13	1	1	1	0
          2503	2026-02-10 16:36:53	1	1	1	0
          2503	2026-02-10 16:36:58	1	1	1	0
          2505	2026-02-10 16:52:52	1	1	1	0
          2505	2026-02-10 16:53:03	1	1	1	0
            35	2026-02-10 16:53:09	1	1	1	0
            35	2026-02-10 16:53:15	1	1	1	0
           818	2026-02-10 17:01:35	1	1	1	0
           651	2026-02-10 17:02:01	1	1	1	0
            81	2026-02-10 17:02:14	1	1	1	0
           559	2026-02-10 17:02:31	1	1	1	0
           559	2026-02-10 17:02:35	1	1	1	0
           553	2026-02-10 17:03:46	1	1	1	0
           204	2026-02-10 17:04:23	1	1	1	0
           204	2026-02-10 17:04:28	1	1	1	0
           897	2026-02-10 17:05:31	1	1	1	0
           623	2026-02-10 17:06:38	1	1	1	0
           623	2026-02-10 17:06:41	1	1	1	0
           514	2026-02-10 17:07:06	1	1	1	0
           628	2026-02-10 17:07:17	1	1	1	0
            90	2026-02-10 17:15:14	1	1	1	0
           251	2026-02-10 17:32:42	1	1	1	0
           604	2026-02-10 17:33:53	1	1	1	0
           645	2026-02-10 17:33:58	1	1	1	0
           218	2026-02-10 18:08:17	1	1	1	0
           584	2026-02-10 18:08:38	1	1	1	0
           594	2026-02-10 18:10:10	1	1	1	0
           594	2026-02-10 18:10:18	1	1	1	0
           328	2026-02-10 18:12:05	1	1	1	0
           328	2026-02-10 18:12:07	1	1	1	0
           258	2026-02-10 18:15:23	1	1	1	0
           605	2026-02-10 18:15:46	1	1	1	0
           531	2026-02-10 18:15:54	1	1	1	0
           622	2026-02-10 18:16:52	1	1	1	0
           622	2026-02-10 18:16:58	1	1	1	0
           622	2026-02-10 18:17:04	1	1	1	0
           587	2026-02-10 18:18:27	1	1	1	0
           572	2026-02-10 18:18:33	1	1	1	0
           572	2026-02-10 18:18:37	1	1	1	0
           501	2026-02-10 18:21:08	1	1	1	0
           521	2026-02-10 18:23:03	1	1	1	0
           521	2026-02-10 18:23:09	1	1	1	0
           585	2026-02-10 18:54:49	1	1	1	0
           585	2026-02-10 18:54:52	1	1	1	0
            83	2026-02-10 18:56:41	1	1	1	0
            82	2026-02-10 19:29:16	1	1	1	0
           244	2026-02-10 19:57:21	1	1	1	0
           248	2026-02-11 06:49:25	1	1	1	0
           248	2026-02-11 06:49:28	1	1	1	0
           212	2026-02-11 06:49:35	1	1	1	0
           248	2026-02-11 06:49:56	1	1	1	0
            68	2026-02-11 06:55:26	1	1	1	0
           407	2026-02-11 07:27:28	1	1	1	0
           109	2026-02-11 07:28:14	1	1	1	0
           955	2026-02-11 07:33:27	1	1	1	0
           160	2026-02-11 07:37:34	1	1	1	0
            73	2026-02-11 07:40:10	1	1	1	0
            98	2026-02-11 07:46:44	1	1	1	0
           828	2026-02-11 07:46:49	1	1	1	0
           225	2026-02-11 07:48:23	1	1	1	0
           225	2026-02-11 07:48:35	1	1	1	0
           107	2026-02-11 07:49:53	1	1	1	0
           221	2026-02-11 07:52:06	1	1	1	0
           221	2026-02-11 07:52:09	1	1	1	0
           144	2026-02-11 07:52:58	1	1	1	0
            84	2026-02-11 07:53:28	1	1	1	0
           117	2026-02-11 07:58:20	1	1	1	0
           120	2026-02-11 07:58:25	1	1	1	0
            10	2026-02-11 08:00:29	1	1	1	0
          2512	2026-02-11 08:00:36	1	1	1	0
           625	2026-02-11 08:01:00	1	1	1	0
           553	2026-02-11 08:02:45	1	1	1	0
           219	2026-02-11 08:07:24	1	1	1	0
           562	2026-02-11 08:07:34	1	1	1	0
            65	2026-02-11 08:07:43	1	1	1	0
           314	2026-02-11 08:07:48	1	1	1	0
           161	2026-02-11 08:07:56	1	1	1	0
            79	2026-02-11 08:10:43	1	1	1	0
            44	2026-02-11 08:11:32	1	1	1	0
           253	2026-02-11 08:14:45	1	1	1	0
             1	2026-02-11 08:16:46	1	1	1	0
             1	2026-02-11 08:16:51	1	1	1	0
           601	2026-02-11 08:26:46	1	1	1	0
            71	2026-02-11 08:27:49	1	1	1	0
            71	2026-02-11 08:27:53	1	1	1	0
           575	2026-02-11 08:28:21	1	1	1	0
           575	2026-02-11 08:28:26	1	1	1	0
            52	2026-02-11 08:34:03	1	1	1	0
            52	2026-02-11 08:34:07	1	1	1	0
           576	2026-02-11 08:36:45	1	1	1	0
          2505	2026-02-11 08:37:13	1	1	1	0
          2505	2026-02-11 08:37:19	1	1	1	0
           645	2026-02-11 08:38:54	1	1	1	0
           113	2026-02-11 08:40:53	1	1	1	0
           252	2026-02-11 08:42:09	1	0	1	0
           252	2026-02-11 08:42:15	1	0	1	0
          2501	2026-02-11 08:44:21	1	0	1	0
           124	2026-02-11 08:44:35	1	0	1	0
           124	2026-02-11 08:44:37	1	0	1	0
           569	2026-02-11 08:51:08	1	0	1	0
            46	2026-02-11 08:51:31	1	0	1	0
            46	2026-02-11 08:51:34	1	0	1	0
            25	2026-02-11 08:51:40	1	0	1	0
            25	2026-02-11 08:51:46	1	0	1	0
           891	2026-02-11 08:53:34	1	0	1	0
           635	2026-02-11 08:55:30	1	0	1	0
           232	2026-02-11 08:56:23	1	0	1	0
           232	2026-02-11 08:56:27	1	0	1	0
            35	2026-02-11 08:57:42	1	0	1	0
            35	2026-02-11 08:57:48	1	0	1	0
           663	2026-02-11 08:58:47	1	0	1	0
           230	2026-02-11 08:59:04	1	0	1	0
           230	2026-02-11 08:59:07	1	0	1	0
          2500	2026-02-11 08:59:57	1	0	1	0
           563	2026-02-11 09:00:04	1	0	1	0
           622	2026-02-11 09:00:13	1	0	1	0
           622	2026-02-11 09:00:19	1	0	1	0
           622	2026-02-11 09:00:24	1	0	1	0
          2506	2026-02-11 09:00:58	1	0	1	0
           623	2026-02-11 09:01:23	1	0	1	0
           623	2026-02-11 09:01:27	1	0	1	0
           631	2026-02-11 09:01:41	1	0	1	0
           896	2026-02-11 09:02:01	1	0	1	0
           896	2026-02-11 09:02:04	1	0	1	0
           327	2026-02-11 09:02:13	1	0	1	0
             9	2026-02-11 09:03:12	1	0	1	0
            22	2026-02-11 09:03:34	1	0	1	0
           559	2026-02-11 09:03:54	1	0	1	0
           559	2026-02-11 09:03:59	1	0	1	0
           318	2026-02-11 09:04:10	1	0	1	0
           249	2026-02-11 09:04:41	1	0	1	0
           414	2026-02-11 09:05:16	1	0	1	0
           414	2026-02-11 09:05:21	1	0	1	0
           561	2026-02-11 09:05:29	1	0	1	0
           605	2026-02-11 09:05:40	1	0	1	0
           605	2026-02-11 09:05:42	1	0	1	0
           605	2026-02-11 09:05:44	1	0	1	0
           101	2026-02-11 09:06:09	1	0	1	0
           628	2026-02-11 09:08:07	1	0	1	0
           531	2026-02-11 09:08:31	1	0	1	0
           258	2026-02-11 09:08:53	1	0	1	0
           328	2026-02-11 09:09:27	1	0	1	0
           328	2026-02-11 09:09:29	1	0	1	0
           328	2026-02-11 09:09:35	1	0	1	0
            54	2026-02-11 09:11:25	1	0	1	0
           521	2026-02-11 09:12:20	1	0	1	0
           179	2026-02-11 09:12:28	1	0	1	0
            18	2026-02-11 09:13:29	1	0	1	0
           578	2026-02-11 09:14:44	1	0	1	0
           251	2026-02-11 09:15:05	1	0	1	0
           651	2026-02-11 09:15:17	1	0	1	0
           401	2026-02-11 09:16:03	1	0	1	0
           893	2026-02-11 09:16:24	1	0	1	0
           222	2026-02-11 09:17:22	1	0	1	0
           191	2026-02-11 09:20:47	1	0	1	0
            87	2026-02-11 09:20:59	1	0	1	0
            87	2026-02-11 09:21:30	1	0	1	0
            87	2026-02-11 09:21:36	1	0	1	0
            87	2026-02-11 09:23:49	1	0	1	0
           233	2026-02-11 09:24:42	1	0	1	0
          2503	2026-02-11 09:25:19	1	0	1	0
           527	2026-02-11 09:26:24	1	0	1	0
           618	2026-02-11 09:27:21	1	0	1	0
           572	2026-02-11 09:27:55	1	0	1	0
           572	2026-02-11 09:27:57	1	0	1	0
           572	2026-02-11 09:27:59	1	0	1	0
          2502	2026-02-11 09:28:48	1	0	1	0
           514	2026-02-11 09:30:55	1	0	1	0
           408	2026-02-11 09:33:19	1	0	1	0
           585	2026-02-11 09:37:40	1	0	1	0
           585	2026-02-11 09:37:42	1	0	1	0
           616	2026-02-11 09:38:57	1	0	1	0
           137	2026-02-11 09:59:30	1	0	1	0
           244	2026-02-11 09:59:40	1	0	1	0
            34	2026-02-11 10:01:47	1	0	1	0
            34	2026-02-11 10:01:50	1	0	1	0
           875	2026-02-11 10:02:31	1	0	1	0
            83	2026-02-11 10:05:21	1	0	1	0
            90	2026-02-11 10:07:56	1	0	1	0
           818	2026-02-11 10:08:00	1	0	1	0
           218	2026-02-11 10:09:05	1	0	1	0
           218	2026-02-11 10:09:08	1	0	1	0
            82	2026-02-11 10:11:03	1	0	1	0
           235	2026-02-11 10:19:10	1	0	1	0
           235	2026-02-11 10:19:18	1	0	1	0
           604	2026-02-11 11:52:52	1	0	1	0
           253	2026-02-11 13:01:07	1	0	1	0
           576	2026-02-11 13:30:09	1	0	1	0
            54	2026-02-11 13:46:58	1	0	1	0
            22	2026-02-11 14:04:02	1	0	1	0
           561	2026-02-11 14:09:37	1	0	1	0
           212	2026-02-11 14:09:56	1	0	1	0
           107	2026-02-11 14:12:50	1	0	1	0
           248	2026-02-11 14:18:05	1	0	1	0
           248	2026-02-11 14:18:10	1	0	1	0
           875	2026-02-11 14:22:57	1	0	1	0
           616	2026-02-11 14:25:38	1	0	1	0
           235	2026-02-11 14:27:33	1	0	1	0
           101	2026-02-11 14:28:15	1	0	1	0
           594	2026-02-11 14:31:38	1	0	1	0
           594	2026-02-11 14:31:51	1	0	1	0
            10	2026-02-11 15:00:24	1	0	1	0
           120	2026-02-11 15:00:33	1	0	1	0
           407	2026-02-11 15:00:46	1	0	1	0
           407	2026-02-11 15:00:48	1	0	1	0
            84	2026-02-11 15:00:51	1	0	1	0
           117	2026-02-11 15:00:57	1	0	1	0
            98	2026-02-11 15:01:06	1	0	1	0
            98	2026-02-11 15:01:11	1	0	1	0
           245	2026-02-11 15:01:19	1	0	1	0
           160	2026-02-11 15:01:40	1	0	1	0
           109	2026-02-11 15:01:46	1	0	1	0
            44	2026-02-11 15:02:24	1	0	1	0
           314	2026-02-11 15:02:28	1	0	1	0
            79	2026-02-11 15:02:49	1	0	1	0
            73	2026-02-11 15:03:10	1	0	1	0
            68	2026-02-11 15:03:21	1	0	1	0
           828	2026-02-11 15:04:30	1	0	1	0
            65	2026-02-11 15:04:39	1	0	1	0
           625	2026-02-11 15:05:25	1	0	1	0
           106	2026-02-11 15:06:00	1	0	1	0
           879	2026-02-11 15:06:52	1	0	1	0
           879	2026-02-11 15:06:54	1	0	1	0
           562	2026-02-11 15:06:57	1	0	1	0
          2620	2026-02-11 15:07:05	1	0	1	0
           221	2026-02-11 15:08:27	1	0	1	0
           221	2026-02-11 15:08:30	1	0	1	0
           219	2026-02-11 15:08:39	1	0	1	0
           565	2026-02-11 15:11:03	1	0	1	0
          2512	2026-02-11 15:15:27	1	0	1	0
           144	2026-02-11 15:15:53	1	0	1	0
            46	2026-02-11 15:20:17	1	1	1	0
            46	2026-02-11 15:20:19	1	1	1	0
          1003	2026-02-11 15:30:47	1	1	1	0
           161	2026-02-11 15:33:48	1	1	1	0
           327	2026-02-11 15:34:00	1	1	1	0
             1	2026-02-11 16:00:06	1	1	1	0
             1	2026-02-11 16:00:11	1	1	1	0
           575	2026-02-11 16:00:28	1	1	1	0
           575	2026-02-11 16:00:33	1	1	1	0
           559	2026-02-11 16:01:07	1	1	1	0
           559	2026-02-11 16:01:10	1	1	1	0
           896	2026-02-11 16:01:34	1	1	1	0
           896	2026-02-11 16:01:37	1	1	1	0
           225	2026-02-11 16:01:53	1	1	1	0
            71	2026-02-11 16:01:59	1	1	1	0
             9	2026-02-11 16:02:12	1	1	1	0
           544	2026-02-11 16:02:18	1	1	1	0
           663	2026-02-11 16:02:23	1	1	1	0
           605	2026-02-11 16:02:31	1	1	1	0
          2505	2026-02-11 16:02:39	1	1	1	0
          2505	2026-02-11 16:02:47	1	1	1	0
           137	2026-02-11 16:02:52	1	1	1	0
           137	2026-02-11 16:02:54	1	1	1	0
           893	2026-02-11 16:02:57	1	1	1	0
           114	2026-02-11 16:03:03	1	1	1	0
           631	2026-02-11 16:03:09	1	1	1	0
           563	2026-02-11 16:03:15	1	1	1	0
            52	2026-02-11 16:03:21	1	1	1	0
            52	2026-02-11 16:03:23	1	1	1	0
           233	2026-02-11 16:04:44	1	1	1	0
          2501	2026-02-11 16:05:09	1	1	1	0
           401	2026-02-11 16:05:22	1	1	1	0
           618	2026-02-11 16:06:26	1	1	1	0
           618	2026-02-11 16:06:34	1	1	1	0
           610	2026-02-11 16:06:39	1	1	1	0
          2506	2026-02-11 16:06:45	1	1	1	0
           113	2026-02-11 16:06:59	1	1	1	0
           249	2026-02-11 16:07:25	1	1	1	0
           578	2026-02-11 16:08:21	1	1	1	0
            94	2026-02-11 16:08:27	1	1	1	0
           635	2026-02-11 16:08:59	1	1	1	0
           252	2026-02-11 16:09:45	1	1	1	0
           252	2026-02-11 16:09:51	1	1	1	0
           232	2026-02-11 16:09:59	1	1	1	0
           232	2026-02-11 16:10:04	1	1	1	0
           955	2026-02-11 16:10:31	1	1	1	0
           230	2026-02-11 16:10:40	1	1	1	0
           230	2026-02-11 16:10:43	1	1	1	0
           956	2026-02-11 16:10:51	1	1	1	0
           222	2026-02-11 16:12:54	1	1	1	0
           569	2026-02-11 16:13:27	1	1	1	0
            25	2026-02-11 16:14:00	1	1	1	0
            25	2026-02-11 16:14:06	1	1	1	0
           525	2026-02-11 16:17:10	1	1	1	0
          2500	2026-02-11 16:17:22	1	1	1	0
          2502	2026-02-11 16:17:34	1	1	1	0
           514	2026-02-11 16:19:42	1	1	1	0
           628	2026-02-11 16:19:52	1	1	1	0
           414	2026-02-11 16:20:40	1	1	1	0
           414	2026-02-11 16:20:45	1	1	1	0
            87	2026-02-11 16:25:57	1	1	1	0
            87	2026-02-11 16:26:03	1	1	1	0
          2503	2026-02-11 16:32:14	1	1	1	0
           601	2026-02-11 16:32:44	1	1	1	0
           124	2026-02-11 16:37:03	1	1	1	0
           124	2026-02-11 16:37:05	1	1	1	0
           891	2026-02-11 16:37:09	1	1	1	0
            35	2026-02-11 16:44:12	1	1	1	0
            35	2026-02-11 16:44:18	1	1	1	0
           527	2026-02-11 16:53:48	1	1	1	0
           897	2026-02-11 17:00:50	1	1	1	0
           179	2026-02-11 17:01:40	1	1	1	0
           623	2026-02-11 17:01:46	1	1	1	0
           623	2026-02-11 17:01:49	1	1	1	0
           651	2026-02-11 17:03:49	1	1	1	0
           651	2026-02-11 17:04:25	1	1	1	0
           553	2026-02-11 17:04:40	1	1	1	0
           204	2026-02-11 17:05:06	1	1	1	0
           204	2026-02-11 17:05:10	1	1	1	0
           818	2026-02-11 17:06:50	1	1	1	0
           818	2026-02-11 17:10:03	1	1	1	0
           501	2026-02-11 17:10:27	1	1	1	0
            72	2026-02-11 17:11:41	1	1	1	0
           604	2026-02-11 17:30:59	1	1	1	0
           645	2026-02-11 17:31:04	1	1	1	0
            90	2026-02-11 17:33:19	1	1	1	0
           328	2026-02-11 18:00:12	1	1	1	0
           328	2026-02-11 18:00:17	1	1	1	0
           584	2026-02-11 18:05:12	1	1	1	0
           531	2026-02-11 18:05:18	1	1	1	0
           258	2026-02-11 18:05:23	1	1	1	0
           594	2026-02-11 18:05:28	1	1	1	0
           594	2026-02-11 18:05:33	1	1	1	0
           521	2026-02-11 18:09:13	1	1	1	0
            34	2026-02-11 18:25:48	1	1	1	0
            34	2026-02-11 18:25:52	1	1	1	0
           572	2026-02-11 18:27:54	1	1	1	0
           572	2026-02-11 18:27:59	1	1	1	0
           622	2026-02-11 18:28:06	1	1	1	0
           622	2026-02-11 18:28:12	1	1	1	0
           622	2026-02-11 18:28:18	1	1	1	0
            18	2026-02-11 18:37:29	1	1	1	0
           585	2026-02-11 18:39:01	1	1	1	0
           585	2026-02-11 18:39:03	1	1	1	0
            83	2026-02-11 18:41:33	1	1	1	0
           408	2026-02-11 19:01:38	1	1	1	0
           244	2026-02-11 19:40:11	1	1	1	0
            82	2026-02-11 19:41:35	1	1	1	0
           526	2026-02-12 06:32:35	1	1	1	0
           212	2026-02-12 06:32:41	1	1	1	0
           212	2026-02-12 06:33:03	1	1	1	0
           248	2026-02-12 06:51:09	1	1	1	0
           248	2026-02-12 06:51:11	1	1	1	0
            68	2026-02-12 06:54:54	1	1	1	0
           109	2026-02-12 07:23:46	1	1	1	0
           144	2026-02-12 07:36:55	1	1	1	0
           221	2026-02-12 07:44:15	1	1	1	0
           828	2026-02-12 07:44:26	1	1	1	0
           221	2026-02-12 07:44:46	1	0	1	0
           117	2026-02-12 07:47:17	1	0	1	0
            44	2026-02-12 07:49:28	1	0	1	0
           245	2026-02-12 07:49:44	1	0	1	0
           160	2026-02-12 07:50:31	1	0	1	0
           107	2026-02-12 07:50:43	1	0	1	0
           152	2026-02-12 07:51:15	1	0	1	0
            84	2026-02-12 07:51:21	1	0	1	0
            73	2026-02-12 07:52:24	1	0	1	0
           562	2026-02-12 07:54:22	1	0	1	0
           260	2026-02-12 07:55:57	1	0	1	0
           407	2026-02-12 07:56:54	1	0	1	0
           407	2026-02-12 07:57:02	1	0	1	0
          2512	2026-02-12 07:57:54	1	0	1	0
           553	2026-02-12 08:01:08	1	0	1	0
           602	2026-02-12 08:04:03	1	0	1	0
           120	2026-02-12 08:04:36	1	0	1	0
           161	2026-02-12 08:07:35	1	0	1	0
            79	2026-02-12 08:07:41	1	0	1	0
           314	2026-02-12 08:08:24	1	0	1	0
            10	2026-02-12 08:09:02	1	0	1	0
           565	2026-02-12 08:09:11	1	0	1	0
           565	2026-02-12 08:09:21	1	0	1	0
           576	2026-02-12 08:18:34	1	0	1	0
          2505	2026-02-12 08:19:07	1	0	1	0
          2505	2026-02-12 08:19:15	1	0	1	0
           219	2026-02-12 08:20:47	1	0	1	0
             1	2026-02-12 08:22:55	1	0	1	0
             1	2026-02-12 08:23:01	1	0	1	0
           601	2026-02-12 08:27:55	1	0	1	0
           645	2026-02-12 08:35:19	1	0	1	0
           575	2026-02-12 08:37:02	1	0	1	0
           575	2026-02-12 08:37:07	1	0	1	0
           113	2026-02-12 08:38:18	1	0	1	0
           531	2026-02-12 08:39:18	1	0	1	0
           258	2026-02-12 08:39:22	1	0	1	0
           124	2026-02-12 08:40:06	1	0	1	0
           124	2026-02-12 08:40:09	1	0	1	0
            71	2026-02-12 08:40:19	1	0	1	0
            71	2026-02-12 08:40:24	1	0	1	0
            46	2026-02-12 08:41:56	1	0	1	0
            46	2026-02-12 08:41:59	1	0	1	0
           604	2026-02-12 08:42:50	1	0	1	0
            72	2026-02-12 08:44:33	1	0	1	0
           252	2026-02-12 08:47:08	1	0	1	0
           252	2026-02-12 08:47:15	1	0	1	0
           663	2026-02-12 08:49:08	1	0	1	0
           569	2026-02-12 08:49:50	1	0	1	0
            87	2026-02-12 08:50:15	1	0	1	0
            87	2026-02-12 08:50:21	1	0	1	0
            87	2026-02-12 08:50:37	1	0	1	0
            25	2026-02-12 08:51:13	1	0	1	0
            25	2026-02-12 08:51:20	1	0	1	0
          2501	2026-02-12 08:52:55	1	0	1	0
            12	2026-02-12 08:53:12	1	0	1	0
            87	2026-02-12 08:54:39	1	0	1	0
           635	2026-02-12 08:54:54	1	0	1	0
           563	2026-02-12 08:55:41	1	0	1	0
          2506	2026-02-12 08:56:46	1	0	1	0
           414	2026-02-12 08:57:02	1	0	1	0
           414	2026-02-12 08:57:09	1	0	1	0
           318	2026-02-12 08:57:41	1	0	1	0
            93	2026-02-12 08:58:13	1	0	1	0
           891	2026-02-12 08:58:30	1	0	1	0
           651	2026-02-12 08:59:28	1	0	1	0
           101	2026-02-12 08:59:40	1	0	1	0
           204	2026-02-12 08:59:45	1	0	1	0
           559	2026-02-12 08:59:52	1	0	1	0
           559	2026-02-12 08:59:56	1	0	1	0
           605	2026-02-12 09:00:03	1	0	1	0
           328	2026-02-12 09:00:09	1	0	1	0
            22	2026-02-12 09:00:13	1	0	1	0
           226	2026-02-12 09:00:18	1	0	1	0
           896	2026-02-12 09:01:56	1	0	1	0
           896	2026-02-12 09:01:59	1	0	1	0
           327	2026-02-12 09:02:22	1	0	1	0
           253	2026-02-12 09:02:33	1	0	1	0
           631	2026-02-12 09:02:40	1	0	1	0
           623	2026-02-12 09:03:45	1	0	1	0
           623	2026-02-12 09:03:48	1	0	1	0
          2502	2026-02-12 09:06:30	1	0	1	0
           610	2026-02-12 09:07:03	1	0	1	0
           587	2026-02-12 09:07:33	1	0	1	0
           587	2026-02-12 09:07:38	1	0	1	0
           222	2026-02-12 09:10:21	1	0	1	0
           584	2026-02-12 09:11:49	1	0	1	0
           230	2026-02-12 09:12:06	1	0	1	0
           230	2026-02-12 09:12:09	1	0	1	0
           893	2026-02-12 09:14:38	1	0	1	0
           527	2026-02-12 09:14:59	1	0	1	0
           233	2026-02-12 09:16:26	1	0	1	0
          2503	2026-02-12 09:18:45	1	0	1	0
           572	2026-02-12 09:19:31	1	0	1	0
           572	2026-02-12 09:19:39	1	0	1	0
          2500	2026-02-12 09:27:33	1	0	1	0
           585	2026-02-12 09:35:50	1	0	1	0
           585	2026-02-12 09:35:53	1	0	1	0
           585	2026-02-12 09:35:59	1	0	1	0
            81	2026-02-12 09:37:17	1	0	1	0
           616	2026-02-12 09:45:43	1	0	1	0
            90	2026-02-12 09:53:25	1	0	1	0
            82	2026-02-12 09:55:19	1	0	1	0
            83	2026-02-12 09:59:47	1	0	1	0
            34	2026-02-12 10:01:45	1	0	1	0
            34	2026-02-12 10:01:47	1	0	1	0
           875	2026-02-12 10:02:10	1	0	1	0
          2521	2026-02-12 10:02:34	1	0	1	0
           244	2026-02-12 10:08:45	1	0	1	0
           244	2026-02-12 10:09:00	1	0	1	0
           818	2026-02-12 10:09:28	1	0	1	0
           235	2026-02-12 10:12:14	1	0	1	0
           137	2026-02-12 10:17:24	1	0	1	0
           137	2026-02-12 10:17:28	1	0	1	0
           137	2026-02-12 10:17:31	1	0	1	0
           408	2026-02-12 10:18:02	1	0	1	0
           594	2026-02-12 11:09:10	1	0	1	0
           594	2026-02-12 11:09:19	1	0	1	0
          2512	2026-02-12 11:50:49	1	0	1	0
           602	2026-02-12 12:35:49	1	0	1	0
           226	2026-02-12 13:02:52	1	0	1	0
           253	2026-02-12 13:09:38	1	0	1	0
           576	2026-02-12 13:30:09	1	0	1	0
           212	2026-02-12 14:02:14	1	0	1	0
            22	2026-02-12 14:02:20	1	0	1	0
           875	2026-02-12 14:03:09	1	0	1	0
            46	2026-02-12 14:04:25	1	1	1	0
            46	2026-02-12 14:04:29	1	1	1	0
           248	2026-02-12 14:06:59	1	1	1	0
           248	2026-02-12 14:07:07	1	1	1	0
           107	2026-02-12 14:07:47	1	1	1	0
           235	2026-02-12 14:30:13	1	1	1	0
           101	2026-02-12 14:37:36	1	1	1	0
           616	2026-02-12 14:39:30	1	1	1	0
            73	2026-02-12 15:00:19	1	1	1	0
           120	2026-02-12 15:00:25	1	1	1	0
           160	2026-02-12 15:01:28	1	1	1	0
           260	2026-02-12 15:01:32	1	1	1	0
           318	2026-02-12 15:01:35	1	1	1	0
            84	2026-02-12 15:01:44	1	1	1	0
           109	2026-02-12 15:02:01	1	1	1	0
           152	2026-02-12 15:02:07	1	1	1	0
           106	2026-02-12 15:02:17	1	1	1	0
           245	2026-02-12 15:02:39	1	1	1	0
           407	2026-02-12 15:02:46	1	1	1	0
            44	2026-02-12 15:03:43	1	1	1	0
           314	2026-02-12 15:03:48	1	1	1	0
            10	2026-02-12 15:03:56	1	1	1	0
           526	2026-02-12 15:04:26	1	1	1	0
           219	2026-02-12 15:04:52	1	1	1	0
           221	2026-02-12 15:04:59	1	1	1	0
           221	2026-02-12 15:05:04	1	1	1	0
           562	2026-02-12 15:06:41	1	1	1	0
            79	2026-02-12 15:07:09	1	1	1	0
           565	2026-02-12 15:07:37	1	1	1	0
           828	2026-02-12 15:15:48	1	1	1	0
           161	2026-02-12 15:24:56	1	1	1	0
           144	2026-02-12 15:27:56	1	1	1	0
             1	2026-02-12 16:00:07	1	1	1	0
             1	2026-02-12 16:00:12	1	1	1	0
            93	2026-02-12 16:00:17	1	1	1	0
           575	2026-02-12 16:00:27	1	1	1	0
           575	2026-02-12 16:00:32	1	1	1	0
           635	2026-02-12 16:01:09	1	1	1	0
           893	2026-02-12 16:01:14	1	1	1	0
           896	2026-02-12 16:01:20	1	1	1	0
           896	2026-02-12 16:01:22	1	1	1	0
            71	2026-02-12 16:01:34	1	1	1	0
           663	2026-02-12 16:01:41	1	1	1	0
           605	2026-02-12 16:01:57	1	1	1	0
            12	2026-02-12 16:02:32	1	1	1	0
           137	2026-02-12 16:03:10	1	1	1	0
           137	2026-02-12 16:03:12	1	1	1	0
           631	2026-02-12 16:03:20	1	1	1	0
            72	2026-02-12 16:03:46	1	1	1	0
            25	2026-02-12 16:04:16	1	1	1	0
            25	2026-02-12 16:04:28	1	1	1	0
           222	2026-02-12 16:06:04	1	1	1	0
           414	2026-02-12 16:06:10	1	1	1	0
           414	2026-02-12 16:06:15	1	1	1	0
           230	2026-02-12 16:06:39	1	1	1	0
           230	2026-02-12 16:06:43	1	1	1	0
           252	2026-02-12 16:07:03	1	1	1	0
           233	2026-02-12 16:07:18	1	1	1	0
          2505	2026-02-12 16:07:26	1	1	1	0
          2505	2026-02-12 16:07:32	1	1	1	0
          2506	2026-02-12 16:07:41	1	1	1	0
          2501	2026-02-12 16:07:49	1	1	1	0
          2502	2026-02-12 16:10:31	1	1	1	0
           113	2026-02-12 16:10:54	1	1	1	0
           610	2026-02-12 16:11:13	1	1	1	0
           618	2026-02-12 16:11:39	1	1	1	0
           618	2026-02-12 16:11:46	1	1	1	0
           618	2026-02-12 16:11:51	1	1	1	0
           559	2026-02-12 16:14:07	1	1	1	0
           559	2026-02-12 16:14:17	1	1	1	0
          2503	2026-02-12 16:15:59	1	1	1	0
           527	2026-02-12 16:18:38	1	1	1	0
           525	2026-02-12 16:19:08	1	1	1	0
            87	2026-02-12 16:19:33	1	1	1	0
            87	2026-02-12 16:19:39	1	1	1	0
           563	2026-02-12 16:20:10	1	1	1	0
           578	2026-02-12 16:20:18	1	1	1	0
           569	2026-02-12 16:25:07	1	1	1	0
           604	2026-02-12 16:28:10	1	1	1	0
           124	2026-02-12 16:29:56	1	1	1	0
           891	2026-02-12 16:30:08	1	1	1	0
           124	2026-02-12 16:30:20	1	1	1	0
           601	2026-02-12 16:33:20	1	1	1	0
           218	2026-02-12 16:49:56	1	1	1	0
           327	2026-02-12 16:58:01	1	1	1	0
           623	2026-02-12 17:02:27	1	1	1	0
           623	2026-02-12 17:02:29	1	1	1	0
          2500	2026-02-12 17:03:17	1	1	1	0
          2521	2026-02-12 17:03:31	1	1	1	0
           204	2026-02-12 17:03:36	1	1	1	0
           204	2026-02-12 17:03:40	1	1	1	0
            90	2026-02-12 17:05:16	1	1	1	0
           651	2026-02-12 17:05:37	1	1	1	0
            83	2026-02-12 17:05:55	1	1	1	0
           818	2026-02-12 17:06:00	1	1	1	0
            81	2026-02-12 17:07:22	1	1	1	0
           553	2026-02-12 17:26:09	1	1	1	0
           587	2026-02-12 17:44:13	1	1	1	0
           244	2026-02-12 18:01:05	1	1	1	0
           328	2026-02-12 18:02:47	1	1	1	0
           328	2026-02-12 18:02:52	1	1	1	0
            82	2026-02-12 18:06:36	1	1	1	0
           531	2026-02-12 18:07:47	1	1	1	0
           258	2026-02-12 18:07:52	1	1	1	0
           584	2026-02-12 18:09:46	1	1	1	0
           594	2026-02-12 18:09:51	1	1	1	0
           594	2026-02-12 18:09:56	1	1	1	0
            34	2026-02-12 18:28:18	1	1	1	0
            34	2026-02-12 18:28:20	1	1	1	0
            34	2026-02-12 18:28:22	1	1	1	0
           585	2026-02-12 18:30:59	1	1	1	0
           585	2026-02-12 18:31:02	1	1	1	0
           645	2026-02-12 18:52:11	1	1	1	0
           408	2026-02-12 19:04:24	1	1	1	0
           212	2026-02-13 06:48:02	1	1	1	0
           248	2026-02-13 06:49:31	1	1	1	0
           248	2026-02-13 06:49:34	1	1	1	0
            68	2026-02-13 06:55:16	1	1	1	0
           526	2026-02-13 07:26:18	1	1	1	0
            52	2026-02-13 07:26:27	1	1	1	0
            52	2026-02-13 07:26:32	1	1	1	0
            52	2026-02-13 07:26:39	1	1	1	0
            52	2026-02-13 07:26:48	1	1	1	0
           109	2026-02-13 07:28:55	1	1	1	0
            44	2026-02-13 07:42:09	1	1	1	0
           144	2026-02-13 07:42:35	1	1	1	0
            84	2026-02-13 07:46:45	1	1	1	0
           120	2026-02-13 07:49:16	1	1	1	0
           562	2026-02-13 07:49:38	1	1	1	0
            73	2026-02-13 07:49:49	1	1	1	0
           117	2026-02-13 07:50:19	1	1	1	0
           260	2026-02-13 07:50:24	1	1	1	0
           221	2026-02-13 07:53:58	1	1	1	0
           221	2026-02-13 07:54:01	1	1	1	0
           245	2026-02-13 07:56:35	1	1	1	0
           225	2026-02-13 07:56:58	1	1	1	0
          1003	2026-02-13 07:58:24	1	1	1	0
           107	2026-02-13 07:58:44	1	1	1	0
           407	2026-02-13 07:58:49	1	1	1	0
           160	2026-02-13 08:01:30	1	1	1	0
           553	2026-02-13 08:05:24	1	1	1	0
           314	2026-02-13 08:05:31	1	1	1	0
           314	2026-02-13 08:05:35	1	1	1	0
           956	2026-02-13 08:08:21	1	1	1	0
          2512	2026-02-13 08:08:38	1	1	1	0
           161	2026-02-13 08:08:48	1	1	1	0
            65	2026-02-13 08:20:03	1	1	1	0
           955	2026-02-13 08:20:13	1	1	1	0
           604	2026-02-13 08:21:42	1	1	1	0
           525	2026-02-13 08:23:47	1	1	1	0
           565	2026-02-13 08:24:53	1	1	1	0
             1	2026-02-13 08:25:18	1	1	1	0
             1	2026-02-13 08:25:24	1	1	1	0
           584	2026-02-13 08:26:50	1	1	1	0
           219	2026-02-13 08:26:55	1	1	1	0
           258	2026-02-13 08:27:37	1	1	1	0
           232	2026-02-13 08:28:28	1	1	1	0
           232	2026-02-13 08:28:33	1	1	1	0
           879	2026-02-13 08:30:49	1	1	1	0
           879	2026-02-13 08:30:51	1	1	1	0
          2501	2026-02-13 08:34:08	1	1	1	0
           318	2026-02-13 08:34:26	1	1	1	0
           501	2026-02-13 08:35:01	1	1	1	0
           576	2026-02-13 08:35:50	1	1	1	0
           601	2026-02-13 08:37:09	1	1	1	0
           113	2026-02-13 08:37:17	1	1	1	0
           645	2026-02-13 08:37:27	1	1	1	0
           124	2026-02-13 08:37:35	1	1	1	0
           124	2026-02-13 08:37:37	1	1	1	0
           414	2026-02-13 08:37:45	1	1	1	0
           414	2026-02-13 08:37:49	1	1	1	0
           635	2026-02-13 08:40:54	1	1	1	0
            71	2026-02-13 08:41:08	1	1	1	0
           253	2026-02-13 08:42:37	1	1	1	0
           631	2026-02-13 08:44:22	1	1	1	0
           328	2026-02-13 08:45:26	1	1	1	0
           328	2026-02-13 08:45:29	1	1	1	0
           527	2026-02-13 08:46:50	1	1	1	0
           618	2026-02-13 08:46:56	1	1	1	0
           618	2026-02-13 08:47:02	1	1	1	0
           327	2026-02-13 08:47:35	1	1	1	0
            35	2026-02-13 08:48:09	1	1	1	0
            35	2026-02-13 08:48:15	1	1	1	0
            87	2026-02-13 08:49:12	1	1	1	0
            87	2026-02-13 08:49:18	1	1	1	0
            87	2026-02-13 08:49:26	1	1	1	0
           623	2026-02-13 08:52:12	1	1	1	0
           623	2026-02-13 08:52:15	1	1	1	0
           230	2026-02-13 08:52:31	1	1	1	0
           230	2026-02-13 08:52:33	1	1	1	0
           233	2026-02-13 08:52:48	1	1	1	0
            72	2026-02-13 08:52:56	1	1	1	0
          2505	2026-02-13 08:53:51	1	1	1	0
          2505	2026-02-13 08:53:55	1	1	1	0
           893	2026-02-13 08:54:22	1	1	1	0
           563	2026-02-13 08:55:50	1	1	1	0
           651	2026-02-13 08:55:53	1	1	1	0
           514	2026-02-13 08:56:21	1	1	1	0
            25	2026-02-13 08:56:59	1	1	1	0
            25	2026-02-13 08:57:05	1	1	1	0
           226	2026-02-13 08:58:09	1	1	1	0
           252	2026-02-13 08:58:41	1	1	1	0
           252	2026-02-13 08:58:47	1	1	1	0
           559	2026-02-13 08:59:10	1	1	1	0
           559	2026-02-13 08:59:14	1	1	1	0
            12	2026-02-13 09:00:14	1	1	1	0
            22	2026-02-13 09:01:16	1	1	1	0
           569	2026-02-13 09:01:50	1	1	1	0
           628	2026-02-13 09:01:56	1	1	1	0
            18	2026-02-13 09:03:52	1	1	1	0
            53	2026-02-13 09:05:18	1	1	1	0
           101	2026-02-13 09:05:39	1	1	1	0
          2506	2026-02-13 09:06:11	1	1	1	0
           572	2026-02-13 09:06:18	1	1	1	0
           896	2026-02-13 09:06:24	1	1	1	0
           249	2026-02-13 09:06:34	1	1	1	0
           222	2026-02-13 09:07:05	1	1	1	0
          2502	2026-02-13 09:09:27	1	1	1	0
           521	2026-02-13 09:09:51	1	1	1	0
            93	2026-02-13 09:14:09	1	1	1	0
            93	2026-02-13 09:14:11	1	1	1	0
           587	2026-02-13 09:14:51	1	1	1	0
           578	2026-02-13 09:14:57	1	1	1	0
            46	2026-02-13 09:16:31	1	0	1	0
            46	2026-02-13 09:16:35	1	0	1	0
             9	2026-02-13 09:18:49	1	0	1	0
           544	2026-02-13 09:19:12	1	0	1	0
           616	2026-02-13 09:25:18	1	0	1	0
          2500	2026-02-13 09:30:48	1	0	1	0
          2503	2026-02-13 09:30:54	1	0	1	0
           585	2026-02-13 09:35:48	1	0	1	0
           585	2026-02-13 09:35:52	1	0	1	0
           408	2026-02-13 09:55:45	1	0	1	0
           897	2026-02-13 09:55:51	1	0	1	0
            34	2026-02-13 09:56:07	1	0	1	0
            34	2026-02-13 09:56:09	1	0	1	0
            82	2026-02-13 09:56:38	1	0	1	0
            81	2026-02-13 10:01:23	1	0	1	0
           235	2026-02-13 10:06:21	1	0	1	0
            83	2026-02-13 10:08:25	1	0	1	0
           137	2026-02-13 10:17:19	1	0	1	0
           137	2026-02-13 10:17:22	1	0	1	0
           253	2026-02-13 13:03:11	1	0	1	0
           576	2026-02-13 13:03:18	1	0	1	0
           226	2026-02-13 13:04:08	1	0	1	0
           212	2026-02-13 14:03:05	1	0	1	0
            22	2026-02-13 14:03:10	1	0	1	0
           107	2026-02-13 14:13:01	1	0	1	0
           101	2026-02-13 14:15:33	1	0	1	0
           616	2026-02-13 14:18:58	1	0	1	0
           248	2026-02-13 14:24:07	1	0	1	0
           248	2026-02-13 14:24:16	1	0	1	0
           235	2026-02-13 14:25:20	1	0	1	0
           120	2026-02-13 15:00:05	1	0	1	0
           160	2026-02-13 15:00:36	1	0	1	0
           318	2026-02-13 15:00:51	1	0	1	0
           260	2026-02-13 15:00:56	1	0	1	0
            46	2026-02-13 15:01:05	1	1	1	0
            46	2026-02-13 15:01:09	1	1	1	0
           245	2026-02-13 15:01:11	1	1	1	0
            84	2026-02-13 15:01:14	1	1	1	0
           109	2026-02-13 15:01:20	1	1	1	0
           106	2026-02-13 15:01:29	1	1	1	0
           152	2026-02-13 15:01:47	1	1	1	0
            68	2026-02-13 15:03:57	1	1	1	0
            73	2026-02-13 15:04:03	1	1	1	0
            44	2026-02-13 15:04:11	1	1	1	0
           314	2026-02-13 15:04:16	1	1	1	0
           565	2026-02-13 15:04:39	1	1	1	0
           117	2026-02-13 15:04:51	1	1	1	0
           828	2026-02-13 15:05:08	1	1	1	0
            94	2026-02-13 15:06:21	1	1	1	0
           562	2026-02-13 15:07:08	1	1	1	0
           879	2026-02-13 15:09:01	1	1	1	0
           879	2026-02-13 15:09:03	1	1	1	0
           161	2026-02-13 15:09:22	1	1	1	0
          2620	2026-02-13 15:16:25	1	1	1	0
           219	2026-02-13 15:21:25	1	1	1	0
           526	2026-02-13 15:23:04	1	1	1	0
           221	2026-02-13 15:31:31	1	1	1	0
          1003	2026-02-13 15:32:24	1	1	1	0
           144	2026-02-13 15:45:16	1	1	1	0
           327	2026-02-13 15:55:08	1	1	1	0
             1	2026-02-13 16:00:06	1	1	1	0
             1	2026-02-13 16:00:13	1	1	1	0
            93	2026-02-13 16:00:31	1	1	1	0
            72	2026-02-13 16:00:37	1	1	1	0
            71	2026-02-13 16:01:02	1	1	1	0
          2505	2026-02-13 16:01:17	1	1	1	0
          2505	2026-02-13 16:01:23	1	1	1	0
           896	2026-02-13 16:01:28	1	1	1	0
           896	2026-02-13 16:01:30	1	1	1	0
           893	2026-02-13 16:01:45	1	1	1	0
           225	2026-02-13 16:01:54	1	1	1	0
           113	2026-02-13 16:02:05	1	1	1	0
           137	2026-02-13 16:02:16	1	1	1	0
           137	2026-02-13 16:02:19	1	1	1	0
             9	2026-02-13 16:02:37	1	1	1	0
            65	2026-02-13 16:02:40	1	1	1	0
            52	2026-02-13 16:04:37	1	1	1	0
            52	2026-02-13 16:04:39	1	1	1	0
            52	2026-02-13 16:04:41	1	1	1	0
           631	2026-02-13 16:04:47	1	1	1	0
          2501	2026-02-13 16:05:43	1	1	1	0
          2506	2026-02-13 16:05:51	1	1	1	0
            12	2026-02-13 16:06:15	1	1	1	0
           559	2026-02-13 16:09:23	1	1	1	0
           559	2026-02-13 16:09:26	1	1	1	0
           222	2026-02-13 16:09:36	1	1	1	0
           414	2026-02-13 16:09:41	1	1	1	0
           414	2026-02-13 16:09:46	1	1	1	0
           252	2026-02-13 16:09:53	1	1	1	0
           252	2026-02-13 16:09:59	1	1	1	0
           544	2026-02-13 16:10:04	1	1	1	0
           230	2026-02-13 16:11:25	1	1	1	0
           230	2026-02-13 16:11:27	1	1	1	0
            25	2026-02-13 16:12:08	1	1	1	0
            25	2026-02-13 16:12:14	1	1	1	0
           563	2026-02-13 16:12:20	1	1	1	0
           635	2026-02-13 16:12:24	1	1	1	0
            35	2026-02-13 16:12:29	1	1	1	0
            35	2026-02-13 16:12:34	1	1	1	0
           232	2026-02-13 16:13:38	1	1	1	0
           232	2026-02-13 16:13:42	1	1	1	0
           955	2026-02-13 16:13:55	1	1	1	0
          2500	2026-02-13 16:14:47	1	1	1	0
          2502	2026-02-13 16:15:00	1	1	1	0
           618	2026-02-13 16:15:17	1	1	1	0
           618	2026-02-13 16:15:20	1	1	1	0
           618	2026-02-13 16:15:23	1	1	1	0
           618	2026-02-13 16:15:28	1	1	1	0
           610	2026-02-13 16:16:03	1	1	1	0
           527	2026-02-13 16:16:50	1	1	1	0
            18	2026-02-13 16:17:04	1	1	1	0
           525	2026-02-13 16:17:20	1	1	1	0
           956	2026-02-13 16:17:27	1	1	1	0
           578	2026-02-13 16:18:05	1	1	1	0
            87	2026-02-13 16:29:15	1	1	1	0
            87	2026-02-13 16:29:23	1	1	1	0
            87	2026-02-13 16:29:35	1	1	1	0
           569	2026-02-13 16:30:43	1	1	1	0
          2503	2026-02-13 16:43:32	1	1	1	0
          2512	2026-02-13 16:45:35	1	1	1	0
           249	2026-02-13 16:46:23	1	1	1	0
           628	2026-02-13 16:59:29	1	1	1	0
           514	2026-02-13 16:59:34	1	1	1	0
           587	2026-02-13 17:00:29	1	1	1	0
           601	2026-02-13 17:00:33	1	1	1	0
           601	2026-02-13 17:00:38	1	1	1	0
           897	2026-02-13 17:00:48	1	1	1	0
          2503	2026-02-13 17:00:54	1	1	1	0
           897	2026-02-13 17:01:02	1	1	1	0
           553	2026-02-13 17:01:48	1	1	1	0
           651	2026-02-13 17:02:18	1	1	1	0
           204	2026-02-13 17:03:23	1	1	1	0
           204	2026-02-13 17:03:26	1	1	1	0
           501	2026-02-13 17:03:31	1	1	1	0
           623	2026-02-13 17:06:55	1	1	1	0
           623	2026-02-13 17:06:58	1	1	1	0
            81	2026-02-13 17:18:45	1	1	1	0
           604	2026-02-13 17:31:37	1	1	1	0
           645	2026-02-13 17:31:42	1	1	1	0
           218	2026-02-13 17:54:21	1	1	1	0
           328	2026-02-13 18:00:38	1	1	1	0
           328	2026-02-13 18:00:41	1	1	1	0
            82	2026-02-13 18:00:48	1	1	1	0
            34	2026-02-13 18:01:44	1	1	1	0
            34	2026-02-13 18:01:46	1	1	1	0
           408	2026-02-13 18:02:25	1	1	1	0
           258	2026-02-13 18:03:20	1	1	1	0
           521	2026-02-13 18:06:31	1	1	1	0
           521	2026-02-13 18:06:49	1	1	1	0
           584	2026-02-13 18:11:42	1	1	1	0
           244	2026-02-13 18:17:44	1	1	1	0
           572	2026-02-13 18:22:06	1	1	1	0
           572	2026-02-13 18:22:12	1	1	1	0
           585	2026-02-13 18:34:05	1	1	1	0
           585	2026-02-13 18:34:07	1	1	1	0
           248	2026-02-16 06:43:34	1	1	1	0
           248	2026-02-16 06:44:08	1	1	1	0
           248	2026-02-16 06:44:10	1	1	1	0
            68	2026-02-16 06:54:51	1	1	1	0
            98	2026-02-16 07:33:07	1	1	1	0
            98	2026-02-16 07:33:19	1	1	1	0
           407	2026-02-16 07:35:09	1	1	1	0
           526	2026-02-16 07:35:22	1	1	1	0
           120	2026-02-16 07:40:59	1	1	1	0
            44	2026-02-16 07:45:11	1	1	1	0
            84	2026-02-16 07:49:07	1	1	1	0
            73	2026-02-16 07:50:56	1	1	1	0
           160	2026-02-16 07:51:24	1	1	1	0
            73	2026-02-16 07:51:44	1	0	1	0
           828	2026-02-16 07:51:50	1	0	1	0
          2512	2026-02-16 07:52:14	1	0	1	0
           260	2026-02-16 07:55:55	1	0	1	0
           562	2026-02-16 07:57:23	1	0	1	0
           144	2026-02-16 07:58:51	1	0	1	0
           161	2026-02-16 08:00:07	1	0	1	0
           152	2026-02-16 08:01:51	1	0	1	0
            10	2026-02-16 08:02:04	1	0	1	0
           553	2026-02-16 08:02:10	1	0	1	0
           553	2026-02-16 08:02:13	1	0	1	0
           107	2026-02-16 08:02:54	1	0	1	0
            65	2026-02-16 08:04:44	1	0	1	0
           625	2026-02-16 08:08:14	1	0	1	0
           625	2026-02-16 08:08:19	1	0	1	0
           565	2026-02-16 08:08:29	1	0	1	0
          1003	2026-02-16 08:13:36	1	0	1	0
             1	2026-02-16 08:14:18	1	0	1	0
             1	2026-02-16 08:14:24	1	0	1	0
           219	2026-02-16 08:15:14	1	0	1	0
           314	2026-02-16 08:15:39	1	0	1	0
          2505	2026-02-16 08:17:42	1	0	1	0
          2505	2026-02-16 08:17:49	1	0	1	0
           225	2026-02-16 08:18:03	1	0	1	0
           225	2026-02-16 08:18:07	1	0	1	0
            71	2026-02-16 08:23:23	1	0	1	0
           601	2026-02-16 08:23:43	1	0	1	0
           645	2026-02-16 08:27:44	1	0	1	0
           253	2026-02-16 08:32:15	1	0	1	0
          2501	2026-02-16 08:34:44	1	0	1	0
            46	2026-02-16 08:34:54	1	0	1	0
            46	2026-02-16 08:34:57	1	0	1	0
           414	2026-02-16 08:36:56	1	0	1	0
           414	2026-02-16 08:37:00	1	0	1	0
            52	2026-02-16 08:38:31	1	0	1	0
            52	2026-02-16 08:38:36	1	0	1	0
            52	2026-02-16 08:38:40	1	0	1	0
           531	2026-02-16 08:39:09	1	0	1	0
           258	2026-02-16 08:39:16	1	0	1	0
           618	2026-02-16 08:39:33	1	0	1	0
           618	2026-02-16 08:39:36	1	0	1	0
           113	2026-02-16 08:39:42	1	0	1	0
           252	2026-02-16 08:44:06	1	0	1	0
           252	2026-02-16 08:44:12	1	0	1	0
           563	2026-02-16 08:44:19	1	0	1	0
           232	2026-02-16 08:46:57	1	0	1	0
           232	2026-02-16 08:47:02	1	0	1	0
            12	2026-02-16 08:50:21	1	0	1	0
           569	2026-02-16 08:50:28	1	0	1	0
           230	2026-02-16 08:51:42	1	0	1	0
           230	2026-02-16 08:51:45	1	0	1	0
           605	2026-02-16 08:53:44	1	0	1	0
            22	2026-02-16 08:54:11	1	0	1	0
           575	2026-02-16 08:54:39	1	0	1	0
           575	2026-02-16 08:54:44	1	0	1	0
           891	2026-02-16 08:55:06	1	0	1	0
           204	2026-02-16 08:55:23	1	0	1	0
           204	2026-02-16 08:55:27	1	0	1	0
           559	2026-02-16 08:55:38	1	0	1	0
           559	2026-02-16 08:55:42	1	0	1	0
           328	2026-02-16 08:56:40	1	0	1	0
           328	2026-02-16 08:56:49	1	0	1	0
           587	2026-02-16 08:57:24	1	0	1	0
           635	2026-02-16 08:57:59	1	0	1	0
           318	2026-02-16 08:58:25	1	0	1	0
           651	2026-02-16 08:58:29	1	0	1	0
           233	2026-02-16 08:58:51	1	0	1	0
           327	2026-02-16 08:59:05	1	0	1	0
           896	2026-02-16 08:59:16	1	0	1	0
           896	2026-02-16 08:59:18	1	0	1	0
           631	2026-02-16 08:59:23	1	0	1	0
            72	2026-02-16 08:59:38	1	0	1	0
            72	2026-02-16 08:59:50	1	0	1	0
           179	2026-02-16 09:00:33	1	0	1	0
           179	2026-02-16 09:00:38	1	0	1	0
          2500	2026-02-16 09:01:39	1	0	1	0
           584	2026-02-16 09:01:59	1	0	1	0
            25	2026-02-16 09:02:24	1	0	1	0
            25	2026-02-16 09:02:36	1	0	1	0
            53	2026-02-16 09:02:41	1	0	1	0
          2506	2026-02-16 09:03:31	1	0	1	0
           101	2026-02-16 09:04:15	1	0	1	0
           623	2026-02-16 09:04:20	1	0	1	0
           623	2026-02-16 09:04:22	1	0	1	0
           226	2026-02-16 09:04:28	1	0	1	0
           501	2026-02-16 09:06:14	1	0	1	0
            35	2026-02-16 09:06:47	1	0	1	0
            35	2026-02-16 09:06:50	1	0	1	0
           622	2026-02-16 09:07:00	1	0	1	0
           622	2026-02-16 09:07:06	1	0	1	0
           622	2026-02-16 09:07:12	1	0	1	0
           610	2026-02-16 09:07:23	1	0	1	0
             9	2026-02-16 09:07:29	1	0	1	0
           628	2026-02-16 09:08:40	1	0	1	0
           527	2026-02-16 09:08:55	1	0	1	0
           514	2026-02-16 09:09:06	1	0	1	0
           893	2026-02-16 09:09:32	1	0	1	0
           249	2026-02-16 09:09:47	1	0	1	0
          2502	2026-02-16 09:09:56	1	0	1	0
           561	2026-02-16 09:10:24	1	0	1	0
           401	2026-02-16 09:11:30	1	0	1	0
            93	2026-02-16 09:11:57	1	0	1	0
           114	2026-02-16 09:19:01	1	0	1	0
           521	2026-02-16 09:21:14	1	0	1	0
           521	2026-02-16 09:21:35	1	0	1	0
          2503	2026-02-16 09:25:30	1	0	1	0
            34	2026-02-16 09:31:17	1	0	1	0
            34	2026-02-16 09:31:20	1	0	1	0
           585	2026-02-16 09:36:44	1	0	1	0
           585	2026-02-16 09:36:47	1	0	1	0
            82	2026-02-16 09:38:48	1	0	1	0
            83	2026-02-16 09:46:01	1	0	1	0
          2521	2026-02-16 09:48:28	1	0	1	0
           616	2026-02-16 09:49:52	1	0	1	0
           616	2026-02-16 09:49:55	1	0	1	0
           235	2026-02-16 09:55:27	1	0	1	0
            90	2026-02-16 09:56:55	1	0	1	0
            81	2026-02-16 10:02:43	1	0	1	0
           408	2026-02-16 10:06:11	1	0	1	0
           818	2026-02-16 10:06:38	1	0	1	0
           244	2026-02-16 10:25:00	1	0	1	0
           253	2026-02-16 13:02:44	1	0	1	0
           226	2026-02-16 13:06:47	1	0	1	0
            22	2026-02-16 14:02:45	1	0	1	0
           561	2026-02-16 14:04:02	1	0	1	0
           107	2026-02-16 14:05:33	1	0	1	0
           235	2026-02-16 14:12:06	1	0	1	0
           248	2026-02-16 14:28:04	1	0	1	0
           248	2026-02-16 14:28:07	1	0	1	0
           101	2026-02-16 14:32:15	1	0	1	0
           594	2026-02-16 14:34:11	1	0	1	0
           594	2026-02-16 14:34:24	1	0	1	0
           616	2026-02-16 14:41:58	1	0	1	0
           318	2026-02-16 15:00:24	1	0	1	0
           407	2026-02-16 15:00:29	1	0	1	0
           260	2026-02-16 15:00:31	1	0	1	0
           120	2026-02-16 15:00:34	1	0	1	0
            10	2026-02-16 15:00:41	1	0	1	0
            44	2026-02-16 15:00:53	1	0	1	0
           314	2026-02-16 15:00:57	1	0	1	0
            68	2026-02-16 15:01:13	1	0	1	0
            73	2026-02-16 15:01:19	1	0	1	0
            98	2026-02-16 15:01:26	1	0	1	0
            46	2026-02-16 15:01:57	1	1	1	0
            46	2026-02-16 15:02:02	1	1	1	0
           160	2026-02-16 15:02:40	1	1	1	0
           625	2026-02-16 15:03:58	1	1	1	0
           828	2026-02-16 15:04:11	1	1	1	0
            84	2026-02-16 15:05:33	1	1	1	0
           106	2026-02-16 15:05:38	1	1	1	0
           562	2026-02-16 15:06:18	1	1	1	0
           526	2026-02-16 15:06:22	1	1	1	0
           219	2026-02-16 15:10:51	1	1	1	0
           565	2026-02-16 15:14:19	1	1	1	0
           144	2026-02-16 15:16:34	1	1	1	0
           161	2026-02-16 15:22:04	1	1	1	0
            65	2026-02-16 15:22:08	1	1	1	0
          1003	2026-02-16 15:32:27	1	1	1	0
           327	2026-02-16 15:49:18	1	1	1	0
           152	2026-02-16 15:57:17	1	1	1	0
             1	2026-02-16 16:00:09	1	1	1	0
             1	2026-02-16 16:00:14	1	1	1	0
           575	2026-02-16 16:00:18	1	1	1	0
           575	2026-02-16 16:00:25	1	1	1	0
           225	2026-02-16 16:00:32	1	1	1	0
           113	2026-02-16 16:00:39	1	1	1	0
            71	2026-02-16 16:00:45	1	1	1	0
           114	2026-02-16 16:00:52	1	1	1	0
           663	2026-02-16 16:00:57	1	1	1	0
           896	2026-02-16 16:01:06	1	1	1	0
           896	2026-02-16 16:01:09	1	1	1	0
            52	2026-02-16 16:01:29	1	1	1	0
             9	2026-02-16 16:01:35	1	1	1	0
            52	2026-02-16 16:01:39	1	1	1	0
            12	2026-02-16 16:01:46	1	1	1	0
           893	2026-02-16 16:02:59	1	1	1	0
           605	2026-02-16 16:03:14	1	1	1	0
            93	2026-02-16 16:03:37	1	1	1	0
            93	2026-02-16 16:03:40	1	1	1	0
            72	2026-02-16 16:03:48	1	1	1	0
          2506	2026-02-16 16:03:58	1	1	1	0
          2501	2026-02-16 16:04:04	1	1	1	0
           631	2026-02-16 16:04:55	1	1	1	0
           233	2026-02-16 16:05:58	1	1	1	0
            53	2026-02-16 16:06:11	1	1	1	0
            25	2026-02-16 16:06:16	1	1	1	0
            25	2026-02-16 16:06:21	1	1	1	0
           401	2026-02-16 16:06:57	1	1	1	0
           252	2026-02-16 16:07:11	1	1	1	0
           252	2026-02-16 16:07:18	1	1	1	0
           179	2026-02-16 16:07:24	1	1	1	0
           179	2026-02-16 16:07:35	1	1	1	0
           232	2026-02-16 16:07:47	1	1	1	0
           232	2026-02-16 16:07:51	1	1	1	0
           635	2026-02-16 16:08:53	1	1	1	0
           563	2026-02-16 16:08:57	1	1	1	0
          2502	2026-02-16 16:09:06	1	1	1	0
           610	2026-02-16 16:09:16	1	1	1	0
           414	2026-02-16 16:09:21	1	1	1	0
           414	2026-02-16 16:09:24	1	1	1	0
           527	2026-02-16 16:10:19	1	1	1	0
          2505	2026-02-16 16:10:30	1	1	1	0
          2505	2026-02-16 16:10:35	1	1	1	0
           618	2026-02-16 16:10:57	1	1	1	0
           618	2026-02-16 16:11:01	1	1	1	0
           618	2026-02-16 16:11:05	1	1	1	0
           618	2026-02-16 16:11:10	1	1	1	0
           124	2026-02-16 16:12:36	1	1	1	0
           124	2026-02-16 16:12:40	1	1	1	0
           891	2026-02-16 16:12:43	1	1	1	0
          2512	2026-02-16 16:12:49	1	1	1	0
           230	2026-02-16 16:12:53	1	1	1	0
           230	2026-02-16 16:12:59	1	1	1	0
           578	2026-02-16 16:15:25	1	1	1	0
          2503	2026-02-16 16:22:24	1	1	1	0
           249	2026-02-16 16:32:22	1	1	1	0
          2500	2026-02-16 16:34:45	1	1	1	0
           218	2026-02-16 16:36:48	1	1	1	0
           601	2026-02-16 16:36:54	1	1	1	0
            35	2026-02-16 16:45:28	1	1	1	0
            35	2026-02-16 16:45:33	1	1	1	0
           651	2026-02-16 17:00:03	1	1	1	0
           818	2026-02-16 17:02:16	1	1	1	0
           559	2026-02-16 17:02:53	1	1	1	0
           559	2026-02-16 17:02:58	1	1	1	0
           204	2026-02-16 17:03:45	1	1	1	0
           204	2026-02-16 17:03:50	1	1	1	0
           623	2026-02-16 17:04:08	1	1	1	0
           623	2026-02-16 17:04:11	1	1	1	0
           553	2026-02-16 17:08:07	1	1	1	0
            83	2026-02-16 17:08:48	1	1	1	0
            90	2026-02-16 17:08:53	1	1	1	0
            81	2026-02-16 17:12:33	1	1	1	0
          2521	2026-02-16 17:13:02	1	1	1	0
           514	2026-02-16 17:16:26	1	1	1	0
           628	2026-02-16 17:16:32	1	1	1	0
            94	2026-02-16 17:21:13	1	1	1	0
           645	2026-02-16 17:35:22	1	1	1	0
           569	2026-02-16 17:35:27	1	1	1	0
            18	2026-02-16 17:48:38	1	1	1	0
           587	2026-02-16 17:52:40	1	1	1	0
           328	2026-02-16 18:01:11	1	1	1	0
           328	2026-02-16 18:01:13	1	1	1	0
           622	2026-02-16 18:01:28	1	1	1	0
           622	2026-02-16 18:01:34	1	1	1	0
           622	2026-02-16 18:01:39	1	1	1	0
           501	2026-02-16 18:02:04	1	1	1	0
           521	2026-02-16 18:02:29	1	1	1	0
           584	2026-02-16 18:04:13	1	1	1	0
           594	2026-02-16 18:04:18	1	1	1	0
           594	2026-02-16 18:04:23	1	1	1	0
           408	2026-02-16 18:06:58	1	1	1	0
           531	2026-02-16 18:13:07	1	1	1	0
           258	2026-02-16 18:13:11	1	1	1	0
           572	2026-02-16 18:37:50	1	1	1	0
           572	2026-02-16 18:37:55	1	1	1	0
           585	2026-02-16 18:47:27	1	1	1	0
           585	2026-02-16 18:47:30	1	1	1	0
            82	2026-02-16 18:50:30	1	1	1	0
            34	2026-02-16 19:00:07	1	1	1	0
            34	2026-02-16 19:00:10	1	1	1	0
           244	2026-02-16 19:10:07	1	1	1	0
           526	2026-02-17 06:40:12	1	1	1	0
           212	2026-02-17 06:40:26	1	1	1	0
            68	2026-02-17 06:55:15	1	1	1	0
           248	2026-02-17 06:57:17	1	1	1	0
           248	2026-02-17 06:57:19	1	1	1	0
           109	2026-02-17 07:29:46	1	1	1	0
           407	2026-02-17 07:32:37	1	1	1	0
           225	2026-02-17 07:34:45	1	1	1	0
           120	2026-02-17 07:36:08	1	1	1	0
           225	2026-02-17 07:38:03	1	1	1	0
           553	2026-02-17 07:40:43	1	1	1	0
            98	2026-02-17 07:46:29	1	1	1	0
            98	2026-02-17 07:46:32	1	1	1	0
           144	2026-02-17 07:46:45	1	1	1	0
            73	2026-02-17 07:46:57	1	1	1	0
            84	2026-02-17 07:49:15	1	1	1	0
           107	2026-02-17 07:51:46	1	1	1	0
           245	2026-02-17 07:51:55	1	1	1	0
           221	2026-02-17 07:53:35	1	1	1	0
           221	2026-02-17 07:53:38	1	1	1	0
            44	2026-02-17 07:53:49	1	1	1	0
            22	2026-02-17 08:00:05	1	1	1	0
           258	2026-02-17 08:00:52	1	1	1	0
           161	2026-02-17 08:01:12	1	1	1	0
            10	2026-02-17 08:03:18	1	1	1	0
           152	2026-02-17 08:04:05	1	1	1	0
           604	2026-02-17 08:05:09	1	1	1	0
          2512	2026-02-17 08:06:08	1	1	1	0
             1	2026-02-17 08:07:39	1	1	1	0
             1	2026-02-17 08:07:44	1	1	1	0
           219	2026-02-17 08:10:17	1	1	1	0
          2505	2026-02-17 08:10:29	1	1	1	0
          2505	2026-02-17 08:10:40	1	1	1	0
           565	2026-02-17 08:10:46	1	1	1	0
           601	2026-02-17 08:26:39	1	1	1	0
            71	2026-02-17 08:27:39	1	1	1	0
           124	2026-02-17 08:33:52	1	1	1	0
           124	2026-02-17 08:33:54	1	1	1	0
           563	2026-02-17 08:36:23	1	1	1	0
           563	2026-02-17 08:36:29	1	1	1	0
           645	2026-02-17 08:37:17	1	1	1	0
           252	2026-02-17 08:37:40	1	1	1	0
           252	2026-02-17 08:37:46	1	1	1	0
            93	2026-02-17 08:38:14	1	1	1	0
            52	2026-02-17 08:38:24	1	1	1	0
            52	2026-02-17 08:38:28	1	1	1	0
            52	2026-02-17 08:38:31	1	1	1	0
           663	2026-02-17 08:38:49	1	1	1	0
           576	2026-02-17 08:38:53	1	1	1	0
           113	2026-02-17 08:39:00	1	1	1	0
           414	2026-02-17 08:40:40	1	1	1	0
           414	2026-02-17 08:40:44	1	1	1	0
           414	2026-02-17 08:40:48	1	1	1	0
           230	2026-02-17 08:44:51	1	1	1	0
           230	2026-02-17 08:44:54	1	1	1	0
           327	2026-02-17 08:46:24	1	1	1	0
           531	2026-02-17 08:46:52	1	1	1	0
            25	2026-02-17 08:48:17	1	1	1	0
            25	2026-02-17 08:48:34	1	1	1	0
           232	2026-02-17 08:49:06	1	1	1	0
           232	2026-02-17 08:49:10	1	1	1	0
           575	2026-02-17 08:49:27	1	1	1	0
           575	2026-02-17 08:49:33	1	1	1	0
           635	2026-02-17 08:50:11	1	1	1	0
           651	2026-02-17 08:51:26	1	1	1	0
           318	2026-02-17 08:51:28	1	1	1	0
           569	2026-02-17 08:52:56	1	1	1	0
           328	2026-02-17 08:54:36	1	1	1	0
           328	2026-02-17 08:54:53	1	1	1	0
           618	2026-02-17 08:56:23	1	1	1	0
           618	2026-02-17 08:56:29	1	1	1	0
           618	2026-02-17 08:56:34	1	1	1	0
          2501	2026-02-17 08:56:45	1	1	1	0
           623	2026-02-17 08:57:07	1	1	1	0
           623	2026-02-17 08:57:10	1	1	1	0
           628	2026-02-17 08:57:36	1	1	1	0
           559	2026-02-17 08:57:50	1	1	1	0
           559	2026-02-17 08:57:56	1	1	1	0
            87	2026-02-17 08:58:09	1	1	1	0
            87	2026-02-17 08:58:15	1	1	1	0
           896	2026-02-17 08:58:43	1	1	1	0
           896	2026-02-17 08:58:46	1	1	1	0
           572	2026-02-17 08:59:20	1	1	1	0
           572	2026-02-17 08:59:23	1	1	1	0
           584	2026-02-17 09:01:40	1	1	1	0
           587	2026-02-17 09:02:00	1	1	1	0
           179	2026-02-17 09:02:56	1	1	1	0
           179	2026-02-17 09:03:02	1	1	1	0
          2500	2026-02-17 09:03:13	1	1	1	0
           891	2026-02-17 09:03:22	1	1	1	0
            12	2026-02-17 09:03:28	1	1	1	0
           226	2026-02-17 09:03:34	1	1	1	0
           631	2026-02-17 09:03:54	1	1	1	0
             9	2026-02-17 09:04:43	1	1	1	0
           401	2026-02-17 09:05:04	1	1	1	0
            46	2026-02-17 09:06:14	1	0	1	0
            46	2026-02-17 09:06:17	1	0	1	0
           101	2026-02-17 09:06:50	1	0	1	0
           610	2026-02-17 09:07:36	1	0	1	0
            35	2026-02-17 09:08:09	1	0	1	0
            35	2026-02-17 09:08:15	1	0	1	0
           622	2026-02-17 09:08:20	1	0	1	0
           622	2026-02-17 09:08:26	1	0	1	0
           622	2026-02-17 09:08:32	1	0	1	0
           222	2026-02-17 09:08:40	1	0	1	0
           244	2026-02-17 09:09:01	1	0	1	0
           521	2026-02-17 09:09:19	1	0	1	0
           521	2026-02-17 09:09:24	1	0	1	0
           249	2026-02-17 09:09:55	1	0	1	0
           249	2026-02-17 09:09:57	1	0	1	0
           249	2026-02-17 09:10:03	1	0	1	0
           114	2026-02-17 09:10:09	1	0	1	0
           544	2026-02-17 09:10:12	1	0	1	0
            18	2026-02-17 09:10:17	1	0	1	0
          2506	2026-02-17 09:11:26	1	0	1	0
           514	2026-02-17 09:13:14	1	0	1	0
            53	2026-02-17 09:13:34	1	0	1	0
           561	2026-02-17 09:13:46	1	0	1	0
           893	2026-02-17 09:13:51	1	0	1	0
           233	2026-02-17 09:13:57	1	0	1	0
           191	2026-02-17 09:14:03	1	0	1	0
           578	2026-02-17 09:14:32	1	0	1	0
            82	2026-02-17 09:16:00	1	0	1	0
          2502	2026-02-17 09:18:00	1	0	1	0
          2503	2026-02-17 09:18:13	1	0	1	0
           253	2026-02-17 09:25:50	1	0	1	0
            34	2026-02-17 09:30:00	1	0	1	0
            34	2026-02-17 09:30:05	1	0	1	0
           616	2026-02-17 09:34:41	1	0	1	0
          2521	2026-02-17 09:49:20	1	0	1	0
            90	2026-02-17 09:50:43	1	0	1	0
           218	2026-02-17 09:52:09	1	0	1	0
            81	2026-02-17 09:52:49	1	0	1	0
           137	2026-02-17 09:56:32	1	0	1	0
           137	2026-02-17 09:56:34	1	0	1	0
            83	2026-02-17 10:03:15	1	0	1	0
           408	2026-02-17 10:04:09	1	0	1	0
           875	2026-02-17 10:05:25	1	0	1	0
           818	2026-02-17 10:07:38	1	0	1	0
           235	2026-02-17 10:11:38	1	0	1	0
           605	2026-02-17 12:56:08	1	0	1	0
           576	2026-02-17 13:00:03	1	0	1	0
           226	2026-02-17 13:01:47	1	0	1	0
           253	2026-02-17 13:06:23	1	0	1	0
           248	2026-02-17 14:01:29	1	0	1	0
           248	2026-02-17 14:01:34	1	0	1	0
           212	2026-02-17 14:01:40	1	0	1	0
            22	2026-02-17 14:06:19	1	0	1	0
           107	2026-02-17 14:06:59	1	0	1	0
           235	2026-02-17 14:11:37	1	0	1	0
           875	2026-02-17 14:11:44	1	0	1	0
           101	2026-02-17 14:17:10	1	0	1	0
           594	2026-02-17 14:32:51	1	0	1	0
           594	2026-02-17 14:32:55	1	0	1	0
           616	2026-02-17 14:50:04	1	0	1	0
            10	2026-02-17 15:00:07	1	0	1	0
           318	2026-02-17 15:00:25	1	0	1	0
           407	2026-02-17 15:00:31	1	0	1	0
           245	2026-02-17 15:00:51	1	0	1	0
           526	2026-02-17 15:00:59	1	0	1	0
            98	2026-02-17 15:01:05	1	0	1	0
            44	2026-02-17 15:01:22	1	0	1	0
           109	2026-02-17 15:01:28	1	0	1	0
           314	2026-02-17 15:01:32	1	0	1	0
            73	2026-02-17 15:01:38	1	0	1	0
            68	2026-02-17 15:01:46	1	0	1	0
           828	2026-02-17 15:02:04	1	0	1	0
            84	2026-02-17 15:03:34	1	0	1	0
           152	2026-02-17 15:03:59	1	0	1	0
           161	2026-02-17 15:04:13	1	0	1	0
           152	2026-02-17 15:04:21	1	0	1	0
           625	2026-02-17 15:05:42	1	0	1	0
           106	2026-02-17 15:06:16	1	0	1	0
           221	2026-02-17 15:09:50	1	0	1	0
            65	2026-02-17 15:09:53	1	0	1	0
           565	2026-02-17 15:12:35	1	0	1	0
           561	2026-02-17 15:16:43	1	0	1	0
           219	2026-02-17 15:21:44	1	0	1	0
           144	2026-02-17 15:22:33	1	0	1	0
            52	2026-02-17 15:57:09	1	0	1	0
            52	2026-02-17 15:57:12	1	0	1	0
            52	2026-02-17 15:57:15	1	0	1	0
             9	2026-02-17 16:00:06	1	0	1	0
           225	2026-02-17 16:00:12	1	0	1	0
             1	2026-02-17 16:00:18	1	0	1	0
             1	2026-02-17 16:00:24	1	0	1	0
           137	2026-02-17 16:00:28	1	0	1	0
           114	2026-02-17 16:00:34	1	0	1	0
            71	2026-02-17 16:00:41	1	0	1	0
           893	2026-02-17 16:00:53	1	0	1	0
           663	2026-02-17 16:01:01	1	0	1	0
            46	2026-02-17 16:01:16	1	1	1	0
            46	2026-02-17 16:01:19	1	1	1	0
           896	2026-02-17 16:01:24	1	1	1	0
           896	2026-02-17 16:01:26	1	1	1	0
           113	2026-02-17 16:01:44	1	1	1	0
          2501	2026-02-17 16:01:50	1	1	1	0
          2506	2026-02-17 16:01:55	1	1	1	0
          2506	2026-02-17 16:01:57	1	1	1	0
           230	2026-02-17 16:02:03	1	1	1	0
           230	2026-02-17 16:02:05	1	1	1	0
           222	2026-02-17 16:02:23	1	1	1	0
           414	2026-02-17 16:02:28	1	1	1	0
           414	2026-02-17 16:02:31	1	1	1	0
           544	2026-02-17 16:03:08	1	1	1	0
           401	2026-02-17 16:03:15	1	1	1	0
           635	2026-02-17 16:03:35	1	1	1	0
            12	2026-02-17 16:03:41	1	1	1	0
           327	2026-02-17 16:06:07	1	1	1	0
           631	2026-02-17 16:06:19	1	1	1	0
           252	2026-02-17 16:07:01	1	1	1	0
           252	2026-02-17 16:07:07	1	1	1	0
           179	2026-02-17 16:07:13	1	1	1	0
           179	2026-02-17 16:07:19	1	1	1	0
           249	2026-02-17 16:07:31	1	1	1	0
           618	2026-02-17 16:09:17	1	1	1	0
           618	2026-02-17 16:09:22	1	1	1	0
           232	2026-02-17 16:09:31	1	1	1	0
           232	2026-02-17 16:09:35	1	1	1	0
           610	2026-02-17 16:10:09	1	1	1	0
           891	2026-02-17 16:10:25	1	1	1	0
           891	2026-02-17 16:10:27	1	1	1	0
           891	2026-02-17 16:10:29	1	1	1	0
           891	2026-02-17 16:10:31	1	1	1	0
           891	2026-02-17 16:10:33	1	1	1	0
           891	2026-02-17 16:10:40	1	1	1	0
           891	2026-02-17 16:10:43	1	1	1	0
           891	2026-02-17 16:10:45	1	1	1	0
           124	2026-02-17 16:10:50	1	1	1	0
           124	2026-02-17 16:10:53	1	1	1	0
           578	2026-02-17 16:11:16	1	1	1	0
           578	2026-02-17 16:11:30	1	1	1	0
          2502	2026-02-17 16:12:18	1	1	1	0
           569	2026-02-17 16:14:01	1	1	1	0
          2512	2026-02-17 16:16:26	1	1	1	0
            25	2026-02-17 16:20:04	1	1	1	0
            25	2026-02-17 16:20:10	1	1	1	0
            94	2026-02-17 16:20:35	1	1	1	0
            35	2026-02-17 16:21:40	1	1	1	0
            35	2026-02-17 16:21:51	1	1	1	0
           527	2026-02-17 16:23:18	1	1	1	0
            18	2026-02-17 16:23:49	1	1	1	0
            87	2026-02-17 16:24:41	1	1	1	0
            87	2026-02-17 16:24:47	1	1	1	0
            93	2026-02-17 16:26:18	1	1	1	0
           601	2026-02-17 16:51:31	1	1	1	0
           563	2026-02-17 16:52:13	1	1	1	0
           628	2026-02-17 16:53:56	1	1	1	0
           514	2026-02-17 16:54:01	1	1	1	0
           651	2026-02-17 17:02:55	1	1	1	0
           559	2026-02-17 17:04:43	1	1	1	0
           559	2026-02-17 17:04:49	1	1	1	0
           623	2026-02-17 17:07:35	1	1	1	0
           623	2026-02-17 17:07:38	1	1	1	0
            90	2026-02-17 17:09:30	1	1	1	0
           818	2026-02-17 17:10:18	1	1	1	0
            83	2026-02-17 17:18:22	1	1	1	0
          2500	2026-02-17 17:21:49	1	1	1	0
           553	2026-02-17 17:23:23	1	1	1	0
          2521	2026-02-17 17:30:29	1	1	1	0
           604	2026-02-17 17:30:41	1	1	1	0
           645	2026-02-17 17:30:47	1	1	1	0
           587	2026-02-17 17:33:41	1	1	1	0
           218	2026-02-17 17:46:48	1	1	1	0
           328	2026-02-17 18:01:09	1	1	1	0
           328	2026-02-17 18:01:13	1	1	1	0
           325	2026-02-17 18:01:33	1	1	1	0
           531	2026-02-17 18:01:41	1	1	1	0
           258	2026-02-17 18:01:46	1	1	1	0
            81	2026-02-17 18:04:10	1	1	1	0
           584	2026-02-17 18:04:26	1	1	1	0
           594	2026-02-17 18:04:30	1	1	1	0
           594	2026-02-17 18:04:35	1	1	1	0
           605	2026-02-17 18:05:41	1	1	1	0
           622	2026-02-17 18:06:29	1	1	1	0
           622	2026-02-17 18:06:34	1	1	1	0
           622	2026-02-17 18:06:40	1	1	1	0
           521	2026-02-17 18:28:54	1	1	1	0
           521	2026-02-17 18:28:58	1	1	1	0
           585	2026-02-17 18:37:30	1	1	1	0
           585	2026-02-17 18:37:32	1	1	1	0
            34	2026-02-17 19:00:12	1	1	1	0
            34	2026-02-17 19:00:14	1	1	1	0
           408	2026-02-17 19:05:33	1	1	1	0
           233	2026-02-17 19:29:01	1	1	1	0
           244	2026-02-17 19:56:20	1	1	1	0
           248	2026-02-18 06:47:10	1	1	1	0
           248	2026-02-18 06:47:13	1	1	1	0
           212	2026-02-18 06:47:19	1	1	1	0
            68	2026-02-18 06:54:37	1	1	1	0
           109	2026-02-18 07:21:32	1	1	1	0
           526	2026-02-18 07:25:48	1	1	1	0
           955	2026-02-18 07:26:00	1	1	1	0
           225	2026-02-18 07:30:32	1	1	1	0
           225	2026-02-18 07:30:42	1	1	1	0
          2512	2026-02-18 07:36:16	1	1	1	0
            73	2026-02-18 07:38:25	1	1	1	0
           245	2026-02-18 07:43:06	1	1	1	0
            98	2026-02-18 07:43:13	1	1	1	0
           828	2026-02-18 07:43:18	1	1	1	0
           117	2026-02-18 07:45:29	1	0	1	0
           407	2026-02-18 07:48:14	1	0	1	0
           260	2026-02-18 07:48:17	1	0	1	0
           160	2026-02-18 07:48:27	1	0	1	0
           221	2026-02-18 07:48:49	1	0	1	0
           221	2026-02-18 07:48:53	1	0	1	0
           144	2026-02-18 07:48:58	1	0	1	0
           107	2026-02-18 07:51:37	1	0	1	0
           562	2026-02-18 07:52:45	1	0	1	0
            44	2026-02-18 07:56:35	1	0	1	0
           553	2026-02-18 07:56:48	1	0	1	0
           161	2026-02-18 07:57:22	1	0	1	0
           106	2026-02-18 07:58:14	1	0	1	0
           120	2026-02-18 07:59:05	1	0	1	0
            10	2026-02-18 08:02:14	1	0	1	0
            65	2026-02-18 08:02:19	1	0	1	0
           625	2026-02-18 08:03:26	1	0	1	0
           625	2026-02-18 08:03:30	1	0	1	0
           565	2026-02-18 08:08:12	1	0	1	0
            94	2026-02-18 08:08:35	1	0	1	0
            79	2026-02-18 08:09:24	1	0	1	0
           314	2026-02-18 08:10:34	1	0	1	0
           314	2026-02-18 08:10:36	1	0	1	0
           219	2026-02-18 08:10:49	1	0	1	0
             1	2026-02-18 08:11:33	1	0	1	0
             1	2026-02-18 08:11:38	1	0	1	0
           152	2026-02-18 08:13:51	1	0	1	0
           879	2026-02-18 08:15:05	1	0	1	0
           879	2026-02-18 08:15:07	1	0	1	0
          1003	2026-02-18 08:16:59	1	0	1	0
          2505	2026-02-18 08:18:21	1	0	1	0
          2505	2026-02-18 08:18:27	1	0	1	0
           576	2026-02-18 08:23:37	1	0	1	0
           604	2026-02-18 08:25:18	1	0	1	0
            71	2026-02-18 08:32:38	1	0	1	0
           645	2026-02-18 08:34:28	1	0	1	0
            52	2026-02-18 08:35:34	1	0	1	0
            52	2026-02-18 08:35:41	1	0	1	0
            52	2026-02-18 08:35:46	1	0	1	0
           113	2026-02-18 08:38:50	1	0	1	0
           113	2026-02-18 08:38:57	1	0	1	0
           124	2026-02-18 08:46:16	1	0	1	0
           124	2026-02-18 08:46:18	1	0	1	0
           563	2026-02-18 08:49:10	1	0	1	0
           569	2026-02-18 08:49:16	1	0	1	0
            12	2026-02-18 08:49:25	1	0	1	0
           891	2026-02-18 08:51:17	1	0	1	0
           663	2026-02-18 08:51:23	1	0	1	0
           414	2026-02-18 08:51:50	1	0	1	0
           414	2026-02-18 08:51:58	1	0	1	0
           232	2026-02-18 08:52:03	1	0	1	0
           232	2026-02-18 08:52:07	1	0	1	0
           253	2026-02-18 08:52:11	1	0	1	0
            72	2026-02-18 08:52:17	1	0	1	0
           501	2026-02-18 08:52:30	1	0	1	0
            25	2026-02-18 08:53:19	1	0	1	0
            25	2026-02-18 08:53:26	1	0	1	0
           204	2026-02-18 08:54:51	1	0	1	0
           204	2026-02-18 08:54:56	1	0	1	0
           527	2026-02-18 08:55:13	1	0	1	0
           896	2026-02-18 08:55:19	1	0	1	0
           896	2026-02-18 08:55:21	1	0	1	0
           635	2026-02-18 08:56:06	1	0	1	0
           328	2026-02-18 08:56:11	1	0	1	0
          2501	2026-02-18 08:56:15	1	0	1	0
           623	2026-02-18 08:56:31	1	0	1	0
           623	2026-02-18 08:56:34	1	0	1	0
           230	2026-02-18 08:57:54	1	0	1	0
           230	2026-02-18 08:57:56	1	0	1	0
           318	2026-02-18 08:59:10	1	0	1	0
           559	2026-02-18 08:59:25	1	0	1	0
           559	2026-02-18 08:59:29	1	0	1	0
           258	2026-02-18 08:59:49	1	0	1	0
           631	2026-02-18 09:00:52	1	0	1	0
           618	2026-02-18 09:00:58	1	0	1	0
           618	2026-02-18 09:01:03	1	0	1	0
           561	2026-02-18 09:01:17	1	0	1	0
           584	2026-02-18 09:01:22	1	0	1	0
            93	2026-02-18 09:01:49	1	0	1	0
           252	2026-02-18 09:02:00	1	0	1	0
           252	2026-02-18 09:02:05	1	0	1	0
           179	2026-02-18 09:02:29	1	0	1	0
           179	2026-02-18 09:02:35	1	0	1	0
           605	2026-02-18 09:03:08	1	0	1	0
           101	2026-02-18 09:03:20	1	0	1	0
           226	2026-02-18 09:04:03	1	0	1	0
            87	2026-02-18 09:04:11	1	0	1	0
            87	2026-02-18 09:04:17	1	0	1	0
           544	2026-02-18 09:04:28	1	0	1	0
          2506	2026-02-18 09:04:47	1	0	1	0
             9	2026-02-18 09:04:55	1	0	1	0
           249	2026-02-18 09:05:02	1	0	1	0
           222	2026-02-18 09:05:24	1	0	1	0
           401	2026-02-18 09:05:37	1	0	1	0
           610	2026-02-18 09:05:43	1	0	1	0
           651	2026-02-18 09:06:08	1	0	1	0
           114	2026-02-18 09:06:46	1	0	1	0
          2500	2026-02-18 09:07:00	1	0	1	0
           587	2026-02-18 09:07:14	1	0	1	0
            35	2026-02-18 09:08:11	1	0	1	0
            35	2026-02-18 09:08:16	1	0	1	0
           521	2026-02-18 09:08:54	1	0	1	0
           327	2026-02-18 09:09:38	1	0	1	0
            18	2026-02-18 09:14:16	1	0	1	0
          2502	2026-02-18 09:17:34	1	0	1	0
           233	2026-02-18 09:18:03	1	0	1	0
           893	2026-02-18 09:18:07	1	0	1	0
           628	2026-02-18 09:20:03	1	0	1	0
            82	2026-02-18 09:22:44	1	0	1	0
            46	2026-02-18 09:24:35	1	0	1	0
            46	2026-02-18 09:24:37	1	0	1	0
           572	2026-02-18 09:25:40	1	0	1	0
           514	2026-02-18 09:28:07	1	0	1	0
           531	2026-02-18 09:35:16	1	0	1	0
           408	2026-02-18 09:38:21	1	0	1	0
           616	2026-02-18 09:39:51	1	0	1	0
            81	2026-02-18 09:43:58	1	0	1	0
            34	2026-02-18 09:56:20	1	0	1	0
            34	2026-02-18 09:56:23	1	0	1	0
           585	2026-02-18 09:57:53	1	0	1	0
           585	2026-02-18 09:57:55	1	0	1	0
           897	2026-02-18 09:58:10	1	0	1	0
          2521	2026-02-18 09:58:21	1	0	1	0
           218	2026-02-18 10:00:11	1	0	1	0
           875	2026-02-18 10:00:16	1	0	1	0
           818	2026-02-18 10:00:56	1	0	1	0
            83	2026-02-18 10:01:30	1	0	1	0
            90	2026-02-18 10:06:31	1	0	1	0
           244	2026-02-18 10:09:23	1	0	1	0
           235	2026-02-18 10:13:44	1	0	1	0
           137	2026-02-18 10:13:49	1	0	1	0
           137	2026-02-18 10:13:55	1	0	1	0
           226	2026-02-18 13:08:16	1	0	1	0
           576	2026-02-18 13:30:05	1	0	1	0
           253	2026-02-18 13:30:09	1	0	1	0
           212	2026-02-18 14:04:47	1	0	1	0
           561	2026-02-18 14:08:57	1	0	1	0
           248	2026-02-18 14:11:35	1	0	1	0
           248	2026-02-18 14:11:43	1	0	1	0
           875	2026-02-18 14:15:18	1	0	1	0
           616	2026-02-18 14:18:48	1	0	1	0
           107	2026-02-18 14:20:06	1	0	1	0
           235	2026-02-18 14:22:44	1	0	1	0
           594	2026-02-18 14:32:05	1	0	1	0
           594	2026-02-18 14:32:11	1	0	1	0
           594	2026-02-18 14:32:29	1	0	1	0
           604	2026-02-18 14:40:13	1	0	1	0
           623	2026-02-18 14:40:18	1	0	1	0
           623	2026-02-18 14:40:21	1	0	1	0
           101	2026-02-18 14:42:36	1	0	1	0
            10	2026-02-18 15:00:07	1	0	1	0
           120	2026-02-18 15:00:24	1	0	1	0
           318	2026-02-18 15:00:35	1	0	1	0
           260	2026-02-18 15:00:38	1	0	1	0
           407	2026-02-18 15:00:44	1	0	1	0
           117	2026-02-18 15:00:55	1	0	1	0
           562	2026-02-18 15:01:05	1	0	1	0
           526	2026-02-18 15:01:12	1	0	1	0
           245	2026-02-18 15:01:24	1	0	1	0
            98	2026-02-18 15:01:29	1	0	1	0
            44	2026-02-18 15:01:34	1	0	1	0
           314	2026-02-18 15:01:43	1	0	1	0
           160	2026-02-18 15:01:49	1	0	1	0
            79	2026-02-18 15:02:41	1	0	1	0
           152	2026-02-18 15:02:54	1	0	1	0
            73	2026-02-18 15:03:30	1	0	1	0
           109	2026-02-18 15:03:37	1	0	1	0
           106	2026-02-18 15:03:44	1	0	1	0
           645	2026-02-18 15:04:22	1	0	1	0
            46	2026-02-18 15:05:59	1	1	1	0
            46	2026-02-18 15:06:01	1	1	1	0
           565	2026-02-18 15:08:21	1	1	1	0
           625	2026-02-18 15:08:39	1	1	1	0
           219	2026-02-18 15:08:54	1	1	1	0
           221	2026-02-18 15:09:11	1	1	1	0
           221	2026-02-18 15:09:25	1	1	1	0
            65	2026-02-18 15:09:33	1	1	1	0
           161	2026-02-18 15:11:42	1	1	1	0
           828	2026-02-18 15:11:47	1	1	1	0
          1003	2026-02-18 15:31:43	1	1	1	0
           879	2026-02-18 15:34:27	1	1	1	0
           879	2026-02-18 15:34:30	1	1	1	0
           144	2026-02-18 15:39:10	1	1	1	0
             1	2026-02-18 16:00:13	1	1	1	0
             1	2026-02-18 16:00:19	1	1	1	0
           605	2026-02-18 16:00:24	1	1	1	0
           137	2026-02-18 16:00:29	1	1	1	0
           631	2026-02-18 16:00:35	1	1	1	0
            71	2026-02-18 16:00:41	1	1	1	0
           225	2026-02-18 16:01:12	1	1	1	0
           896	2026-02-18 16:01:18	1	1	1	0
           896	2026-02-18 16:01:20	1	1	1	0
           114	2026-02-18 16:01:27	1	1	1	0
           544	2026-02-18 16:01:33	1	1	1	0
           893	2026-02-18 16:01:38	1	1	1	0
           113	2026-02-18 16:01:51	1	1	1	0
          2506	2026-02-18 16:01:57	1	1	1	0
          2501	2026-02-18 16:02:03	1	1	1	0
            52	2026-02-18 16:02:08	1	1	1	0
            52	2026-02-18 16:02:11	1	1	1	0
           401	2026-02-18 16:02:14	1	1	1	0
           635	2026-02-18 16:02:18	1	1	1	0
           230	2026-02-18 16:02:30	1	1	1	0
           230	2026-02-18 16:02:32	1	1	1	0
             9	2026-02-18 16:02:41	1	1	1	0
           663	2026-02-18 16:02:48	1	1	1	0
            12	2026-02-18 16:03:01	1	1	1	0
            12	2026-02-18 16:03:08	1	1	1	0
            93	2026-02-18 16:03:39	1	1	1	0
           233	2026-02-18 16:05:44	1	1	1	0
          2500	2026-02-18 16:06:15	1	1	1	0
          2502	2026-02-18 16:06:23	1	1	1	0
           618	2026-02-18 16:07:03	1	1	1	0
           618	2026-02-18 16:07:08	1	1	1	0
            25	2026-02-18 16:07:50	1	1	1	0
            25	2026-02-18 16:07:56	1	1	1	0
           563	2026-02-18 16:08:03	1	1	1	0
            72	2026-02-18 16:09:08	1	1	1	0
           252	2026-02-18 16:09:56	1	1	1	0
           252	2026-02-18 16:10:02	1	1	1	0
           222	2026-02-18 16:10:14	1	1	1	0
           179	2026-02-18 16:10:26	1	1	1	0
           249	2026-02-18 16:10:37	1	1	1	0
           559	2026-02-18 16:12:16	1	1	1	0
           559	2026-02-18 16:12:20	1	1	1	0
           232	2026-02-18 16:12:38	1	1	1	0
           232	2026-02-18 16:12:42	1	1	1	0
           891	2026-02-18 16:13:39	1	1	1	0
           124	2026-02-18 16:13:53	1	1	1	0
           124	2026-02-18 16:13:58	1	1	1	0
           891	2026-02-18 16:14:06	1	1	1	0
           891	2026-02-18 16:14:08	1	1	1	0
           891	2026-02-18 16:14:18	1	1	1	0
           414	2026-02-18 16:14:57	1	1	1	0
           414	2026-02-18 16:15:02	1	1	1	0
           955	2026-02-18 16:19:38	1	1	1	0
           956	2026-02-18 16:20:10	1	1	1	0
            87	2026-02-18 16:23:06	1	1	1	0
            87	2026-02-18 16:23:11	1	1	1	0
            35	2026-02-18 16:23:25	1	1	1	0
            35	2026-02-18 16:23:31	1	1	1	0
           327	2026-02-18 16:26:39	1	1	1	0
           514	2026-02-18 16:27:07	1	1	1	0
           628	2026-02-18 16:27:13	1	1	1	0
           601	2026-02-18 16:34:21	1	1	1	0
           218	2026-02-18 16:35:01	1	1	1	0
           527	2026-02-18 16:45:28	1	1	1	0
          2512	2026-02-18 16:53:00	1	1	1	0
            83	2026-02-18 17:01:14	1	1	1	0
           651	2026-02-18 17:02:18	1	1	1	0
           204	2026-02-18 17:02:45	1	1	1	0
           204	2026-02-18 17:02:50	1	1	1	0
            81	2026-02-18 17:04:02	1	1	1	0
           501	2026-02-18 17:04:30	1	1	1	0
           897	2026-02-18 17:07:37	1	1	1	0
          2503	2026-02-18 17:07:43	1	1	1	0
          2521	2026-02-18 17:08:42	1	1	1	0
           818	2026-02-18 17:12:53	1	1	1	0
           553	2026-02-18 17:14:40	1	1	1	0
           325	2026-02-18 17:17:35	1	1	1	0
            90	2026-02-18 17:19:54	1	1	1	0
           569	2026-02-18 17:20:13	1	1	1	0
            82	2026-02-18 17:23:41	1	1	1	0
           572	2026-02-18 17:26:48	1	1	1	0
           572	2026-02-18 17:26:54	1	1	1	0
           587	2026-02-18 17:31:19	1	1	1	0
           587	2026-02-18 17:34:04	1	1	1	0
          2505	2026-02-18 17:45:32	1	1	1	0
          2505	2026-02-18 17:45:38	1	1	1	0
           328	2026-02-18 18:03:07	1	1	1	0
           328	2026-02-18 18:03:12	1	1	1	0
           521	2026-02-18 18:04:38	1	1	1	0
           584	2026-02-18 18:04:47	1	1	1	0
           594	2026-02-18 18:04:54	1	1	1	0
           594	2026-02-18 18:04:58	1	1	1	0
           258	2026-02-18 18:15:20	1	1	1	0
           531	2026-02-18 18:15:23	1	1	1	0
           622	2026-02-18 18:15:32	1	1	1	0
           622	2026-02-18 18:15:37	1	1	1	0
           622	2026-02-18 18:15:43	1	1	1	0
           585	2026-02-18 18:32:18	1	1	1	0
           585	2026-02-18 18:32:20	1	1	1	0
            34	2026-02-18 18:47:12	1	1	1	0
            34	2026-02-18 18:47:14	1	1	1	0
            18	2026-02-18 18:51:10	1	1	1	0
           408	2026-02-18 19:12:20	1	1	1	0
           244	2026-02-18 21:03:24	1	1	1	0
           526	2026-02-19 06:41:26	1	1	1	0
           212	2026-02-19 06:41:40	1	1	1	0
            68	2026-02-19 06:54:58	1	1	1	0
           109	2026-02-19 07:23:13	1	1	1	0
           602	2026-02-19 07:43:28	1	1	1	0
            73	2026-02-19 07:46:52	1	1	1	0
           828	2026-02-19 07:47:18	1	0	1	0
           117	2026-02-19 07:49:39	1	0	1	0
           625	2026-02-19 07:52:18	1	0	1	0
           625	2026-02-19 07:52:24	1	0	1	0
            44	2026-02-19 07:53:11	1	0	1	0
           245	2026-02-19 07:54:10	1	0	1	0
           245	2026-02-19 07:54:19	1	0	1	0
           245	2026-02-19 07:54:21	1	0	1	0
           260	2026-02-19 07:56:02	1	0	1	0
            10	2026-02-19 07:57:27	1	0	1	0
           161	2026-02-19 07:57:34	1	0	1	0
           553	2026-02-19 07:57:47	1	0	1	0
           160	2026-02-19 07:59:49	1	0	1	0
           106	2026-02-19 08:00:13	1	0	1	0
          1003	2026-02-19 08:04:45	1	0	1	0
            65	2026-02-19 08:06:01	1	0	1	0
          2512	2026-02-19 08:06:08	1	0	1	0
           562	2026-02-19 08:06:24	1	0	1	0
            79	2026-02-19 08:08:03	1	0	1	0
             1	2026-02-19 08:10:35	1	0	1	0
             1	2026-02-19 08:10:41	1	0	1	0
            94	2026-02-19 08:14:07	1	0	1	0
           219	2026-02-19 08:16:35	1	0	1	0
           314	2026-02-19 08:20:10	1	0	1	0
            71	2026-02-19 08:31:25	1	0	1	0
           645	2026-02-19 08:31:58	1	0	1	0
            52	2026-02-19 08:33:39	1	0	1	0
            52	2026-02-19 08:33:43	1	0	1	0
            52	2026-02-19 08:33:46	1	0	1	0
           604	2026-02-19 08:36:58	1	0	1	0
           576	2026-02-19 08:38:51	1	0	1	0
           252	2026-02-19 08:44:35	1	0	1	0
           252	2026-02-19 08:44:41	1	0	1	0
            25	2026-02-19 08:45:25	1	0	1	0
            25	2026-02-19 08:45:31	1	0	1	0
           563	2026-02-19 08:47:34	1	0	1	0
          2505	2026-02-19 08:47:39	1	0	1	0
          2505	2026-02-19 08:47:44	1	0	1	0
           124	2026-02-19 08:48:07	1	0	1	0
           124	2026-02-19 08:48:10	1	0	1	0
           113	2026-02-19 08:49:16	1	0	1	0
           663	2026-02-19 08:49:25	1	0	1	0
           575	2026-02-19 08:50:53	1	0	1	0
           575	2026-02-19 08:50:59	1	0	1	0
           327	2026-02-19 08:51:03	1	0	1	0
           328	2026-02-19 08:51:15	1	0	1	0
           328	2026-02-19 08:51:18	1	0	1	0
           635	2026-02-19 08:51:53	1	0	1	0
           559	2026-02-19 08:52:02	1	0	1	0
           559	2026-02-19 08:52:07	1	0	1	0
           527	2026-02-19 08:52:32	1	0	1	0
           527	2026-02-19 08:52:35	1	0	1	0
           618	2026-02-19 08:54:43	1	0	1	0
           618	2026-02-19 08:54:48	1	0	1	0
           893	2026-02-19 08:55:25	1	0	1	0
           623	2026-02-19 08:55:42	1	0	1	0
           623	2026-02-19 08:55:46	1	0	1	0
            72	2026-02-19 08:55:53	1	0	1	0
           318	2026-02-19 08:56:05	1	0	1	0
            87	2026-02-19 08:58:55	1	0	1	0
            87	2026-02-19 08:59:00	1	0	1	0
           891	2026-02-19 08:59:27	1	0	1	0
           569	2026-02-19 09:00:56	1	0	1	0
            93	2026-02-19 09:01:28	1	0	1	0
           233	2026-02-19 09:01:56	1	0	1	0
           631	2026-02-19 09:02:02	1	0	1	0
          2502	2026-02-19 09:02:09	1	0	1	0
           401	2026-02-19 09:02:15	1	0	1	0
           651	2026-02-19 09:02:21	1	0	1	0
           896	2026-02-19 09:02:26	1	0	1	0
           896	2026-02-19 09:02:28	1	0	1	0
           531	2026-02-19 09:03:06	1	0	1	0
           258	2026-02-19 09:03:11	1	0	1	0
          2501	2026-02-19 09:03:38	1	0	1	0
           628	2026-02-19 09:04:03	1	0	1	0
          2500	2026-02-19 09:05:32	1	0	1	0
           226	2026-02-19 09:06:07	1	0	1	0
           114	2026-02-19 09:06:29	1	0	1	0
            46	2026-02-19 09:06:34	1	0	1	0
            46	2026-02-19 09:06:36	1	0	1	0
           204	2026-02-19 09:06:41	1	0	1	0
           610	2026-02-19 09:06:51	1	0	1	0
           222	2026-02-19 09:09:09	1	0	1	0
           230	2026-02-19 09:09:14	1	0	1	0
           230	2026-02-19 09:09:16	1	0	1	0
          2503	2026-02-19 09:09:21	1	0	1	0
            18	2026-02-19 09:09:46	1	0	1	0
           521	2026-02-19 09:09:59	1	0	1	0
           179	2026-02-19 09:14:09	1	0	1	0
           179	2026-02-19 09:14:13	1	0	1	0
          2506	2026-02-19 09:14:39	1	0	1	0
           584	2026-02-19 09:15:04	1	0	1	0
           936	2026-02-19 09:19:54	1	0	1	0
           578	2026-02-19 09:20:23	1	0	1	0
           616	2026-02-19 09:25:00	1	0	1	0
           514	2026-02-19 09:26:23	1	0	1	0
            82	2026-02-19 09:29:01	1	0	1	0
           137	2026-02-19 09:48:19	1	0	1	0
           137	2026-02-19 09:48:22	1	0	1	0
           137	2026-02-19 09:48:24	1	0	1	0
            83	2026-02-19 09:53:46	1	0	1	0
           218	2026-02-19 09:54:51	1	0	1	0
          2521	2026-02-19 09:55:26	1	0	1	0
           244	2026-02-19 09:55:31	1	0	1	0
           897	2026-02-19 09:59:41	1	0	1	0
           235	2026-02-19 10:03:10	1	0	1	0
           875	2026-02-19 10:04:23	1	0	1	0
            90	2026-02-19 10:04:43	1	0	1	0
           408	2026-02-19 10:07:47	1	0	1	0
           818	2026-02-19 10:08:55	1	0	1	0
            34	2026-02-19 10:09:57	1	0	1	0
            34	2026-02-19 10:09:59	1	0	1	0
           594	2026-02-19 11:08:49	1	0	1	0
           594	2026-02-19 11:08:55	1	0	1	0
           602	2026-02-19 12:40:49	1	0	1	0
           226	2026-02-19 13:03:37	1	0	1	0
           576	2026-02-19 13:30:04	1	0	1	0
            46	2026-02-19 14:00:59	1	1	1	0
            46	2026-02-19 14:01:02	1	1	1	0
           212	2026-02-19 14:03:17	1	1	1	0
           875	2026-02-19 14:04:36	1	1	1	0
           235	2026-02-19 14:26:34	1	1	1	0
           936	2026-02-19 14:45:38	1	1	1	0
            10	2026-02-19 15:00:15	1	1	1	0
           318	2026-02-19 15:00:34	1	1	1	0
           260	2026-02-19 15:00:36	1	1	1	0
            98	2026-02-19 15:00:52	1	1	1	0
            98	2026-02-19 15:00:57	1	1	1	0
           245	2026-02-19 15:01:00	1	1	1	0
            73	2026-02-19 15:01:06	1	1	1	0
            68	2026-02-19 15:01:12	1	1	1	0
            44	2026-02-19 15:01:21	1	1	1	0
           314	2026-02-19 15:01:28	1	1	1	0
           117	2026-02-19 15:01:35	1	1	1	0
           562	2026-02-19 15:01:48	1	1	1	0
           526	2026-02-19 15:02:13	1	1	1	0
           625	2026-02-19 15:03:45	1	1	1	0
           616	2026-02-19 15:07:35	1	1	1	0
           828	2026-02-19 15:09:00	1	1	1	0
            65	2026-02-19 15:09:59	1	1	1	0
           219	2026-02-19 15:20:20	1	1	1	0
           161	2026-02-19 15:29:17	1	1	1	0
           109	2026-02-19 15:30:12	1	1	1	0
           160	2026-02-19 15:31:20	1	1	1	0
          1003	2026-02-19 15:34:55	1	1	1	0
            52	2026-02-19 15:36:39	1	1	1	0
            52	2026-02-19 15:36:42	1	1	1	0
            52	2026-02-19 15:36:44	1	1	1	0
           327	2026-02-19 15:43:33	1	1	1	0
           561	2026-02-19 15:43:39	1	1	1	0
             1	2026-02-19 16:00:28	1	1	1	0
             1	2026-02-19 16:00:33	1	1	1	0
           225	2026-02-19 16:00:38	1	1	1	0
           575	2026-02-19 16:00:43	1	1	1	0
           575	2026-02-19 16:00:48	1	1	1	0
           113	2026-02-19 16:00:54	1	1	1	0
           114	2026-02-19 16:01:00	1	1	1	0
             9	2026-02-19 16:01:04	1	1	1	0
           137	2026-02-19 16:01:09	1	1	1	0
           137	2026-02-19 16:01:11	1	1	1	0
           137	2026-02-19 16:01:14	1	1	1	0
            71	2026-02-19 16:01:20	1	1	1	0
            93	2026-02-19 16:01:30	1	1	1	0
           896	2026-02-19 16:01:37	1	1	1	0
           896	2026-02-19 16:01:39	1	1	1	0
            72	2026-02-19 16:01:46	1	1	1	0
          2506	2026-02-19 16:02:00	1	1	1	0
          2501	2026-02-19 16:02:06	1	1	1	0
           631	2026-02-19 16:02:12	1	1	1	0
           605	2026-02-19 16:02:15	1	1	1	0
            12	2026-02-19 16:02:32	1	1	1	0
           635	2026-02-19 16:02:38	1	1	1	0
           663	2026-02-19 16:03:03	1	1	1	0
           401	2026-02-19 16:03:29	1	1	1	0
           222	2026-02-19 16:03:44	1	1	1	0
           414	2026-02-19 16:03:49	1	1	1	0
           414	2026-02-19 16:03:52	1	1	1	0
           893	2026-02-19 16:03:55	1	1	1	0
           563	2026-02-19 16:04:01	1	1	1	0
            25	2026-02-19 16:04:23	1	1	1	0
            25	2026-02-19 16:04:35	1	1	1	0
           230	2026-02-19 16:05:26	1	1	1	0
           230	2026-02-19 16:05:29	1	1	1	0
           252	2026-02-19 16:07:49	1	1	1	0
           252	2026-02-19 16:07:55	1	1	1	0
           179	2026-02-19 16:08:10	1	1	1	0
           179	2026-02-19 16:08:16	1	1	1	0
           610	2026-02-19 16:08:21	1	1	1	0
          2505	2026-02-19 16:09:01	1	1	1	0
          2505	2026-02-19 16:09:06	1	1	1	0
           559	2026-02-19 16:09:58	1	1	1	0
           559	2026-02-19 16:10:03	1	1	1	0
           618	2026-02-19 16:10:08	1	1	1	0
           618	2026-02-19 16:10:13	1	1	1	0
           249	2026-02-19 16:10:34	1	1	1	0
          2512	2026-02-19 16:11:47	1	1	1	0
           628	2026-02-19 16:13:06	1	1	1	0
           514	2026-02-19 16:13:11	1	1	1	0
            87	2026-02-19 16:15:02	1	1	1	0
            87	2026-02-19 16:15:08	1	1	1	0
           578	2026-02-19 16:16:22	1	1	1	0
            18	2026-02-19 16:17:26	1	1	1	0
            18	2026-02-19 16:17:37	1	1	1	0
           527	2026-02-19 16:18:23	1	1	1	0
           891	2026-02-19 16:20:37	1	1	1	0
           124	2026-02-19 16:20:43	1	1	1	0
           124	2026-02-19 16:20:50	1	1	1	0
           124	2026-02-19 16:21:02	1	1	1	0
           601	2026-02-19 16:36:20	1	1	1	0
           604	2026-02-19 16:38:52	1	1	1	0
            79	2026-02-19 16:44:06	1	1	1	0
           218	2026-02-19 16:44:16	1	1	1	0
           218	2026-02-19 16:44:20	1	1	1	0
           233	2026-02-19 16:47:36	1	1	1	0
           569	2026-02-19 16:47:57	1	1	1	0
          2503	2026-02-19 16:59:31	1	1	1	0
           651	2026-02-19 17:00:04	1	1	1	0
           897	2026-02-19 17:00:13	1	1	1	0
           623	2026-02-19 17:00:49	1	1	1	0
           623	2026-02-19 17:00:51	1	1	1	0
           818	2026-02-19 17:03:57	1	1	1	0
           325	2026-02-19 17:11:12	1	1	1	0
          2500	2026-02-19 17:20:49	1	1	1	0
          2502	2026-02-19 17:20:57	1	1	1	0
           553	2026-02-19 17:34:37	1	1	1	0
           645	2026-02-19 17:36:31	1	1	1	0
           328	2026-02-19 18:00:30	1	1	1	0
           328	2026-02-19 18:00:36	1	1	1	0
           521	2026-02-19 18:02:28	1	1	1	0
           521	2026-02-19 18:02:32	1	1	1	0
           587	2026-02-19 18:04:40	1	1	1	0
           584	2026-02-19 18:08:47	1	1	1	0
           594	2026-02-19 18:08:52	1	1	1	0
           594	2026-02-19 18:08:57	1	1	1	0
            83	2026-02-19 18:26:52	1	1	1	0
            82	2026-02-19 18:32:43	1	1	1	0
          2521	2026-02-19 18:35:27	1	1	1	0
           622	2026-02-19 18:35:45	1	1	1	0
           622	2026-02-19 18:35:51	1	1	1	0
           622	2026-02-19 18:35:57	1	1	1	0
           572	2026-02-19 18:36:02	1	1	1	0
           572	2026-02-19 18:36:05	1	1	1	0
           408	2026-02-19 19:01:06	1	1	1	0
           244	2026-02-19 19:04:47	1	1	1	0
            34	2026-02-19 20:48:14	1	1	1	0
            34	2026-02-19 20:48:16	1	1	1	0
           248	2026-02-20 06:45:06	1	1	1	0
           248	2026-02-20 06:45:09	1	1	1	0
           212	2026-02-20 06:46:08	1	1	1	0
           225	2026-02-20 06:51:19	1	1	1	0
           225	2026-02-20 06:51:25	1	1	1	0
            68	2026-02-20 06:54:45	1	1	1	0
           955	2026-02-20 07:16:45	1	1	1	0
           109	2026-02-20 07:17:50	1	1	1	0
           120	2026-02-20 07:23:01	1	1	1	0
           221	2026-02-20 07:26:00	1	1	1	0
           221	2026-02-20 07:26:03	1	1	1	0
           526	2026-02-20 07:29:24	1	1	1	0
            98	2026-02-20 07:35:46	1	1	1	0
            98	2026-02-20 07:35:54	1	1	1	0
           562	2026-02-20 07:37:47	1	1	1	0
            73	2026-02-20 07:44:04	1	1	1	0
           602	2026-02-20 07:45:13	1	1	1	0
           144	2026-02-20 07:46:55	1	1	1	0
           117	2026-02-20 07:47:01	1	1	1	0
           245	2026-02-20 07:48:18	1	1	1	0
            84	2026-02-20 07:48:32	1	1	1	0
           407	2026-02-20 07:49:33	1	1	1	0
           160	2026-02-20 07:49:56	1	1	1	0
           891	2026-02-20 07:50:14	1	1	1	0
           828	2026-02-20 07:51:01	1	1	1	0
           260	2026-02-20 07:52:46	1	0	1	0
            44	2026-02-20 07:54:28	1	0	1	0
          2512	2026-02-20 07:54:34	1	0	1	0
           625	2026-02-20 07:55:26	1	0	1	0
            10	2026-02-20 07:57:41	1	0	1	0
           152	2026-02-20 08:03:18	1	0	1	0
            46	2026-02-20 08:04:22	1	0	1	0
            46	2026-02-20 08:04:25	1	0	1	0
           625	2026-02-20 08:04:31	1	0	1	0
           314	2026-02-20 08:04:48	1	0	1	0
            65	2026-02-20 08:05:23	1	0	1	0
           219	2026-02-20 08:06:11	1	0	1	0
           106	2026-02-20 08:06:58	1	0	1	0
           107	2026-02-20 08:09:19	1	0	1	0
            94	2026-02-20 08:15:32	1	0	1	0
             1	2026-02-20 08:16:50	1	0	1	0
             1	2026-02-20 08:16:55	1	0	1	0
           553	2026-02-20 08:17:06	1	0	1	0
           604	2026-02-20 08:19:04	1	0	1	0
           124	2026-02-20 08:19:26	1	0	1	0
           124	2026-02-20 08:19:29	1	0	1	0
          2521	2026-02-20 08:22:23	1	0	1	0
            71	2026-02-20 08:29:04	1	0	1	0
           645	2026-02-20 08:35:17	1	0	1	0
           569	2026-02-20 08:37:04	1	0	1	0
           601	2026-02-20 08:38:08	1	0	1	0
           576	2026-02-20 08:38:32	1	0	1	0
           328	2026-02-20 08:43:41	1	0	1	0
           328	2026-02-20 08:43:50	1	0	1	0
           239	2026-02-20 08:44:08	1	0	1	0
           575	2026-02-20 08:44:51	1	0	1	0
           575	2026-02-20 08:44:57	1	0	1	0
           252	2026-02-20 08:45:03	1	0	1	0
           252	2026-02-20 08:45:17	1	0	1	0
           113	2026-02-20 08:45:23	1	0	1	0
           563	2026-02-20 08:45:29	1	0	1	0
            25	2026-02-20 08:45:37	1	0	1	0
            25	2026-02-20 08:45:43	1	0	1	0
           179	2026-02-20 08:46:07	1	0	1	0
           179	2026-02-20 08:46:11	1	0	1	0
            12	2026-02-20 08:46:43	1	0	1	0
            12	2026-02-20 08:46:46	1	0	1	0
           318	2026-02-20 08:46:49	1	0	1	0
          2505	2026-02-20 08:47:34	1	0	1	0
          2505	2026-02-20 08:47:39	1	0	1	0
            72	2026-02-20 08:47:45	1	0	1	0
            52	2026-02-20 08:48:07	1	0	1	0
            52	2026-02-20 08:48:09	1	0	1	0
           232	2026-02-20 08:50:01	1	0	1	0
           232	2026-02-20 08:50:05	1	0	1	0
            87	2026-02-20 08:52:13	1	0	1	0
            87	2026-02-20 08:52:20	1	0	1	0
            87	2026-02-20 08:52:28	1	0	1	0
           663	2026-02-20 08:54:11	1	0	1	0
            87	2026-02-20 08:57:01	1	0	1	0
            87	2026-02-20 08:57:14	1	0	1	0
            87	2026-02-20 08:57:24	1	0	1	0
           230	2026-02-20 08:57:44	1	0	1	0
           230	2026-02-20 08:57:46	1	0	1	0
           623	2026-02-20 08:58:08	1	0	1	0
           623	2026-02-20 08:58:11	1	0	1	0
           572	2026-02-20 08:58:35	1	0	1	0
           572	2026-02-20 08:58:43	1	0	1	0
           101	2026-02-20 08:59:14	1	0	1	0
           631	2026-02-20 08:59:19	1	0	1	0
           559	2026-02-20 08:59:51	1	0	1	0
           559	2026-02-20 08:59:54	1	0	1	0
           628	2026-02-20 09:00:51	1	0	1	0
           544	2026-02-20 09:01:14	1	0	1	0
           222	2026-02-20 09:01:23	1	0	1	0
           204	2026-02-20 09:01:52	1	0	1	0
           204	2026-02-20 09:01:55	1	0	1	0
            18	2026-02-20 09:02:05	1	0	1	0
           514	2026-02-20 09:02:31	1	0	1	0
           233	2026-02-20 09:02:45	1	0	1	0
           531	2026-02-20 09:03:04	1	0	1	0
           327	2026-02-20 09:03:35	1	0	1	0
           618	2026-02-20 09:03:49	1	0	1	0
           618	2026-02-20 09:03:55	1	0	1	0
           618	2026-02-20 09:03:59	1	0	1	0
          2502	2026-02-20 09:04:47	1	0	1	0
            53	2026-02-20 09:05:00	1	0	1	0
            22	2026-02-20 09:05:16	1	0	1	0
           401	2026-02-20 09:05:44	1	0	1	0
          2501	2026-02-20 09:05:55	1	0	1	0
           191	2026-02-20 09:06:00	1	0	1	0
           249	2026-02-20 09:06:09	1	0	1	0
           893	2026-02-20 09:06:12	1	0	1	0
           578	2026-02-20 09:06:36	1	0	1	0
          2506	2026-02-20 09:06:44	1	0	1	0
           527	2026-02-20 09:07:17	1	0	1	0
           610	2026-02-20 09:08:56	1	0	1	0
           561	2026-02-20 09:10:25	1	0	1	0
           587	2026-02-20 09:10:34	1	0	1	0
           587	2026-02-20 09:10:39	1	0	1	0
          2500	2026-02-20 09:13:28	1	0	1	0
             9	2026-02-20 09:15:06	1	0	1	0
          2500	2026-02-20 09:15:52	1	0	1	0
           616	2026-02-20 09:16:47	1	0	1	0
            82	2026-02-20 09:28:22	1	0	1	0
           585	2026-02-20 09:47:43	1	0	1	0
           585	2026-02-20 09:47:45	1	0	1	0
           244	2026-02-20 09:48:10	1	0	1	0
           408	2026-02-20 09:50:34	1	0	1	0
            83	2026-02-20 09:53:17	1	0	1	0
           218	2026-02-20 09:55:32	1	0	1	0
           897	2026-02-20 09:57:41	1	0	1	0
           875	2026-02-20 09:58:26	1	0	1	0
            81	2026-02-20 09:59:02	1	0	1	0
            34	2026-02-20 10:00:47	1	0	1	0
            34	2026-02-20 10:00:49	1	0	1	0
            90	2026-02-20 10:06:07	1	0	1	0
           235	2026-02-20 10:08:28	1	0	1	0
           137	2026-02-20 10:08:32	1	0	1	0
           137	2026-02-20 10:08:35	1	0	1	0
           137	2026-02-20 10:08:37	1	0	1	0
           818	2026-02-20 10:08:44	1	0	1	0
            34	2026-02-20 12:13:09	1	0	1	0
           576	2026-02-20 13:01:29	1	0	1	0
           602	2026-02-20 13:32:26	1	0	1	0
           212	2026-02-20 14:02:24	1	0	1	0
            22	2026-02-20 14:03:02	1	0	1	0
           875	2026-02-20 14:03:09	1	0	1	0
           107	2026-02-20 14:03:46	1	0	1	0
           561	2026-02-20 14:05:35	1	0	1	0
           248	2026-02-20 14:13:53	1	0	1	0
           248	2026-02-20 14:13:55	1	0	1	0
           235	2026-02-20 14:21:20	1	0	1	0
           101	2026-02-20 14:31:31	1	0	1	0
           594	2026-02-20 14:33:25	1	0	1	0
           594	2026-02-20 14:33:31	1	0	1	0
           616	2026-02-20 14:52:53	1	0	1	0
           318	2026-02-20 15:00:16	1	0	1	0
           260	2026-02-20 15:00:19	1	0	1	0
           407	2026-02-20 15:00:23	1	0	1	0
            10	2026-02-20 15:00:32	1	0	1	0
           152	2026-02-20 15:00:46	1	0	1	0
           109	2026-02-20 15:00:52	1	0	1	0
            44	2026-02-20 15:00:59	1	0	1	0
           314	2026-02-20 15:01:04	1	0	1	0
            68	2026-02-20 15:01:36	1	0	1	0
           245	2026-02-20 15:01:39	1	0	1	0
           117	2026-02-20 15:01:45	1	0	1	0
            84	2026-02-20 15:01:50	1	0	1	0
           106	2026-02-20 15:02:05	1	0	1	0
           562	2026-02-20 15:04:25	1	0	1	0
           160	2026-02-20 15:08:09	1	0	1	0
            94	2026-02-20 15:09:08	1	0	1	0
           219	2026-02-20 15:11:56	1	0	1	0
           221	2026-02-20 15:12:15	1	0	1	0
           221	2026-02-20 15:12:18	1	0	1	0
            46	2026-02-20 15:12:28	1	1	1	0
            46	2026-02-20 15:12:31	1	1	1	0
           221	2026-02-20 15:13:25	1	1	1	0
           327	2026-02-20 15:15:13	1	1	1	0
           879	2026-02-20 15:20:26	1	1	1	0
           879	2026-02-20 15:20:28	1	1	1	0
           526	2026-02-20 15:25:04	1	1	1	0
           144	2026-02-20 15:27:29	1	1	1	0
           828	2026-02-20 15:29:18	1	1	1	0
           625	2026-02-20 15:58:34	1	1	1	0
           625	2026-02-20 15:58:47	1	1	1	0
             1	2026-02-20 16:00:07	1	1	1	0
             1	2026-02-20 16:00:13	1	1	1	0
           663	2026-02-20 16:00:36	1	1	1	0
           618	2026-02-20 16:00:41	1	1	1	0
           618	2026-02-20 16:00:45	1	1	1	0
           896	2026-02-20 16:00:51	1	1	1	0
           896	2026-02-20 16:00:53	1	1	1	0
           113	2026-02-20 16:01:31	1	1	1	0
            12	2026-02-20 16:01:43	1	1	1	0
           137	2026-02-20 16:02:23	1	1	1	0
           137	2026-02-20 16:02:25	1	1	1	0
           137	2026-02-20 16:02:27	1	1	1	0
           137	2026-02-20 16:02:29	1	1	1	0
           137	2026-02-20 16:02:31	1	1	1	0
           631	2026-02-20 16:02:33	1	1	1	0
           631	2026-02-20 16:02:35	1	1	1	0
           578	2026-02-20 16:02:45	1	1	1	0
          2501	2026-02-20 16:03:12	1	1	1	0
          2506	2026-02-20 16:03:19	1	1	1	0
            71	2026-02-20 16:03:27	1	1	1	0
           222	2026-02-20 16:03:59	1	1	1	0
           610	2026-02-20 16:04:32	1	1	1	0
          2505	2026-02-20 16:04:39	1	1	1	0
          2505	2026-02-20 16:04:43	1	1	1	0
           239	2026-02-20 16:04:47	1	1	1	0
           239	2026-02-20 16:04:51	1	1	1	0
           179	2026-02-20 16:05:07	1	1	1	0
           179	2026-02-20 16:05:12	1	1	1	0
           252	2026-02-20 16:05:20	1	1	1	0
           252	2026-02-20 16:05:35	1	1	1	0
            53	2026-02-20 16:05:50	1	1	1	0
           232	2026-02-20 16:06:32	1	1	1	0
           232	2026-02-20 16:06:35	1	1	1	0
           563	2026-02-20 16:07:09	1	1	1	0
             9	2026-02-20 16:07:21	1	1	1	0
           955	2026-02-20 16:07:26	1	1	1	0
           225	2026-02-20 16:07:32	1	1	1	0
           225	2026-02-20 16:07:38	1	1	1	0
            52	2026-02-20 16:07:46	1	1	1	0
            52	2026-02-20 16:07:49	1	1	1	0
            25	2026-02-20 16:08:26	1	1	1	0
            25	2026-02-20 16:08:33	1	1	1	0
           544	2026-02-20 16:10:12	1	1	1	0
           191	2026-02-20 16:10:17	1	1	1	0
           891	2026-02-20 16:10:49	1	1	1	0
           124	2026-02-20 16:10:55	1	1	1	0
           124	2026-02-20 16:11:00	1	1	1	0
          2512	2026-02-20 16:11:07	1	1	1	0
           575	2026-02-20 16:11:49	1	1	1	0
           575	2026-02-20 16:12:01	1	1	1	0
           230	2026-02-20 16:12:40	1	1	1	0
           230	2026-02-20 16:12:43	1	1	1	0
           233	2026-02-20 16:14:43	1	1	1	0
           559	2026-02-20 16:18:43	1	1	1	0
           559	2026-02-20 16:18:48	1	1	1	0
           514	2026-02-20 16:23:32	1	1	1	0
            87	2026-02-20 16:24:57	1	1	1	0
            87	2026-02-20 16:25:03	1	1	1	0
           527	2026-02-20 16:29:36	1	1	1	0
          2500	2026-02-20 16:32:15	1	1	1	0
           569	2026-02-20 16:33:03	1	1	1	0
           601	2026-02-20 16:34:59	1	1	1	0
            72	2026-02-20 16:39:34	1	1	1	0
          2502	2026-02-20 16:43:22	1	1	1	0
           893	2026-02-20 16:47:36	1	1	1	0
           553	2026-02-20 17:01:29	1	1	1	0
           651	2026-02-20 17:01:32	1	1	1	0
           623	2026-02-20 17:02:11	1	1	1	0
           623	2026-02-20 17:02:14	1	1	1	0
            82	2026-02-20 17:02:35	1	1	1	0
            83	2026-02-20 17:02:42	1	1	1	0
            90	2026-02-20 17:04:33	1	1	1	0
           587	2026-02-20 17:08:17	1	1	1	0
           204	2026-02-20 17:10:05	1	1	1	0
            81	2026-02-20 17:19:07	1	1	1	0
           604	2026-02-20 17:30:10	1	1	1	0
           645	2026-02-20 17:30:15	1	1	1	0
           251	2026-02-20 17:31:42	1	1	1	0
           628	2026-02-20 17:45:01	1	1	1	0
           328	2026-02-20 18:00:09	1	1	1	0
           328	2026-02-20 18:00:12	1	1	1	0
           328	2026-02-20 18:00:14	1	1	1	0
           328	2026-02-20 18:00:16	1	1	1	0
           408	2026-02-20 18:02:27	1	1	1	0
           594	2026-02-20 18:02:48	1	1	1	0
           594	2026-02-20 18:02:53	1	1	1	0
           594	2026-02-20 18:02:59	1	1	1	0
           531	2026-02-20 18:16:25	1	1	1	0
           218	2026-02-20 18:24:37	1	1	1	0
           572	2026-02-20 18:33:06	1	1	1	0
           572	2026-02-20 18:33:10	1	1	1	0
            18	2026-02-20 18:33:30	1	1	1	0
           585	2026-02-20 18:54:12	1	1	1	0
           585	2026-02-20 18:54:14	1	1	1	0
           818	2026-02-20 19:01:00	1	1	1	0
           249	2026-02-20 19:02:09	1	1	1	0
           818	2026-02-20 19:03:17	1	1	1	0
           244	2026-02-20 20:05:52	1	1	1	0
           212	2026-02-23 06:46:04	1	1	1	0
           248	2026-02-23 06:46:10	1	1	1	0
            68	2026-02-23 06:55:17	1	1	1	0
           221	2026-02-23 07:14:25	1	1	1	0
           221	2026-02-23 07:14:27	1	1	1	0
           109	2026-02-23 07:23:28	1	1	1	0
            98	2026-02-23 07:28:18	1	1	1	0
            98	2026-02-23 07:28:32	1	1	1	0
           225	2026-02-23 07:28:44	1	1	1	0
           225	2026-02-23 07:28:55	1	1	1	0
           955	2026-02-23 07:36:11	1	1	1	0
           407	2026-02-23 07:39:55	1	1	1	0
           526	2026-02-23 07:41:29	1	1	1	0
            44	2026-02-23 07:45:27	1	1	1	0
           161	2026-02-23 07:46:50	1	1	1	0
           232	2026-02-23 07:49:07	1	1	1	0
           232	2026-02-23 07:49:12	1	1	1	0
            84	2026-02-23 07:52:24	1	1	1	0
           260	2026-02-23 07:53:08	1	1	1	0
           625	2026-02-23 07:55:49	1	1	1	0
           625	2026-02-23 07:56:04	1	1	1	0
          2512	2026-02-23 07:56:49	1	1	1	0
           144	2026-02-23 07:58:17	1	1	1	0
           106	2026-02-23 07:59:16	1	1	1	0
           120	2026-02-23 07:59:26	1	1	1	0
           117	2026-02-23 07:59:45	1	1	1	0
           152	2026-02-23 08:00:01	1	1	1	0
           107	2026-02-23 08:02:09	1	1	1	0
           219	2026-02-23 08:02:35	1	1	1	0
           602	2026-02-23 08:02:53	1	1	1	0
           553	2026-02-23 08:03:43	1	1	1	0
            10	2026-02-23 08:03:55	1	1	1	0
           828	2026-02-23 08:05:34	1	1	1	0
           160	2026-02-23 08:06:38	1	1	1	0
            94	2026-02-23 08:08:23	1	1	1	0
            94	2026-02-23 08:08:25	1	1	1	0
            65	2026-02-23 08:08:31	1	1	1	0
            79	2026-02-23 08:11:14	1	1	1	0
           879	2026-02-23 08:18:36	1	1	1	0
           879	2026-02-23 08:18:38	1	1	1	0
          1003	2026-02-23 08:19:50	1	1	1	0
             1	2026-02-23 08:25:38	1	1	1	0
             1	2026-02-23 08:25:44	1	1	1	0
           601	2026-02-23 08:26:21	1	1	1	0
           576	2026-02-23 08:27:49	1	1	1	0
           124	2026-02-23 08:33:01	1	1	1	0
           124	2026-02-23 08:33:04	1	1	1	0
            52	2026-02-23 08:33:44	1	1	1	0
            52	2026-02-23 08:33:49	1	1	1	0
            52	2026-02-23 08:33:51	1	1	1	0
            34	2026-02-23 08:36:05	1	1	1	0
            34	2026-02-23 08:36:08	1	1	1	0
          2501	2026-02-23 08:36:24	1	1	1	0
            71	2026-02-23 08:36:37	1	1	1	0
            71	2026-02-23 08:36:41	1	1	1	0
           113	2026-02-23 08:39:41	1	1	1	0
           252	2026-02-23 08:41:11	1	1	1	0
           252	2026-02-23 08:41:13	1	1	1	0
           252	2026-02-23 08:41:19	1	1	1	0
           258	2026-02-23 08:41:41	1	1	1	0
           531	2026-02-23 08:41:45	1	1	1	0
           249	2026-02-23 08:42:07	1	1	1	0
           328	2026-02-23 08:45:29	1	1	1	0
           328	2026-02-23 08:45:32	1	1	1	0
           239	2026-02-23 08:45:58	1	1	1	0
           663	2026-02-23 08:46:09	1	1	1	0
          2505	2026-02-23 08:47:40	1	1	1	0
           651	2026-02-23 08:47:44	1	1	1	0
          2505	2026-02-23 08:47:49	1	1	1	0
           414	2026-02-23 08:50:25	1	1	1	0
           414	2026-02-23 08:50:29	1	1	1	0
           635	2026-02-23 08:50:32	1	1	1	0
           618	2026-02-23 08:50:37	1	1	1	0
           618	2026-02-23 08:50:42	1	1	1	0
           896	2026-02-23 08:51:37	1	1	1	0
           896	2026-02-23 08:51:40	1	1	1	0
            25	2026-02-23 08:52:37	1	1	1	0
            25	2026-02-23 08:52:43	1	1	1	0
           230	2026-02-23 08:52:49	1	1	1	0
           230	2026-02-23 08:52:51	1	1	1	0
           891	2026-02-23 08:53:08	1	1	1	0
           584	2026-02-23 08:53:28	1	1	1	0
            12	2026-02-23 08:54:22	1	1	1	0
           318	2026-02-23 08:54:30	1	1	1	0
          2506	2026-02-23 08:54:37	1	1	1	0
            18	2026-02-23 08:56:10	1	1	1	0
           101	2026-02-23 08:57:10	1	1	1	0
           501	2026-02-23 08:58:46	1	1	1	0
           569	2026-02-23 08:59:25	1	1	1	0
           936	2026-02-23 08:59:40	1	1	1	0
           628	2026-02-23 09:00:46	1	1	1	0
            87	2026-02-23 09:01:01	1	1	1	0
            87	2026-02-23 09:01:07	1	1	1	0
            87	2026-02-23 09:01:17	1	1	1	0
            35	2026-02-23 09:01:25	1	1	1	0
            35	2026-02-23 09:01:31	1	1	1	0
           253	2026-02-23 09:02:22	1	1	1	0
            46	2026-02-23 09:02:46	1	0	1	0
           631	2026-02-23 09:02:52	1	0	1	0
            72	2026-02-23 09:02:58	1	0	1	0
           563	2026-02-23 09:03:06	1	0	1	0
           204	2026-02-23 09:03:11	1	0	1	0
           572	2026-02-23 09:03:43	1	0	1	0
           572	2026-02-23 09:03:46	1	0	1	0
           561	2026-02-23 09:03:54	1	0	1	0
           179	2026-02-23 09:04:02	1	0	1	0
           179	2026-02-23 09:04:05	1	0	1	0
           578	2026-02-23 09:04:31	1	0	1	0
            22	2026-02-23 09:04:41	1	0	1	0
           191	2026-02-23 09:04:47	1	0	1	0
           222	2026-02-23 09:05:28	1	0	1	0
           233	2026-02-23 09:05:38	1	0	1	0
           514	2026-02-23 09:06:26	1	0	1	0
           605	2026-02-23 09:07:29	1	0	1	0
           226	2026-02-23 09:08:21	1	0	1	0
           114	2026-02-23 09:09:16	1	0	1	0
             9	2026-02-23 09:09:33	1	0	1	0
           559	2026-02-23 09:09:40	1	0	1	0
           559	2026-02-23 09:09:44	1	0	1	0
           575	2026-02-23 09:10:43	1	0	1	0
           575	2026-02-23 09:10:48	1	0	1	0
           616	2026-02-23 09:14:55	1	0	1	0
           401	2026-02-23 09:16:21	1	0	1	0
          2502	2026-02-23 09:18:14	1	0	1	0
          2503	2026-02-23 09:19:23	1	0	1	0
           622	2026-02-23 09:21:08	1	0	1	0
           622	2026-02-23 09:21:15	1	0	1	0
           622	2026-02-23 09:21:21	1	0	1	0
            82	2026-02-23 09:25:33	1	0	1	0
           623	2026-02-23 09:25:41	1	0	1	0
           623	2026-02-23 09:25:45	1	0	1	0
          2500	2026-02-23 09:26:01	1	0	1	0
           137	2026-02-23 09:39:22	1	0	1	0
           137	2026-02-23 09:39:26	1	0	1	0
           137	2026-02-23 09:39:29	1	0	1	0
          2521	2026-02-23 09:43:32	1	0	1	0
            81	2026-02-23 09:56:53	1	0	1	0
            90	2026-02-23 10:00:19	1	0	1	0
           408	2026-02-23 10:03:19	1	0	1	0
           818	2026-02-23 10:04:33	1	0	1	0
           244	2026-02-23 10:16:37	1	0	1	0
           875	2026-02-23 10:23:57	1	0	1	0
           602	2026-02-23 12:30:17	1	0	1	0
           576	2026-02-23 13:01:58	1	0	1	0
           226	2026-02-23 13:08:12	1	0	1	0
           253	2026-02-23 13:13:27	1	0	1	0
           936	2026-02-23 13:51:23	1	0	1	0
           248	2026-02-23 14:04:28	1	0	1	0
           212	2026-02-23 14:04:36	1	0	1	0
            22	2026-02-23 14:04:48	1	0	1	0
           875	2026-02-23 14:08:35	1	0	1	0
           107	2026-02-23 14:15:01	1	0	1	0
           235	2026-02-23 14:16:13	1	0	1	0
           604	2026-02-23 14:17:24	1	0	1	0
           645	2026-02-23 14:17:28	1	0	1	0
           561	2026-02-23 14:17:54	1	0	1	0
           101	2026-02-23 14:31:22	1	0	1	0
           594	2026-02-23 14:33:42	1	0	1	0
           594	2026-02-23 14:33:47	1	0	1	0
           616	2026-02-23 14:48:04	1	0	1	0
            10	2026-02-23 15:00:20	1	0	1	0
           318	2026-02-23 15:01:03	1	0	1	0
           260	2026-02-23 15:01:06	1	0	1	0
           407	2026-02-23 15:01:10	1	0	1	0
           160	2026-02-23 15:01:26	1	0	1	0
            79	2026-02-23 15:01:47	1	0	1	0
           117	2026-02-23 15:03:01	1	0	1	0
           109	2026-02-23 15:03:07	1	0	1	0
           152	2026-02-23 15:03:25	1	0	1	0
           106	2026-02-23 15:03:32	1	0	1	0
            84	2026-02-23 15:03:40	1	0	1	0
            68	2026-02-23 15:03:48	1	0	1	0
            65	2026-02-23 15:03:59	1	0	1	0
           828	2026-02-23 15:04:05	1	0	1	0
           219	2026-02-23 15:08:55	1	0	1	0
           221	2026-02-23 15:09:11	1	0	1	0
           221	2026-02-23 15:10:02	1	0	1	0
            98	2026-02-23 15:11:09	1	0	1	0
            98	2026-02-23 15:11:11	1	0	1	0
           879	2026-02-23 15:13:17	1	0	1	0
           879	2026-02-23 15:13:19	1	0	1	0
           161	2026-02-23 15:22:38	1	0	1	0
           526	2026-02-23 15:23:47	1	0	1	0
          1003	2026-02-23 15:30:41	1	0	1	0
            44	2026-02-23 15:35:14	1	0	1	0
           144	2026-02-23 15:42:38	1	0	1	0
           625	2026-02-23 15:46:20	1	0	1	0
             1	2026-02-23 16:00:13	1	0	1	0
             1	2026-02-23 16:00:19	1	0	1	0
            71	2026-02-23 16:00:38	1	0	1	0
            71	2026-02-23 16:00:42	1	0	1	0
           663	2026-02-23 16:01:04	1	0	1	0
           896	2026-02-23 16:01:14	1	0	1	0
           896	2026-02-23 16:01:18	1	0	1	0
           631	2026-02-23 16:02:13	1	0	1	0
            18	2026-02-23 16:02:25	1	0	1	0
             9	2026-02-23 16:02:32	1	0	1	0
           225	2026-02-23 16:02:38	1	0	1	0
           225	2026-02-23 16:02:45	1	0	1	0
            46	2026-02-23 16:03:06	1	1	1	0
            46	2026-02-23 16:03:08	1	1	1	0
            52	2026-02-23 16:03:23	1	1	1	0
            52	2026-02-23 16:03:25	1	1	1	0
            52	2026-02-23 16:03:27	1	1	1	0
           114	2026-02-23 16:03:46	1	1	1	0
           113	2026-02-23 16:03:54	1	1	1	0
           605	2026-02-23 16:04:00	1	1	1	0
          2501	2026-02-23 16:04:08	1	1	1	0
          2506	2026-02-23 16:04:36	1	1	1	0
           891	2026-02-23 16:05:19	1	1	1	0
           124	2026-02-23 16:05:25	1	1	1	0
           124	2026-02-23 16:05:28	1	1	1	0
           563	2026-02-23 16:05:34	1	1	1	0
           563	2026-02-23 16:05:41	1	1	1	0
           610	2026-02-23 16:05:47	1	1	1	0
           956	2026-02-23 16:06:01	1	1	1	0
            12	2026-02-23 16:06:12	1	1	1	0
           191	2026-02-23 16:06:18	1	1	1	0
           955	2026-02-23 16:06:25	1	1	1	0
            25	2026-02-23 16:06:41	1	1	1	0
            25	2026-02-23 16:06:47	1	1	1	0
           230	2026-02-23 16:06:52	1	1	1	0
           230	2026-02-23 16:06:54	1	1	1	0
           575	2026-02-23 16:07:00	1	1	1	0
           575	2026-02-23 16:07:06	1	1	1	0
           635	2026-02-23 16:07:11	1	1	1	0
          2502	2026-02-23 16:07:41	1	1	1	0
           618	2026-02-23 16:08:04	1	1	1	0
           618	2026-02-23 16:08:12	1	1	1	0
           252	2026-02-23 16:08:42	1	1	1	0
           252	2026-02-23 16:08:44	1	1	1	0
           252	2026-02-23 16:08:50	1	1	1	0
           327	2026-02-23 16:08:56	1	1	1	0
           137	2026-02-23 16:09:05	1	1	1	0
           137	2026-02-23 16:09:07	1	1	1	0
           233	2026-02-23 16:09:15	1	1	1	0
           179	2026-02-23 16:09:26	1	1	1	0
           179	2026-02-23 16:09:39	1	1	1	0
            87	2026-02-23 16:10:14	1	1	1	0
            87	2026-02-23 16:10:20	1	1	1	0
            87	2026-02-23 16:10:32	1	1	1	0
           232	2026-02-23 16:11:47	1	1	1	0
           232	2026-02-23 16:11:52	1	1	1	0
           578	2026-02-23 16:14:08	1	1	1	0
          2512	2026-02-23 16:14:17	1	1	1	0
            72	2026-02-23 16:14:22	1	1	1	0
           222	2026-02-23 16:20:59	1	1	1	0
           414	2026-02-23 16:21:04	1	1	1	0
           414	2026-02-23 16:21:07	1	1	1	0
           239	2026-02-23 16:22:18	1	1	1	0
           249	2026-02-23 16:23:56	1	1	1	0
           401	2026-02-23 16:24:10	1	1	1	0
           569	2026-02-23 16:31:16	1	1	1	0
           601	2026-02-23 16:35:56	1	1	1	0
            35	2026-02-23 16:38:30	1	1	1	0
            35	2026-02-23 16:38:36	1	1	1	0
           628	2026-02-23 16:54:40	1	1	1	0
           514	2026-02-23 16:54:48	1	1	1	0
           559	2026-02-23 17:01:18	1	1	1	0
           559	2026-02-23 17:01:25	1	1	1	0
           553	2026-02-23 17:02:00	1	1	1	0
           897	2026-02-23 17:02:09	1	1	1	0
          2503	2026-02-23 17:02:17	1	1	1	0
            81	2026-02-23 17:02:33	1	1	1	0
           651	2026-02-23 17:06:35	1	1	1	0
           623	2026-02-23 17:08:31	1	1	1	0
           623	2026-02-23 17:08:34	1	1	1	0
          2521	2026-02-23 17:09:46	1	1	1	0
           204	2026-02-23 17:18:38	1	1	1	0
           204	2026-02-23 17:18:43	1	1	1	0
            90	2026-02-23 17:27:48	1	1	1	0
           818	2026-02-23 17:27:53	1	1	1	0
           604	2026-02-23 17:31:39	1	1	1	0
           645	2026-02-23 17:31:43	1	1	1	0
            83	2026-02-23 17:35:37	1	1	1	0
          2500	2026-02-23 17:39:11	1	1	1	0
           587	2026-02-23 17:44:05	1	1	1	0
           328	2026-02-23 18:00:48	1	1	1	0
           328	2026-02-23 18:00:51	1	1	1	0
          2505	2026-02-23 18:01:31	1	1	1	0
          2505	2026-02-23 18:01:36	1	1	1	0
           501	2026-02-23 18:02:55	1	1	1	0
           408	2026-02-23 18:03:42	1	1	1	0
           584	2026-02-23 18:03:47	1	1	1	0
           594	2026-02-23 18:03:52	1	1	1	0
           594	2026-02-23 18:03:58	1	1	1	0
           258	2026-02-23 18:15:57	1	1	1	0
           531	2026-02-23 18:16:00	1	1	1	0
           244	2026-02-23 18:20:17	1	1	1	0
           572	2026-02-23 18:26:52	1	1	1	0
           622	2026-02-23 18:30:58	1	1	1	0
           622	2026-02-23 18:31:04	1	1	1	0
           622	2026-02-23 18:31:10	1	1	1	0
           572	2026-02-23 18:31:16	1	1	1	0
            82	2026-02-23 18:59:27	1	1	1	0
            34	2026-02-23 19:00:27	1	1	1	0
            34	2026-02-23 19:00:31	1	1	1	0
           526	2026-02-24 06:43:22	1	1	1	0
           212	2026-02-24 06:43:30	1	1	1	0
           248	2026-02-24 06:50:03	1	1	1	0
           248	2026-02-24 06:50:09	1	1	1	0
            68	2026-02-24 06:55:53	1	1	1	0
           225	2026-02-24 07:07:46	1	1	1	0
           225	2026-02-24 07:08:01	1	1	1	0
            93	2026-02-24 07:13:37	1	1	1	0
           109	2026-02-24 07:18:53	1	1	1	0
            98	2026-02-24 07:31:21	1	1	1	0
            98	2026-02-24 07:31:26	1	1	1	0
           955	2026-02-24 07:37:02	1	1	1	0
           144	2026-02-24 07:46:15	1	1	1	0
           117	2026-02-24 07:46:59	1	1	1	0
            84	2026-02-24 07:48:58	1	1	1	0
           260	2026-02-24 07:50:25	1	1	1	0
           407	2026-02-24 07:51:12	1	1	1	0
           161	2026-02-24 07:51:23	1	1	1	0
           828	2026-02-24 07:52:43	1	1	1	0
            44	2026-02-24 07:54:43	1	0	1	0
           160	2026-02-24 07:55:02	1	0	1	0
           562	2026-02-24 07:55:13	1	0	1	0
           120	2026-02-24 07:55:19	1	0	1	0
           602	2026-02-24 08:00:19	1	0	1	0
           221	2026-02-24 08:00:47	1	0	1	0
           221	2026-02-24 08:00:52	1	0	1	0
           152	2026-02-24 08:01:25	1	0	1	0
           106	2026-02-24 08:02:42	1	0	1	0
            10	2026-02-24 08:02:48	1	0	1	0
            65	2026-02-24 08:02:57	1	0	1	0
           956	2026-02-24 08:03:47	1	0	1	0
          2512	2026-02-24 08:04:10	1	0	1	0
           219	2026-02-24 08:04:51	1	0	1	0
           553	2026-02-24 08:05:59	1	0	1	0
           625	2026-02-24 08:06:11	1	0	1	0
           314	2026-02-24 08:11:54	1	0	1	0
          2620	2026-02-24 08:13:37	1	0	1	0
             1	2026-02-24 08:14:28	1	0	1	0
             1	2026-02-24 08:14:35	1	0	1	0
            79	2026-02-24 08:16:51	1	0	1	0
            22	2026-02-24 08:17:36	1	0	1	0
           601	2026-02-24 08:25:29	1	0	1	0
            71	2026-02-24 08:30:59	1	0	1	0
           604	2026-02-24 08:32:27	1	0	1	0
          1003	2026-02-24 08:34:48	1	0	1	0
           232	2026-02-24 08:38:56	1	0	1	0
           232	2026-02-24 08:39:02	1	0	1	0
           576	2026-02-24 08:41:08	1	0	1	0
            12	2026-02-24 08:41:24	1	0	1	0
          2501	2026-02-24 08:43:21	1	0	1	0
           623	2026-02-24 08:44:57	1	0	1	0
           623	2026-02-24 08:44:59	1	0	1	0
           239	2026-02-24 08:47:55	1	0	1	0
           531	2026-02-24 08:50:27	1	0	1	0
           891	2026-02-24 08:50:31	1	0	1	0
           635	2026-02-24 08:50:35	1	0	1	0
           113	2026-02-24 08:51:34	1	0	1	0
          2505	2026-02-24 08:52:12	1	0	1	0
          2505	2026-02-24 08:52:16	1	0	1	0
            52	2026-02-24 08:53:09	1	0	1	0
            52	2026-02-24 08:53:11	1	0	1	0
            52	2026-02-24 08:53:14	1	0	1	0
           328	2026-02-24 08:56:00	1	0	1	0
           328	2026-02-24 08:56:06	1	0	1	0
           252	2026-02-24 08:56:20	1	0	1	0
           252	2026-02-24 08:56:26	1	0	1	0
           179	2026-02-24 08:56:34	1	0	1	0
           179	2026-02-24 08:56:37	1	0	1	0
           563	2026-02-24 08:59:35	1	0	1	0
            25	2026-02-24 08:59:40	1	0	1	0
            25	2026-02-24 08:59:52	1	0	1	0
           663	2026-02-24 08:59:58	1	0	1	0
           559	2026-02-24 09:00:04	1	0	1	0
           559	2026-02-24 09:00:08	1	0	1	0
            34	2026-02-24 09:00:12	1	0	1	0
            34	2026-02-24 09:00:15	1	0	1	0
            12	2026-02-24 09:00:33	1	0	1	0
           204	2026-02-24 09:00:53	1	0	1	0
           101	2026-02-24 09:00:59	1	0	1	0
           645	2026-02-24 09:01:47	1	0	1	0
           651	2026-02-24 09:02:07	1	0	1	0
           414	2026-02-24 09:02:10	1	0	1	0
           414	2026-02-24 09:02:13	1	0	1	0
           569	2026-02-24 09:02:30	1	0	1	0
           631	2026-02-24 09:02:35	1	0	1	0
           618	2026-02-24 09:02:41	1	0	1	0
           618	2026-02-24 09:02:44	1	0	1	0
            72	2026-02-24 09:02:50	1	0	1	0
           575	2026-02-24 09:03:03	1	0	1	0
           575	2026-02-24 09:03:09	1	0	1	0
           401	2026-02-24 09:03:38	1	0	1	0
           327	2026-02-24 09:04:25	1	0	1	0
           893	2026-02-24 09:05:10	1	0	1	0
          2500	2026-02-24 09:05:19	1	0	1	0
           249	2026-02-24 09:05:25	1	0	1	0
           896	2026-02-24 09:05:38	1	0	1	0
           896	2026-02-24 09:05:40	1	0	1	0
            53	2026-02-24 09:06:32	1	0	1	0
           527	2026-02-24 09:07:19	1	0	1	0
          2506	2026-02-24 09:07:26	1	0	1	0
           226	2026-02-24 09:08:05	1	0	1	0
             9	2026-02-24 09:09:17	1	0	1	0
            46	2026-02-24 09:09:23	1	0	1	0
           521	2026-02-24 09:09:26	1	0	1	0
           244	2026-02-24 09:09:32	1	0	1	0
           114	2026-02-24 09:09:39	1	0	1	0
           191	2026-02-24 09:09:44	1	0	1	0
            35	2026-02-24 09:09:47	1	0	1	0
            35	2026-02-24 09:09:53	1	0	1	0
            54	2026-02-24 09:11:44	1	0	1	0
           936	2026-02-24 09:13:08	1	0	1	0
            18	2026-02-24 09:13:38	1	0	1	0
           587	2026-02-24 09:13:51	1	0	1	0
           584	2026-02-24 09:14:34	1	0	1	0
          2502	2026-02-24 09:16:27	1	0	1	0
          2503	2026-02-24 09:18:51	1	0	1	0
           233	2026-02-24 09:19:06	1	0	1	0
           616	2026-02-24 09:20:27	1	0	1	0
           514	2026-02-24 09:21:07	1	0	1	0
            82	2026-02-24 09:42:10	1	0	1	0
            83	2026-02-24 09:57:04	1	0	1	0
           818	2026-02-24 10:00:07	1	0	1	0
            90	2026-02-24 10:01:06	1	0	1	0
           137	2026-02-24 10:03:42	1	0	1	0
           137	2026-02-24 10:03:45	1	0	1	0
           137	2026-02-24 10:03:48	1	0	1	0
           897	2026-02-24 10:07:43	1	0	1	0
           235	2026-02-24 10:29:39	1	0	1	0
           875	2026-02-24 10:29:45	1	0	1	0
           602	2026-02-24 12:30:11	1	0	1	0
           605	2026-02-24 12:51:56	1	0	1	0
           576	2026-02-24 13:00:19	1	0	1	0
           226	2026-02-24 13:02:10	1	0	1	0
           253	2026-02-24 13:02:15	1	0	1	0
           936	2026-02-24 13:55:28	1	0	1	0
           248	2026-02-24 14:00:03	1	0	1	0
           248	2026-02-24 14:00:06	1	0	1	0
           212	2026-02-24 14:00:09	1	0	1	0
           875	2026-02-24 14:00:14	1	0	1	0
            22	2026-02-24 14:05:44	1	0	1	0
           235	2026-02-24 14:21:49	1	0	1	0
           594	2026-02-24 14:31:53	1	0	1	0
           594	2026-02-24 14:31:58	1	0	1	0
           101	2026-02-24 14:32:26	1	0	1	0
            10	2026-02-24 15:00:04	1	0	1	0
           260	2026-02-24 15:00:54	1	0	1	0
           407	2026-02-24 15:00:57	1	0	1	0
           160	2026-02-24 15:01:03	1	0	1	0
            44	2026-02-24 15:01:08	1	0	1	0
           314	2026-02-24 15:01:13	1	0	1	0
           245	2026-02-24 15:01:19	1	0	1	0
            98	2026-02-24 15:01:26	1	0	1	0
            98	2026-02-24 15:01:30	1	0	1	0
            79	2026-02-24 15:01:36	1	0	1	0
           152	2026-02-24 15:01:49	1	0	1	0
            84	2026-02-24 15:01:54	1	0	1	0
           562	2026-02-24 15:01:58	1	0	1	0
           106	2026-02-24 15:02:03	1	0	1	0
           106	2026-02-24 15:02:14	1	0	1	0
           117	2026-02-24 15:02:21	1	0	1	0
           161	2026-02-24 15:02:28	1	0	1	0
           109	2026-02-24 15:02:35	1	0	1	0
           828	2026-02-24 15:03:00	1	0	1	0
           221	2026-02-24 15:03:18	1	0	1	0
            65	2026-02-24 15:03:24	1	0	1	0
           219	2026-02-24 15:05:49	1	0	1	0
            68	2026-02-24 15:06:48	1	0	1	0
           879	2026-02-24 15:07:28	1	0	1	0
           879	2026-02-24 15:07:31	1	0	1	0
          2620	2026-02-24 15:07:38	1	0	1	0
           526	2026-02-24 15:09:56	1	0	1	0
           625	2026-02-24 15:21:40	1	0	1	0
          1003	2026-02-24 15:31:10	1	0	1	0
           616	2026-02-24 15:36:43	1	0	1	0
            46	2026-02-24 15:44:05	1	1	1	0
            46	2026-02-24 15:44:08	1	1	1	0
           144	2026-02-24 15:53:40	1	1	1	0
             1	2026-02-24 16:00:28	1	1	1	0
             1	2026-02-24 16:00:34	1	1	1	0
            71	2026-02-24 16:00:40	1	1	1	0
            71	2026-02-24 16:00:42	1	1	1	0
           896	2026-02-24 16:01:10	1	1	1	0
           896	2026-02-24 16:01:12	1	1	1	0
           893	2026-02-24 16:01:35	1	1	1	0
          2506	2026-02-24 16:02:04	1	1	1	0
          2501	2026-02-24 16:02:11	1	1	1	0
           563	2026-02-24 16:02:18	1	1	1	0
           124	2026-02-24 16:03:06	1	1	1	0
           124	2026-02-24 16:03:10	1	1	1	0
          2505	2026-02-24 16:03:20	1	1	1	0
          2505	2026-02-24 16:03:25	1	1	1	0
           663	2026-02-24 16:03:32	1	1	1	0
           891	2026-02-24 16:03:38	1	1	1	0
           225	2026-02-24 16:03:50	1	1	1	0
            52	2026-02-24 16:03:55	1	1	1	0
            52	2026-02-24 16:03:57	1	1	1	0
           114	2026-02-24 16:04:03	1	1	1	0
             9	2026-02-24 16:04:14	1	1	1	0
          2500	2026-02-24 16:04:19	1	1	1	0
          2502	2026-02-24 16:04:27	1	1	1	0
           137	2026-02-24 16:04:33	1	1	1	0
           137	2026-02-24 16:04:35	1	1	1	0
           137	2026-02-24 16:04:38	1	1	1	0
           137	2026-02-24 16:04:41	1	1	1	0
            25	2026-02-24 16:06:38	1	1	1	0
            25	2026-02-24 16:06:44	1	1	1	0
           956	2026-02-24 16:07:29	1	1	1	0
            12	2026-02-24 16:07:47	1	1	1	0
           631	2026-02-24 16:08:19	1	1	1	0
           955	2026-02-24 16:08:29	1	1	1	0
           113	2026-02-24 16:08:46	1	1	1	0
           222	2026-02-24 16:09:49	1	1	1	0
           414	2026-02-24 16:09:52	1	1	1	0
           414	2026-02-24 16:09:55	1	1	1	0
           191	2026-02-24 16:10:44	1	1	1	0
           610	2026-02-24 16:10:49	1	1	1	0
           249	2026-02-24 16:11:53	1	1	1	0
           635	2026-02-24 16:12:07	1	1	1	0
           514	2026-02-24 16:12:22	1	1	1	0
          2503	2026-02-24 16:12:45	1	1	1	0
           179	2026-02-24 16:12:55	1	1	1	0
           179	2026-02-24 16:12:57	1	1	1	0
           252	2026-02-24 16:13:03	1	1	1	0
           252	2026-02-24 16:13:09	1	1	1	0
           239	2026-02-24 16:15:08	1	1	1	0
            72	2026-02-24 16:16:42	1	1	1	0
           401	2026-02-24 16:17:12	1	1	1	0
           401	2026-02-24 16:17:18	1	1	1	0
           233	2026-02-24 16:17:44	1	1	1	0
           618	2026-02-24 16:18:34	1	1	1	0
           618	2026-02-24 16:18:39	1	1	1	0
          2512	2026-02-24 16:26:52	1	1	1	0
           578	2026-02-24 16:28:23	1	1	1	0
           601	2026-02-24 16:35:43	1	1	1	0
           232	2026-02-24 16:37:56	1	1	1	0
           232	2026-02-24 16:38:00	1	1	1	0
            53	2026-02-24 16:44:14	1	1	1	0
            35	2026-02-24 16:45:46	1	1	1	0
            35	2026-02-24 16:45:52	1	1	1	0
           559	2026-02-24 17:01:16	1	1	1	0
           559	2026-02-24 17:01:20	1	1	1	0
           569	2026-02-24 17:01:39	1	1	1	0
           553	2026-02-24 17:01:50	1	1	1	0
           897	2026-02-24 17:02:15	1	1	1	0
           651	2026-02-24 17:02:40	1	1	1	0
           818	2026-02-24 17:02:53	1	1	1	0
           204	2026-02-24 17:03:09	1	1	1	0
           204	2026-02-24 17:03:14	1	1	1	0
           623	2026-02-24 17:04:53	1	1	1	0
           623	2026-02-24 17:04:55	1	1	1	0
            94	2026-02-24 17:07:43	1	1	1	0
            90	2026-02-24 17:09:25	1	1	1	0
          2521	2026-02-24 17:16:19	1	1	1	0
           604	2026-02-24 17:30:03	1	1	1	0
           645	2026-02-24 17:30:09	1	1	1	0
            83	2026-02-24 17:34:34	1	1	1	0
           587	2026-02-24 17:42:05	1	1	1	0
           328	2026-02-24 18:01:19	1	1	1	0
           328	2026-02-24 18:01:24	1	1	1	0
           605	2026-02-24 18:01:44	1	1	1	0
           107	2026-02-24 18:02:46	1	1	1	0
           521	2026-02-24 18:04:19	1	1	1	0
           501	2026-02-24 18:04:37	1	1	1	0
           531	2026-02-24 18:06:54	1	1	1	0
           584	2026-02-24 18:07:19	1	1	1	0
           594	2026-02-24 18:07:23	1	1	1	0
           594	2026-02-24 18:07:29	1	1	1	0
           327	2026-02-24 18:09:55	1	1	1	0
            18	2026-02-24 18:38:12	1	1	1	0
            34	2026-02-24 19:02:52	1	1	1	0
            34	2026-02-24 19:02:55	1	1	1	0
           408	2026-02-24 19:10:34	1	1	1	0
           244	2026-02-24 19:26:35	1	1	1	0
           212	2026-02-25 06:48:07	1	1	1	0
           248	2026-02-25 06:53:04	1	1	1	0
           248	2026-02-25 06:53:14	1	1	1	0
            68	2026-02-25 06:55:00	1	1	1	0
           109	2026-02-25 07:20:44	1	1	1	0
            98	2026-02-25 07:35:07	1	1	1	0
            98	2026-02-25 07:35:12	1	1	1	0
           526	2026-02-25 07:36:53	1	1	1	0
          2512	2026-02-25 07:38:47	1	1	1	0
           828	2026-02-25 07:44:30	1	1	1	0
           562	2026-02-25 07:47:23	1	0	1	0
           120	2026-02-25 07:47:31	1	0	1	0
           117	2026-02-25 07:48:43	1	0	1	0
            84	2026-02-25 07:51:07	1	0	1	0
            44	2026-02-25 07:52:23	1	0	1	0
           160	2026-02-25 07:52:39	1	0	1	0
           144	2026-02-25 07:54:04	1	0	1	0
           625	2026-02-25 07:54:22	1	0	1	0
           161	2026-02-25 07:57:12	1	0	1	0
            10	2026-02-25 07:57:48	1	0	1	0
             1	2026-02-25 07:59:04	1	0	1	0
             1	2026-02-25 07:59:10	1	0	1	0
           602	2026-02-25 07:59:22	1	0	1	0
           245	2026-02-25 08:00:24	1	0	1	0
           245	2026-02-25 08:00:27	1	0	1	0
           107	2026-02-25 08:00:39	1	0	1	0
           407	2026-02-25 08:01:04	1	0	1	0
           260	2026-02-25 08:01:08	1	0	1	0
           221	2026-02-25 08:01:29	1	0	1	0
           221	2026-02-25 08:01:33	1	0	1	0
           152	2026-02-25 08:02:22	1	0	1	0
           106	2026-02-25 08:02:28	1	0	1	0
           553	2026-02-25 08:05:08	1	0	1	0
           314	2026-02-25 08:05:38	1	0	1	0
            65	2026-02-25 08:06:39	1	0	1	0
            79	2026-02-25 08:09:26	1	0	1	0
           604	2026-02-25 08:10:08	1	0	1	0
           219	2026-02-25 08:10:38	1	0	1	0
          2620	2026-02-25 08:15:32	1	0	1	0
            71	2026-02-25 08:22:32	1	0	1	0
            71	2026-02-25 08:22:36	1	0	1	0
           601	2026-02-25 08:26:57	1	0	1	0
            52	2026-02-25 08:27:54	1	0	1	0
            52	2026-02-25 08:27:56	1	0	1	0
            52	2026-02-25 08:27:59	1	0	1	0
           328	2026-02-25 08:41:23	1	0	1	0
           328	2026-02-25 08:41:28	1	0	1	0
            12	2026-02-25 08:42:23	1	0	1	0
            12	2026-02-25 08:42:28	1	0	1	0
           113	2026-02-25 08:42:35	1	0	1	0
           531	2026-02-25 08:43:48	1	0	1	0
           258	2026-02-25 08:43:54	1	0	1	0
           575	2026-02-25 08:44:27	1	0	1	0
           575	2026-02-25 08:44:33	1	0	1	0
            25	2026-02-25 08:47:32	1	0	1	0
            25	2026-02-25 08:47:45	1	0	1	0
           232	2026-02-25 08:48:00	1	0	1	0
           232	2026-02-25 08:48:04	1	0	1	0
           318	2026-02-25 08:48:54	1	0	1	0
          2505	2026-02-25 08:49:31	1	0	1	0
          2505	2026-02-25 08:49:36	1	0	1	0
           239	2026-02-25 08:50:27	1	0	1	0
           663	2026-02-25 08:52:03	1	0	1	0
            46	2026-02-25 08:52:15	1	0	1	0
           635	2026-02-25 08:52:25	1	0	1	0
           225	2026-02-25 08:52:50	1	0	1	0
           225	2026-02-25 08:52:55	1	0	1	0
           569	2026-02-25 08:53:22	1	0	1	0
           252	2026-02-25 08:54:06	1	0	1	0
           252	2026-02-25 08:54:11	1	0	1	0
          2501	2026-02-25 08:54:16	1	0	1	0
            87	2026-02-25 08:54:25	1	0	1	0
            87	2026-02-25 08:54:31	1	0	1	0
            87	2026-02-25 08:54:37	1	0	1	0
           584	2026-02-25 08:54:56	1	0	1	0
           896	2026-02-25 08:55:37	1	0	1	0
           896	2026-02-25 08:55:39	1	0	1	0
           623	2026-02-25 08:55:59	1	0	1	0
           623	2026-02-25 08:56:02	1	0	1	0
            72	2026-02-25 08:56:07	1	0	1	0
           891	2026-02-25 08:56:16	1	0	1	0
            87	2026-02-25 08:56:39	1	0	1	0
            87	2026-02-25 08:56:45	1	0	1	0
            87	2026-02-25 08:56:52	1	0	1	0
           414	2026-02-25 08:57:01	1	0	1	0
           414	2026-02-25 08:57:04	1	0	1	0
           563	2026-02-25 08:57:35	1	0	1	0
           605	2026-02-25 08:58:05	1	0	1	0
            18	2026-02-25 08:59:49	1	0	1	0
            22	2026-02-25 09:00:15	1	0	1	0
           204	2026-02-25 09:00:59	1	0	1	0
           204	2026-02-25 09:01:01	1	0	1	0
           559	2026-02-25 09:01:21	1	0	1	0
           559	2026-02-25 09:01:24	1	0	1	0
           651	2026-02-25 09:01:27	1	0	1	0
           501	2026-02-25 09:02:43	1	0	1	0
           179	2026-02-25 09:02:51	1	0	1	0
           179	2026-02-25 09:02:54	1	0	1	0
           401	2026-02-25 09:03:02	1	0	1	0
           631	2026-02-25 09:03:31	1	0	1	0
            34	2026-02-25 09:04:30	1	0	1	0
            34	2026-02-25 09:04:32	1	0	1	0
           587	2026-02-25 09:06:00	1	0	1	0
           222	2026-02-25 09:06:44	1	0	1	0
           233	2026-02-25 09:07:15	1	0	1	0
            35	2026-02-25 09:07:43	1	0	1	0
            35	2026-02-25 09:07:48	1	0	1	0
           253	2026-02-25 09:07:56	1	0	1	0
           327	2026-02-25 09:08:01	1	0	1	0
           325	2026-02-25 09:08:08	1	0	1	0
            54	2026-02-25 09:08:34	1	0	1	0
           610	2026-02-25 09:08:40	1	0	1	0
           616	2026-02-25 09:08:51	1	0	1	0
          2502	2026-02-25 09:09:04	1	0	1	0
           622	2026-02-25 09:09:14	1	0	1	0
           622	2026-02-25 09:09:20	1	0	1	0
           622	2026-02-25 09:09:26	1	0	1	0
           521	2026-02-25 09:09:39	1	0	1	0
          2506	2026-02-25 09:09:43	1	0	1	0
           527	2026-02-25 09:10:53	1	0	1	0
           226	2026-02-25 09:11:20	1	0	1	0
             9	2026-02-25 09:12:27	1	0	1	0
           561	2026-02-25 09:15:28	1	0	1	0
           893	2026-02-25 09:15:30	1	0	1	0
           578	2026-02-25 09:18:32	1	0	1	0
           230	2026-02-25 09:20:13	1	0	1	0
           230	2026-02-25 09:20:16	1	0	1	0
          2503	2026-02-25 09:20:40	1	0	1	0
           114	2026-02-25 09:20:53	1	0	1	0
            53	2026-02-25 09:22:25	1	0	1	0
           572	2026-02-25 09:27:22	1	0	1	0
           572	2026-02-25 09:27:24	1	0	1	0
           191	2026-02-25 09:28:25	1	0	1	0
           585	2026-02-25 09:36:28	1	0	1	0
           585	2026-02-25 09:36:30	1	0	1	0
            81	2026-02-25 09:40:36	1	0	1	0
            82	2026-02-25 09:52:30	1	0	1	0
          2521	2026-02-25 09:54:36	1	0	1	0
           408	2026-02-25 09:56:12	1	0	1	0
           875	2026-02-25 09:58:22	1	0	1	0
            90	2026-02-25 10:01:00	1	0	1	0
           244	2026-02-25 10:01:14	1	0	1	0
           235	2026-02-25 10:05:56	1	0	1	0
           137	2026-02-25 10:06:01	1	0	1	0
           137	2026-02-25 10:06:04	1	0	1	0
           137	2026-02-25 10:06:06	1	0	1	0
           218	2026-02-25 10:07:44	1	0	1	0
            83	2026-02-25 10:08:06	1	0	1	0
           602	2026-02-25 12:30:25	1	0	1	0
           226	2026-02-25 13:06:46	1	0	1	0
           253	2026-02-25 13:17:15	1	0	1	0
            54	2026-02-25 13:32:09	1	0	1	0
           875	2026-02-25 14:00:09	1	0	1	0
           561	2026-02-25 14:01:22	1	0	1	0
           212	2026-02-25 14:01:37	1	0	1	0
           248	2026-02-25 14:02:30	1	0	1	0
           248	2026-02-25 14:02:34	1	0	1	0
            22	2026-02-25 14:04:14	1	0	1	0
           107	2026-02-25 14:10:28	1	0	1	0
           594	2026-02-25 14:32:43	1	0	1	0
           594	2026-02-25 14:32:48	1	0	1	0
           616	2026-02-25 14:41:17	1	0	1	0
            98	2026-02-25 15:00:04	1	0	1	0
            98	2026-02-25 15:00:07	1	0	1	0
           407	2026-02-25 15:00:12	1	0	1	0
           260	2026-02-25 15:00:15	1	0	1	0
           318	2026-02-25 15:00:19	1	0	1	0
           314	2026-02-25 15:00:47	1	0	1	0
           109	2026-02-25 15:01:02	1	0	1	0
           106	2026-02-25 15:01:16	1	0	1	0
            84	2026-02-25 15:01:23	1	0	1	0
            44	2026-02-25 15:02:06	1	0	1	0
           160	2026-02-25 15:02:19	1	0	1	0
            10	2026-02-25 15:02:30	1	0	1	0
           152	2026-02-25 15:02:45	1	0	1	0
           562	2026-02-25 15:02:51	1	0	1	0
           117	2026-02-25 15:03:00	1	0	1	0
            68	2026-02-25 15:03:44	1	0	1	0
          2620	2026-02-25 15:05:56	1	0	1	0
           625	2026-02-25 15:06:04	1	0	1	0
           219	2026-02-25 15:06:11	1	0	1	0
           221	2026-02-25 15:06:17	1	0	1	0
           879	2026-02-25 15:06:23	1	0	1	0
           879	2026-02-25 15:06:25	1	0	1	0
           526	2026-02-25 15:06:35	1	0	1	0
          2512	2026-02-25 15:08:44	1	0	1	0
           161	2026-02-25 15:10:14	1	0	1	0
           144	2026-02-25 15:19:49	1	0	1	0
            46	2026-02-25 15:24:46	1	1	1	0
            46	2026-02-25 15:24:49	1	1	1	0
            52	2026-02-25 15:39:41	1	1	1	0
            52	2026-02-25 15:39:44	1	1	1	0
             1	2026-02-25 16:00:21	1	1	1	0
             1	2026-02-25 16:00:27	1	1	1	0
           225	2026-02-25 16:00:36	1	1	1	0
           225	2026-02-25 16:00:40	1	1	1	0
           114	2026-02-25 16:00:47	1	1	1	0
             9	2026-02-25 16:01:03	1	1	1	0
           896	2026-02-25 16:01:09	1	1	1	0
           896	2026-02-25 16:01:11	1	1	1	0
            71	2026-02-25 16:01:58	1	1	1	0
           663	2026-02-25 16:02:21	1	1	1	0
          2505	2026-02-25 16:02:30	1	1	1	0
          2505	2026-02-25 16:02:35	1	1	1	0
           230	2026-02-25 16:02:41	1	1	1	0
           230	2026-02-25 16:02:43	1	1	1	0
          2501	2026-02-25 16:02:49	1	1	1	0
          2506	2026-02-25 16:02:55	1	1	1	0
          2506	2026-02-25 16:02:57	1	1	1	0
           605	2026-02-25 16:03:03	1	1	1	0
           137	2026-02-25 16:03:17	1	1	1	0
           137	2026-02-25 16:03:19	1	1	1	0
           559	2026-02-25 16:03:30	1	1	1	0
           559	2026-02-25 16:03:34	1	1	1	0
           113	2026-02-25 16:03:47	1	1	1	0
           327	2026-02-25 16:04:01	1	1	1	0
           239	2026-02-25 16:04:32	1	1	1	0
           575	2026-02-25 16:05:19	1	1	1	0
           575	2026-02-25 16:05:24	1	1	1	0
           233	2026-02-25 16:05:43	1	1	1	0
            25	2026-02-25 16:05:49	1	1	1	0
            25	2026-02-25 16:05:54	1	1	1	0
           179	2026-02-25 16:06:03	1	1	1	0
           179	2026-02-25 16:06:05	1	1	1	0
           252	2026-02-25 16:06:11	1	1	1	0
           252	2026-02-25 16:06:17	1	1	1	0
           191	2026-02-25 16:06:24	1	1	1	0
           631	2026-02-25 16:06:30	1	1	1	0
            12	2026-02-25 16:06:34	1	1	1	0
            12	2026-02-25 16:06:38	1	1	1	0
            87	2026-02-25 16:06:54	1	1	1	0
            87	2026-02-25 16:07:00	1	1	1	0
            87	2026-02-25 16:07:06	1	1	1	0
           893	2026-02-25 16:07:49	1	1	1	0
           401	2026-02-25 16:08:36	1	1	1	0
           891	2026-02-25 16:09:27	1	1	1	0
           124	2026-02-25 16:09:33	1	1	1	0
           124	2026-02-25 16:09:45	1	1	1	0
           563	2026-02-25 16:10:35	1	1	1	0
           222	2026-02-25 16:10:41	1	1	1	0
           414	2026-02-25 16:10:46	1	1	1	0
           414	2026-02-25 16:10:51	1	1	1	0
           610	2026-02-25 16:11:11	1	1	1	0
           578	2026-02-25 16:12:10	1	1	1	0
            72	2026-02-25 16:13:13	1	1	1	0
           249	2026-02-25 16:13:47	1	1	1	0
          2502	2026-02-25 16:19:53	1	1	1	0
            18	2026-02-25 16:26:37	1	1	1	0
            18	2026-02-25 16:26:48	1	1	1	0
           527	2026-02-25 16:27:29	1	1	1	0
           232	2026-02-25 16:29:16	1	1	1	0
           232	2026-02-25 16:29:19	1	1	1	0
            94	2026-02-25 16:29:25	1	1	1	0
            35	2026-02-25 16:33:45	1	1	1	0
            35	2026-02-25 16:33:56	1	1	1	0
           601	2026-02-25 16:43:21	1	1	1	0
           635	2026-02-25 16:43:40	1	1	1	0
          2503	2026-02-25 16:51:13	1	1	1	0
           325	2026-02-25 17:01:07	1	1	1	0
           651	2026-02-25 17:01:57	1	1	1	0
           553	2026-02-25 17:02:21	1	1	1	0
           623	2026-02-25 17:02:30	1	1	1	0
           623	2026-02-25 17:02:33	1	1	1	0
           501	2026-02-25 17:04:37	1	1	1	0
           204	2026-02-25 17:05:09	1	1	1	0
           818	2026-02-25 17:07:09	1	1	1	0
          2521	2026-02-25 17:08:23	1	1	1	0
            83	2026-02-25 17:09:31	1	1	1	0
            90	2026-02-25 17:09:42	1	1	1	0
            79	2026-02-25 17:13:06	1	1	1	0
           218	2026-02-25 17:13:17	1	1	1	0
           218	2026-02-25 17:13:23	1	1	1	0
            79	2026-02-25 17:13:42	1	1	1	0
            82	2026-02-25 17:16:43	1	1	1	0
            81	2026-02-25 17:18:44	1	1	1	0
           604	2026-02-25 17:30:44	1	1	1	0
           587	2026-02-25 17:40:51	1	1	1	0
           572	2026-02-25 17:51:09	1	1	1	0
           572	2026-02-25 17:51:12	1	1	1	0
           328	2026-02-25 18:00:15	1	1	1	0
           328	2026-02-25 18:00:19	1	1	1	0
           328	2026-02-25 18:00:21	1	1	1	0
           521	2026-02-25 18:02:54	1	1	1	0
           258	2026-02-25 18:07:01	1	1	1	0
           531	2026-02-25 18:07:08	1	1	1	0
           584	2026-02-25 18:07:15	1	1	1	0
           594	2026-02-25 18:07:22	1	1	1	0
           594	2026-02-25 18:07:27	1	1	1	0
           645	2026-02-25 18:17:34	1	1	1	0
           569	2026-02-25 18:17:40	1	1	1	0
           244	2026-02-25 18:20:14	1	1	1	0
           585	2026-02-25 18:34:17	1	1	1	0
           585	2026-02-25 18:34:19	1	1	1	0
           408	2026-02-25 19:16:03	1	1	1	0
            34	2026-02-25 19:18:36	1	1	1	0
            34	2026-02-25 19:18:38	1	1	1	0
           622	2026-02-25 19:26:38	1	1	1	0
           622	2026-02-25 19:26:44	1	1	1	0
           622	2026-02-25 19:26:50	1	1	1	0
           212	2026-02-26 06:44:30	1	1	1	0
           248	2026-02-26 06:45:07	1	1	1	0
           248	2026-02-26 06:45:11	1	1	1	0
           526	2026-02-26 06:50:02	1	1	1	0
            68	2026-02-26 06:55:15	1	1	1	0
           955	2026-02-26 07:22:04	1	1	1	0
           225	2026-02-26 07:24:41	1	1	1	0
           225	2026-02-26 07:24:46	1	1	1	0
           109	2026-02-26 07:33:18	1	1	1	0
           144	2026-02-26 07:33:55	1	1	1	0
            98	2026-02-26 07:44:08	1	1	1	0
            98	2026-02-26 07:44:13	1	1	1	0
           245	2026-02-26 07:46:02	1	1	1	0
           828	2026-02-26 07:46:08	1	1	1	0
           245	2026-02-26 07:46:25	1	0	1	0
           117	2026-02-26 07:46:55	1	0	1	0
          2512	2026-02-26 07:47:02	1	0	1	0
           107	2026-02-26 07:48:28	1	0	1	0
            84	2026-02-26 07:51:46	1	0	1	0
           407	2026-02-26 07:52:16	1	0	1	0
           625	2026-02-26 07:52:28	1	0	1	0
            44	2026-02-26 07:53:10	1	0	1	0
           120	2026-02-26 07:53:43	1	0	1	0
           260	2026-02-26 07:57:24	1	0	1	0
           221	2026-02-26 07:58:38	1	0	1	0
           221	2026-02-26 07:58:52	1	0	1	0
            65	2026-02-26 08:00:55	1	0	1	0
           106	2026-02-26 08:00:59	1	0	1	0
           106	2026-02-26 08:01:07	1	0	1	0
            10	2026-02-26 08:02:39	1	0	1	0
           219	2026-02-26 08:02:51	1	0	1	0
           602	2026-02-26 08:05:55	1	0	1	0
          2620	2026-02-26 08:07:46	1	0	1	0
            79	2026-02-26 08:08:14	1	0	1	0
           152	2026-02-26 08:09:26	1	0	1	0
           314	2026-02-26 08:09:59	1	0	1	0
           314	2026-02-26 08:10:08	1	0	1	0
             1	2026-02-26 08:23:34	1	0	1	0
             1	2026-02-26 08:23:41	1	0	1	0
           161	2026-02-26 08:26:41	1	0	1	0
           161	2026-02-26 08:26:53	1	0	1	0
           161	2026-02-26 08:27:12	1	0	1	0
            52	2026-02-26 08:28:31	1	0	1	0
            52	2026-02-26 08:28:33	1	0	1	0
            52	2026-02-26 08:28:35	1	0	1	0
           601	2026-02-26 08:31:11	1	0	1	0
           645	2026-02-26 08:32:40	1	0	1	0
           604	2026-02-26 08:32:54	1	0	1	0
           576	2026-02-26 08:41:25	1	0	1	0
           239	2026-02-26 08:42:02	1	0	1	0
           232	2026-02-26 08:45:13	1	0	1	0
           232	2026-02-26 08:45:23	1	0	1	0
           232	2026-02-26 08:45:44	1	0	1	0
           113	2026-02-26 08:52:45	1	0	1	0
           252	2026-02-26 08:52:52	1	0	1	0
           252	2026-02-26 08:52:58	1	0	1	0
           179	2026-02-26 08:53:29	1	0	1	0
           179	2026-02-26 08:53:32	1	0	1	0
            72	2026-02-26 08:54:21	1	0	1	0
           258	2026-02-26 08:54:30	1	0	1	0
           258	2026-02-26 08:54:37	1	0	1	0
           531	2026-02-26 08:54:40	1	0	1	0
           531	2026-02-26 08:54:45	1	0	1	0
            46	2026-02-26 08:54:51	1	0	1	0
            46	2026-02-26 08:54:58	1	0	1	0
          2501	2026-02-26 08:55:39	1	0	1	0
          2505	2026-02-26 08:55:45	1	0	1	0
          2505	2026-02-26 08:55:48	1	0	1	0
           623	2026-02-26 08:55:53	1	0	1	0
           623	2026-02-26 08:55:56	1	0	1	0
           230	2026-02-26 08:58:31	1	0	1	0
           230	2026-02-26 08:58:34	1	0	1	0
          2506	2026-02-26 08:59:41	1	0	1	0
           605	2026-02-26 08:59:47	1	0	1	0
            12	2026-02-26 08:59:59	1	0	1	0
           204	2026-02-26 09:00:03	1	0	1	0
           204	2026-02-26 09:00:08	1	0	1	0
           631	2026-02-26 09:01:13	1	0	1	0
           891	2026-02-26 09:02:05	1	0	1	0
            25	2026-02-26 09:02:11	1	0	1	0
            25	2026-02-26 09:02:16	1	0	1	0
           587	2026-02-26 09:03:07	1	0	1	0
            71	2026-02-26 09:03:12	1	0	1	0
            71	2026-02-26 09:03:15	1	0	1	0
           651	2026-02-26 09:03:18	1	0	1	0
           414	2026-02-26 09:03:21	1	0	1	0
           414	2026-02-26 09:03:24	1	0	1	0
           559	2026-02-26 09:03:36	1	0	1	0
           559	2026-02-26 09:03:40	1	0	1	0
           628	2026-02-26 09:04:12	1	0	1	0
            87	2026-02-26 09:05:30	1	0	1	0
            87	2026-02-26 09:05:35	1	0	1	0
           101	2026-02-26 09:05:55	1	0	1	0
           896	2026-02-26 09:06:20	1	0	1	0
           896	2026-02-26 09:06:22	1	0	1	0
           521	2026-02-26 09:06:34	1	0	1	0
           318	2026-02-26 09:06:40	1	0	1	0
            93	2026-02-26 09:07:04	1	0	1	0
            87	2026-02-26 09:07:16	1	0	1	0
            87	2026-02-26 09:07:21	1	0	1	0
           578	2026-02-26 09:07:27	1	0	1	0
             9	2026-02-26 09:07:34	1	0	1	0
          2502	2026-02-26 09:07:56	1	0	1	0
           401	2026-02-26 09:08:08	1	0	1	0
           622	2026-02-26 09:08:14	1	0	1	0
           622	2026-02-26 09:08:19	1	0	1	0
           222	2026-02-26 09:08:22	1	0	1	0
           226	2026-02-26 09:08:29	1	0	1	0
           514	2026-02-26 09:08:45	1	0	1	0
           561	2026-02-26 09:08:55	1	0	1	0
           527	2026-02-26 09:09:43	1	0	1	0
            18	2026-02-26 09:09:49	1	0	1	0
           191	2026-02-26 09:09:55	1	0	1	0
           114	2026-02-26 09:10:01	1	0	1	0
           249	2026-02-26 09:10:25	1	0	1	0
           893	2026-02-26 09:10:30	1	0	1	0
           233	2026-02-26 09:15:24	1	0	1	0
           936	2026-02-26 09:15:57	1	0	1	0
           572	2026-02-26 09:17:18	1	0	1	0
           572	2026-02-26 09:17:23	1	0	1	0
           618	2026-02-26 09:17:46	1	0	1	0
           618	2026-02-26 09:17:51	1	0	1	0
          2503	2026-02-26 09:18:01	1	0	1	0
           610	2026-02-26 09:18:39	1	0	1	0
           253	2026-02-26 09:21:00	1	0	1	0
           616	2026-02-26 09:23:04	1	0	1	0
            82	2026-02-26 09:50:35	1	0	1	0
            81	2026-02-26 09:53:45	1	0	1	0
           137	2026-02-26 09:55:54	1	0	1	0
           137	2026-02-26 09:55:56	1	0	1	0
           137	2026-02-26 09:55:59	1	0	1	0
           818	2026-02-26 09:56:44	1	0	1	0
           897	2026-02-26 09:57:24	1	0	1	0
            83	2026-02-26 09:59:48	1	0	1	0
           875	2026-02-26 10:01:32	1	0	1	0
           235	2026-02-26 10:04:09	1	0	1	0
           244	2026-02-26 10:04:18	1	0	1	0
            34	2026-02-26 10:04:35	1	0	1	0
            34	2026-02-26 10:04:37	1	0	1	0
            90	2026-02-26 10:04:51	1	0	1	0
           218	2026-02-26 10:05:55	1	0	1	0
           602	2026-02-26 12:30:12	1	0	1	0
           226	2026-02-26 13:01:59	1	0	1	0
           253	2026-02-26 13:09:05	1	0	1	0
           576	2026-02-26 13:30:05	1	0	1	0
           936	2026-02-26 13:37:30	1	0	1	0
           248	2026-02-26 14:01:37	1	0	1	0
           248	2026-02-26 14:01:49	1	0	1	0
           212	2026-02-26 14:02:03	1	0	1	0
            22	2026-02-26 14:02:42	1	0	1	0
           107	2026-02-26 14:08:32	1	0	1	0
           616	2026-02-26 14:11:10	1	0	1	0
           235	2026-02-26 14:20:22	1	0	1	0
           101	2026-02-26 14:29:30	1	0	1	0
           604	2026-02-26 14:30:17	1	0	1	0
            10	2026-02-26 15:00:11	1	0	1	0
           117	2026-02-26 15:00:25	1	0	1	0
           245	2026-02-26 15:00:29	1	0	1	0
           109	2026-02-26 15:00:35	1	0	1	0
            98	2026-02-26 15:00:49	1	0	1	0
            98	2026-02-26 15:00:55	1	0	1	0
           106	2026-02-26 15:01:01	1	0	1	0
            84	2026-02-26 15:01:07	1	0	1	0
            46	2026-02-26 15:01:44	1	1	1	0
            46	2026-02-26 15:01:46	1	1	1	0
           407	2026-02-26 15:01:50	1	1	1	0
           260	2026-02-26 15:01:52	1	1	1	0
            68	2026-02-26 15:01:57	1	1	1	0
            44	2026-02-26 15:02:48	1	1	1	0
           314	2026-02-26 15:02:58	1	1	1	0
           879	2026-02-26 15:03:35	1	1	1	0
           879	2026-02-26 15:03:37	1	1	1	0
            65	2026-02-26 15:03:41	1	1	1	0
           828	2026-02-26 15:03:54	1	1	1	0
           526	2026-02-26 15:04:26	1	1	1	0
           221	2026-02-26 15:05:05	1	1	1	0
           221	2026-02-26 15:05:08	1	1	1	0
           161	2026-02-26 15:08:47	1	1	1	0
          2620	2026-02-26 15:09:04	1	1	1	0
           625	2026-02-26 15:09:15	1	1	1	0
           152	2026-02-26 15:12:42	1	1	1	0
           561	2026-02-26 15:12:51	1	1	1	0
            79	2026-02-26 15:15:22	1	1	1	0
            79	2026-02-26 15:15:24	1	1	1	0
           219	2026-02-26 15:24:39	1	1	1	0
           616	2026-02-26 15:54:56	1	1	1	0
             1	2026-02-26 16:00:04	1	1	1	0
             1	2026-02-26 16:00:09	1	1	1	0
           113	2026-02-26 16:00:14	1	1	1	0
           631	2026-02-26 16:00:32	1	1	1	0
           896	2026-02-26 16:00:56	1	1	1	0
           896	2026-02-26 16:00:58	1	1	1	0
           137	2026-02-26 16:01:02	1	1	1	0
           137	2026-02-26 16:01:05	1	1	1	0
           559	2026-02-26 16:01:43	1	1	1	0
           559	2026-02-26 16:01:48	1	1	1	0
           605	2026-02-26 16:02:00	1	1	1	0
            71	2026-02-26 16:02:15	1	1	1	0
            71	2026-02-26 16:02:18	1	1	1	0
            93	2026-02-26 16:03:18	1	1	1	0
          2505	2026-02-26 16:03:31	1	1	1	0
           893	2026-02-26 16:03:58	1	1	1	0
           114	2026-02-26 16:04:06	1	1	1	0
             9	2026-02-26 16:04:22	1	1	1	0
           230	2026-02-26 16:05:01	1	1	1	0
           230	2026-02-26 16:05:05	1	1	1	0
           233	2026-02-26 16:05:41	1	1	1	0
            52	2026-02-26 16:05:47	1	1	1	0
            52	2026-02-26 16:05:49	1	1	1	0
            52	2026-02-26 16:05:51	1	1	1	0
            12	2026-02-26 16:05:55	1	1	1	0
           239	2026-02-26 16:06:00	1	1	1	0
           401	2026-02-26 16:06:39	1	1	1	0
           955	2026-02-26 16:07:14	1	1	1	0
           252	2026-02-26 16:07:31	1	1	1	0
           252	2026-02-26 16:07:45	1	1	1	0
           628	2026-02-26 16:08:07	1	1	1	0
           514	2026-02-26 16:08:13	1	1	1	0
            25	2026-02-26 16:08:19	1	1	1	0
            25	2026-02-26 16:08:25	1	1	1	0
          2502	2026-02-26 16:09:20	1	1	1	0
           610	2026-02-26 16:10:32	1	1	1	0
           891	2026-02-26 16:10:40	1	1	1	0
           124	2026-02-26 16:10:48	1	1	1	0
           618	2026-02-26 16:11:18	1	1	1	0
           618	2026-02-26 16:11:22	1	1	1	0
           527	2026-02-26 16:12:40	1	1	1	0
           249	2026-02-26 16:16:29	1	1	1	0
           249	2026-02-26 16:16:31	1	1	1	0
          2512	2026-02-26 16:17:21	1	1	1	0
           578	2026-02-26 16:20:57	1	1	1	0
          2501	2026-02-26 16:22:53	1	1	1	0
          2506	2026-02-26 16:23:01	1	1	1	0
           191	2026-02-26 16:25:05	1	1	1	0
           191	2026-02-26 16:25:21	1	1	1	0
            72	2026-02-26 16:31:45	1	1	1	0
            87	2026-02-26 16:31:59	1	1	1	0
            87	2026-02-26 16:32:05	1	1	1	0
           601	2026-02-26 16:33:44	1	1	1	0
           222	2026-02-26 16:35:48	1	1	1	0
           414	2026-02-26 16:35:54	1	1	1	0
           414	2026-02-26 16:35:59	1	1	1	0
          2503	2026-02-26 16:45:34	1	1	1	0
            35	2026-02-26 16:47:08	1	1	1	0
            35	2026-02-26 16:47:13	1	1	1	0
           179	2026-02-26 16:47:56	1	1	1	0
           179	2026-02-26 16:48:02	1	1	1	0
           651	2026-02-26 16:59:48	1	1	1	0
           651	2026-02-26 17:00:05	1	1	1	0
           249	2026-02-26 17:00:21	1	1	1	0
            90	2026-02-26 17:01:48	1	1	1	0
           204	2026-02-26 17:03:00	1	1	1	0
           204	2026-02-26 17:03:02	1	1	1	0
           897	2026-02-26 17:04:21	1	1	1	0
           897	2026-02-26 17:04:27	1	1	1	0
           501	2026-02-26 17:04:54	1	1	1	0
            83	2026-02-26 17:08:04	1	1	1	0
           818	2026-02-26 17:08:39	1	1	1	0
           623	2026-02-26 17:12:48	1	1	1	0
           623	2026-02-26 17:12:51	1	1	1	0
           232	2026-02-26 17:17:56	1	1	1	0
           232	2026-02-26 17:18:00	1	1	1	0
            81	2026-02-26 17:21:30	1	1	1	0
           645	2026-02-26 17:33:34	1	1	1	0
            34	2026-02-26 18:00:54	1	1	1	0
            34	2026-02-26 18:00:56	1	1	1	0
           521	2026-02-26 18:04:56	1	1	1	0
           521	2026-02-26 18:05:00	1	1	1	0
           258	2026-02-26 18:05:17	1	1	1	0
            82	2026-02-26 18:13:56	1	1	1	0
           572	2026-02-26 18:23:47	1	1	1	0
           572	2026-02-26 18:23:51	1	1	1	0
           622	2026-02-26 18:24:02	1	1	1	0
           622	2026-02-26 18:24:08	1	1	1	0
           622	2026-02-26 18:24:14	1	1	1	0
           325	2026-02-26 18:35:02	1	1	1	0
            18	2026-02-26 18:43:19	1	1	1	0
           218	2026-02-26 18:45:57	1	1	1	0
           218	2026-02-26 18:46:08	1	1	1	0
           244	2026-02-26 18:50:54	1	1	1	0
           408	2026-02-26 19:04:17	1	1	1	0
           248	2026-02-27 06:47:12	1	1	1	0
           212	2026-02-27 06:47:16	1	1	1	0
            68	2026-02-27 06:55:31	1	1	1	0
           109	2026-02-27 07:18:15	1	1	1	0
           225	2026-02-27 07:18:25	1	1	1	0
           225	2026-02-27 07:18:28	1	1	1	0
           526	2026-02-27 07:29:04	1	1	1	0
           955	2026-02-27 07:29:19	1	1	1	0
            98	2026-02-27 07:35:00	1	1	1	0
            98	2026-02-27 07:35:04	1	1	1	0
           625	2026-02-27 07:35:50	1	1	1	0
           107	2026-02-27 07:37:38	1	1	1	0
           117	2026-02-27 07:38:48	1	1	1	0
            84	2026-02-27 07:41:41	1	1	1	0
           407	2026-02-27 07:44:05	1	1	1	0
           144	2026-02-27 07:45:43	1	1	1	0
           260	2026-02-27 07:48:59	1	1	1	0
           260	2026-02-27 07:49:06	1	1	1	0
           562	2026-02-27 07:51:54	1	1	1	0
            94	2026-02-27 07:52:25	1	1	1	0
           152	2026-02-27 07:58:20	1	1	1	0
          2620	2026-02-27 08:00:01	1	1	1	0
           956	2026-02-27 08:02:52	1	1	1	0
            65	2026-02-27 08:02:59	1	1	1	0
          2512	2026-02-27 08:03:06	1	1	1	0
           160	2026-02-27 08:04:00	1	1	1	0
            10	2026-02-27 08:04:32	1	1	1	0
           161	2026-02-27 08:05:34	1	1	1	0
           604	2026-02-27 08:06:30	1	1	1	0
            79	2026-02-27 08:07:39	1	1	1	0
           245	2026-02-27 08:08:02	1	1	1	0
           106	2026-02-27 08:08:18	1	1	1	0
           245	2026-02-27 08:08:30	1	0	1	0
           106	2026-02-27 08:08:36	1	0	1	0
           602	2026-02-27 08:08:49	1	0	1	0
           314	2026-02-27 08:09:30	1	0	1	0
             1	2026-02-27 08:12:57	1	0	1	0
             1	2026-02-27 08:13:02	1	0	1	0
           553	2026-02-27 08:15:39	1	0	1	0
            46	2026-02-27 08:24:53	1	0	1	0
            46	2026-02-27 08:24:55	1	0	1	0
           879	2026-02-27 08:27:49	1	0	1	0
           879	2026-02-27 08:27:52	1	0	1	0
           645	2026-02-27 08:31:57	1	0	1	0
           576	2026-02-27 08:36:25	1	0	1	0
           563	2026-02-27 08:39:59	1	0	1	0
           563	2026-02-27 08:40:05	1	0	1	0
            71	2026-02-27 08:40:24	1	0	1	0
            71	2026-02-27 08:40:27	1	0	1	0
           113	2026-02-27 08:42:04	1	0	1	0
           113	2026-02-27 08:42:15	1	0	1	0
           230	2026-02-27 08:44:45	1	0	1	0
           230	2026-02-27 08:44:47	1	0	1	0
           514	2026-02-27 08:45:15	1	0	1	0
           124	2026-02-27 08:45:24	1	0	1	0
           124	2026-02-27 08:45:27	1	0	1	0
           251	2026-02-27 08:45:59	1	0	1	0
           575	2026-02-27 08:47:00	1	0	1	0
           628	2026-02-27 08:47:42	1	0	1	0
           891	2026-02-27 08:47:57	1	0	1	0
            25	2026-02-27 08:48:38	1	0	1	0
            25	2026-02-27 08:48:51	1	0	1	0
           544	2026-02-27 08:50:38	1	0	1	0
          2505	2026-02-27 08:51:54	1	0	1	0
          2505	2026-02-27 08:51:59	1	0	1	0
           233	2026-02-27 08:52:54	1	0	1	0
           252	2026-02-27 08:53:37	1	0	1	0
           252	2026-02-27 08:53:42	1	0	1	0
           623	2026-02-27 08:54:06	1	0	1	0
           623	2026-02-27 08:54:10	1	0	1	0
           618	2026-02-27 08:54:37	1	0	1	0
           618	2026-02-27 08:54:43	1	0	1	0
           559	2026-02-27 08:55:18	1	0	1	0
           559	2026-02-27 08:55:22	1	0	1	0
            12	2026-02-27 08:55:29	1	0	1	0
           893	2026-02-27 08:55:36	1	0	1	0
           896	2026-02-27 08:56:45	1	0	1	0
           896	2026-02-27 08:56:47	1	0	1	0
           191	2026-02-27 08:57:05	1	0	1	0
           239	2026-02-27 08:57:10	1	0	1	0
           328	2026-02-27 08:57:18	1	0	1	0
           328	2026-02-27 08:57:20	1	0	1	0
           327	2026-02-27 08:58:08	1	0	1	0
           631	2026-02-27 08:58:49	1	0	1	0
            72	2026-02-27 08:58:57	1	0	1	0
           204	2026-02-27 08:59:06	1	0	1	0
           204	2026-02-27 08:59:10	1	0	1	0
           663	2026-02-27 08:59:24	1	0	1	0
           569	2026-02-27 08:59:56	1	0	1	0
           616	2026-02-27 09:02:43	1	0	1	0
           253	2026-02-27 09:04:13	1	0	1	0
           401	2026-02-27 09:04:25	1	0	1	0
           179	2026-02-27 09:05:15	1	0	1	0
           179	2026-02-27 09:05:17	1	0	1	0
           610	2026-02-27 09:05:53	1	0	1	0
           635	2026-02-27 09:05:56	1	0	1	0
           101	2026-02-27 09:06:02	1	0	1	0
           572	2026-02-27 09:06:55	1	0	1	0
           572	2026-02-27 09:06:57	1	0	1	0
          2506	2026-02-27 09:07:13	1	0	1	0
          2501	2026-02-27 09:07:17	1	0	1	0
           226	2026-02-27 09:07:50	1	0	1	0
           622	2026-02-27 09:08:35	1	0	1	0
           622	2026-02-27 09:08:44	1	0	1	0
           622	2026-02-27 09:08:52	1	0	1	0
           578	2026-02-27 09:08:58	1	0	1	0
          2503	2026-02-27 09:09:04	1	0	1	0
             9	2026-02-27 09:09:28	1	0	1	0
           561	2026-02-27 09:09:58	1	0	1	0
           527	2026-02-27 09:10:04	1	0	1	0
           584	2026-02-27 09:13:16	1	0	1	0
          2502	2026-02-27 09:14:57	1	0	1	0
            83	2026-02-27 09:51:50	1	0	1	0
           585	2026-02-27 09:52:03	1	0	1	0
           585	2026-02-27 09:52:05	1	0	1	0
            81	2026-02-27 09:54:48	1	0	1	0
           137	2026-02-27 09:59:13	1	0	1	0
           137	2026-02-27 09:59:15	1	0	1	0
           137	2026-02-27 09:59:17	1	0	1	0
            90	2026-02-27 10:00:06	1	0	1	0
           235	2026-02-27 10:00:15	1	0	1	0
            34	2026-02-27 10:02:27	1	0	1	0
            34	2026-02-27 10:02:30	1	0	1	0
           818	2026-02-27 10:06:19	1	0	1	0
           218	2026-02-27 10:14:26	1	0	1	0
           218	2026-02-27 10:14:29	1	0	1	0
           408	2026-02-27 10:22:16	1	0	1	0
           576	2026-02-27 13:00:43	1	0	1	0
           226	2026-02-27 13:02:41	1	0	1	0
           253	2026-02-27 13:15:18	1	0	1	0
           602	2026-02-27 13:33:05	1	0	1	0
           248	2026-02-27 14:02:05	1	0	1	0
           248	2026-02-27 14:02:07	1	0	1	0
           212	2026-02-27 14:02:12	1	0	1	0
           235	2026-02-27 14:13:09	1	0	1	0
           101	2026-02-27 14:18:55	1	0	1	0
           561	2026-02-27 14:23:06	1	0	1	0
            22	2026-02-27 14:25:09	1	0	1	0
           616	2026-02-27 14:32:46	1	0	1	0
           594	2026-02-27 14:33:50	1	0	1	0
           594	2026-02-27 14:33:55	1	0	1	0
           106	2026-02-27 15:00:17	1	1	1	0
            84	2026-02-27 15:00:22	1	1	1	0
            98	2026-02-27 15:00:39	1	1	1	0
            98	2026-02-27 15:00:43	1	1	1	0
           260	2026-02-27 15:00:49	1	1	1	0
           245	2026-02-27 15:00:52	1	1	1	0
           407	2026-02-27 15:01:00	1	1	1	0
           152	2026-02-27 15:01:04	1	1	1	0
           107	2026-02-27 15:01:09	1	1	1	0
           160	2026-02-27 15:01:21	1	1	1	0
           109	2026-02-27 15:01:30	1	1	1	0
            10	2026-02-27 15:01:37	1	1	1	0
            10	2026-02-27 15:01:47	1	1	1	0
           117	2026-02-27 15:02:06	1	1	1	0
           828	2026-02-27 15:03:58	1	1	1	0
            68	2026-02-27 15:04:03	1	1	1	0
           625	2026-02-27 15:04:48	1	1	1	0
            94	2026-02-27 15:09:16	1	1	1	0
           526	2026-02-27 15:09:49	1	1	1	0
          2620	2026-02-27 15:11:32	1	1	1	0
          2512	2026-02-27 15:11:49	1	1	1	0
           562	2026-02-27 15:13:19	1	1	1	0
            46	2026-02-27 15:19:00	1	1	1	0
            46	2026-02-27 15:19:03	1	1	1	0
           161	2026-02-27 15:20:16	1	1	1	0
           314	2026-02-27 15:40:04	1	1	1	0
             1	2026-02-27 16:00:22	1	1	1	0
             1	2026-02-27 16:00:29	1	1	1	0
            71	2026-02-27 16:00:38	1	1	1	0
            71	2026-02-27 16:00:41	1	1	1	0
           327	2026-02-27 16:00:51	1	1	1	0
           137	2026-02-27 16:00:57	1	1	1	0
           137	2026-02-27 16:00:59	1	1	1	0
           137	2026-02-27 16:01:02	1	1	1	0
           896	2026-02-27 16:01:07	1	1	1	0
           896	2026-02-27 16:01:09	1	1	1	0
           544	2026-02-27 16:01:27	1	1	1	0
             9	2026-02-27 16:02:12	1	1	1	0
           225	2026-02-27 16:02:18	1	1	1	0
          2506	2026-02-27 16:02:23	1	1	1	0
          2505	2026-02-27 16:02:30	1	1	1	0
          2505	2026-02-27 16:02:33	1	1	1	0
          2501	2026-02-27 16:02:39	1	1	1	0
          2502	2026-02-27 16:02:48	1	1	1	0
           631	2026-02-27 16:02:54	1	1	1	0
           663	2026-02-27 16:03:21	1	1	1	0
           559	2026-02-27 16:03:28	1	1	1	0
           559	2026-02-27 16:03:34	1	1	1	0
            72	2026-02-27 16:03:40	1	1	1	0
           401	2026-02-27 16:04:04	1	1	1	0
            12	2026-02-27 16:04:28	1	1	1	0
           563	2026-02-27 16:04:50	1	1	1	0
           113	2026-02-27 16:06:28	1	1	1	0
           191	2026-02-27 16:06:47	1	1	1	0
           955	2026-02-27 16:07:44	1	1	1	0
           618	2026-02-27 16:08:42	1	1	1	0
           618	2026-02-27 16:08:48	1	1	1	0
           618	2026-02-27 16:08:52	1	1	1	0
           893	2026-02-27 16:08:56	1	1	1	0
           610	2026-02-27 16:09:02	1	1	1	0
           956	2026-02-27 16:09:10	1	1	1	0
           179	2026-02-27 16:09:43	1	1	1	0
           179	2026-02-27 16:09:46	1	1	1	0
           252	2026-02-27 16:09:54	1	1	1	0
           252	2026-02-27 16:10:02	1	1	1	0
           252	2026-02-27 16:10:08	1	1	1	0
           252	2026-02-27 16:10:14	1	1	1	0
           233	2026-02-27 16:10:44	1	1	1	0
           239	2026-02-27 16:10:49	1	1	1	0
           635	2026-02-27 16:12:28	1	1	1	0
            65	2026-02-27 16:12:33	1	1	1	0
            25	2026-02-27 16:12:44	1	1	1	0
            25	2026-02-27 16:12:49	1	1	1	0
           527	2026-02-27 16:13:09	1	1	1	0
           891	2026-02-27 16:15:16	1	1	1	0
           124	2026-02-27 16:15:22	1	1	1	0
           124	2026-02-27 16:15:24	1	1	1	0
           575	2026-02-27 16:19:54	1	1	1	0
           575	2026-02-27 16:19:59	1	1	1	0
           249	2026-02-27 16:21:13	1	1	1	0
           578	2026-02-27 16:21:42	1	1	1	0
           230	2026-02-27 16:28:23	1	1	1	0
           230	2026-02-27 16:28:25	1	1	1	0
           628	2026-02-27 16:29:06	1	1	1	0
           514	2026-02-27 16:29:12	1	1	1	0
           569	2026-02-27 16:40:16	1	1	1	0
            79	2026-02-27 16:40:19	1	1	1	0
           879	2026-02-27 16:57:46	1	1	1	0
           879	2026-02-27 16:57:48	1	1	1	0
          2503	2026-02-27 16:59:38	1	1	1	0
           553	2026-02-27 17:01:24	1	1	1	0
           651	2026-02-27 17:01:42	1	1	1	0
           251	2026-02-27 17:02:55	1	1	1	0
           251	2026-02-27 17:03:04	1	1	1	0
           251	2026-02-27 17:03:11	1	1	1	0
           251	2026-02-27 17:03:19	1	1	1	0
           204	2026-02-27 17:04:03	1	1	1	0
           204	2026-02-27 17:04:07	1	1	1	0
           325	2026-02-27 17:05:11	1	1	1	0
           623	2026-02-27 17:06:25	1	1	1	0
           623	2026-02-27 17:06:29	1	1	1	0
            82	2026-02-27 17:09:12	1	1	1	0
            90	2026-02-27 17:09:52	1	1	1	0
           218	2026-02-27 17:11:00	1	1	1	0
           218	2026-02-27 17:11:10	1	1	1	0
            83	2026-02-27 17:29:23	1	1	1	0
           604	2026-02-27 17:30:28	1	1	1	0
           645	2026-02-27 17:30:34	1	1	1	0
            81	2026-02-27 17:42:52	1	1	1	0
            34	2026-02-27 18:00:45	1	1	1	0
            34	2026-02-27 18:00:48	1	1	1	0
           328	2026-02-27 18:01:02	1	1	1	0
           328	2026-02-27 18:01:05	1	1	1	0
           408	2026-02-27 18:02:33	1	1	1	0
           594	2026-02-27 18:04:11	1	1	1	0
           594	2026-02-27 18:04:17	1	1	1	0
           584	2026-02-27 18:04:21	1	1	1	0
           584	2026-02-27 18:04:26	1	1	1	0
            18	2026-02-27 18:05:27	1	1	1	0
           258	2026-02-27 18:11:42	1	1	1	0
           585	2026-02-27 18:30:14	1	1	1	0
           585	2026-02-27 18:30:16	1	1	1	0
           622	2026-02-27 18:35:14	1	1	1	0
           622	2026-02-27 18:35:20	1	1	1	0
           622	2026-02-27 18:35:26	1	1	1	0
           501	2026-02-27 20:10:44	1	1	1	0
           521	2026-02-27 20:10:52	1	1	1	0
           248	2026-03-02 06:53:12	1	1	1	0
           212	2026-03-02 06:53:18	1	1	1	0
            68	2026-03-02 06:55:29	1	1	1	0
           109	2026-03-02 07:26:23	1	1	1	0
           955	2026-03-02 07:27:38	1	1	1	0
           526	2026-03-02 07:31:19	1	1	1	0
           117	2026-03-02 07:39:18	1	1	1	0
           144	2026-03-02 07:42:38	1	1	1	0
            73	2026-03-02 07:42:49	1	1	1	0
            98	2026-03-02 07:44:10	1	1	1	0
            98	2026-03-02 07:44:13	1	1	1	0
          1003	2026-03-02 07:44:36	1	1	1	0
           828	2026-03-02 07:44:42	1	1	1	0
           625	2026-03-02 07:46:40	1	0	1	0
           625	2026-03-02 07:46:46	1	0	1	0
           152	2026-03-02 07:48:20	1	0	1	0
           221	2026-03-02 07:50:07	1	0	1	0
           221	2026-03-02 07:50:18	1	0	1	0
           106	2026-03-02 07:51:55	1	0	1	0
            84	2026-03-02 07:53:13	1	0	1	0
           161	2026-03-02 07:53:39	1	0	1	0
           407	2026-03-02 07:55:34	1	0	1	0
           245	2026-03-02 07:58:12	1	0	1	0
           160	2026-03-02 07:58:17	1	0	1	0
           107	2026-03-02 07:58:27	1	0	1	0
           260	2026-03-02 07:58:29	1	0	1	0
           562	2026-03-02 07:58:33	1	0	1	0
           225	2026-03-02 07:59:25	1	0	1	0
           225	2026-03-02 07:59:29	1	0	1	0
          2620	2026-03-02 07:59:49	1	0	1	0
           602	2026-03-02 08:00:46	1	0	1	0
           120	2026-03-02 08:00:53	1	0	1	0
           563	2026-03-02 08:01:20	1	0	1	0
          2512	2026-03-02 08:01:25	1	0	1	0
           553	2026-03-02 08:01:54	1	0	1	0
            10	2026-03-02 08:02:58	1	0	1	0
            65	2026-03-02 08:04:10	1	0	1	0
           314	2026-03-02 08:06:53	1	0	1	0
            44	2026-03-02 08:13:28	1	0	1	0
             1	2026-03-02 08:16:22	1	0	1	0
             1	2026-03-02 08:16:28	1	0	1	0
           604	2026-03-02 08:17:35	1	0	1	0
            79	2026-03-02 08:20:04	1	0	1	0
            71	2026-03-02 08:25:40	1	0	1	0
           879	2026-03-02 08:28:39	1	0	1	0
           879	2026-03-02 08:28:41	1	0	1	0
           645	2026-03-02 08:33:11	1	0	1	0
            52	2026-03-02 08:36:31	1	0	1	0
            52	2026-03-02 08:36:34	1	0	1	0
            52	2026-03-02 08:36:36	1	0	1	0
           601	2026-03-02 08:37:31	1	0	1	0
           576	2026-03-02 08:38:01	1	0	1	0
            25	2026-03-02 08:40:45	1	0	1	0
            25	2026-03-02 08:40:50	1	0	1	0
           124	2026-03-02 08:41:09	1	0	1	0
           124	2026-03-02 08:41:11	1	0	1	0
           414	2026-03-02 08:42:33	1	0	1	0
           414	2026-03-02 08:42:38	1	0	1	0
           525	2026-03-02 08:44:20	1	0	1	0
           663	2026-03-02 08:44:25	1	0	1	0
           559	2026-03-02 08:49:03	1	0	1	0
           559	2026-03-02 08:49:06	1	0	1	0
           587	2026-03-02 08:49:12	1	0	1	0
           605	2026-03-02 08:49:17	1	0	1	0
            72	2026-03-02 08:49:24	1	0	1	0
           891	2026-03-02 08:49:33	1	0	1	0
          2501	2026-03-02 08:50:04	1	0	1	0
           252	2026-03-02 08:50:15	1	0	1	0
           252	2026-03-02 08:50:21	1	0	1	0
           222	2026-03-02 08:51:09	1	0	1	0
           544	2026-03-02 08:51:41	1	0	1	0
           113	2026-03-02 08:51:48	1	0	1	0
            12	2026-03-02 08:53:31	1	0	1	0
            12	2026-03-02 08:53:35	1	0	1	0
           328	2026-03-02 08:55:16	1	0	1	0
           328	2026-03-02 08:55:18	1	0	1	0
           328	2026-03-02 08:55:22	1	0	1	0
           569	2026-03-02 08:56:03	1	0	1	0
            46	2026-03-02 08:57:14	1	0	1	0
            46	2026-03-02 08:57:16	1	0	1	0
           327	2026-03-02 08:58:27	1	0	1	0
           251	2026-03-02 08:58:48	1	0	1	0
           251	2026-03-02 08:58:56	1	0	1	0
           936	2026-03-02 08:59:22	1	0	1	0
           204	2026-03-02 08:59:48	1	0	1	0
           204	2026-03-02 08:59:53	1	0	1	0
           258	2026-03-02 09:00:29	1	0	1	0
           531	2026-03-02 09:00:37	1	0	1	0
           575	2026-03-02 09:00:46	1	0	1	0
           575	2026-03-02 09:00:52	1	0	1	0
           179	2026-03-02 09:01:30	1	0	1	0
           179	2026-03-02 09:01:34	1	0	1	0
           623	2026-03-02 09:01:43	1	0	1	0
           623	2026-03-02 09:01:46	1	0	1	0
           318	2026-03-02 09:02:08	1	0	1	0
           101	2026-03-02 09:02:14	1	0	1	0
           253	2026-03-02 09:02:23	1	0	1	0
           896	2026-03-02 09:03:03	1	0	1	0
           896	2026-03-02 09:03:06	1	0	1	0
           230	2026-03-02 09:03:44	1	0	1	0
           230	2026-03-02 09:03:46	1	0	1	0
            35	2026-03-02 09:04:36	1	0	1	0
            35	2026-03-02 09:04:42	1	0	1	0
           239	2026-03-02 09:04:49	1	0	1	0
          2506	2026-03-02 09:06:34	1	0	1	0
          2500	2026-03-02 09:07:19	1	0	1	0
           561	2026-03-02 09:07:48	1	0	1	0
          2502	2026-03-02 09:08:11	1	0	1	0
           610	2026-03-02 09:08:18	1	0	1	0
           249	2026-03-02 09:08:26	1	0	1	0
           514	2026-03-02 09:08:34	1	0	1	0
           527	2026-03-02 09:08:44	1	0	1	0
           521	2026-03-02 09:08:58	1	0	1	0
           114	2026-03-02 09:09:04	1	0	1	0
           651	2026-03-02 09:09:08	1	0	1	0
           114	2026-03-02 09:09:13	1	0	1	0
            87	2026-03-02 09:09:22	1	0	1	0
           651	2026-03-02 09:09:27	1	0	1	0
            87	2026-03-02 09:09:32	1	0	1	0
           628	2026-03-02 09:11:33	1	0	1	0
            54	2026-03-02 09:11:37	1	0	1	0
           584	2026-03-02 09:12:41	1	0	1	0
           233	2026-03-02 09:13:13	1	0	1	0
             9	2026-03-02 09:14:33	1	0	1	0
           618	2026-03-02 09:14:42	1	0	1	0
           191	2026-03-02 09:14:55	1	0	1	0
           401	2026-03-02 09:15:44	1	0	1	0
           578	2026-03-02 09:16:42	1	0	1	0
           578	2026-03-02 09:16:50	1	0	1	0
           622	2026-03-02 09:17:38	1	0	1	0
           622	2026-03-02 09:17:42	1	0	1	0
           622	2026-03-02 09:17:50	1	0	1	0
           616	2026-03-02 09:19:37	1	0	1	0
           572	2026-03-02 09:20:38	1	0	1	0
           572	2026-03-02 09:20:41	1	0	1	0
            18	2026-03-02 09:24:38	1	0	1	0
           893	2026-03-02 09:28:39	1	0	1	0
            34	2026-03-02 09:36:26	1	0	1	0
            34	2026-03-02 09:36:29	1	0	1	0
           137	2026-03-02 09:44:29	1	0	1	0
           137	2026-03-02 09:44:33	1	0	1	0
           137	2026-03-02 09:44:35	1	0	1	0
            82	2026-03-02 09:46:04	1	0	1	0
            90	2026-03-02 09:50:13	1	0	1	0
          2521	2026-03-02 09:50:56	1	0	1	0
           244	2026-03-02 09:52:48	1	0	1	0
           897	2026-03-02 09:53:25	1	0	1	0
            83	2026-03-02 09:56:23	1	0	1	0
           585	2026-03-02 09:56:52	1	0	1	0
           585	2026-03-02 09:56:56	1	0	1	0
           408	2026-03-02 09:57:46	1	0	1	0
           235	2026-03-02 10:01:22	1	0	1	0
           218	2026-03-02 10:01:28	1	0	1	0
            81	2026-03-02 10:02:35	1	0	1	0
           875	2026-03-02 10:04:47	1	0	1	0
           818	2026-03-02 10:04:55	1	0	1	0
           602	2026-03-02 12:33:18	1	0	1	0
           253	2026-03-02 13:03:19	1	0	1	0
           576	2026-03-02 13:05:17	1	0	1	0
            54	2026-03-02 13:15:41	1	0	1	0
           936	2026-03-02 13:46:37	1	0	1	0
           248	2026-03-02 14:01:59	1	0	1	0
           212	2026-03-02 14:02:08	1	0	1	0
           248	2026-03-02 14:02:11	1	0	1	0
           561	2026-03-02 14:02:17	1	0	1	0
           107	2026-03-02 14:05:23	1	0	1	0
           101	2026-03-02 14:13:52	1	0	1	0
           875	2026-03-02 14:15:31	1	0	1	0
           235	2026-03-02 14:30:46	1	0	1	0
           594	2026-03-02 14:35:10	1	0	1	0
           594	2026-03-02 14:35:15	1	0	1	0
           616	2026-03-02 14:55:20	1	0	1	0
           106	2026-03-02 15:00:11	1	0	1	0
           152	2026-03-02 15:00:17	1	0	1	0
            10	2026-03-02 15:00:23	1	0	1	0
           407	2026-03-02 15:00:27	1	0	1	0
           407	2026-03-02 15:00:29	1	0	1	0
           260	2026-03-02 15:00:31	1	0	1	0
           160	2026-03-02 15:00:34	1	0	1	0
            98	2026-03-02 15:00:39	1	0	1	0
           117	2026-03-02 15:00:44	1	0	1	0
           245	2026-03-02 15:00:50	1	0	1	0
           109	2026-03-02 15:01:02	1	0	1	0
           562	2026-03-02 15:01:12	1	0	1	0
            84	2026-03-02 15:01:17	1	0	1	0
            44	2026-03-02 15:01:20	1	0	1	0
           314	2026-03-02 15:01:32	1	0	1	0
            79	2026-03-02 15:01:40	1	0	1	0
           828	2026-03-02 15:02:25	1	0	1	0
           563	2026-03-02 15:02:46	1	0	1	0
            73	2026-03-02 15:03:28	1	0	1	0
            68	2026-03-02 15:03:33	1	0	1	0
            68	2026-03-02 15:03:36	1	0	1	0
           879	2026-03-02 15:03:39	1	0	1	0
           879	2026-03-02 15:03:42	1	0	1	0
          2620	2026-03-02 15:03:48	1	0	1	0
           526	2026-03-02 15:05:53	1	0	1	0
           221	2026-03-02 15:06:57	1	0	1	0
           625	2026-03-02 15:08:44	1	0	1	0
           144	2026-03-02 15:09:07	1	0	1	0
           161	2026-03-02 15:10:04	1	0	1	0
          1003	2026-03-02 15:31:42	1	0	1	0
             1	2026-03-02 16:00:04	1	0	1	0
             1	2026-03-02 16:00:08	1	0	1	0
           114	2026-03-02 16:00:14	1	0	1	0
           225	2026-03-02 16:00:24	1	0	1	0
           544	2026-03-02 16:00:29	1	0	1	0
            71	2026-03-02 16:00:34	1	0	1	0
            71	2026-03-02 16:00:37	1	0	1	0
           663	2026-03-02 16:00:47	1	0	1	0
           896	2026-03-02 16:00:53	1	0	1	0
           896	2026-03-02 16:00:57	1	0	1	0
             9	2026-03-02 16:01:03	1	0	1	0
            52	2026-03-02 16:01:17	1	0	1	0
            52	2026-03-02 16:01:19	1	0	1	0
            52	2026-03-02 16:01:21	1	0	1	0
           137	2026-03-02 16:01:24	1	0	1	0
           137	2026-03-02 16:01:26	1	0	1	0
           137	2026-03-02 16:01:28	1	0	1	0
           605	2026-03-02 16:01:40	1	0	1	0
           218	2026-03-02 16:01:42	1	0	1	0
           191	2026-03-02 16:01:50	1	0	1	0
           631	2026-03-02 16:01:56	1	0	1	0
           179	2026-03-02 16:02:39	1	0	1	0
           179	2026-03-02 16:02:42	1	0	1	0
           252	2026-03-02 16:02:48	1	0	1	0
           252	2026-03-02 16:02:53	1	0	1	0
           230	2026-03-02 16:03:17	1	0	1	0
           230	2026-03-02 16:03:20	1	0	1	0
           113	2026-03-02 16:04:01	1	0	1	0
           893	2026-03-02 16:04:15	1	0	1	0
           233	2026-03-02 16:04:31	1	0	1	0
            53	2026-03-02 16:04:48	1	0	1	0
            12	2026-03-02 16:05:01	1	0	1	0
           401	2026-03-02 16:05:06	1	0	1	0
           575	2026-03-02 16:05:11	1	0	1	0
            25	2026-03-02 16:05:16	1	0	1	0
            25	2026-03-02 16:05:21	1	0	1	0
          2512	2026-03-02 16:07:15	1	0	1	0
          2502	2026-03-02 16:08:33	1	0	1	0
           955	2026-03-02 16:09:17	1	0	1	0
           610	2026-03-02 16:09:23	1	0	1	0
           618	2026-03-02 16:09:29	1	0	1	0
           618	2026-03-02 16:09:35	1	0	1	0
           239	2026-03-02 16:10:08	1	0	1	0
           414	2026-03-02 16:11:08	1	0	1	0
           414	2026-03-02 16:11:15	1	0	1	0
           222	2026-03-02 16:11:20	1	0	1	0
           956	2026-03-02 16:11:26	1	0	1	0
            87	2026-03-02 16:13:13	1	0	1	0
            87	2026-03-02 16:13:20	1	0	1	0
          2506	2026-03-02 16:13:47	1	0	1	0
          2501	2026-03-02 16:14:39	1	0	1	0
          2501	2026-03-02 16:14:51	1	0	1	0
           891	2026-03-02 16:16:09	1	0	1	0
           249	2026-03-02 16:19:29	1	0	1	0
           527	2026-03-02 16:20:20	1	0	1	0
           527	2026-03-02 16:20:22	1	0	1	0
           578	2026-03-02 16:27:58	1	0	1	0
           327	2026-03-02 16:29:34	1	0	1	0
           601	2026-03-02 16:35:03	1	0	1	0
           514	2026-03-02 16:39:08	1	0	1	0
          2500	2026-03-02 16:52:38	1	0	1	0
            35	2026-03-02 16:53:38	1	0	1	0
            35	2026-03-02 16:53:43	1	0	1	0
           897	2026-03-02 17:01:13	1	0	1	0
           651	2026-03-02 17:02:43	1	0	1	0
           559	2026-03-02 17:03:17	1	0	1	0
           559	2026-03-02 17:03:20	1	0	1	0
          2521	2026-03-02 17:03:34	1	0	1	0
           553	2026-03-02 17:05:50	1	0	1	0
           204	2026-03-02 17:05:54	1	0	1	0
           818	2026-03-02 17:07:07	1	0	1	0
            90	2026-03-02 17:07:39	1	0	1	0
           623	2026-03-02 17:08:04	1	0	1	0
           623	2026-03-02 17:08:07	1	0	1	0
            81	2026-03-02 17:08:27	1	0	1	0
           569	2026-03-02 17:19:14	1	0	1	0
            82	2026-03-02 17:24:19	1	0	1	0
            83	2026-03-02 17:28:08	1	0	1	0
           604	2026-03-02 17:30:05	1	0	1	0
           645	2026-03-02 17:30:12	1	0	1	0
           251	2026-03-02 17:33:43	1	0	1	0
           587	2026-03-02 17:42:33	1	0	1	0
           584	2026-03-02 18:02:05	1	0	1	0
           594	2026-03-02 18:02:13	1	0	1	0
           594	2026-03-02 18:02:19	1	0	1	0
           328	2026-03-02 18:02:25	1	0	1	0
           328	2026-03-02 18:02:27	1	0	1	0
           328	2026-03-02 18:02:29	1	0	1	0
           408	2026-03-02 18:02:53	1	0	1	0
           572	2026-03-02 18:03:13	1	0	1	0
           572	2026-03-02 18:03:17	1	0	1	0
           325	2026-03-02 18:05:24	1	0	1	0
           531	2026-03-02 18:07:27	1	0	1	0
           258	2026-03-02 18:07:41	1	0	1	0
           521	2026-03-02 18:20:56	1	0	1	0
           521	2026-03-02 18:21:07	1	0	1	0
           622	2026-03-02 18:22:49	1	0	1	0
           622	2026-03-02 18:22:54	1	0	1	0
           622	2026-03-02 18:23:00	1	0	1	0
            72	2026-03-02 18:26:54	1	0	1	0
           585	2026-03-02 18:32:11	1	0	1	0
           585	2026-03-02 18:32:14	1	0	1	0
            34	2026-03-02 19:00:48	1	0	1	0
            34	2026-03-02 19:00:50	1	0	1	0
            18	2026-03-02 19:16:18	1	0	1	0
           244	2026-03-02 20:05:56	1	0	1	0
           526	2026-03-03 06:32:03	1	0	1	0
           212	2026-03-03 06:48:35	1	0	1	0
           248	2026-03-03 06:49:27	1	0	1	0
            68	2026-03-03 06:55:12	1	0	1	0
           109	2026-03-03 07:19:16	1	0	1	0
           225	2026-03-03 07:22:15	1	0	1	0
           225	2026-03-03 07:22:20	1	0	1	0
            73	2026-03-03 07:34:29	1	0	1	0
            98	2026-03-03 07:36:09	1	0	1	0
            98	2026-03-03 07:36:13	1	0	1	0
           117	2026-03-03 07:40:43	1	0	1	0
          2512	2026-03-03 07:49:47	1	0	1	0
           407	2026-03-03 07:50:24	1	0	1	0
           107	2026-03-03 07:53:42	1	0	1	0
           221	2026-03-03 07:54:13	1	0	1	0
           221	2026-03-03 07:54:21	1	0	1	0
           260	2026-03-03 07:55:22	1	0	1	0
           106	2026-03-03 07:55:50	1	0	1	0
           828	2026-03-03 07:55:57	1	0	1	0
           160	2026-03-03 07:56:44	1	0	1	0
            44	2026-03-03 07:57:39	1	0	1	0
            44	2026-03-03 07:58:04	1	0	1	0
           956	2026-03-03 07:59:51	1	0	1	0
            10	2026-03-03 08:02:48	1	0	1	0
           314	2026-03-03 08:03:53	1	0	1	0
           314	2026-03-03 08:03:56	1	0	1	0
           563	2026-03-03 08:07:20	1	0	1	0
           625	2026-03-03 08:07:26	1	0	1	0
           161	2026-03-03 08:07:33	1	0	1	0
            65	2026-03-03 08:07:37	1	0	1	0
           602	2026-03-03 08:07:48	1	0	1	0
          1003	2026-03-03 08:08:00	1	0	1	0
           553	2026-03-03 08:08:49	1	0	1	0
           553	2026-03-03 08:08:52	1	0	1	0
            79	2026-03-03 08:08:56	1	0	1	0
           562	2026-03-03 08:10:30	1	0	1	0
           219	2026-03-03 08:11:27	1	0	1	0
             1	2026-03-03 08:14:25	1	0	1	0
             1	2026-03-03 08:14:29	1	0	1	0
           955	2026-03-03 08:16:59	1	0	1	0
           152	2026-03-03 08:18:33	1	0	1	0
           879	2026-03-03 08:24:43	1	0	1	0
           879	2026-03-03 08:24:45	1	0	1	0
           124	2026-03-03 08:26:18	1	0	1	0
           124	2026-03-03 08:26:20	1	0	1	0
          2620	2026-03-03 08:27:08	1	0	1	0
           601	2026-03-03 08:30:28	1	0	1	0
           576	2026-03-03 08:33:39	1	0	1	0
           645	2026-03-03 08:36:35	1	0	1	0
          2501	2026-03-03 08:36:51	1	0	1	0
            25	2026-03-03 08:43:08	1	0	1	0
            25	2026-03-03 08:43:14	1	0	1	0
           113	2026-03-03 08:43:41	1	0	1	0
           252	2026-03-03 08:43:48	1	0	1	0
           252	2026-03-03 08:43:50	1	0	1	0
           252	2026-03-03 08:43:56	1	0	1	0
           258	2026-03-03 08:44:03	1	0	1	0
           531	2026-03-03 08:44:07	1	0	1	0
           239	2026-03-03 08:45:11	1	0	1	0
            71	2026-03-03 08:45:57	1	0	1	0
            71	2026-03-03 08:45:59	1	0	1	0
           604	2026-03-03 08:49:39	1	0	1	0
           569	2026-03-03 08:49:46	1	0	1	0
           635	2026-03-03 08:49:50	1	0	1	0
           253	2026-03-03 08:50:08	1	0	1	0
           204	2026-03-03 08:53:18	1	0	1	0
           204	2026-03-03 08:53:22	1	0	1	0
           891	2026-03-03 08:53:50	1	0	1	0
           663	2026-03-03 08:53:57	1	0	1	0
            12	2026-03-03 08:55:00	1	0	1	0
            12	2026-03-03 08:55:04	1	0	1	0
           618	2026-03-03 08:55:16	1	0	1	0
           618	2026-03-03 08:55:21	1	0	1	0
           618	2026-03-03 08:55:26	1	0	1	0
           179	2026-03-03 08:56:58	1	0	1	0
           179	2026-03-03 08:57:00	1	0	1	0
           575	2026-03-03 08:57:06	1	0	1	0
           575	2026-03-03 08:57:12	1	0	1	0
           559	2026-03-03 08:57:24	1	0	1	0
           559	2026-03-03 08:57:28	1	0	1	0
           896	2026-03-03 08:57:50	1	0	1	0
           896	2026-03-03 08:57:52	1	0	1	0
           328	2026-03-03 08:58:10	1	0	1	0
           328	2026-03-03 08:58:12	1	0	1	0
            52	2026-03-03 08:58:18	1	0	1	0
            52	2026-03-03 08:58:24	1	0	1	0
            52	2026-03-03 08:58:27	1	0	1	0
           101	2026-03-03 08:58:33	1	0	1	0
           328	2026-03-03 08:58:43	1	0	1	0
           318	2026-03-03 08:58:49	1	0	1	0
             9	2026-03-03 08:59:12	1	0	1	0
            72	2026-03-03 08:59:24	1	0	1	0
           628	2026-03-03 08:59:56	1	0	1	0
           631	2026-03-03 09:00:08	1	0	1	0
           191	2026-03-03 09:00:45	1	0	1	0
           191	2026-03-03 09:00:57	1	0	1	0
           222	2026-03-03 09:01:20	1	0	1	0
           251	2026-03-03 09:01:43	1	0	1	0
           230	2026-03-03 09:02:05	1	0	1	0
           230	2026-03-03 09:02:07	1	0	1	0
           251	2026-03-03 09:02:14	1	0	1	0
            22	2026-03-03 09:02:49	1	0	1	0
           414	2026-03-03 09:03:25	1	0	1	0
           414	2026-03-03 09:03:29	1	0	1	0
           561	2026-03-03 09:03:39	1	0	1	0
           578	2026-03-03 09:03:47	1	0	1	0
            35	2026-03-03 09:03:54	1	0	1	0
            35	2026-03-03 09:03:59	1	0	1	0
           501	2026-03-03 09:04:12	1	0	1	0
           401	2026-03-03 09:04:24	1	0	1	0
          2506	2026-03-03 09:04:34	1	0	1	0
          2500	2026-03-03 09:05:52	1	0	1	0
           651	2026-03-03 09:06:13	1	0	1	0
           936	2026-03-03 09:07:05	1	0	1	0
            46	2026-03-03 09:07:27	1	0	1	0
            46	2026-03-03 09:07:30	1	0	1	0
           610	2026-03-03 09:07:50	1	0	1	0
            53	2026-03-03 09:08:03	1	0	1	0
           584	2026-03-03 09:08:30	1	0	1	0
           521	2026-03-03 09:09:11	1	0	1	0
           521	2026-03-03 09:09:19	1	0	1	0
           622	2026-03-03 09:09:44	1	0	1	0
           622	2026-03-03 09:09:50	1	0	1	0
           622	2026-03-03 09:09:56	1	0	1	0
           893	2026-03-03 09:10:45	1	0	1	0
           623	2026-03-03 09:11:24	1	0	1	0
           623	2026-03-03 09:11:27	1	0	1	0
           114	2026-03-03 09:11:33	1	0	1	0
           544	2026-03-03 09:11:35	1	0	1	0
           244	2026-03-03 09:13:22	1	0	1	0
           527	2026-03-03 09:18:08	1	0	1	0
           616	2026-03-03 09:18:25	1	0	1	0
           249	2026-03-03 09:18:41	1	0	1	0
           249	2026-03-03 09:18:43	1	0	1	0
           249	2026-03-03 09:18:45	1	0	1	0
           572	2026-03-03 09:19:29	1	0	1	0
           572	2026-03-03 09:19:32	1	0	1	0
           587	2026-03-03 09:20:31	1	0	1	0
           587	2026-03-03 09:20:34	1	0	1	0
           233	2026-03-03 09:22:32	1	0	1	0
           514	2026-03-03 09:23:59	1	0	1	0
            34	2026-03-03 09:36:47	1	0	1	0
            34	2026-03-03 09:36:49	1	0	1	0
           585	2026-03-03 09:36:59	1	0	1	0
           585	2026-03-03 09:37:01	1	0	1	0
           585	2026-03-03 09:37:03	1	0	1	0
            82	2026-03-03 09:49:05	1	0	1	0
            81	2026-03-03 09:57:50	1	0	1	0
           897	2026-03-03 09:59:05	1	0	1	0
           818	2026-03-03 10:00:03	1	0	1	0
            83	2026-03-03 10:05:34	1	0	1	0
           218	2026-03-03 10:07:14	1	0	1	0
            90	2026-03-03 10:15:15	1	0	1	0
           875	2026-03-03 10:21:58	1	0	1	0
           602	2026-03-03 12:31:18	1	0	1	0
           605	2026-03-03 12:57:10	1	0	1	0
           576	2026-03-03 13:00:07	1	0	1	0
           253	2026-03-03 13:15:51	1	0	1	0
           936	2026-03-03 13:39:42	1	0	1	0
           248	2026-03-03 14:01:30	1	0	1	0
           248	2026-03-03 14:01:33	1	0	1	0
           212	2026-03-03 14:02:02	1	0	1	0
            22	2026-03-03 14:02:23	1	0	1	0
           107	2026-03-03 14:09:45	1	0	1	0
           875	2026-03-03 14:12:43	1	0	1	0
           101	2026-03-03 14:15:54	1	0	1	0
           594	2026-03-03 14:32:02	1	0	1	0
           594	2026-03-03 14:32:07	1	0	1	0
            46	2026-03-03 14:35:57	1	1	1	0
            46	2026-03-03 14:35:59	1	1	1	0
           616	2026-03-03 14:40:12	1	1	1	0
            98	2026-03-03 15:00:11	1	1	1	0
            98	2026-03-03 15:00:15	1	1	1	0
           260	2026-03-03 15:00:20	1	1	1	0
           407	2026-03-03 15:00:25	1	1	1	0
           407	2026-03-03 15:00:28	1	1	1	0
           109	2026-03-03 15:00:35	1	1	1	0
            10	2026-03-03 15:00:41	1	1	1	0
           152	2026-03-03 15:00:47	1	1	1	0
           106	2026-03-03 15:00:57	1	1	1	0
           245	2026-03-03 15:01:03	1	1	1	0
            84	2026-03-03 15:01:31	1	1	1	0
           562	2026-03-03 15:02:39	1	1	1	0
           828	2026-03-03 15:02:47	1	1	1	0
           526	2026-03-03 15:02:53	1	1	1	0
           221	2026-03-03 15:03:05	1	1	1	0
           221	2026-03-03 15:03:12	1	1	1	0
          2620	2026-03-03 15:04:59	1	1	1	0
            65	2026-03-03 15:05:03	1	1	1	0
            79	2026-03-03 15:05:36	1	1	1	0
           563	2026-03-03 15:05:45	1	1	1	0
           879	2026-03-03 15:07:45	1	1	1	0
           879	2026-03-03 15:07:47	1	1	1	0
            44	2026-03-03 15:08:47	1	1	1	0
           314	2026-03-03 15:08:50	1	1	1	0
           561	2026-03-03 15:08:58	1	1	1	0
           161	2026-03-03 15:12:03	1	1	1	0
           219	2026-03-03 15:12:33	1	1	1	0
            68	2026-03-03 15:13:05	1	1	1	0
           161	2026-03-03 15:13:58	1	1	1	0
           625	2026-03-03 15:16:07	1	1	1	0
           144	2026-03-03 15:20:50	1	1	1	0
          1003	2026-03-03 15:33:01	1	1	1	0
           327	2026-03-03 15:54:46	1	1	1	0
             1	2026-03-03 16:00:09	1	1	1	0
             1	2026-03-03 16:00:16	1	1	1	0
           896	2026-03-03 16:01:00	1	1	1	0
           896	2026-03-03 16:01:02	1	1	1	0
           575	2026-03-03 16:01:13	1	1	1	0
           575	2026-03-03 16:01:19	1	1	1	0
           137	2026-03-03 16:01:33	1	1	1	0
           137	2026-03-03 16:01:36	1	1	1	0
           663	2026-03-03 16:02:36	1	1	1	0
          2501	2026-03-03 16:02:44	1	1	1	0
            71	2026-03-03 16:02:50	1	1	1	0
           893	2026-03-03 16:02:59	1	1	1	0
            52	2026-03-03 16:03:09	1	1	1	0
            52	2026-03-03 16:03:12	1	1	1	0
            52	2026-03-03 16:03:14	1	1	1	0
           225	2026-03-03 16:03:19	1	1	1	0
           225	2026-03-03 16:03:21	1	1	1	0
             9	2026-03-03 16:03:27	1	1	1	0
           631	2026-03-03 16:03:32	1	1	1	0
            72	2026-03-03 16:03:38	1	1	1	0
           113	2026-03-03 16:04:42	1	1	1	0
           114	2026-03-03 16:04:51	1	1	1	0
          2506	2026-03-03 16:05:04	1	1	1	0
            25	2026-03-03 16:05:10	1	1	1	0
            25	2026-03-03 16:05:15	1	1	1	0
           222	2026-03-03 16:05:39	1	1	1	0
            53	2026-03-03 16:06:08	1	1	1	0
           230	2026-03-03 16:06:39	1	1	1	0
           230	2026-03-03 16:06:41	1	1	1	0
            12	2026-03-03 16:06:53	1	1	1	0
          2512	2026-03-03 16:06:58	1	1	1	0
           233	2026-03-03 16:07:37	1	1	1	0
           544	2026-03-03 16:07:40	1	1	1	0
           191	2026-03-03 16:07:46	1	1	1	0
           635	2026-03-03 16:08:27	1	1	1	0
           239	2026-03-03 16:09:01	1	1	1	0
           179	2026-03-03 16:09:57	1	1	1	0
           179	2026-03-03 16:10:00	1	1	1	0
           252	2026-03-03 16:10:15	1	1	1	0
           252	2026-03-03 16:10:21	1	1	1	0
           955	2026-03-03 16:11:04	1	1	1	0
           956	2026-03-03 16:11:09	1	1	1	0
           124	2026-03-03 16:11:34	1	1	1	0
           124	2026-03-03 16:11:37	1	1	1	0
           891	2026-03-03 16:11:41	1	1	1	0
           891	2026-03-03 16:11:50	1	1	1	0
           891	2026-03-03 16:11:52	1	1	1	0
           401	2026-03-03 16:13:08	1	1	1	0
           569	2026-03-03 16:13:34	1	1	1	0
           610	2026-03-03 16:16:16	1	1	1	0
           618	2026-03-03 16:16:24	1	1	1	0
           618	2026-03-03 16:16:30	1	1	1	0
           618	2026-03-03 16:16:34	1	1	1	0
           610	2026-03-03 16:16:37	1	1	1	0
           249	2026-03-03 16:16:45	1	1	1	0
           414	2026-03-03 16:17:40	1	1	1	0
           414	2026-03-03 16:17:43	1	1	1	0
           578	2026-03-03 16:18:18	1	1	1	0
            35	2026-03-03 16:27:23	1	1	1	0
            35	2026-03-03 16:27:29	1	1	1	0
           601	2026-03-03 16:33:47	1	1	1	0
           514	2026-03-03 16:40:00	1	1	1	0
           628	2026-03-03 16:40:05	1	1	1	0
           527	2026-03-03 16:54:13	1	1	1	0
           204	2026-03-03 17:01:02	1	1	1	0
           897	2026-03-03 17:01:11	1	1	1	0
           559	2026-03-03 17:02:21	1	1	1	0
           559	2026-03-03 17:02:24	1	1	1	0
           818	2026-03-03 17:02:45	1	1	1	0
           623	2026-03-03 17:03:46	1	1	1	0
           623	2026-03-03 17:03:48	1	1	1	0
           651	2026-03-03 17:05:01	1	1	1	0
            83	2026-03-03 17:07:18	1	1	1	0
            81	2026-03-03 17:12:33	1	1	1	0
            90	2026-03-03 17:15:06	1	1	1	0
          2500	2026-03-03 17:17:24	1	1	1	0
            82	2026-03-03 17:17:59	1	1	1	0
           553	2026-03-03 17:24:25	1	1	1	0
           604	2026-03-03 17:30:05	1	1	1	0
           645	2026-03-03 17:30:11	1	1	1	0
           251	2026-03-03 17:35:12	1	1	1	0
           218	2026-03-03 17:45:13	1	1	1	0
           587	2026-03-03 17:52:12	1	1	1	0
           328	2026-03-03 18:00:44	1	1	1	0
           328	2026-03-03 18:00:46	1	1	1	0
           258	2026-03-03 18:03:29	1	1	1	0
           531	2026-03-03 18:03:35	1	1	1	0
           584	2026-03-03 18:04:39	1	1	1	0
           594	2026-03-03 18:04:43	1	1	1	0
           594	2026-03-03 18:04:49	1	1	1	0
           605	2026-03-03 18:06:28	1	1	1	0
           325	2026-03-03 18:07:35	1	1	1	0
           501	2026-03-03 18:09:25	1	1	1	0
           622	2026-03-03 18:11:06	1	1	1	0
           622	2026-03-03 18:11:10	1	1	1	0
           622	2026-03-03 18:11:16	1	1	1	0
           585	2026-03-03 18:30:19	1	1	1	0
           585	2026-03-03 18:30:21	1	1	1	0
           585	2026-03-03 18:30:27	1	1	1	0
           585	2026-03-03 18:30:32	1	1	1	0
           521	2026-03-03 18:39:35	1	1	1	0
           572	2026-03-03 18:44:35	1	1	1	0
           572	2026-03-03 18:44:38	1	1	1	0
            34	2026-03-03 19:01:23	1	1	1	0
            34	2026-03-03 19:01:25	1	1	1	0
           408	2026-03-03 19:02:36	1	1	1	0
           244	2026-03-03 19:11:51	1	1	1	0
           248	2026-03-04 06:52:03	1	1	1	0
           248	2026-03-04 06:52:06	1	1	1	0
            68	2026-03-04 06:57:31	1	1	1	0
           221	2026-03-04 07:05:58	1	1	1	0
           221	2026-03-04 07:06:05	1	1	1	0
           526	2026-03-04 07:18:46	1	1	1	0
           109	2026-03-04 07:19:20	1	1	1	0
           225	2026-03-04 07:22:09	1	1	1	0
           225	2026-03-04 07:22:17	1	1	1	0
           407	2026-03-04 07:39:57	1	1	1	0
            73	2026-03-04 07:41:59	1	1	1	0
           144	2026-03-04 07:44:32	1	1	1	0
          2512	2026-03-04 07:48:10	1	1	1	0
           117	2026-03-04 07:48:17	1	1	1	0
          1003	2026-03-04 07:50:05	1	1	1	0
           563	2026-03-04 07:52:20	1	1	1	0
           563	2026-03-04 07:52:26	1	1	1	0
            98	2026-03-04 07:55:16	1	1	1	0
            98	2026-03-04 07:55:18	1	1	1	0
           245	2026-03-04 07:55:23	1	1	1	0
           245	2026-03-04 07:55:31	1	1	1	0
           828	2026-03-04 07:55:46	1	1	1	0
           602	2026-03-04 07:55:58	1	0	1	0
            84	2026-03-04 07:57:56	1	0	1	0
           260	2026-03-04 07:58:01	1	0	1	0
           107	2026-03-04 07:58:04	1	0	1	0
           120	2026-03-04 07:58:21	1	0	1	0
           161	2026-03-04 08:00:35	1	0	1	0
           106	2026-03-04 08:01:43	1	0	1	0
           562	2026-03-04 08:01:55	1	0	1	0
           625	2026-03-04 08:02:44	1	0	1	0
             1	2026-03-04 08:03:06	1	0	1	0
             1	2026-03-04 08:03:15	1	0	1	0
           553	2026-03-04 08:04:22	1	0	1	0
           160	2026-03-04 08:04:30	1	0	1	0
            79	2026-03-04 08:05:41	1	0	1	0
            65	2026-03-04 08:09:41	1	0	1	0
            10	2026-03-04 08:10:32	1	0	1	0
           879	2026-03-04 08:11:51	1	0	1	0
           879	2026-03-04 08:11:54	1	0	1	0
           219	2026-03-04 08:12:12	1	0	1	0
          2620	2026-03-04 08:12:47	1	0	1	0
           314	2026-03-04 08:14:45	1	0	1	0
            44	2026-03-04 08:17:27	1	0	1	0
           314	2026-03-04 08:19:17	1	0	1	0
           604	2026-03-04 08:21:20	1	0	1	0
            71	2026-03-04 08:23:06	1	0	1	0
            71	2026-03-04 08:23:08	1	0	1	0
           601	2026-03-04 08:32:29	1	0	1	0
            52	2026-03-04 08:33:32	1	0	1	0
            52	2026-03-04 08:33:34	1	0	1	0
            52	2026-03-04 08:33:37	1	0	1	0
          2501	2026-03-04 08:34:32	1	0	1	0
           124	2026-03-04 08:38:25	1	0	1	0
           124	2026-03-04 08:38:28	1	0	1	0
           645	2026-03-04 08:43:01	1	0	1	0
           576	2026-03-04 08:43:13	1	0	1	0
            25	2026-03-04 08:43:52	1	0	1	0
            25	2026-03-04 08:43:58	1	0	1	0
          2505	2026-03-04 08:44:17	1	0	1	0
          2505	2026-03-04 08:44:23	1	0	1	0
           113	2026-03-04 08:45:57	1	0	1	0
           414	2026-03-04 08:49:51	1	0	1	0
           414	2026-03-04 08:50:01	1	0	1	0
           569	2026-03-04 08:51:26	1	0	1	0
           559	2026-03-04 08:52:39	1	0	1	0
           559	2026-03-04 08:52:43	1	0	1	0
           239	2026-03-04 08:53:09	1	0	1	0
           328	2026-03-04 08:54:14	1	0	1	0
           328	2026-03-04 08:54:16	1	0	1	0
            46	2026-03-04 08:54:25	1	0	1	0
            46	2026-03-04 08:54:27	1	0	1	0
           893	2026-03-04 08:55:20	1	0	1	0
           251	2026-03-04 08:55:48	1	0	1	0
           623	2026-03-04 08:57:29	1	0	1	0
           623	2026-03-04 08:57:32	1	0	1	0
           327	2026-03-04 08:57:49	1	0	1	0
           318	2026-03-04 08:57:53	1	0	1	0
           544	2026-03-04 08:58:13	1	0	1	0
           631	2026-03-04 08:58:40	1	0	1	0
           204	2026-03-04 08:58:45	1	0	1	0
           204	2026-03-04 08:58:49	1	0	1	0
           258	2026-03-04 08:59:02	1	0	1	0
           531	2026-03-04 08:59:06	1	0	1	0
            87	2026-03-04 08:59:24	1	0	1	0
           101	2026-03-04 08:59:38	1	0	1	0
            12	2026-03-04 09:00:05	1	0	1	0
           222	2026-03-04 09:00:29	1	0	1	0
            22	2026-03-04 09:00:34	1	0	1	0
          2506	2026-03-04 09:01:13	1	0	1	0
          2500	2026-03-04 09:02:00	1	0	1	0
            35	2026-03-04 09:02:39	1	0	1	0
            35	2026-03-04 09:02:42	1	0	1	0
           891	2026-03-04 09:02:50	1	0	1	0
           401	2026-03-04 09:02:54	1	0	1	0
           635	2026-03-04 09:02:59	1	0	1	0
           527	2026-03-04 09:03:36	1	0	1	0
             9	2026-03-04 09:03:54	1	0	1	0
           253	2026-03-04 09:04:00	1	0	1	0
            93	2026-03-04 09:04:24	1	0	1	0
           605	2026-03-04 09:04:31	1	0	1	0
           896	2026-03-04 09:04:37	1	0	1	0
           896	2026-03-04 09:04:39	1	0	1	0
           230	2026-03-04 09:05:13	1	0	1	0
           230	2026-03-04 09:05:16	1	0	1	0
          2502	2026-03-04 09:05:37	1	0	1	0
            72	2026-03-04 09:05:42	1	0	1	0
           191	2026-03-04 09:05:48	1	0	1	0
           575	2026-03-04 09:06:25	1	0	1	0
           575	2026-03-04 09:06:30	1	0	1	0
           114	2026-03-04 09:06:36	1	0	1	0
           628	2026-03-04 09:07:23	1	0	1	0
           179	2026-03-04 09:07:57	1	0	1	0
           179	2026-03-04 09:08:00	1	0	1	0
           561	2026-03-04 09:08:28	1	0	1	0
           584	2026-03-04 09:08:50	1	0	1	0
           252	2026-03-04 09:09:24	1	0	1	0
           514	2026-03-04 09:13:52	1	0	1	0
           249	2026-03-04 09:15:02	1	0	1	0
           572	2026-03-04 09:17:03	1	0	1	0
           572	2026-03-04 09:17:06	1	0	1	0
            18	2026-03-04 09:22:05	1	0	1	0
           578	2026-03-04 09:22:34	1	0	1	0
           616	2026-03-04 09:22:51	1	0	1	0
           233	2026-03-04 09:31:35	1	0	1	0
            82	2026-03-04 09:38:59	1	0	1	0
          2521	2026-03-04 09:40:38	1	0	1	0
           408	2026-03-04 09:43:16	1	0	1	0
            83	2026-03-04 09:54:47	1	0	1	0
           585	2026-03-04 09:55:23	1	0	1	0
           585	2026-03-04 09:55:25	1	0	1	0
           875	2026-03-04 09:55:30	1	0	1	0
           137	2026-03-04 09:58:26	1	0	1	0
           137	2026-03-04 09:58:28	1	0	1	0
           137	2026-03-04 09:58:30	1	0	1	0
           875	2026-03-04 09:58:37	1	0	1	0
           218	2026-03-04 09:58:56	1	0	1	0
           244	2026-03-04 10:02:31	1	0	1	0
           235	2026-03-04 10:02:49	1	0	1	0
            90	2026-03-04 10:05:34	1	0	1	0
            81	2026-03-04 10:05:37	1	0	1	0
           818	2026-03-04 10:10:48	1	0	1	0
            34	2026-03-04 11:05:05	1	0	1	0
            34	2026-03-04 11:05:08	1	0	1	0
           602	2026-03-04 12:30:06	1	0	1	0
           226	2026-03-04 13:00:38	1	0	1	0
           253	2026-03-04 13:11:21	1	0	1	0
           576	2026-03-04 13:30:02	1	0	1	0
           248	2026-03-04 14:00:09	1	0	1	0
           248	2026-03-04 14:00:11	1	0	1	0
           212	2026-03-04 14:00:14	1	0	1	0
            22	2026-03-04 14:02:06	1	0	1	0
           875	2026-03-04 14:03:13	1	0	1	0
           107	2026-03-04 14:08:56	1	0	1	0
           235	2026-03-04 14:24:16	1	0	1	0
           594	2026-03-04 14:33:39	1	0	1	0
           594	2026-03-04 14:34:00	1	0	1	0
           594	2026-03-04 14:34:06	1	0	1	0
           561	2026-03-04 14:37:02	1	0	1	0
           101	2026-03-04 14:40:52	1	0	1	0
           260	2026-03-04 15:00:04	1	0	1	0
           318	2026-03-04 15:00:06	1	0	1	0
           407	2026-03-04 15:00:09	1	0	1	0
           109	2026-03-04 15:00:14	1	0	1	0
           152	2026-03-04 15:00:20	1	0	1	0
           160	2026-03-04 15:00:24	1	0	1	0
           562	2026-03-04 15:00:34	1	0	1	0
            10	2026-03-04 15:00:43	1	0	1	0
            79	2026-03-04 15:01:07	1	0	1	0
           117	2026-03-04 15:01:14	1	0	1	0
           106	2026-03-04 15:01:40	1	0	1	0
            44	2026-03-04 15:01:45	1	0	1	0
           314	2026-03-04 15:02:04	1	0	1	0
            84	2026-03-04 15:02:57	1	0	1	0
           828	2026-03-04 15:03:03	1	0	1	0
            65	2026-03-04 15:03:12	1	0	1	0
           526	2026-03-04 15:03:22	1	0	1	0
           625	2026-03-04 15:03:27	1	0	1	0
           221	2026-03-04 15:03:45	1	0	1	0
           245	2026-03-04 15:03:50	1	0	1	0
            98	2026-03-04 15:03:55	1	0	1	0
            98	2026-03-04 15:04:00	1	0	1	0
            73	2026-03-04 15:04:08	1	0	1	0
           219	2026-03-04 15:04:40	1	0	1	0
           161	2026-03-04 15:05:32	1	0	1	0
           563	2026-03-04 15:07:02	1	0	1	0
           563	2026-03-04 15:07:08	1	0	1	0
           144	2026-03-04 15:13:52	1	0	1	0
           879	2026-03-04 15:23:09	1	0	1	0
           879	2026-03-04 15:23:11	1	0	1	0
          2620	2026-03-04 15:26:24	1	0	1	0
          1003	2026-03-04 15:30:06	1	0	1	0
            46	2026-03-04 15:31:39	1	1	1	0
            46	2026-03-04 15:31:41	1	1	1	0
           616	2026-03-04 15:39:26	1	1	1	0
           327	2026-03-04 15:58:27	1	1	1	0
             1	2026-03-04 16:00:06	1	1	1	0
             1	2026-03-04 16:00:12	1	1	1	0
             9	2026-03-04 16:00:24	1	1	1	0
           225	2026-03-04 16:00:29	1	1	1	0
            71	2026-03-04 16:00:42	1	1	1	0
          2501	2026-03-04 16:00:48	1	1	1	0
          2506	2026-03-04 16:00:52	1	1	1	0
           896	2026-03-04 16:00:58	1	1	1	0
           896	2026-03-04 16:01:00	1	1	1	0
           230	2026-03-04 16:01:04	1	1	1	0
           230	2026-03-04 16:01:06	1	1	1	0
           137	2026-03-04 16:01:33	1	1	1	0
           137	2026-03-04 16:01:36	1	1	1	0
           137	2026-03-04 16:01:38	1	1	1	0
           137	2026-03-04 16:01:40	1	1	1	0
            94	2026-03-04 16:01:46	1	1	1	0
           663	2026-03-04 16:01:52	1	1	1	0
           631	2026-03-04 16:02:50	1	1	1	0
           113	2026-03-04 16:02:57	1	1	1	0
           605	2026-03-04 16:03:03	1	1	1	0
            25	2026-03-04 16:03:10	1	1	1	0
            25	2026-03-04 16:03:16	1	1	1	0
            35	2026-03-04 16:03:21	1	1	1	0
            35	2026-03-04 16:03:32	1	1	1	0
          2505	2026-03-04 16:03:38	1	1	1	0
          2505	2026-03-04 16:03:44	1	1	1	0
           559	2026-03-04 16:03:50	1	1	1	0
           559	2026-03-04 16:03:54	1	1	1	0
            12	2026-03-04 16:03:59	1	1	1	0
           893	2026-03-04 16:04:02	1	1	1	0
           618	2026-03-04 16:04:07	1	1	1	0
           618	2026-03-04 16:04:10	1	1	1	0
           575	2026-03-04 16:04:31	1	1	1	0
           575	2026-03-04 16:04:37	1	1	1	0
           401	2026-03-04 16:05:03	1	1	1	0
           635	2026-03-04 16:06:35	1	1	1	0
           252	2026-03-04 16:06:54	1	1	1	0
           252	2026-03-04 16:07:00	1	1	1	0
           527	2026-03-04 16:08:29	1	1	1	0
          2502	2026-03-04 16:09:16	1	1	1	0
           222	2026-03-04 16:09:29	1	1	1	0
            72	2026-03-04 16:10:24	1	1	1	0
           124	2026-03-04 16:11:22	1	1	1	0
           124	2026-03-04 16:11:24	1	1	1	0
           891	2026-03-04 16:11:50	1	1	1	0
          2512	2026-03-04 16:12:46	1	1	1	0
           239	2026-03-04 16:13:12	1	1	1	0
           179	2026-03-04 16:15:06	1	1	1	0
           179	2026-03-04 16:15:09	1	1	1	0
           578	2026-03-04 16:18:13	1	1	1	0
           249	2026-03-04 16:26:28	1	1	1	0
           628	2026-03-04 16:27:47	1	1	1	0
           514	2026-03-04 16:27:52	1	1	1	0
            87	2026-03-04 16:29:18	1	1	1	0
            87	2026-03-04 16:29:24	1	1	1	0
           601	2026-03-04 16:37:09	1	1	1	0
           414	2026-03-04 16:49:19	1	1	1	0
           414	2026-03-04 16:49:25	1	1	1	0
           233	2026-03-04 16:54:42	1	1	1	0
           204	2026-03-04 17:03:32	1	1	1	0
           204	2026-03-04 17:03:35	1	1	1	0
          2521	2026-03-04 17:03:55	1	1	1	0
          2500	2026-03-04 17:07:25	1	1	1	0
           818	2026-03-04 17:07:52	1	1	1	0
            90	2026-03-04 17:08:08	1	1	1	0
           325	2026-03-04 17:15:19	1	1	1	0
           623	2026-03-04 17:17:38	1	1	1	0
           623	2026-03-04 17:17:41	1	1	1	0
            82	2026-03-04 17:18:20	1	1	1	0
            83	2026-03-04 17:18:25	1	1	1	0
            81	2026-03-04 17:18:29	1	1	1	0
           218	2026-03-04 17:31:12	1	1	1	0
           553	2026-03-04 17:31:34	1	1	1	0
           604	2026-03-04 17:31:45	1	1	1	0
           645	2026-03-04 17:31:51	1	1	1	0
           569	2026-03-04 17:32:34	1	1	1	0
           251	2026-03-04 17:34:13	1	1	1	0
           587	2026-03-04 17:35:16	1	1	1	0
            34	2026-03-04 18:00:25	1	1	1	0
            34	2026-03-04 18:00:27	1	1	1	0
           328	2026-03-04 18:00:45	1	1	1	0
           328	2026-03-04 18:00:51	1	1	1	0
           328	2026-03-04 18:00:54	1	1	1	0
           531	2026-03-04 18:02:00	1	1	1	0
           258	2026-03-04 18:02:06	1	1	1	0
           584	2026-03-04 18:07:52	1	1	1	0
           594	2026-03-04 18:13:41	1	1	1	0
           594	2026-03-04 18:13:46	1	1	1	0
           572	2026-03-04 18:22:20	1	1	1	0
           572	2026-03-04 18:22:23	1	1	1	0
           622	2026-03-04 18:23:26	1	1	1	0
           622	2026-03-04 18:23:31	1	1	1	0
           622	2026-03-04 18:23:37	1	1	1	0
           585	2026-03-04 18:44:07	1	1	1	0
           585	2026-03-04 18:44:10	1	1	1	0
           244	2026-03-04 18:47:58	1	1	1	0
            18	2026-03-04 18:52:56	1	1	1	0
           408	2026-03-04 19:05:43	1	1	1	0
           526	2026-03-05 06:46:29	1	1	1	0
           212	2026-03-05 06:46:37	1	1	1	0
           248	2026-03-05 06:49:11	1	1	1	0
           248	2026-03-05 06:49:14	1	1	1	0
            68	2026-03-05 06:55:16	1	1	1	0
           109	2026-03-05 07:18:42	1	1	1	0
           221	2026-03-05 07:31:36	1	1	1	0
           221	2026-03-05 07:31:39	1	1	1	0
            98	2026-03-05 07:38:14	1	1	1	0
            98	2026-03-05 07:38:19	1	1	1	0
            73	2026-03-05 07:41:26	1	1	1	0
           407	2026-03-05 07:45:52	1	1	1	0
           828	2026-03-05 07:45:58	1	1	1	0
           117	2026-03-05 07:47:50	1	0	1	0
           245	2026-03-05 07:47:56	1	0	1	0
           563	2026-03-05 07:48:14	1	0	1	0
           144	2026-03-05 07:51:15	1	0	1	0
           225	2026-03-05 07:51:21	1	0	1	0
           225	2026-03-05 07:51:25	1	0	1	0
            44	2026-03-05 07:52:18	1	0	1	0
            84	2026-03-05 07:56:37	1	0	1	0
           160	2026-03-05 07:56:45	1	0	1	0
           625	2026-03-05 07:56:51	1	0	1	0
           120	2026-03-05 07:59:33	1	0	1	0
           260	2026-03-05 08:00:16	1	0	1	0
           106	2026-03-05 08:01:35	1	0	1	0
           152	2026-03-05 08:02:49	1	0	1	0
            10	2026-03-05 08:03:59	1	0	1	0
           553	2026-03-05 08:04:05	1	0	1	0
           161	2026-03-05 08:07:18	1	0	1	0
          2620	2026-03-05 08:07:24	1	0	1	0
           314	2026-03-05 08:07:28	1	0	1	0
           314	2026-03-05 08:07:32	1	0	1	0
           314	2026-03-05 08:08:09	1	0	1	0
           562	2026-03-05 08:09:24	1	0	1	0
             1	2026-03-05 08:10:16	1	0	1	0
             1	2026-03-05 08:10:22	1	0	1	0
           219	2026-03-05 08:10:29	1	0	1	0
          2512	2026-03-05 08:10:36	1	0	1	0
          2512	2026-03-05 08:10:39	1	0	1	0
            79	2026-03-05 08:16:09	1	0	1	0
            71	2026-03-05 08:17:35	1	0	1	0
            71	2026-03-05 08:17:39	1	0	1	0
            65	2026-03-05 08:19:06	1	0	1	0
            52	2026-03-05 08:27:18	1	0	1	0
            52	2026-03-05 08:27:21	1	0	1	0
            52	2026-03-05 08:27:23	1	0	1	0
            52	2026-03-05 08:27:27	1	0	1	0
           601	2026-03-05 08:30:28	1	0	1	0
           604	2026-03-05 08:31:20	1	0	1	0
           576	2026-03-05 08:32:43	1	0	1	0
           124	2026-03-05 08:34:27	1	0	1	0
           124	2026-03-05 08:34:30	1	0	1	0
           253	2026-03-05 08:34:34	1	0	1	0
           645	2026-03-05 08:35:37	1	0	1	0
           113	2026-03-05 08:42:27	1	0	1	0
            12	2026-03-05 08:42:35	1	0	1	0
            12	2026-03-05 08:42:39	1	0	1	0
           258	2026-03-05 08:43:21	1	0	1	0
           531	2026-03-05 08:43:27	1	0	1	0
          2505	2026-03-05 08:44:08	1	0	1	0
          2505	2026-03-05 08:44:14	1	0	1	0
           328	2026-03-05 08:46:50	1	0	1	0
           328	2026-03-05 08:46:56	1	0	1	0
           328	2026-03-05 08:46:59	1	0	1	0
          2501	2026-03-05 08:49:01	1	0	1	0
           663	2026-03-05 08:49:17	1	0	1	0
           618	2026-03-05 08:51:50	1	0	1	0
           618	2026-03-05 08:51:56	1	0	1	0
           569	2026-03-05 08:52:12	1	0	1	0
           623	2026-03-05 08:53:51	1	0	1	0
           623	2026-03-05 08:53:55	1	0	1	0
           635	2026-03-05 08:54:50	1	0	1	0
            53	2026-03-05 08:54:57	1	0	1	0
           559	2026-03-05 08:55:03	1	0	1	0
           559	2026-03-05 08:55:07	1	0	1	0
           222	2026-03-05 08:55:11	1	0	1	0
            25	2026-03-05 08:55:45	1	0	1	0
            25	2026-03-05 08:55:51	1	0	1	0
           204	2026-03-05 08:56:16	1	0	1	0
           204	2026-03-05 08:56:19	1	0	1	0
           230	2026-03-05 08:56:23	1	0	1	0
           230	2026-03-05 08:56:25	1	0	1	0
           891	2026-03-05 08:56:44	1	0	1	0
          2500	2026-03-05 08:56:52	1	0	1	0
           414	2026-03-05 08:57:20	1	0	1	0
           414	2026-03-05 08:57:25	1	0	1	0
           318	2026-03-05 08:57:45	1	0	1	0
           575	2026-03-05 08:57:51	1	0	1	0
           575	2026-03-05 08:57:57	1	0	1	0
           179	2026-03-05 08:58:05	1	0	1	0
           179	2026-03-05 08:58:08	1	0	1	0
           325	2026-03-05 08:58:26	1	0	1	0
           327	2026-03-05 08:58:31	1	0	1	0
           896	2026-03-05 08:58:35	1	0	1	0
           896	2026-03-05 08:58:38	1	0	1	0
           605	2026-03-05 08:59:04	1	0	1	0
           401	2026-03-05 09:00:38	1	0	1	0
            46	2026-03-05 09:00:52	1	0	1	0
            46	2026-03-05 09:00:54	1	0	1	0
           587	2026-03-05 09:01:01	1	0	1	0
           251	2026-03-05 09:01:22	1	0	1	0
            22	2026-03-05 09:01:28	1	0	1	0
           651	2026-03-05 09:02:00	1	0	1	0
           631	2026-03-05 09:02:11	1	0	1	0
          2506	2026-03-05 09:02:35	1	0	1	0
           514	2026-03-05 09:02:50	1	0	1	0
           936	2026-03-05 09:04:09	1	0	1	0
           893	2026-03-05 09:04:13	1	0	1	0
            35	2026-03-05 09:04:30	1	0	1	0
            35	2026-03-05 09:04:35	1	0	1	0
           191	2026-03-05 09:05:28	1	0	1	0
           101	2026-03-05 09:06:48	1	0	1	0
           521	2026-03-05 09:07:46	1	0	1	0
           521	2026-03-05 09:07:50	1	0	1	0
           628	2026-03-05 09:08:03	1	0	1	0
           114	2026-03-05 09:08:20	1	0	1	0
            72	2026-03-05 09:08:26	1	0	1	0
           249	2026-03-05 09:08:56	1	0	1	0
            54	2026-03-05 09:09:14	1	0	1	0
           252	2026-03-05 09:09:34	1	0	1	0
           252	2026-03-05 09:09:40	1	0	1	0
             9	2026-03-05 09:09:46	1	0	1	0
           233	2026-03-05 09:09:50	1	0	1	0
          2502	2026-03-05 09:09:56	1	0	1	0
            87	2026-03-05 09:10:08	1	0	1	0
            93	2026-03-05 09:10:47	1	0	1	0
           578	2026-03-05 09:11:18	1	0	1	0
           584	2026-03-05 09:11:42	1	0	1	0
            18	2026-03-05 09:13:56	1	0	1	0
           610	2026-03-05 09:17:21	1	0	1	0
           544	2026-03-05 09:19:14	1	0	1	0
           527	2026-03-05 09:19:49	1	0	1	0
          2503	2026-03-05 09:27:43	1	0	1	0
           616	2026-03-05 09:33:20	1	0	1	0
          2521	2026-03-05 09:37:14	1	0	1	0
           585	2026-03-05 09:41:14	1	0	1	0
           585	2026-03-05 09:41:18	1	0	1	0
            34	2026-03-05 09:46:24	1	0	1	0
            34	2026-03-05 09:46:26	1	0	1	0
            82	2026-03-05 09:46:33	1	0	1	0
           218	2026-03-05 09:58:52	1	0	1	0
           897	2026-03-05 09:59:19	1	0	1	0
            83	2026-03-05 10:00:16	1	0	1	0
            81	2026-03-05 10:02:47	1	0	1	0
            90	2026-03-05 10:04:39	1	0	1	0
           875	2026-03-05 10:05:23	1	0	1	0
           244	2026-03-05 10:06:22	1	0	1	0
           408	2026-03-05 10:07:34	1	0	1	0
           235	2026-03-05 10:12:25	1	0	1	0
           818	2026-03-05 10:14:27	1	0	1	0
           137	2026-03-05 10:19:36	1	0	1	0
           137	2026-03-05 10:19:38	1	0	1	0
           137	2026-03-05 10:19:44	1	0	1	0
           594	2026-03-05 11:08:58	1	0	1	0
           594	2026-03-05 11:09:02	1	0	1	0
           594	2026-03-05 11:09:11	1	0	1	0
           594	2026-03-05 11:09:26	1	0	1	0
           253	2026-03-05 13:18:25	1	0	1	0
           936	2026-03-05 13:27:12	1	0	1	0
           576	2026-03-05 13:30:11	1	0	1	0
            46	2026-03-05 14:01:36	1	1	1	0
            46	2026-03-05 14:01:39	1	1	1	0
           212	2026-03-05 14:03:28	1	1	1	0
            22	2026-03-05 14:03:38	1	1	1	0
           248	2026-03-05 14:10:05	1	1	1	0
           248	2026-03-05 14:10:07	1	1	1	0
           101	2026-03-05 14:19:26	1	1	1	0
           235	2026-03-05 14:24:32	1	1	1	0
           604	2026-03-05 14:43:15	1	1	1	0
           616	2026-03-05 14:54:08	1	1	1	0
           875	2026-03-05 14:56:04	1	1	1	0
           879	2026-03-05 15:00:04	1	1	1	0
           879	2026-03-05 15:00:07	1	1	1	0
           109	2026-03-05 15:00:11	1	1	1	0
           152	2026-03-05 15:00:22	1	1	1	0
            10	2026-03-05 15:00:28	1	1	1	0
           117	2026-03-05 15:00:34	1	1	1	0
            84	2026-03-05 15:00:38	1	1	1	0
            79	2026-03-05 15:00:42	1	1	1	0
           160	2026-03-05 15:00:48	1	1	1	0
           407	2026-03-05 15:00:54	1	1	1	0
           260	2026-03-05 15:00:58	1	1	1	0
           407	2026-03-05 15:01:04	1	1	1	0
           318	2026-03-05 15:01:10	1	1	1	0
           106	2026-03-05 15:01:15	1	1	1	0
            44	2026-03-05 15:01:24	1	1	1	0
           314	2026-03-05 15:01:32	1	1	1	0
           314	2026-03-05 15:01:35	1	1	1	0
           245	2026-03-05 15:01:39	1	1	1	0
            98	2026-03-05 15:01:46	1	1	1	0
            98	2026-03-05 15:01:51	1	1	1	0
           828	2026-03-05 15:01:58	1	1	1	0
           106	2026-03-05 15:02:07	1	1	1	0
           245	2026-03-05 15:02:13	1	1	1	0
          2620	2026-03-05 15:02:25	1	1	1	0
           562	2026-03-05 15:03:14	1	1	1	0
           526	2026-03-05 15:03:21	1	1	1	0
            73	2026-03-05 15:03:37	1	1	1	0
            68	2026-03-05 15:03:45	1	1	1	0
           161	2026-03-05 15:03:56	1	1	1	0
           563	2026-03-05 15:04:05	1	1	1	0
           221	2026-03-05 15:04:46	1	1	1	0
           219	2026-03-05 15:05:01	1	1	1	0
           144	2026-03-05 15:15:26	1	1	1	0
           561	2026-03-05 15:16:08	1	1	1	0
           625	2026-03-05 15:18:06	1	1	1	0
            94	2026-03-05 15:22:30	1	1	1	0
             1	2026-03-05 16:00:18	1	1	1	0
             1	2026-03-05 16:00:24	1	1	1	0
            71	2026-03-05 16:00:29	1	1	1	0
           230	2026-03-05 16:00:45	1	1	1	0
           230	2026-03-05 16:00:47	1	1	1	0
           896	2026-03-05 16:00:53	1	1	1	0
           896	2026-03-05 16:00:56	1	1	1	0
           225	2026-03-05 16:01:09	1	1	1	0
          2505	2026-03-05 16:01:17	1	1	1	0
          2505	2026-03-05 16:01:22	1	1	1	0
           605	2026-03-05 16:01:27	1	1	1	0
           137	2026-03-05 16:01:34	1	1	1	0
           137	2026-03-05 16:01:37	1	1	1	0
           137	2026-03-05 16:01:39	1	1	1	0
           137	2026-03-05 16:01:41	1	1	1	0
          2506	2026-03-05 16:01:48	1	1	1	0
          2501	2026-03-05 16:01:56	1	1	1	0
             9	2026-03-05 16:02:02	1	1	1	0
           663	2026-03-05 16:02:07	1	1	1	0
           114	2026-03-05 16:02:27	1	1	1	0
            52	2026-03-05 16:02:31	1	1	1	0
            52	2026-03-05 16:02:34	1	1	1	0
            52	2026-03-05 16:02:36	1	1	1	0
           191	2026-03-05 16:02:41	1	1	1	0
           559	2026-03-05 16:02:46	1	1	1	0
           559	2026-03-05 16:02:50	1	1	1	0
           575	2026-03-05 16:03:10	1	1	1	0
           575	2026-03-05 16:03:16	1	1	1	0
           113	2026-03-05 16:03:25	1	1	1	0
          2502	2026-03-05 16:03:59	1	1	1	0
           544	2026-03-05 16:04:19	1	1	1	0
           233	2026-03-05 16:04:24	1	1	1	0
            72	2026-03-05 16:04:41	1	1	1	0
           249	2026-03-05 16:04:50	1	1	1	0
            12	2026-03-05 16:05:12	1	1	1	0
           618	2026-03-05 16:05:39	1	1	1	0
           618	2026-03-05 16:05:44	1	1	1	0
            25	2026-03-05 16:05:53	1	1	1	0
            25	2026-03-05 16:05:58	1	1	1	0
           124	2026-03-05 16:06:03	1	1	1	0
           124	2026-03-05 16:06:06	1	1	1	0
           893	2026-03-05 16:06:08	1	1	1	0
           891	2026-03-05 16:06:13	1	1	1	0
           252	2026-03-05 16:06:26	1	1	1	0
           252	2026-03-05 16:06:28	1	1	1	0
           252	2026-03-05 16:06:31	1	1	1	0
           179	2026-03-05 16:06:43	1	1	1	0
           179	2026-03-05 16:06:46	1	1	1	0
           610	2026-03-05 16:06:55	1	1	1	0
            35	2026-03-05 16:07:10	1	1	1	0
            35	2026-03-05 16:07:16	1	1	1	0
           222	2026-03-05 16:07:25	1	1	1	0
           414	2026-03-05 16:07:30	1	1	1	0
           414	2026-03-05 16:07:33	1	1	1	0
            53	2026-03-05 16:08:04	1	1	1	0
           631	2026-03-05 16:11:27	1	1	1	0
          2512	2026-03-05 16:11:43	1	1	1	0
           635	2026-03-05 16:11:51	1	1	1	0
           527	2026-03-05 16:13:05	1	1	1	0
            18	2026-03-05 16:13:13	1	1	1	0
           525	2026-03-05 16:13:48	1	1	1	0
           514	2026-03-05 16:17:16	1	1	1	0
            87	2026-03-05 16:17:46	1	1	1	0
            87	2026-03-05 16:17:53	1	1	1	0
           572	2026-03-05 16:18:45	1	1	1	0
           578	2026-03-05 16:28:56	1	1	1	0
           578	2026-03-05 16:29:03	1	1	1	0
          2503	2026-03-05 16:34:03	1	1	1	0
           601	2026-03-05 16:35:33	1	1	1	0
           239	2026-03-05 16:36:56	1	1	1	0
          2500	2026-03-05 16:37:14	1	1	1	0
           204	2026-03-05 17:01:46	1	1	1	0
           204	2026-03-05 17:01:50	1	1	1	0
           623	2026-03-05 17:02:38	1	1	1	0
           623	2026-03-05 17:02:40	1	1	1	0
           818	2026-03-05 17:03:25	1	1	1	0
            90	2026-03-05 17:04:59	1	1	1	0
            83	2026-03-05 17:07:46	1	1	1	0
            82	2026-03-05 17:08:34	1	1	1	0
            81	2026-03-05 17:09:17	1	1	1	0
          2521	2026-03-05 17:10:00	1	1	1	0
           251	2026-03-05 17:14:42	1	1	1	0
           553	2026-03-05 17:37:23	1	1	1	0
           587	2026-03-05 17:46:04	1	1	1	0
           645	2026-03-05 17:58:18	1	1	1	0
           569	2026-03-05 17:58:24	1	1	1	0
            34	2026-03-05 18:00:07	1	1	1	0
            34	2026-03-05 18:00:09	1	1	1	0
           328	2026-03-05 18:00:24	1	1	1	0
           328	2026-03-05 18:00:28	1	1	1	0
           584	2026-03-05 18:02:18	1	1	1	0
           594	2026-03-05 18:02:22	1	1	1	0
           594	2026-03-05 18:02:28	1	1	1	0
           258	2026-03-05 18:04:21	1	1	1	0
           531	2026-03-05 18:04:31	1	1	1	0
           218	2026-03-05 18:07:35	1	1	1	0
           244	2026-03-05 18:32:09	1	1	1	0
           327	2026-03-05 18:33:30	1	1	1	0
           622	2026-03-05 18:38:25	1	1	1	0
           622	2026-03-05 18:38:30	1	1	1	0
           622	2026-03-05 18:38:36	1	1	1	0
           585	2026-03-05 18:42:06	1	1	1	0
           585	2026-03-05 18:42:08	1	1	1	0
           408	2026-03-05 19:05:10	1	1	1	0
           212	2026-03-06 06:46:48	1	1	1	0
           212	2026-03-06 06:46:51	1	1	1	0
            68	2026-03-06 06:55:35	1	1	1	0
           109	2026-03-06 07:24:15	1	1	1	0
           828	2026-03-06 07:24:34	1	1	1	0
           526	2026-03-06 07:30:05	1	1	1	0
           225	2026-03-06 07:30:35	1	1	1	0
            98	2026-03-06 07:30:58	1	1	1	0
            98	2026-03-06 07:31:01	1	1	1	0
           221	2026-03-06 07:33:55	1	1	1	0
           221	2026-03-06 07:33:58	1	1	1	0
           144	2026-03-06 07:36:13	1	1	1	0
           117	2026-03-06 07:38:00	1	1	1	0
           245	2026-03-06 07:47:36	1	1	1	0
           245	2026-03-06 07:47:40	1	1	1	0
            84	2026-03-06 07:53:32	1	1	1	0
          1003	2026-03-06 07:54:18	1	1	1	0
            44	2026-03-06 07:55:00	1	1	1	0
           407	2026-03-06 07:55:10	1	1	1	0
           260	2026-03-06 07:55:14	1	1	1	0
           625	2026-03-06 07:56:37	1	1	1	0
           152	2026-03-06 07:56:52	1	1	1	0
            73	2026-03-06 07:57:45	1	1	1	0
          2620	2026-03-06 07:57:57	1	1	1	0
           120	2026-03-06 07:58:14	1	1	1	0
           161	2026-03-06 08:03:56	1	1	1	0
           955	2026-03-06 08:04:53	1	1	1	0
            65	2026-03-06 08:06:46	1	1	1	0
           106	2026-03-06 08:07:22	1	1	1	0
            10	2026-03-06 08:07:50	1	1	1	0
           602	2026-03-06 08:07:57	1	1	1	0
           160	2026-03-06 08:08:59	1	1	1	0
            79	2026-03-06 08:10:07	1	1	1	0
           314	2026-03-06 08:10:25	1	1	1	0
           314	2026-03-06 08:10:29	1	1	1	0
          2512	2026-03-06 08:10:55	1	1	1	0
          2512	2026-03-06 08:10:58	1	1	1	0
             1	2026-03-06 08:15:06	1	1	1	0
             1	2026-03-06 08:15:12	1	1	1	0
           219	2026-03-06 08:15:18	1	1	1	0
           879	2026-03-06 08:21:49	1	1	1	0
           879	2026-03-06 08:21:51	1	1	1	0
           604	2026-03-06 08:23:02	1	1	1	0
           601	2026-03-06 08:30:03	1	1	1	0
            52	2026-03-06 08:32:58	1	1	1	0
            52	2026-03-06 08:33:01	1	1	1	0
            52	2026-03-06 08:33:03	1	1	1	0
            52	2026-03-06 08:33:12	1	1	1	0
           645	2026-03-06 08:34:01	1	1	1	0
           258	2026-03-06 08:39:22	1	1	1	0
          2501	2026-03-06 08:39:51	1	1	1	0
           252	2026-03-06 08:40:39	1	1	1	0
           252	2026-03-06 08:40:45	1	1	1	0
            12	2026-03-06 08:44:22	1	1	1	0
           251	2026-03-06 08:45:01	1	1	1	0
           113	2026-03-06 08:48:06	1	1	1	0
           527	2026-03-06 08:48:16	1	1	1	0
           663	2026-03-06 08:48:46	1	1	1	0
           576	2026-03-06 08:48:52	1	1	1	0
           318	2026-03-06 08:50:02	1	1	1	0
           561	2026-03-06 08:50:24	1	1	1	0
           239	2026-03-06 08:50:33	1	1	1	0
            93	2026-03-06 08:50:39	1	1	1	0
            25	2026-03-06 08:50:56	1	1	1	0
            25	2026-03-06 08:51:03	1	1	1	0
           896	2026-03-06 08:52:15	1	1	1	0
           896	2026-03-06 08:52:17	1	1	1	0
           896	2026-03-06 08:52:19	1	1	1	0
           204	2026-03-06 08:54:19	1	1	1	0
           204	2026-03-06 08:54:22	1	1	1	0
          2505	2026-03-06 08:54:33	1	1	1	0
          2505	2026-03-06 08:54:42	1	1	1	0
           622	2026-03-06 08:54:49	1	1	1	0
           622	2026-03-06 08:54:55	1	1	1	0
           622	2026-03-06 08:55:01	1	1	1	0
           622	2026-03-06 08:55:15	1	1	1	0
           628	2026-03-06 08:56:07	1	1	1	0
           233	2026-03-06 08:56:34	1	1	1	0
           559	2026-03-06 08:56:39	1	1	1	0
           559	2026-03-06 08:56:43	1	1	1	0
            18	2026-03-06 08:57:26	1	1	1	0
           891	2026-03-06 08:57:51	1	1	1	0
           222	2026-03-06 08:58:12	1	1	1	0
           191	2026-03-06 08:58:30	1	1	1	0
           230	2026-03-06 08:59:34	1	1	1	0
           230	2026-03-06 08:59:36	1	1	1	0
           501	2026-03-06 08:59:55	1	1	1	0
           325	2026-03-06 09:00:10	1	1	1	0
           587	2026-03-06 09:01:07	1	1	1	0
           631	2026-03-06 09:01:23	1	1	1	0
           101	2026-03-06 09:01:32	1	1	1	0
          2500	2026-03-06 09:02:03	1	1	1	0
           253	2026-03-06 09:02:15	1	1	1	0
            54	2026-03-06 09:02:39	1	1	1	0
           893	2026-03-06 09:03:19	1	1	1	0
           623	2026-03-06 09:03:42	1	1	1	0
           623	2026-03-06 09:03:44	1	1	1	0
           179	2026-03-06 09:04:14	1	1	1	0
           179	2026-03-06 09:04:16	1	1	1	0
             9	2026-03-06 09:05:26	1	1	1	0
             9	2026-03-06 09:05:31	1	1	1	0
            35	2026-03-06 09:06:07	1	1	1	0
            35	2026-03-06 09:06:12	1	1	1	0
            22	2026-03-06 09:06:30	1	1	1	0
            72	2026-03-06 09:06:42	1	1	1	0
           572	2026-03-06 09:06:49	1	1	1	0
           572	2026-03-06 09:06:53	1	1	1	0
           114	2026-03-06 09:07:04	1	1	1	0
           651	2026-03-06 09:07:32	1	1	1	0
          2506	2026-03-06 09:07:43	1	1	1	0
           521	2026-03-06 09:10:06	1	1	1	0
          2502	2026-03-06 09:15:37	1	1	1	0
           578	2026-03-06 09:19:09	1	1	1	0
          2503	2026-03-06 09:20:58	1	1	1	0
            82	2026-03-06 09:26:12	1	1	1	0
           137	2026-03-06 09:51:18	1	1	1	0
           137	2026-03-06 09:51:20	1	1	1	0
           137	2026-03-06 09:51:22	1	1	1	0
            81	2026-03-06 09:53:15	1	1	1	0
            90	2026-03-06 09:57:21	1	1	1	0
           875	2026-03-06 09:57:47	1	1	1	0
           818	2026-03-06 09:58:17	1	1	1	0
            83	2026-03-06 10:00:28	1	1	1	0
           897	2026-03-06 10:00:34	1	1	1	0
           235	2026-03-06 10:03:07	1	1	1	0
            34	2026-03-06 10:07:04	1	1	1	0
            34	2026-03-06 10:07:06	1	1	1	0
           218	2026-03-06 10:08:49	1	1	1	0
           218	2026-03-06 10:08:51	1	1	1	0
           576	2026-03-06 13:00:05	1	1	1	0
           253	2026-03-06 13:03:38	1	1	1	0
            54	2026-03-06 13:26:49	1	1	1	0
           602	2026-03-06 13:30:11	1	1	1	0
           561	2026-03-06 14:01:24	1	1	1	0
            22	2026-03-06 14:02:58	1	1	1	0
           235	2026-03-06 14:13:35	1	1	1	0
           594	2026-03-06 14:31:31	1	1	1	0
           594	2026-03-06 14:31:35	1	1	1	0
           101	2026-03-06 14:32:00	1	1	1	0
            10	2026-03-06 15:00:15	1	1	1	0
           160	2026-03-06 15:00:21	1	1	1	0
           260	2026-03-06 15:00:26	1	1	1	0
           318	2026-03-06 15:00:29	1	1	1	0
           407	2026-03-06 15:00:33	1	1	1	0
           152	2026-03-06 15:00:44	1	1	1	0
            98	2026-03-06 15:00:53	1	1	1	0
            98	2026-03-06 15:00:58	1	1	1	0
           245	2026-03-06 15:01:20	1	1	1	0
           245	2026-03-06 15:01:26	1	1	1	0
            84	2026-03-06 15:01:32	1	1	1	0
           106	2026-03-06 15:01:40	1	1	1	0
            73	2026-03-06 15:01:46	1	1	1	0
           109	2026-03-06 15:01:53	1	1	1	0
          2620	2026-03-06 15:01:59	1	1	1	0
           828	2026-03-06 15:02:05	1	1	1	0
            65	2026-03-06 15:02:20	1	1	1	0
           117	2026-03-06 15:04:17	1	1	1	0
           144	2026-03-06 15:04:29	1	1	1	0
            44	2026-03-06 15:04:34	1	1	1	0
           314	2026-03-06 15:04:40	1	1	1	0
           314	2026-03-06 15:04:42	1	1	1	0
            79	2026-03-06 15:04:46	1	1	1	0
           219	2026-03-06 15:06:11	1	1	1	0
           221	2026-03-06 15:06:59	1	1	1	0
           221	2026-03-06 15:07:02	1	1	1	0
           526	2026-03-06 15:07:08	1	1	1	0
          2512	2026-03-06 15:12:33	1	1	1	0
           879	2026-03-06 15:17:51	1	1	1	0
           879	2026-03-06 15:17:53	1	1	1	0
           625	2026-03-06 15:28:48	1	1	1	0
          1003	2026-03-06 15:31:38	1	1	1	0
            46	2026-03-06 15:58:47	1	1	1	0
            46	2026-03-06 15:58:53	1	1	1	0
             1	2026-03-06 16:00:05	1	1	1	0
             1	2026-03-06 16:00:10	1	1	1	0
           225	2026-03-06 16:00:15	1	1	1	0
           225	2026-03-06 16:00:17	1	1	1	0
           137	2026-03-06 16:00:22	1	1	1	0
           137	2026-03-06 16:00:24	1	1	1	0
           137	2026-03-06 16:00:27	1	1	1	0
            52	2026-03-06 16:00:34	1	1	1	0
            52	2026-03-06 16:00:37	1	1	1	0
            52	2026-03-06 16:00:40	1	1	1	0
            52	2026-03-06 16:00:42	1	1	1	0
           663	2026-03-06 16:00:49	1	1	1	0
           113	2026-03-06 16:00:54	1	1	1	0
           114	2026-03-06 16:01:00	1	1	1	0
             9	2026-03-06 16:01:07	1	1	1	0
           896	2026-03-06 16:01:12	1	1	1	0
           896	2026-03-06 16:01:15	1	1	1	0
          2505	2026-03-06 16:02:02	1	1	1	0
          2505	2026-03-06 16:02:06	1	1	1	0
          2506	2026-03-06 16:02:16	1	1	1	0
          2501	2026-03-06 16:02:22	1	1	1	0
            12	2026-03-06 16:02:27	1	1	1	0
           631	2026-03-06 16:02:39	1	1	1	0
           252	2026-03-06 16:04:34	1	1	1	0
           252	2026-03-06 16:04:40	1	1	1	0
           179	2026-03-06 16:04:46	1	1	1	0
           179	2026-03-06 16:04:49	1	1	1	0
           891	2026-03-06 16:04:59	1	1	1	0
           218	2026-03-06 16:05:17	1	1	1	0
           218	2026-03-06 16:05:28	1	1	1	0
            72	2026-03-06 16:06:15	1	1	1	0
            93	2026-03-06 16:06:59	1	1	1	0
           544	2026-03-06 16:07:30	1	1	1	0
           249	2026-03-06 16:07:55	1	1	1	0
           618	2026-03-06 16:08:33	1	1	1	0
           618	2026-03-06 16:08:38	1	1	1	0
           222	2026-03-06 16:08:43	1	1	1	0
           191	2026-03-06 16:09:31	1	1	1	0
           559	2026-03-06 16:09:43	1	1	1	0
           559	2026-03-06 16:09:46	1	1	1	0
           955	2026-03-06 16:09:52	1	1	1	0
           401	2026-03-06 16:09:55	1	1	1	0
           161	2026-03-06 16:11:54	1	1	1	0
          2500	2026-03-06 16:12:00	1	1	1	0
          2502	2026-03-06 16:12:06	1	1	1	0
           527	2026-03-06 16:12:24	1	1	1	0
           239	2026-03-06 16:13:15	1	1	1	0
          2503	2026-03-06 16:13:26	1	1	1	0
           893	2026-03-06 16:14:07	1	1	1	0
           230	2026-03-06 16:14:58	1	1	1	0
           230	2026-03-06 16:15:00	1	1	1	0
            18	2026-03-06 16:16:39	1	1	1	0
           578	2026-03-06 16:17:46	1	1	1	0
           233	2026-03-06 16:18:20	1	1	1	0
           514	2026-03-06 16:22:11	1	1	1	0
           628	2026-03-06 16:22:20	1	1	1	0
            25	2026-03-06 16:23:17	1	1	1	0
            25	2026-03-06 16:23:22	1	1	1	0
            35	2026-03-06 16:24:11	1	1	1	0
            35	2026-03-06 16:24:16	1	1	1	0
           601	2026-03-06 16:34:51	1	1	1	0
           651	2026-03-06 17:00:14	1	1	1	0
           897	2026-03-06 17:01:48	1	1	1	0
           251	2026-03-06 17:03:18	1	1	1	0
            90	2026-03-06 17:03:25	1	1	1	0
            81	2026-03-06 17:03:29	1	1	1	0
            83	2026-03-06 17:03:34	1	1	1	0
           204	2026-03-06 17:03:40	1	1	1	0
           251	2026-03-06 17:03:48	1	1	1	0
           818	2026-03-06 17:07:26	1	1	1	0
           325	2026-03-06 17:12:59	1	1	1	0
            82	2026-03-06 17:20:45	1	1	1	0
           604	2026-03-06 17:38:41	1	1	1	0
           645	2026-03-06 17:40:04	1	1	1	0
           623	2026-03-06 17:40:24	1	1	1	0
           623	2026-03-06 17:40:26	1	1	1	0
           572	2026-03-06 17:51:31	1	1	1	0
           572	2026-03-06 17:51:34	1	1	1	0
           587	2026-03-06 17:52:53	1	1	1	0
            34	2026-03-06 18:01:36	1	1	1	0
            34	2026-03-06 18:01:38	1	1	1	0
           258	2026-03-06 18:05:02	1	1	1	0
           594	2026-03-06 18:07:14	1	1	1	0
           594	2026-03-06 18:07:27	1	1	1	0
           521	2026-03-06 18:14:36	1	1	1	0
           622	2026-03-06 18:21:26	1	1	1	0
           622	2026-03-06 18:21:32	1	1	1	0
           622	2026-03-06 18:21:38	1	1	1	0
           501	2026-03-06 18:56:55	1	1	1	0
           248	2026-03-09 06:47:25	1	1	1	0
           248	2026-03-09 06:47:27	1	1	1	0
           212	2026-03-09 06:48:06	1	1	1	0
           248	2026-03-09 06:48:10	1	1	1	0
           221	2026-03-09 06:53:33	1	1	1	0
           221	2026-03-09 06:53:36	1	1	1	0
            68	2026-03-09 06:55:35	1	1	1	0
           109	2026-03-09 07:15:52	1	1	1	0
           225	2026-03-09 07:31:05	1	1	1	0
           225	2026-03-09 07:31:12	1	1	1	0
           117	2026-03-09 07:39:00	1	1	1	0
           407	2026-03-09 07:40:58	1	1	1	0
            98	2026-03-09 07:41:49	1	1	1	0
            98	2026-03-09 07:41:53	1	1	1	0
           828	2026-03-09 07:42:35	1	0	1	0
           563	2026-03-09 07:44:28	1	0	1	0
            78	2026-03-09 07:48:18	1	0	1	0
           120	2026-03-09 07:48:23	1	0	1	0
           260	2026-03-09 07:49:17	1	0	1	0
           245	2026-03-09 07:49:46	1	0	1	0
           245	2026-03-09 07:49:51	1	0	1	0
            84	2026-03-09 07:50:48	1	0	1	0
           625	2026-03-09 07:50:55	1	0	1	0
            73	2026-03-09 07:51:56	1	0	1	0
           602	2026-03-09 07:55:37	1	0	1	0
          2620	2026-03-09 07:56:35	1	0	1	0
          1003	2026-03-09 07:56:39	1	0	1	0
           152	2026-03-09 07:56:47	1	0	1	0
           144	2026-03-09 07:59:27	1	0	1	0
           106	2026-03-09 07:59:57	1	0	1	0
           553	2026-03-09 08:03:52	1	0	1	0
            10	2026-03-09 08:05:02	1	0	1	0
           160	2026-03-09 08:05:39	1	0	1	0
            65	2026-03-09 08:07:11	1	0	1	0
           955	2026-03-09 08:10:38	1	0	1	0
           219	2026-03-09 08:12:24	1	0	1	0
            94	2026-03-09 08:16:06	1	0	1	0
            71	2026-03-09 08:17:55	1	0	1	0
           314	2026-03-09 08:18:01	1	0	1	0
           879	2026-03-09 08:19:11	1	0	1	0
           879	2026-03-09 08:19:13	1	0	1	0
           601	2026-03-09 08:19:38	1	0	1	0
            52	2026-03-09 08:27:53	1	0	1	0
            52	2026-03-09 08:27:56	1	0	1	0
            52	2026-03-09 08:27:59	1	0	1	0
            52	2026-03-09 08:28:01	1	0	1	0
           645	2026-03-09 08:31:10	1	0	1	0
          2505	2026-03-09 08:34:17	1	0	1	0
          2505	2026-03-09 08:34:21	1	0	1	0
           124	2026-03-09 08:35:19	1	0	1	0
             1	2026-03-09 08:35:25	1	0	1	0
             1	2026-03-09 08:35:29	1	0	1	0
           604	2026-03-09 08:35:38	1	0	1	0
           258	2026-03-09 08:35:45	1	0	1	0
           101	2026-03-09 08:36:52	1	0	1	0
           252	2026-03-09 08:39:51	1	0	1	0
           252	2026-03-09 08:39:56	1	0	1	0
           113	2026-03-09 08:40:03	1	0	1	0
           253	2026-03-09 08:40:08	1	0	1	0
           569	2026-03-09 08:49:33	1	0	1	0
           414	2026-03-09 08:49:59	1	0	1	0
           414	2026-03-09 08:50:02	1	0	1	0
           663	2026-03-09 08:51:04	1	0	1	0
           230	2026-03-09 08:51:55	1	0	1	0
           230	2026-03-09 08:51:57	1	0	1	0
           559	2026-03-09 08:52:36	1	0	1	0
           559	2026-03-09 08:52:39	1	0	1	0
            25	2026-03-09 08:53:09	1	0	1	0
            25	2026-03-09 08:53:15	1	0	1	0
           328	2026-03-09 08:53:32	1	0	1	0
           328	2026-03-09 08:53:34	1	0	1	0
           328	2026-03-09 08:53:43	1	0	1	0
           623	2026-03-09 08:54:32	1	0	1	0
           623	2026-03-09 08:54:35	1	0	1	0
           635	2026-03-09 08:55:01	1	0	1	0
           618	2026-03-09 08:56:42	1	0	1	0
           618	2026-03-09 08:56:46	1	0	1	0
           327	2026-03-09 08:56:56	1	0	1	0
           204	2026-03-09 08:57:08	1	0	1	0
           575	2026-03-09 08:57:14	1	0	1	0
           575	2026-03-09 08:57:27	1	0	1	0
           501	2026-03-09 08:58:32	1	0	1	0
           631	2026-03-09 08:58:56	1	0	1	0
           576	2026-03-09 08:59:12	1	0	1	0
           896	2026-03-09 08:59:46	1	0	1	0
           896	2026-03-09 08:59:50	1	0	1	0
            87	2026-03-09 09:00:11	1	0	1	0
            87	2026-03-09 09:00:19	1	0	1	0
           251	2026-03-09 09:01:25	1	0	1	0
           251	2026-03-09 09:01:36	1	0	1	0
            87	2026-03-09 09:02:40	1	0	1	0
            87	2026-03-09 09:02:46	1	0	1	0
           249	2026-03-09 09:02:58	1	0	1	0
           605	2026-03-09 09:03:48	1	0	1	0
           651	2026-03-09 09:03:53	1	0	1	0
            72	2026-03-09 09:04:00	1	0	1	0
           936	2026-03-09 09:04:53	1	0	1	0
           561	2026-03-09 09:04:59	1	0	1	0
            93	2026-03-09 09:05:11	1	0	1	0
          2506	2026-03-09 09:05:22	1	0	1	0
          2501	2026-03-09 09:05:26	1	0	1	0
           239	2026-03-09 09:05:36	1	0	1	0
            35	2026-03-09 09:05:42	1	0	1	0
            35	2026-03-09 09:05:47	1	0	1	0
           893	2026-03-09 09:05:51	1	0	1	0
           114	2026-03-09 09:05:55	1	0	1	0
           191	2026-03-09 09:06:00	1	0	1	0
           233	2026-03-09 09:06:06	1	0	1	0
            22	2026-03-09 09:06:17	1	0	1	0
           401	2026-03-09 09:06:21	1	0	1	0
           584	2026-03-09 09:06:31	1	0	1	0
           584	2026-03-09 09:06:36	1	0	1	0
           622	2026-03-09 09:07:10	1	0	1	0
           622	2026-03-09 09:07:16	1	0	1	0
           622	2026-03-09 09:07:22	1	0	1	0
           622	2026-03-09 09:07:28	1	0	1	0
          2502	2026-03-09 09:07:54	1	0	1	0
           628	2026-03-09 09:08:06	1	0	1	0
           521	2026-03-09 09:08:13	1	0	1	0
           222	2026-03-09 09:08:16	1	0	1	0
            18	2026-03-09 09:08:33	1	0	1	0
           587	2026-03-09 09:08:56	1	0	1	0
           587	2026-03-09 09:08:58	1	0	1	0
           610	2026-03-09 09:09:11	1	0	1	0
           527	2026-03-09 09:14:50	1	0	1	0
           527	2026-03-09 09:14:52	1	0	1	0
             9	2026-03-09 09:17:06	1	0	1	0
            34	2026-03-09 09:18:57	1	0	1	0
            34	2026-03-09 09:18:59	1	0	1	0
           572	2026-03-09 09:19:25	1	0	1	0
           572	2026-03-09 09:19:28	1	0	1	0
          2503	2026-03-09 09:19:55	1	0	1	0
          2500	2026-03-09 09:20:03	1	0	1	0
           616	2026-03-09 09:22:07	1	0	1	0
           585	2026-03-09 09:34:53	1	0	1	0
           585	2026-03-09 09:34:55	1	0	1	0
           137	2026-03-09 09:45:40	1	0	1	0
           137	2026-03-09 09:45:43	1	0	1	0
           137	2026-03-09 09:45:45	1	0	1	0
            82	2026-03-09 09:52:14	1	0	1	0
          2521	2026-03-09 09:52:20	1	0	1	0
           235	2026-03-09 09:59:05	1	0	1	0
           897	2026-03-09 10:00:42	1	0	1	0
           818	2026-03-09 10:02:48	1	0	1	0
            81	2026-03-09 10:03:36	1	0	1	0
           875	2026-03-09 10:03:47	1	0	1	0
           218	2026-03-09 10:04:29	1	0	1	0
            90	2026-03-09 10:04:53	1	0	1	0
            83	2026-03-09 10:04:55	1	0	1	0
           408	2026-03-09 10:10:57	1	0	1	0
           602	2026-03-09 12:30:11	1	0	1	0
           576	2026-03-09 13:01:02	1	0	1	0
           253	2026-03-09 13:03:19	1	0	1	0
            54	2026-03-09 13:33:55	1	0	1	0
           936	2026-03-09 13:47:17	1	0	1	0
           248	2026-03-09 14:07:05	1	0	1	0
           212	2026-03-09 14:07:10	1	0	1	0
           561	2026-03-09 14:07:16	1	0	1	0
            22	2026-03-09 14:08:43	1	0	1	0
           875	2026-03-09 14:17:08	1	0	1	0
           594	2026-03-09 14:33:20	1	0	1	0
           594	2026-03-09 14:33:26	1	0	1	0
           101	2026-03-09 14:39:34	1	0	1	0
            98	2026-03-09 15:00:07	1	0	1	0
           260	2026-03-09 15:00:10	1	0	1	0
           109	2026-03-09 15:00:16	1	0	1	0
           407	2026-03-09 15:00:24	1	0	1	0
            84	2026-03-09 15:00:29	1	0	1	0
           160	2026-03-09 15:00:34	1	0	1	0
           106	2026-03-09 15:00:40	1	0	1	0
           879	2026-03-09 15:00:52	1	0	1	0
           879	2026-03-09 15:00:54	1	0	1	0
          2620	2026-03-09 15:01:00	1	0	1	0
           245	2026-03-09 15:01:05	1	0	1	0
           152	2026-03-09 15:01:20	1	0	1	0
           117	2026-03-09 15:01:24	1	0	1	0
            10	2026-03-09 15:01:30	1	0	1	0
            44	2026-03-09 15:01:34	1	0	1	0
           314	2026-03-09 15:01:39	1	0	1	0
            68	2026-03-09 15:02:19	1	0	1	0
           828	2026-03-09 15:03:13	1	0	1	0
            65	2026-03-09 15:03:41	1	0	1	0
           221	2026-03-09 15:03:45	1	0	1	0
           221	2026-03-09 15:03:48	1	0	1	0
           625	2026-03-09 15:03:54	1	0	1	0
            73	2026-03-09 15:04:45	1	0	1	0
            73	2026-03-09 15:04:47	1	0	1	0
           219	2026-03-09 15:05:57	1	0	1	0
           563	2026-03-09 15:09:40	1	0	1	0
           144	2026-03-09 15:10:38	1	0	1	0
           161	2026-03-09 15:17:29	1	0	1	0
          2512	2026-03-09 15:24:42	1	0	1	0
            46	2026-03-09 15:25:06	1	1	1	0
            46	2026-03-09 15:25:09	1	1	1	0
            79	2026-03-09 15:28:30	1	1	1	0
            79	2026-03-09 15:28:37	1	1	1	0
          1003	2026-03-09 15:31:33	1	1	1	0
            52	2026-03-09 15:37:19	1	1	1	0
            52	2026-03-09 15:37:22	1	1	1	0
            52	2026-03-09 15:37:24	1	1	1	0
           616	2026-03-09 15:58:12	1	1	1	0
           327	2026-03-09 15:59:08	1	1	1	0
             1	2026-03-09 16:00:23	1	1	1	0
             1	2026-03-09 16:00:27	1	1	1	0
            71	2026-03-09 16:00:32	1	1	1	0
            71	2026-03-09 16:00:35	1	1	1	0
           113	2026-03-09 16:00:44	1	1	1	0
           113	2026-03-09 16:00:49	1	1	1	0
           893	2026-03-09 16:01:06	1	1	1	0
           896	2026-03-09 16:01:10	1	1	1	0
           896	2026-03-09 16:01:12	1	1	1	0
           137	2026-03-09 16:01:21	1	1	1	0
           137	2026-03-09 16:01:23	1	1	1	0
           137	2026-03-09 16:01:25	1	1	1	0
            72	2026-03-09 16:01:31	1	1	1	0
          2505	2026-03-09 16:01:51	1	1	1	0
          2505	2026-03-09 16:01:55	1	1	1	0
           114	2026-03-09 16:02:01	1	1	1	0
           252	2026-03-09 16:02:07	1	1	1	0
           252	2026-03-09 16:02:10	1	1	1	0
           575	2026-03-09 16:02:16	1	1	1	0
           575	2026-03-09 16:02:21	1	1	1	0
             9	2026-03-09 16:02:34	1	1	1	0
          2506	2026-03-09 16:02:41	1	1	1	0
           663	2026-03-09 16:02:51	1	1	1	0
          2501	2026-03-09 16:02:57	1	1	1	0
           230	2026-03-09 16:03:03	1	1	1	0
           230	2026-03-09 16:03:05	1	1	1	0
           618	2026-03-09 16:03:10	1	1	1	0
           618	2026-03-09 16:03:14	1	1	1	0
           401	2026-03-09 16:03:20	1	1	1	0
           635	2026-03-09 16:03:24	1	1	1	0
           124	2026-03-09 16:03:30	1	1	1	0
           124	2026-03-09 16:03:33	1	1	1	0
           191	2026-03-09 16:03:38	1	1	1	0
           222	2026-03-09 16:04:09	1	1	1	0
           414	2026-03-09 16:04:13	1	1	1	0
           414	2026-03-09 16:04:16	1	1	1	0
           631	2026-03-09 16:04:22	1	1	1	0
           605	2026-03-09 16:04:43	1	1	1	0
            53	2026-03-09 16:04:59	1	1	1	0
           239	2026-03-09 16:06:38	1	1	1	0
           955	2026-03-09 16:06:44	1	1	1	0
           218	2026-03-09 16:06:51	1	1	1	0
           233	2026-03-09 16:06:57	1	1	1	0
            25	2026-03-09 16:07:14	1	1	1	0
            25	2026-03-09 16:07:19	1	1	1	0
          2500	2026-03-09 16:08:36	1	1	1	0
           628	2026-03-09 16:08:49	1	1	1	0
          2502	2026-03-09 16:09:09	1	1	1	0
            94	2026-03-09 16:09:15	1	1	1	0
           610	2026-03-09 16:09:34	1	1	1	0
           527	2026-03-09 16:10:54	1	1	1	0
            35	2026-03-09 16:20:59	1	1	1	0
            35	2026-03-09 16:21:05	1	1	1	0
           569	2026-03-09 16:21:11	1	1	1	0
            87	2026-03-09 16:27:47	1	1	1	0
            87	2026-03-09 16:27:53	1	1	1	0
           249	2026-03-09 16:33:03	1	1	1	0
           601	2026-03-09 16:58:42	1	1	1	0
          2503	2026-03-09 17:00:51	1	1	1	0
           204	2026-03-09 17:01:39	1	1	1	0
           204	2026-03-09 17:01:42	1	1	1	0
           559	2026-03-09 17:02:34	1	1	1	0
           559	2026-03-09 17:02:38	1	1	1	0
            90	2026-03-09 17:03:13	1	1	1	0
            83	2026-03-09 17:03:17	1	1	1	0
            82	2026-03-09 17:03:22	1	1	1	0
            81	2026-03-09 17:03:26	1	1	1	0
           651	2026-03-09 17:04:12	1	1	1	0
           651	2026-03-09 17:04:23	1	1	1	0
          2521	2026-03-09 17:06:15	1	1	1	0
           553	2026-03-09 17:06:21	1	1	1	0
           623	2026-03-09 17:07:05	1	1	1	0
           623	2026-03-09 17:07:08	1	1	1	0
           818	2026-03-09 17:08:02	1	1	1	0
           818	2026-03-09 17:08:58	1	1	1	0
           251	2026-03-09 17:35:31	1	1	1	0
           604	2026-03-09 17:43:50	1	1	1	0
           645	2026-03-09 17:43:55	1	1	1	0
           328	2026-03-09 18:00:17	1	1	1	0
           328	2026-03-09 18:00:21	1	1	1	0
           521	2026-03-09 18:02:02	1	1	1	0
           325	2026-03-09 18:02:23	1	1	1	0
           501	2026-03-09 18:02:29	1	1	1	0
           584	2026-03-09 18:02:35	1	1	1	0
           594	2026-03-09 18:02:39	1	1	1	0
           594	2026-03-09 18:02:44	1	1	1	0
           408	2026-03-09 18:03:53	1	1	1	0
           258	2026-03-09 18:04:59	1	1	1	0
           244	2026-03-09 18:07:27	1	1	1	0
           585	2026-03-09 18:38:25	1	1	1	0
           585	2026-03-09 18:38:27	1	1	1	0
           585	2026-03-09 18:38:29	1	1	1	0
           587	2026-03-09 18:47:55	1	1	1	0
            34	2026-03-09 19:00:52	1	1	1	0
            34	2026-03-09 19:00:57	1	1	1	0
            18	2026-03-09 19:38:50	1	1	1	0
           212	2026-03-10 06:47:17	1	1	1	0
           248	2026-03-10 06:47:23	1	1	1	0
           248	2026-03-10 06:47:26	1	1	1	0
            68	2026-03-10 06:55:38	1	1	1	0
           526	2026-03-10 06:57:13	1	1	1	0
           109	2026-03-10 07:15:48	1	1	1	0
           955	2026-03-10 07:20:37	1	1	1	0
           225	2026-03-10 07:29:16	1	1	1	0
           225	2026-03-10 07:29:19	1	1	1	0
           117	2026-03-10 07:31:55	1	1	1	0
          2512	2026-03-10 07:32:13	1	1	1	0
           144	2026-03-10 07:34:13	1	1	1	0
           407	2026-03-10 07:34:55	1	1	1	0
           221	2026-03-10 07:42:04	1	1	1	0
           221	2026-03-10 07:42:07	1	1	1	0
            73	2026-03-10 07:42:49	1	1	1	0
            98	2026-03-10 07:42:53	1	1	1	0
           160	2026-03-10 07:46:43	1	1	1	0
            44	2026-03-10 07:48:30	1	1	1	0
            84	2026-03-10 07:49:40	1	1	1	0
           828	2026-03-10 07:52:01	1	0	1	0
           107	2026-03-10 07:52:44	1	0	1	0
           245	2026-03-10 07:54:16	1	0	1	0
           245	2026-03-10 07:54:22	1	0	1	0
           260	2026-03-10 07:55:31	1	0	1	0
          2620	2026-03-10 07:58:08	1	0	1	0
            10	2026-03-10 07:59:20	1	0	1	0
           602	2026-03-10 08:00:15	1	0	1	0
            78	2026-03-10 08:00:54	1	0	1	0
           120	2026-03-10 08:01:04	1	0	1	0
            65	2026-03-10 08:02:05	1	0	1	0
            79	2026-03-10 08:03:33	1	0	1	0
           553	2026-03-10 08:04:13	1	0	1	0
           604	2026-03-10 08:06:48	1	0	1	0
           219	2026-03-10 08:08:56	1	0	1	0
           314	2026-03-10 08:11:39	1	0	1	0
             1	2026-03-10 08:16:23	1	0	1	0
             1	2026-03-10 08:16:29	1	0	1	0
            71	2026-03-10 08:26:44	1	0	1	0
            71	2026-03-10 08:26:46	1	0	1	0
           879	2026-03-10 08:27:12	1	0	1	0
           879	2026-03-10 08:27:14	1	0	1	0
           124	2026-03-10 08:30:01	1	0	1	0
           124	2026-03-10 08:30:03	1	0	1	0
           576	2026-03-10 08:30:27	1	0	1	0
            52	2026-03-10 08:33:09	1	0	1	0
            52	2026-03-10 08:33:11	1	0	1	0
            52	2026-03-10 08:33:13	1	0	1	0
            52	2026-03-10 08:33:15	1	0	1	0
          2505	2026-03-10 08:44:27	1	0	1	0
          2505	2026-03-10 08:44:32	1	0	1	0
           252	2026-03-10 08:45:54	1	0	1	0
           113	2026-03-10 08:46:01	1	0	1	0
           252	2026-03-10 08:46:07	1	0	1	0
           663	2026-03-10 08:47:34	1	0	1	0
           584	2026-03-10 08:50:02	1	0	1	0
           258	2026-03-10 08:50:37	1	0	1	0
           531	2026-03-10 08:50:44	1	0	1	0
            35	2026-03-10 08:51:00	1	0	1	0
            35	2026-03-10 08:51:05	1	0	1	0
           891	2026-03-10 08:54:05	1	0	1	0
           179	2026-03-10 08:54:14	1	0	1	0
           179	2026-03-10 08:54:19	1	0	1	0
           204	2026-03-10 08:54:23	1	0	1	0
           204	2026-03-10 08:54:26	1	0	1	0
           559	2026-03-10 08:54:30	1	0	1	0
           559	2026-03-10 08:54:33	1	0	1	0
           328	2026-03-10 08:55:01	1	0	1	0
          2501	2026-03-10 08:55:09	1	0	1	0
           328	2026-03-10 08:55:31	1	0	1	0
           328	2026-03-10 08:55:33	1	0	1	0
           244	2026-03-10 08:55:54	1	0	1	0
           251	2026-03-10 08:56:20	1	0	1	0
            25	2026-03-10 08:56:30	1	0	1	0
            25	2026-03-10 08:56:36	1	0	1	0
           328	2026-03-10 08:56:42	1	0	1	0
            72	2026-03-10 08:57:12	1	0	1	0
           230	2026-03-10 08:57:28	1	0	1	0
           230	2026-03-10 08:57:31	1	0	1	0
           239	2026-03-10 08:59:25	1	0	1	0
           527	2026-03-10 09:00:05	1	0	1	0
           527	2026-03-10 09:00:08	1	0	1	0
            46	2026-03-10 09:00:17	1	0	1	0
            46	2026-03-10 09:00:19	1	0	1	0
           896	2026-03-10 09:00:44	1	0	1	0
           896	2026-03-10 09:00:47	1	0	1	0
           101	2026-03-10 09:02:18	1	0	1	0
             9	2026-03-10 09:03:00	1	0	1	0
            53	2026-03-10 09:03:24	1	0	1	0
           401	2026-03-10 09:03:30	1	0	1	0
          2502	2026-03-10 09:04:46	1	0	1	0
            12	2026-03-10 09:04:53	1	0	1	0
           318	2026-03-10 09:05:10	1	0	1	0
           222	2026-03-10 09:05:20	1	0	1	0
           114	2026-03-10 09:05:29	1	0	1	0
           936	2026-03-10 09:05:49	1	0	1	0
          2506	2026-03-10 09:05:55	1	0	1	0
            54	2026-03-10 09:06:23	1	0	1	0
           610	2026-03-10 09:07:08	1	0	1	0
           191	2026-03-10 09:07:13	1	0	1	0
           249	2026-03-10 09:07:31	1	0	1	0
           325	2026-03-10 09:07:38	1	0	1	0
           226	2026-03-10 09:07:57	1	0	1	0
           628	2026-03-10 09:08:10	1	0	1	0
            18	2026-03-10 09:10:32	1	0	1	0
           521	2026-03-10 09:10:41	1	0	1	0
           521	2026-03-10 09:10:54	1	0	1	0
            93	2026-03-10 09:12:08	1	0	1	0
           327	2026-03-10 09:14:23	1	0	1	0
          2500	2026-03-10 09:22:03	1	0	1	0
           893	2026-03-10 09:24:35	1	0	1	0
           514	2026-03-10 09:25:13	1	0	1	0
          2503	2026-03-10 09:30:56	1	0	1	0
           233	2026-03-10 09:32:01	1	0	1	0
            34	2026-03-10 09:38:40	1	0	1	0
            34	2026-03-10 09:38:43	1	0	1	0
           585	2026-03-10 09:41:10	1	0	1	0
           875	2026-03-10 09:57:52	1	0	1	0
            90	2026-03-10 09:59:46	1	0	1	0
            82	2026-03-10 10:00:22	1	0	1	0
            81	2026-03-10 10:00:31	1	0	1	0
            83	2026-03-10 10:02:37	1	0	1	0
           218	2026-03-10 10:04:56	1	0	1	0
           897	2026-03-10 10:05:40	1	0	1	0
           818	2026-03-10 10:10:56	1	0	1	0
           408	2026-03-10 10:27:30	1	0	1	0
           602	2026-03-10 12:30:20	1	0	1	0
           605	2026-03-10 12:48:07	1	0	1	0
           576	2026-03-10 13:00:04	1	0	1	0
           226	2026-03-10 13:06:43	1	0	1	0
           253	2026-03-10 13:09:18	1	0	1	0
            54	2026-03-10 13:12:44	1	0	1	0
           936	2026-03-10 13:50:34	1	0	1	0
           107	2026-03-10 14:01:28	1	0	1	0
           248	2026-03-10 14:05:39	1	0	1	0
           248	2026-03-10 14:05:41	1	0	1	0
           212	2026-03-10 14:05:48	1	0	1	0
           875	2026-03-10 14:12:28	1	0	1	0
            46	2026-03-10 14:18:15	1	0	1	0
            46	2026-03-10 14:18:18	1	0	1	0
           235	2026-03-10 14:21:41	1	0	1	0
           101	2026-03-10 14:30:19	1	0	1	0
           594	2026-03-10 14:33:40	1	0	1	0
           594	2026-03-10 14:33:45	1	0	1	0
            98	2026-03-10 15:00:05	1	0	1	0
           879	2026-03-10 15:00:08	1	0	1	0
           879	2026-03-10 15:00:10	1	0	1	0
            10	2026-03-10 15:00:16	1	0	1	0
           318	2026-03-10 15:00:20	1	0	1	0
           260	2026-03-10 15:00:31	1	0	1	0
            44	2026-03-10 15:00:42	1	0	1	0
           109	2026-03-10 15:00:59	1	0	1	0
           526	2026-03-10 15:01:21	1	0	1	0
           221	2026-03-10 15:01:30	1	0	1	0
           221	2026-03-10 15:01:33	1	0	1	0
            84	2026-03-10 15:01:43	1	0	1	0
           106	2026-03-10 15:01:47	1	0	1	0
           407	2026-03-10 15:01:54	1	0	1	0
          2620	2026-03-10 15:02:02	1	0	1	0
           219	2026-03-10 15:02:24	1	0	1	0
            79	2026-03-10 15:02:54	1	0	1	0
            79	2026-03-10 15:02:58	1	0	1	0
           828	2026-03-10 15:03:31	1	0	1	0
            65	2026-03-10 15:03:41	1	0	1	0
           117	2026-03-10 15:05:11	1	0	1	0
            73	2026-03-10 15:09:52	1	0	1	0
           144	2026-03-10 15:13:55	1	0	1	0
             1	2026-03-10 16:00:10	1	0	1	0
             1	2026-03-10 16:00:13	1	0	1	0
           113	2026-03-10 16:00:21	1	0	1	0
            71	2026-03-10 16:00:39	1	0	1	0
            71	2026-03-10 16:00:41	1	0	1	0
           896	2026-03-10 16:00:59	1	0	1	0
           896	2026-03-10 16:01:02	1	0	1	0
           225	2026-03-10 16:01:20	1	0	1	0
           230	2026-03-10 16:01:26	1	0	1	0
           230	2026-03-10 16:01:28	1	0	1	0
           663	2026-03-10 16:01:49	1	0	1	0
            72	2026-03-10 16:02:00	1	0	1	0
            52	2026-03-10 16:02:06	1	0	1	0
            52	2026-03-10 16:02:08	1	0	1	0
            52	2026-03-10 16:02:10	1	0	1	0
           114	2026-03-10 16:02:17	1	0	1	0
           893	2026-03-10 16:02:21	1	0	1	0
             9	2026-03-10 16:02:59	1	0	1	0
           955	2026-03-10 16:04:12	1	0	1	0
           222	2026-03-10 16:04:18	1	0	1	0
           191	2026-03-10 16:04:35	1	0	1	0
            12	2026-03-10 16:04:41	1	0	1	0
           233	2026-03-10 16:06:02	1	0	1	0
          2506	2026-03-10 16:06:17	1	0	1	0
          2501	2026-03-10 16:06:25	1	0	1	0
            53	2026-03-10 16:06:45	1	0	1	0
           401	2026-03-10 16:07:31	1	0	1	0
           239	2026-03-10 16:07:46	1	0	1	0
            25	2026-03-10 16:07:57	1	0	1	0
            25	2026-03-10 16:08:02	1	0	1	0
           610	2026-03-10 16:08:17	1	0	1	0
            35	2026-03-10 16:09:46	1	0	1	0
            35	2026-03-10 16:09:51	1	0	1	0
           124	2026-03-10 16:10:08	1	0	1	0
           124	2026-03-10 16:10:12	1	0	1	0
           891	2026-03-10 16:10:15	1	0	1	0
          2503	2026-03-10 16:10:20	1	0	1	0
          2502	2026-03-10 16:10:53	1	0	1	0
          2500	2026-03-10 16:11:15	1	0	1	0
           527	2026-03-10 16:11:33	1	0	1	0
           252	2026-03-10 16:11:42	1	0	1	0
           252	2026-03-10 16:11:48	1	0	1	0
           179	2026-03-10 16:11:55	1	0	1	0
           179	2026-03-10 16:11:58	1	0	1	0
           249	2026-03-10 16:17:51	1	0	1	0
           628	2026-03-10 16:23:03	1	0	1	0
           514	2026-03-10 16:23:09	1	0	1	0
          2512	2026-03-10 16:29:54	1	0	1	0
           160	2026-03-10 16:37:31	1	0	1	0
           327	2026-03-10 16:49:51	1	0	1	0
           651	2026-03-10 17:00:55	1	0	1	0
           651	2026-03-10 17:01:01	1	0	1	0
           204	2026-03-10 17:02:01	1	0	1	0
           897	2026-03-10 17:02:10	1	0	1	0
           559	2026-03-10 17:02:38	1	0	1	0
           559	2026-03-10 17:02:41	1	0	1	0
            83	2026-03-10 17:04:22	1	0	1	0
           553	2026-03-10 17:05:08	1	0	1	0
           818	2026-03-10 17:17:56	1	0	1	0
          2505	2026-03-10 17:20:16	1	0	1	0
          2505	2026-03-10 17:20:24	1	0	1	0
            81	2026-03-10 17:22:36	1	0	1	0
            90	2026-03-10 17:28:02	1	0	1	0
           604	2026-03-10 17:30:24	1	0	1	0
           645	2026-03-10 17:30:30	1	0	1	0
           251	2026-03-10 17:32:24	1	0	1	0
           218	2026-03-10 17:55:11	1	0	1	0
           605	2026-03-10 18:00:25	1	0	1	0
           328	2026-03-10 18:01:01	1	0	1	0
           328	2026-03-10 18:01:05	1	0	1	0
           521	2026-03-10 18:01:13	1	0	1	0
           584	2026-03-10 18:01:23	1	0	1	0
           594	2026-03-10 18:01:28	1	0	1	0
           594	2026-03-10 18:01:34	1	0	1	0
           325	2026-03-10 18:02:06	1	0	1	0
           531	2026-03-10 18:03:00	1	0	1	0
           258	2026-03-10 18:03:07	1	0	1	0
           585	2026-03-10 18:34:17	1	0	1	0
           585	2026-03-10 18:34:19	1	0	1	0
            18	2026-03-10 18:38:34	1	0	1	0
            82	2026-03-10 18:39:14	1	0	1	0
            34	2026-03-10 19:00:08	1	0	1	0
            34	2026-03-10 19:00:10	1	0	1	0
           244	2026-03-10 19:04:18	1	0	1	0
           408	2026-03-10 19:04:39	1	0	1	0
           212	2026-03-11 06:48:43	1	0	1	0
           248	2026-03-11 06:54:26	1	0	1	0
           248	2026-03-11 06:54:32	1	0	1	0
            68	2026-03-11 06:55:21	1	0	1	0
           109	2026-03-11 07:17:47	1	0	1	0
           955	2026-03-11 07:28:52	1	0	1	0
           221	2026-03-11 07:28:55	1	0	1	0
            44	2026-03-11 07:37:38	1	0	1	0
            98	2026-03-11 07:38:19	1	0	1	0
            98	2026-03-11 07:38:23	1	0	1	0
           828	2026-03-11 07:38:48	1	0	1	0
           245	2026-03-11 07:39:15	1	0	1	0
           117	2026-03-11 07:42:41	1	0	1	0
            73	2026-03-11 07:42:44	1	0	1	0
           407	2026-03-11 07:43:19	1	0	1	0
           563	2026-03-11 07:44:39	1	0	1	0
           144	2026-03-11 07:44:45	1	0	1	0
           152	2026-03-11 07:47:07	1	0	1	0
           107	2026-03-11 07:49:42	1	0	1	0
           526	2026-03-11 07:49:54	1	0	1	0
           260	2026-03-11 07:51:28	1	0	1	0
            84	2026-03-11 07:54:40	1	0	1	0
          1003	2026-03-11 07:55:29	1	0	1	0
           106	2026-03-11 07:57:48	1	0	1	0
          2620	2026-03-11 07:59:08	1	0	1	0
           219	2026-03-11 07:59:40	1	0	1	0
            10	2026-03-11 07:59:59	1	0	1	0
           562	2026-03-11 08:01:05	1	0	1	0
            78	2026-03-11 08:02:14	1	0	1	0
           956	2026-03-11 08:02:31	1	0	1	0
           602	2026-03-11 08:02:57	1	0	1	0
           314	2026-03-11 08:04:16	1	0	1	0
           314	2026-03-11 08:04:19	1	0	1	0
           553	2026-03-11 08:04:57	1	0	1	0
           625	2026-03-11 08:05:03	1	0	1	0
            65	2026-03-11 08:10:48	1	0	1	0
            94	2026-03-11 08:13:38	1	0	1	0
            94	2026-03-11 08:13:41	1	0	1	0
           601	2026-03-11 08:17:15	1	0	1	0
           604	2026-03-11 08:23:06	1	0	1	0
           124	2026-03-11 08:26:17	1	0	1	0
           124	2026-03-11 08:26:20	1	0	1	0
             1	2026-03-11 08:27:06	1	0	1	0
             1	2026-03-11 08:27:11	1	0	1	0
            71	2026-03-11 08:29:05	1	0	1	0
            52	2026-03-11 08:29:11	1	0	1	0
            52	2026-03-11 08:29:13	1	0	1	0
            52	2026-03-11 08:29:16	1	0	1	0
           645	2026-03-11 08:34:59	1	0	1	0
           576	2026-03-11 08:39:26	1	0	1	0
           531	2026-03-11 08:40:48	1	0	1	0
           258	2026-03-11 08:40:54	1	0	1	0
           663	2026-03-11 08:41:37	1	0	1	0
           225	2026-03-11 08:41:49	1	0	1	0
           414	2026-03-11 08:41:55	1	0	1	0
           414	2026-03-11 08:41:58	1	0	1	0
          2505	2026-03-11 08:43:50	1	0	1	0
          2505	2026-03-11 08:43:58	1	0	1	0
          2501	2026-03-11 08:47:32	1	0	1	0
           113	2026-03-11 08:49:54	1	0	1	0
           896	2026-03-11 08:50:07	1	0	1	0
           896	2026-03-11 08:50:09	1	0	1	0
           230	2026-03-11 08:50:23	1	0	1	0
           230	2026-03-11 08:50:25	1	0	1	0
            12	2026-03-11 08:50:49	1	0	1	0
            87	2026-03-11 08:51:04	1	0	1	0
            87	2026-03-11 08:51:10	1	0	1	0
            87	2026-03-11 08:51:18	1	0	1	0
           651	2026-03-11 08:51:26	1	0	1	0
           575	2026-03-11 08:52:13	1	0	1	0
            25	2026-03-11 08:52:19	1	0	1	0
            25	2026-03-11 08:52:24	1	0	1	0
           327	2026-03-11 08:52:49	1	0	1	0
            53	2026-03-11 08:53:08	1	0	1	0
           251	2026-03-11 08:55:20	1	0	1	0
           584	2026-03-11 08:55:29	1	0	1	0
           328	2026-03-11 08:55:49	1	0	1	0
           328	2026-03-11 08:55:54	1	0	1	0
           252	2026-03-11 08:56:03	1	0	1	0
           252	2026-03-11 08:56:10	1	0	1	0
           251	2026-03-11 08:56:22	1	0	1	0
           559	2026-03-11 08:56:34	1	0	1	0
           559	2026-03-11 08:56:38	1	0	1	0
           635	2026-03-11 08:56:49	1	0	1	0
           179	2026-03-11 08:56:54	1	0	1	0
           179	2026-03-11 08:56:57	1	0	1	0
           204	2026-03-11 08:57:06	1	0	1	0
           101	2026-03-11 08:57:12	1	0	1	0
           233	2026-03-11 08:57:21	1	0	1	0
            18	2026-03-11 08:58:10	1	0	1	0
           618	2026-03-11 08:58:32	1	0	1	0
           618	2026-03-11 08:58:37	1	0	1	0
           569	2026-03-11 08:59:17	1	0	1	0
           318	2026-03-11 08:59:22	1	0	1	0
           239	2026-03-11 08:59:52	1	0	1	0
           605	2026-03-11 09:00:59	1	0	1	0
           514	2026-03-11 09:01:07	1	0	1	0
           623	2026-03-11 09:01:40	1	0	1	0
           623	2026-03-11 09:01:43	1	0	1	0
           631	2026-03-11 09:01:53	1	0	1	0
           891	2026-03-11 09:03:08	1	0	1	0
           249	2026-03-11 09:04:16	1	0	1	0
           401	2026-03-11 09:04:26	1	0	1	0
           587	2026-03-11 09:04:37	1	0	1	0
          2506	2026-03-11 09:04:43	1	0	1	0
            35	2026-03-11 09:06:58	1	0	1	0
            35	2026-03-11 09:07:03	1	0	1	0
           222	2026-03-11 09:07:24	1	0	1	0
           616	2026-03-11 09:07:56	1	0	1	0
           561	2026-03-11 09:08:05	1	0	1	0
           572	2026-03-11 09:08:20	1	0	1	0
           572	2026-03-11 09:08:23	1	0	1	0
           610	2026-03-11 09:08:31	1	0	1	0
            72	2026-03-11 09:08:37	1	0	1	0
             9	2026-03-11 09:08:46	1	0	1	0
           521	2026-03-11 09:09:06	1	0	1	0
           527	2026-03-11 09:09:17	1	0	1	0
           191	2026-03-11 09:09:40	1	0	1	0
           893	2026-03-11 09:09:50	1	0	1	0
            54	2026-03-11 09:10:00	1	0	1	0
          2502	2026-03-11 09:10:06	1	0	1	0
           226	2026-03-11 09:11:31	1	0	1	0
            22	2026-03-11 09:13:45	1	0	1	0
           578	2026-03-11 09:20:42	1	0	1	0
          2503	2026-03-11 09:29:03	1	0	1	0
           408	2026-03-11 09:37:26	1	0	1	0
            90	2026-03-11 09:43:27	1	0	1	0
           585	2026-03-11 09:51:58	1	0	1	0
           585	2026-03-11 09:52:00	1	0	1	0
          2521	2026-03-11 09:53:42	1	0	1	0
            82	2026-03-11 09:53:47	1	0	1	0
            34	2026-03-11 09:55:38	1	0	1	0
            34	2026-03-11 09:55:41	1	0	1	0
           218	2026-03-11 09:57:51	1	0	1	0
           218	2026-03-11 09:57:54	1	0	1	0
            81	2026-03-11 10:02:10	1	0	1	0
           244	2026-03-11 10:03:11	1	0	1	0
           875	2026-03-11 10:05:21	1	0	1	0
            83	2026-03-11 10:05:58	1	0	1	0
           235	2026-03-11 10:08:29	1	0	1	0
           818	2026-03-11 10:09:29	1	0	1	0
           137	2026-03-11 10:19:34	1	0	1	0
           137	2026-03-11 10:19:36	1	0	1	0
           137	2026-03-11 10:19:38	1	0	1	0
           602	2026-03-11 12:31:37	1	0	1	0
           253	2026-03-11 13:08:21	1	0	1	0
           226	2026-03-11 13:10:21	1	0	1	0
            54	2026-03-11 13:13:25	1	0	1	0
           576	2026-03-11 13:34:01	1	0	1	0
            22	2026-03-11 14:01:34	1	0	1	0
           248	2026-03-11 14:02:15	1	0	1	0
           248	2026-03-11 14:02:17	1	0	1	0
           212	2026-03-11 14:02:21	1	0	1	0
           561	2026-03-11 14:06:33	1	0	1	0
           107	2026-03-11 14:09:11	1	0	1	0
           875	2026-03-11 14:12:28	1	0	1	0
           235	2026-03-11 14:29:56	1	0	1	0
           594	2026-03-11 14:31:36	1	0	1	0
           594	2026-03-11 14:31:41	1	0	1	0
           101	2026-03-11 14:33:13	1	0	1	0
           616	2026-03-11 14:53:11	1	0	1	0
            44	2026-03-11 15:00:10	1	0	1	0
           314	2026-03-11 15:00:16	1	0	1	0
           260	2026-03-11 15:00:20	1	0	1	0
           407	2026-03-11 15:00:23	1	0	1	0
            10	2026-03-11 15:00:29	1	0	1	0
           117	2026-03-11 15:00:36	1	0	1	0
            98	2026-03-11 15:00:42	1	0	1	0
            98	2026-03-11 15:00:47	1	0	1	0
           152	2026-03-11 15:00:54	1	0	1	0
           106	2026-03-11 15:01:00	1	0	1	0
          2620	2026-03-11 15:01:06	1	0	1	0
           879	2026-03-11 15:01:13	1	0	1	0
           879	2026-03-11 15:01:15	1	0	1	0
            84	2026-03-11 15:01:27	1	0	1	0
            68	2026-03-11 15:01:35	1	0	1	0
            79	2026-03-11 15:01:45	1	0	1	0
            79	2026-03-11 15:01:48	1	0	1	0
            78	2026-03-11 15:02:05	1	0	1	0
           828	2026-03-11 15:02:18	1	0	1	0
            65	2026-03-11 15:02:25	1	0	1	0
           221	2026-03-11 15:02:34	1	0	1	0
           219	2026-03-11 15:02:40	1	0	1	0
           245	2026-03-11 15:07:35	1	0	1	0
           245	2026-03-11 15:07:38	1	0	1	0
           563	2026-03-11 15:09:15	1	0	1	0
            73	2026-03-11 15:10:48	1	0	1	0
           144	2026-03-11 15:11:20	1	0	1	0
           625	2026-03-11 15:11:36	1	0	1	0
           562	2026-03-11 15:13:21	1	0	1	0
           161	2026-03-11 15:27:50	1	0	1	0
          1003	2026-03-11 15:32:20	1	0	1	0
            46	2026-03-11 15:42:26	1	1	1	0
            46	2026-03-11 15:42:28	1	1	1	0
             1	2026-03-11 16:00:08	1	1	1	0
             1	2026-03-11 16:00:14	1	1	1	0
            71	2026-03-11 16:00:38	1	1	1	0
           896	2026-03-11 16:00:51	1	1	1	0
           896	2026-03-11 16:00:53	1	1	1	0
            72	2026-03-11 16:01:03	1	1	1	0
           137	2026-03-11 16:01:24	1	1	1	0
           137	2026-03-11 16:01:26	1	1	1	0
           631	2026-03-11 16:01:32	1	1	1	0
           663	2026-03-11 16:01:49	1	1	1	0
           113	2026-03-11 16:01:57	1	1	1	0
          2506	2026-03-11 16:02:06	1	1	1	0
          2501	2026-03-11 16:02:11	1	1	1	0
           401	2026-03-11 16:02:15	1	1	1	0
           575	2026-03-11 16:02:20	1	1	1	0
             9	2026-03-11 16:02:27	1	1	1	0
           893	2026-03-11 16:02:31	1	1	1	0
           635	2026-03-11 16:02:36	1	1	1	0
           605	2026-03-11 16:02:42	1	1	1	0
           225	2026-03-11 16:02:46	1	1	1	0
           225	2026-03-11 16:02:50	1	1	1	0
            12	2026-03-11 16:03:19	1	1	1	0
            52	2026-03-11 16:03:53	1	1	1	0
            52	2026-03-11 16:03:55	1	1	1	0
            52	2026-03-11 16:03:57	1	1	1	0
            52	2026-03-11 16:03:59	1	1	1	0
           230	2026-03-11 16:04:05	1	1	1	0
           230	2026-03-11 16:04:11	1	1	1	0
           559	2026-03-11 16:04:23	1	1	1	0
           559	2026-03-11 16:04:27	1	1	1	0
           191	2026-03-11 16:05:02	1	1	1	0
           233	2026-03-11 16:05:35	1	1	1	0
           414	2026-03-11 16:06:12	1	1	1	0
           414	2026-03-11 16:06:18	1	1	1	0
           124	2026-03-11 16:06:37	1	1	1	0
           124	2026-03-11 16:06:39	1	1	1	0
           891	2026-03-11 16:06:45	1	1	1	0
           891	2026-03-11 16:06:57	1	1	1	0
            94	2026-03-11 16:08:59	1	1	1	0
           955	2026-03-11 16:09:44	1	1	1	0
           618	2026-03-11 16:09:51	1	1	1	0
           618	2026-03-11 16:09:56	1	1	1	0
           618	2026-03-11 16:10:01	1	1	1	0
           610	2026-03-11 16:10:06	1	1	1	0
           527	2026-03-11 16:10:47	1	1	1	0
           956	2026-03-11 16:11:21	1	1	1	0
            53	2026-03-11 16:13:03	1	1	1	0
            25	2026-03-11 16:13:08	1	1	1	0
            25	2026-03-11 16:13:13	1	1	1	0
           252	2026-03-11 16:13:51	1	1	1	0
           252	2026-03-11 16:13:57	1	1	1	0
          2503	2026-03-11 16:14:03	1	1	1	0
           179	2026-03-11 16:14:10	1	1	1	0
           179	2026-03-11 16:14:13	1	1	1	0
          2500	2026-03-11 16:16:06	1	1	1	0
          2502	2026-03-11 16:16:14	1	1	1	0
           578	2026-03-11 16:16:40	1	1	1	0
           222	2026-03-11 16:20:20	1	1	1	0
           628	2026-03-11 16:21:39	1	1	1	0
           514	2026-03-11 16:21:44	1	1	1	0
            87	2026-03-11 16:24:38	1	1	1	0
            87	2026-03-11 16:24:52	1	1	1	0
            87	2026-03-11 16:24:59	1	1	1	0
           249	2026-03-11 16:28:41	1	1	1	0
          2503	2026-03-11 16:28:58	1	1	1	0
           601	2026-03-11 16:34:24	1	1	1	0
           569	2026-03-11 16:47:21	1	1	1	0
           651	2026-03-11 17:01:20	1	1	1	0
            83	2026-03-11 17:03:00	1	1	1	0
           204	2026-03-11 17:03:06	1	1	1	0
           204	2026-03-11 17:03:10	1	1	1	0
           251	2026-03-11 17:03:54	1	1	1	0
           553	2026-03-11 17:05:29	1	1	1	0
          2521	2026-03-11 17:17:47	1	1	1	0
            35	2026-03-11 17:28:21	1	1	1	0
            35	2026-03-11 17:28:26	1	1	1	0
            82	2026-03-11 17:29:45	1	1	1	0
           604	2026-03-11 17:30:40	1	1	1	0
           645	2026-03-11 17:30:47	1	1	1	0
           623	2026-03-11 17:31:42	1	1	1	0
           623	2026-03-11 17:31:44	1	1	1	0
          2505	2026-03-11 17:37:30	1	1	1	0
          2505	2026-03-11 17:37:41	1	1	1	0
           818	2026-03-11 17:38:19	1	1	1	0
           218	2026-03-11 17:40:02	1	1	1	0
           218	2026-03-11 17:40:08	1	1	1	0
           587	2026-03-11 17:42:13	1	1	1	0
            90	2026-03-11 17:59:45	1	1	1	0
           258	2026-03-11 18:00:05	1	1	1	0
            34	2026-03-11 18:00:46	1	1	1	0
            34	2026-03-11 18:00:48	1	1	1	0
           521	2026-03-11 18:03:04	1	1	1	0
           584	2026-03-11 18:03:15	1	1	1	0
           594	2026-03-11 18:03:21	1	1	1	0
           594	2026-03-11 18:03:26	1	1	1	0
           594	2026-03-11 18:03:31	1	1	1	0
           622	2026-03-11 18:11:52	1	1	1	0
           622	2026-03-11 18:11:58	1	1	1	0
           622	2026-03-11 18:12:04	1	1	1	0
           244	2026-03-11 18:29:02	1	1	1	0
           585	2026-03-11 18:37:24	1	1	1	0
           585	2026-03-11 18:37:27	1	1	1	0
           572	2026-03-11 18:45:45	1	1	1	0
           572	2026-03-11 18:45:48	1	1	1	0
           408	2026-03-11 19:07:23	1	1	1	0
            18	2026-03-11 19:20:51	1	1	1	0
            98	2026-03-12 07:32:07	1	1	1	0
           828	2026-03-12 07:32:14	1	0	1	0
           260	2026-03-12 07:36:54	1	0	1	0
           117	2026-03-12 07:40:11	1	0	1	0
           407	2026-03-12 07:43:15	1	0	1	0
           563	2026-03-12 07:47:29	1	0	1	0
           563	2026-03-12 07:47:35	1	0	1	0
           245	2026-03-12 07:47:47	1	0	1	0
           245	2026-03-12 07:47:53	1	0	1	0
            73	2026-03-12 07:51:23	1	0	1	0
            44	2026-03-12 07:52:27	1	0	1	0
           602	2026-03-12 07:52:39	1	0	1	0
           562	2026-03-12 07:53:14	1	0	1	0
           625	2026-03-12 07:55:05	1	0	1	0
          1003	2026-03-12 07:55:12	1	0	1	0
           225	2026-03-12 07:55:32	1	0	1	0
           225	2026-03-12 07:55:35	1	0	1	0
           160	2026-03-12 07:57:51	1	0	1	0
           107	2026-03-12 07:58:04	1	0	1	0
          2512	2026-03-12 08:02:08	1	0	1	0
           161	2026-03-12 08:02:31	1	0	1	0
           553	2026-03-12 08:02:36	1	0	1	0
            78	2026-03-12 08:03:13	1	0	1	0
           120	2026-03-12 08:03:19	1	0	1	0
            65	2026-03-12 08:06:12	1	0	1	0
            10	2026-03-12 08:08:09	1	0	1	0
            79	2026-03-12 08:08:23	1	0	1	0
            79	2026-03-12 08:08:26	1	0	1	0
           314	2026-03-12 08:09:32	1	0	1	0
             1	2026-03-12 08:13:45	1	0	1	0
             1	2026-03-12 08:13:50	1	0	1	0
            71	2026-03-12 08:22:07	1	0	1	0
            71	2026-03-12 08:22:10	1	0	1	0
            71	2026-03-12 08:22:12	1	0	1	0
           124	2026-03-12 08:26:38	1	0	1	0
           124	2026-03-12 08:26:40	1	0	1	0
           604	2026-03-12 08:27:05	1	0	1	0
           604	2026-03-12 08:27:10	1	0	1	0
            46	2026-03-12 08:27:37	1	0	1	0
            46	2026-03-12 08:27:40	1	0	1	0
           601	2026-03-12 08:33:03	1	0	1	0
            52	2026-03-12 08:36:09	1	0	1	0
            52	2026-03-12 08:36:11	1	0	1	0
            52	2026-03-12 08:36:14	1	0	1	0
           645	2026-03-12 08:38:48	1	0	1	0
          2501	2026-03-12 08:39:12	1	0	1	0
           252	2026-03-12 08:39:19	1	0	1	0
           252	2026-03-12 08:39:24	1	0	1	0
           531	2026-03-12 08:40:00	1	0	1	0
           258	2026-03-12 08:40:14	1	0	1	0
           576	2026-03-12 08:42:13	1	0	1	0
           239	2026-03-12 08:42:53	1	0	1	0
           663	2026-03-12 08:43:53	1	0	1	0
           575	2026-03-12 08:45:05	1	0	1	0
           575	2026-03-12 08:45:11	1	0	1	0
           569	2026-03-12 08:46:38	1	0	1	0
           113	2026-03-12 08:46:44	1	0	1	0
           328	2026-03-12 08:50:36	1	0	1	0
           328	2026-03-12 08:50:44	1	0	1	0
           623	2026-03-12 08:51:35	1	0	1	0
           623	2026-03-12 08:51:37	1	0	1	0
          2505	2026-03-12 08:55:24	1	0	1	0
          2505	2026-03-12 08:55:32	1	0	1	0
           251	2026-03-12 08:55:44	1	0	1	0
           501	2026-03-12 08:56:43	1	0	1	0
           318	2026-03-12 08:57:43	1	0	1	0
           327	2026-03-12 08:57:51	1	0	1	0
           896	2026-03-12 08:58:17	1	0	1	0
           896	2026-03-12 08:58:19	1	0	1	0
           891	2026-03-12 08:58:47	1	0	1	0
           230	2026-03-12 08:58:59	1	0	1	0
           230	2026-03-12 08:59:01	1	0	1	0
           559	2026-03-12 08:59:08	1	0	1	0
           559	2026-03-12 08:59:13	1	0	1	0
           124	2026-03-12 08:59:32	1	0	1	0
           179	2026-03-12 08:59:48	1	0	1	0
           179	2026-03-12 08:59:51	1	0	1	0
            72	2026-03-12 09:00:20	1	0	1	0
           631	2026-03-12 09:01:33	1	0	1	0
           651	2026-03-12 09:01:41	1	0	1	0
           226	2026-03-12 09:03:42	1	0	1	0
           628	2026-03-12 09:04:14	1	0	1	0
           584	2026-03-12 09:05:12	1	0	1	0
           622	2026-03-12 09:05:19	1	0	1	0
           622	2026-03-12 09:05:25	1	0	1	0
           622	2026-03-12 09:05:31	1	0	1	0
           605	2026-03-12 09:06:47	1	0	1	0
          2506	2026-03-12 09:07:03	1	0	1	0
           561	2026-03-12 09:08:00	1	0	1	0
           610	2026-03-12 09:08:29	1	0	1	0
           249	2026-03-12 09:08:55	1	0	1	0
           253	2026-03-12 09:09:48	1	0	1	0
           936	2026-03-12 09:09:57	1	0	1	0
           101	2026-03-12 09:10:37	1	0	1	0
           233	2026-03-12 09:11:39	1	0	1	0
           587	2026-03-12 09:12:45	1	0	1	0
           587	2026-03-12 09:12:50	1	0	1	0
           893	2026-03-12 09:14:28	1	0	1	0
           635	2026-03-12 09:17:04	1	0	1	0
           572	2026-03-12 09:18:31	1	0	1	0
           572	2026-03-12 09:18:37	1	0	1	0
           521	2026-03-12 09:18:44	1	0	1	0
          2502	2026-03-12 09:19:17	1	0	1	0
          2503	2026-03-12 09:19:22	1	0	1	0
             9	2026-03-12 09:19:29	1	0	1	0
           191	2026-03-12 09:19:43	1	0	1	0
           578	2026-03-12 09:20:42	1	0	1	0
           527	2026-03-12 09:22:42	1	0	1	0
           616	2026-03-12 09:22:59	1	0	1	0
          2500	2026-03-12 09:24:52	1	0	1	0
           244	2026-03-12 09:28:58	1	0	1	0
            90	2026-03-12 09:48:30	1	0	1	0
          2521	2026-03-12 09:49:11	1	0	1	0
           585	2026-03-12 09:52:34	1	0	1	0
           585	2026-03-12 09:52:37	1	0	1	0
            83	2026-03-12 09:55:14	1	0	1	0
           875	2026-03-12 10:03:31	1	0	1	0
           137	2026-03-12 10:06:05	1	0	1	0
           137	2026-03-12 10:06:07	1	0	1	0
           137	2026-03-12 10:06:10	1	0	1	0
           137	2026-03-12 10:06:21	1	0	1	0
           408	2026-03-12 10:17:26	1	0	1	0
           818	2026-03-12 10:17:44	1	0	1	0
           218	2026-03-12 10:18:36	1	0	1	0
           218	2026-03-12 10:18:39	1	0	1	0
            81	2026-03-12 10:18:55	1	0	1	0
           235	2026-03-12 10:29:59	1	0	1	0
           594	2026-03-12 11:08:28	1	0	1	0
           594	2026-03-12 11:08:34	1	0	1	0
           602	2026-03-12 12:30:13	1	0	1	0
           253	2026-03-12 13:04:53	1	0	1	0
           226	2026-03-12 13:07:18	1	0	1	0
           936	2026-03-12 13:15:53	1	0	1	0
           576	2026-03-12 13:30:04	1	0	1	0
           107	2026-03-12 14:08:59	1	0	1	0
           875	2026-03-12 14:12:27	1	0	1	0
           235	2026-03-12 14:20:36	1	0	1	0
           604	2026-03-12 14:30:10	1	0	1	0
           101	2026-03-12 14:36:07	1	0	1	0
            46	2026-03-12 14:40:06	1	1	1	0
            46	2026-03-12 14:40:09	1	1	1	0
           616	2026-03-12 14:59:08	1	1	1	0
            10	2026-03-12 15:00:07	1	1	1	0
            98	2026-03-12 15:00:18	1	1	1	0
            98	2026-03-12 15:00:21	1	1	1	0
            78	2026-03-12 15:00:28	1	1	1	0
            44	2026-03-12 15:00:32	1	1	1	0
           314	2026-03-12 15:00:41	1	1	1	0
           160	2026-03-12 15:00:47	1	1	1	0
           625	2026-03-12 15:01:20	1	1	1	0
           828	2026-03-12 15:02:21	1	1	1	0
            65	2026-03-12 15:03:07	1	1	1	0
            73	2026-03-12 15:04:29	1	1	1	0
           563	2026-03-12 15:04:36	1	1	1	0
            94	2026-03-12 15:06:38	1	1	1	0
           562	2026-03-12 15:08:22	1	1	1	0
           561	2026-03-12 15:09:55	1	1	1	0
           161	2026-03-12 15:10:42	1	1	1	0
          2512	2026-03-12 15:15:15	1	1	1	0
           144	2026-03-12 15:21:59	1	1	1	0
          1003	2026-03-12 15:31:23	1	1	1	0
             1	2026-03-12 16:00:23	1	1	1	0
             1	2026-03-12 16:00:28	1	1	1	0
           230	2026-03-12 16:01:01	1	1	1	0
           230	2026-03-12 16:01:03	1	1	1	0
           896	2026-03-12 16:01:10	1	1	1	0
           896	2026-03-12 16:01:12	1	1	1	0
            71	2026-03-12 16:01:19	1	1	1	0
           663	2026-03-12 16:01:39	1	1	1	0
           893	2026-03-12 16:02:52	1	1	1	0
           559	2026-03-12 16:04:06	1	1	1	0
           559	2026-03-12 16:04:09	1	1	1	0
           233	2026-03-12 16:04:15	1	1	1	0
             9	2026-03-12 16:04:22	1	1	1	0
            52	2026-03-12 16:04:28	1	1	1	0
            52	2026-03-12 16:04:31	1	1	1	0
            52	2026-03-12 16:04:33	1	1	1	0
           225	2026-03-12 16:04:37	1	1	1	0
           225	2026-03-12 16:04:39	1	1	1	0
           179	2026-03-12 16:04:43	1	1	1	0
           179	2026-03-12 16:04:46	1	1	1	0
            72	2026-03-12 16:05:00	1	1	1	0
           575	2026-03-12 16:05:13	1	1	1	0
           575	2026-03-12 16:05:18	1	1	1	0
           618	2026-03-12 16:05:26	1	1	1	0
           618	2026-03-12 16:05:32	1	1	1	0
           618	2026-03-12 16:05:38	1	1	1	0
           191	2026-03-12 16:05:52	1	1	1	0
           605	2026-03-12 16:05:58	1	1	1	0
           891	2026-03-12 16:06:07	1	1	1	0
           124	2026-03-12 16:06:13	1	1	1	0
           124	2026-03-12 16:06:15	1	1	1	0
           252	2026-03-12 16:06:19	1	1	1	0
           252	2026-03-12 16:06:25	1	1	1	0
           631	2026-03-12 16:06:30	1	1	1	0
           113	2026-03-12 16:06:39	1	1	1	0
           610	2026-03-12 16:06:51	1	1	1	0
           137	2026-03-12 16:07:08	1	1	1	0
           137	2026-03-12 16:07:10	1	1	1	0
          2505	2026-03-12 16:07:52	1	1	1	0
          2505	2026-03-12 16:07:55	1	1	1	0
           239	2026-03-12 16:08:06	1	1	1	0
          2500	2026-03-12 16:10:36	1	1	1	0
          2502	2026-03-12 16:10:41	1	1	1	0
           578	2026-03-12 16:14:51	1	1	1	0
           249	2026-03-12 16:17:56	1	1	1	0
          2506	2026-03-12 16:20:02	1	1	1	0
          2501	2026-03-12 16:20:43	1	1	1	0
          2503	2026-03-12 16:23:44	1	1	1	0
           601	2026-03-12 16:44:45	1	1	1	0
            18	2026-03-12 16:59:00	1	1	1	0
           527	2026-03-12 16:59:08	1	1	1	0
           651	2026-03-12 17:01:47	1	1	1	0
            90	2026-03-12 17:03:21	1	1	1	0
          2521	2026-03-12 17:03:31	1	1	1	0
           501	2026-03-12 17:03:56	1	1	1	0
           251	2026-03-12 17:10:28	1	1	1	0
           818	2026-03-12 17:10:45	1	1	1	0
           553	2026-03-12 17:10:59	1	1	1	0
           623	2026-03-12 17:13:48	1	1	1	0
           623	2026-03-12 17:13:50	1	1	1	0
            83	2026-03-12 17:20:41	1	1	1	0
            81	2026-03-12 17:20:46	1	1	1	0
           572	2026-03-12 17:27:50	1	1	1	0
           572	2026-03-12 17:27:53	1	1	1	0
           327	2026-03-12 17:33:21	1	1	1	0
           569	2026-03-12 17:35:12	1	1	1	0
           645	2026-03-12 17:35:21	1	1	1	0
           328	2026-03-12 18:00:20	1	1	1	0
           328	2026-03-12 18:00:23	1	1	1	0
           584	2026-03-12 18:01:20	1	1	1	0
           594	2026-03-12 18:02:28	1	1	1	0
           594	2026-03-12 18:02:34	1	1	1	0
           521	2026-03-12 18:03:01	1	1	1	0
           258	2026-03-12 18:04:15	1	1	1	0
           531	2026-03-12 18:04:28	1	1	1	0
           587	2026-03-12 18:07:07	1	1	1	0
           622	2026-03-12 18:16:43	1	1	1	0
           622	2026-03-12 18:16:49	1	1	1	0
           622	2026-03-12 18:16:55	1	1	1	0
           585	2026-03-12 18:30:48	1	1	1	0
           585	2026-03-12 18:30:57	1	1	1	0
           585	2026-03-12 18:31:01	1	1	1	0
           218	2026-03-12 18:44:27	1	1	1	0
           244	2026-03-12 19:12:31	1	1	1	0
           212	2026-03-13 06:47:12	1	1	1	0
           248	2026-03-13 06:53:53	1	1	1	0
           248	2026-03-13 06:54:02	1	1	1	0
            68	2026-03-13 06:55:47	1	1	1	0
           107	2026-03-13 07:11:33	1	1	1	0
           109	2026-03-13 07:18:56	1	1	1	0
           221	2026-03-13 07:29:51	1	1	1	0
           144	2026-03-13 07:32:47	1	1	1	0
           828	2026-03-13 07:34:18	1	1	1	0
            98	2026-03-13 07:37:52	1	0	1	0
            98	2026-03-13 07:37:55	1	0	1	0
           117	2026-03-13 07:39:39	1	0	1	0
            78	2026-03-13 07:41:36	1	0	1	0
           225	2026-03-13 07:46:42	1	0	1	0
           245	2026-03-13 07:48:37	1	0	1	0
           152	2026-03-13 07:48:59	1	0	1	0
            84	2026-03-13 07:50:16	1	0	1	0
           602	2026-03-13 07:50:34	1	0	1	0
           161	2026-03-13 07:50:46	1	0	1	0
            73	2026-03-13 07:51:00	1	0	1	0
           245	2026-03-13 07:51:30	1	0	1	0
           625	2026-03-13 07:53:31	1	0	1	0
           625	2026-03-13 07:54:00	1	0	1	0
            10	2026-03-13 07:56:17	1	0	1	0
           604	2026-03-13 07:59:25	1	0	1	0
          2620	2026-03-13 07:59:56	1	0	1	0
            79	2026-03-13 08:02:25	1	0	1	0
            79	2026-03-13 08:02:27	1	0	1	0
            44	2026-03-13 08:02:32	1	0	1	0
           160	2026-03-13 08:06:54	1	0	1	0
          2512	2026-03-13 08:07:04	1	0	1	0
           955	2026-03-13 08:07:14	1	0	1	0
           219	2026-03-13 08:09:57	1	0	1	0
             1	2026-03-13 08:10:40	1	0	1	0
             1	2026-03-13 08:10:45	1	0	1	0
             1	2026-03-13 08:10:51	1	0	1	0
            65	2026-03-13 08:10:58	1	0	1	0
           314	2026-03-13 08:14:20	1	0	1	0
           879	2026-03-13 08:27:05	1	0	1	0
           879	2026-03-13 08:27:08	1	0	1	0
          2501	2026-03-13 08:36:09	1	0	1	0
           239	2026-03-13 08:36:16	1	0	1	0
           258	2026-03-13 08:37:57	1	0	1	0
           251	2026-03-13 08:40:47	1	0	1	0
           559	2026-03-13 08:41:57	1	0	1	0
           559	2026-03-13 08:42:01	1	0	1	0
           204	2026-03-13 08:42:42	1	0	1	0
           204	2026-03-13 08:42:47	1	0	1	0
           124	2026-03-13 08:44:07	1	0	1	0
           124	2026-03-13 08:44:09	1	0	1	0
           252	2026-03-13 08:44:31	1	0	1	0
           252	2026-03-13 08:44:36	1	0	1	0
           252	2026-03-13 08:44:38	1	0	1	0
           101	2026-03-13 08:44:44	1	0	1	0
            46	2026-03-13 08:47:28	1	0	1	0
            46	2026-03-13 08:47:31	1	0	1	0
           576	2026-03-13 08:48:13	1	0	1	0
            52	2026-03-13 08:49:07	1	0	1	0
            52	2026-03-13 08:49:12	1	0	1	0
           113	2026-03-13 08:49:33	1	0	1	0
          2505	2026-03-13 08:49:44	1	0	1	0
          2505	2026-03-13 08:49:48	1	0	1	0
            18	2026-03-13 08:53:06	1	0	1	0
           663	2026-03-13 08:53:12	1	0	1	0
           623	2026-03-13 08:53:17	1	0	1	0
           623	2026-03-13 08:53:20	1	0	1	0
           891	2026-03-13 08:53:24	1	0	1	0
           891	2026-03-13 08:53:26	1	0	1	0
            71	2026-03-13 08:53:35	1	0	1	0
            71	2026-03-13 08:53:38	1	0	1	0
           318	2026-03-13 08:53:53	1	0	1	0
           179	2026-03-13 08:56:25	1	0	1	0
           179	2026-03-13 08:56:28	1	0	1	0
           230	2026-03-13 08:56:37	1	0	1	0
           230	2026-03-13 08:56:39	1	0	1	0
             9	2026-03-13 08:57:00	1	0	1	0
           628	2026-03-13 08:57:36	1	0	1	0
            35	2026-03-13 08:58:01	1	0	1	0
            35	2026-03-13 08:58:09	1	0	1	0
           222	2026-03-13 08:58:12	1	0	1	0
          2502	2026-03-13 08:59:40	1	0	1	0
           631	2026-03-13 08:59:46	1	0	1	0
           631	2026-03-13 08:59:50	1	0	1	0
           401	2026-03-13 09:00:19	1	0	1	0
           618	2026-03-13 09:00:52	1	0	1	0
           618	2026-03-13 09:01:05	1	0	1	0
           896	2026-03-13 09:01:11	1	0	1	0
           896	2026-03-13 09:01:13	1	0	1	0
           527	2026-03-13 09:01:28	1	0	1	0
           893	2026-03-13 09:03:57	1	0	1	0
           414	2026-03-13 09:04:04	1	0	1	0
           414	2026-03-13 09:04:10	1	0	1	0
            22	2026-03-13 09:04:25	1	0	1	0
           226	2026-03-13 09:04:34	1	0	1	0
           253	2026-03-13 09:04:42	1	0	1	0
           233	2026-03-13 09:05:23	1	0	1	0
           651	2026-03-13 09:05:32	1	0	1	0
            72	2026-03-13 09:06:20	1	0	1	0
            72	2026-03-13 09:06:24	1	0	1	0
          2500	2026-03-13 09:07:06	1	0	1	0
           610	2026-03-13 09:07:45	1	0	1	0
           610	2026-03-13 09:07:48	1	0	1	0
           622	2026-03-13 09:11:01	1	0	1	0
           622	2026-03-13 09:11:12	1	0	1	0
           191	2026-03-13 09:11:24	1	0	1	0
           561	2026-03-13 09:12:03	1	0	1	0
           572	2026-03-13 09:15:23	1	0	1	0
          2503	2026-03-13 09:16:37	1	0	1	0
           521	2026-03-13 09:17:57	1	0	1	0
           578	2026-03-13 09:27:13	1	0	1	0
            81	2026-03-13 09:48:47	1	0	1	0
           897	2026-03-13 09:54:31	1	0	1	0
            83	2026-03-13 10:00:47	1	0	1	0
           235	2026-03-13 10:00:58	1	0	1	0
           218	2026-03-13 10:01:48	1	0	1	0
           218	2026-03-13 10:01:50	1	0	1	0
           244	2026-03-13 10:02:36	1	0	1	0
           137	2026-03-13 10:06:27	1	0	1	0
           137	2026-03-13 10:06:29	1	0	1	0
           137	2026-03-13 10:06:31	1	0	1	0
            90	2026-03-13 10:07:37	1	0	1	0
           249	2026-03-13 10:08:02	1	0	1	0
           818	2026-03-13 10:08:04	1	0	1	0
            34	2026-03-13 10:17:13	1	0	1	0
            34	2026-03-13 10:17:15	1	0	1	0
           875	2026-03-13 10:17:23	1	0	1	0
           576	2026-03-13 13:00:13	1	0	1	0
           226	2026-03-13 13:06:23	1	0	1	0
           253	2026-03-13 13:08:52	1	0	1	0
           602	2026-03-13 13:37:10	1	0	1	0
           212	2026-03-13 14:01:56	1	0	1	0
           248	2026-03-13 14:02:00	1	0	1	0
           248	2026-03-13 14:02:11	1	0	1	0
           561	2026-03-13 14:09:39	1	0	1	0
           875	2026-03-13 14:14:45	1	0	1	0
           235	2026-03-13 14:19:54	1	0	1	0
           107	2026-03-13 14:28:57	1	0	1	0
           101	2026-03-13 14:30:45	1	0	1	0
           594	2026-03-13 14:32:51	1	0	1	0
           594	2026-03-13 14:33:02	1	0	1	0
           160	2026-03-13 15:00:11	1	0	1	0
           109	2026-03-13 15:00:18	1	0	1	0
            10	2026-03-13 15:00:25	1	0	1	0
           245	2026-03-13 15:00:29	1	0	1	0
           245	2026-03-13 15:00:35	1	0	1	0
           117	2026-03-13 15:00:39	1	0	1	0
           260	2026-03-13 15:00:43	1	0	1	0
           318	2026-03-13 15:00:49	1	0	1	0
            98	2026-03-13 15:00:55	1	0	1	0
            98	2026-03-13 15:01:00	1	0	1	0
            84	2026-03-13 15:01:08	1	0	1	0
           152	2026-03-13 15:01:21	1	0	1	0
           106	2026-03-13 15:01:28	1	0	1	0
           828	2026-03-13 15:01:40	1	0	1	0
          2620	2026-03-13 15:02:25	1	0	1	0
            78	2026-03-13 15:02:40	1	0	1	0
            79	2026-03-13 15:02:47	1	0	1	0
            73	2026-03-13 15:03:25	1	0	1	0
            73	2026-03-13 15:03:27	1	0	1	0
            68	2026-03-13 15:03:33	1	0	1	0
           219	2026-03-13 15:04:20	1	0	1	0
            65	2026-03-13 15:04:23	1	0	1	0
           221	2026-03-13 15:04:37	1	0	1	0
           221	2026-03-13 15:04:40	1	0	1	0
           625	2026-03-13 15:05:43	1	0	1	0
           879	2026-03-13 15:11:31	1	0	1	0
           879	2026-03-13 15:11:33	1	0	1	0
           161	2026-03-13 15:17:22	1	0	1	0
           314	2026-03-13 15:57:51	1	0	1	0
             1	2026-03-13 16:00:06	1	0	1	0
             1	2026-03-13 16:00:09	1	0	1	0
           137	2026-03-13 16:00:14	1	0	1	0
           137	2026-03-13 16:00:16	1	0	1	0
           113	2026-03-13 16:00:22	1	0	1	0
           663	2026-03-13 16:01:11	1	0	1	0
            71	2026-03-13 16:01:17	1	0	1	0
            71	2026-03-13 16:01:19	1	0	1	0
             9	2026-03-13 16:01:32	1	0	1	0
           225	2026-03-13 16:01:38	1	0	1	0
           628	2026-03-13 16:01:45	1	0	1	0
           631	2026-03-13 16:01:51	1	0	1	0
           230	2026-03-13 16:02:11	1	0	1	0
           230	2026-03-13 16:02:13	1	0	1	0
           559	2026-03-13 16:02:19	1	0	1	0
           559	2026-03-13 16:02:22	1	0	1	0
           239	2026-03-13 16:03:20	1	0	1	0
           618	2026-03-13 16:03:48	1	0	1	0
           618	2026-03-13 16:03:54	1	0	1	0
           401	2026-03-13 16:04:02	1	0	1	0
            72	2026-03-13 16:04:34	1	0	1	0
           233	2026-03-13 16:06:28	1	0	1	0
           610	2026-03-13 16:07:23	1	0	1	0
           222	2026-03-13 16:07:38	1	0	1	0
           414	2026-03-13 16:07:43	1	0	1	0
           414	2026-03-13 16:07:46	1	0	1	0
           191	2026-03-13 16:09:05	1	0	1	0
           124	2026-03-13 16:09:19	1	0	1	0
           124	2026-03-13 16:09:21	1	0	1	0
           891	2026-03-13 16:09:28	1	0	1	0
           252	2026-03-13 16:10:23	1	0	1	0
           252	2026-03-13 16:10:37	1	0	1	0
            46	2026-03-13 16:11:24	1	1	1	0
            46	2026-03-13 16:11:26	1	1	1	0
           179	2026-03-13 16:13:02	1	1	1	0
           179	2026-03-13 16:13:04	1	1	1	0
           893	2026-03-13 16:14:20	1	1	1	0
            18	2026-03-13 16:14:24	1	1	1	0
           527	2026-03-13 16:14:30	1	1	1	0
           578	2026-03-13 16:14:42	1	1	1	0
          2512	2026-03-13 16:15:17	1	1	1	0
           893	2026-03-13 16:16:58	1	1	1	0
           896	2026-03-13 16:17:02	1	1	1	0
           896	2026-03-13 16:17:04	1	1	1	0
          2502	2026-03-13 16:17:23	1	1	1	0
          2505	2026-03-13 16:22:28	1	1	1	0
          2505	2026-03-13 16:22:33	1	1	1	0
          2506	2026-03-13 16:26:26	1	1	1	0
          2501	2026-03-13 16:26:59	1	1	1	0
           956	2026-03-13 16:30:11	1	1	1	0
          2500	2026-03-13 16:44:21	1	1	1	0
           651	2026-03-13 17:00:51	1	1	1	0
          2503	2026-03-13 17:03:08	1	1	1	0
           251	2026-03-13 17:03:31	1	1	1	0
           204	2026-03-13 17:03:53	1	1	1	0
           501	2026-03-13 17:03:59	1	1	1	0
           325	2026-03-13 17:04:54	1	1	1	0
            90	2026-03-13 17:06:30	1	1	1	0
           897	2026-03-13 17:06:59	1	1	1	0
            83	2026-03-13 17:14:36	1	1	1	0
           818	2026-03-13 17:19:04	1	1	1	0
           218	2026-03-13 17:26:24	1	1	1	0
           218	2026-03-13 17:26:26	1	1	1	0
            81	2026-03-13 17:26:33	1	1	1	0
            35	2026-03-13 17:29:34	1	1	1	0
            35	2026-03-13 17:29:40	1	1	1	0
           604	2026-03-13 17:30:53	1	1	1	0
           623	2026-03-13 17:31:03	1	1	1	0
           623	2026-03-13 17:31:08	1	1	1	0
           249	2026-03-13 17:32:47	1	1	1	0
           521	2026-03-13 18:03:15	1	1	1	0
           521	2026-03-13 18:03:42	1	1	1	0
           258	2026-03-13 18:28:57	1	1	1	0
           594	2026-03-13 18:32:03	1	1	1	0
           594	2026-03-13 18:32:08	1	1	1	0
           622	2026-03-13 18:32:58	1	1	1	0
           622	2026-03-13 18:33:04	1	1	1	0
           622	2026-03-13 18:33:10	1	1	1	0
           244	2026-03-13 19:21:57	1	1	1	0
           212	2026-03-17 06:48:12	1	1	1	0
           248	2026-03-17 06:49:35	1	1	1	0
           248	2026-03-17 06:49:39	1	1	1	0
           526	2026-03-17 06:49:44	1	1	1	0
           526	2026-03-17 06:49:47	1	1	1	0
            68	2026-03-17 06:52:56	1	1	1	0
           109	2026-03-17 07:20:13	1	1	1	0
           604	2026-03-17 07:27:40	1	1	1	0
           955	2026-03-17 07:28:29	1	1	1	0
           117	2026-03-17 07:36:13	1	1	1	0
           563	2026-03-17 07:42:50	1	1	1	0
           563	2026-03-17 07:43:03	1	1	1	0
            73	2026-03-17 07:47:49	1	1	1	0
            98	2026-03-17 07:48:23	1	1	1	0
            98	2026-03-17 07:48:26	1	1	1	0
            78	2026-03-17 07:49:39	1	1	1	0
           120	2026-03-17 07:49:43	1	1	1	0
           828	2026-03-17 07:50:09	1	1	1	0
            84	2026-03-17 07:51:39	1	0	1	0
           160	2026-03-17 07:52:41	1	0	1	0
           152	2026-03-17 07:52:50	1	0	1	0
           407	2026-03-17 07:53:45	1	0	1	0
           106	2026-03-17 07:54:36	1	0	1	0
           260	2026-03-17 07:55:14	1	0	1	0
           107	2026-03-17 07:57:11	1	0	1	0
           562	2026-03-17 07:58:34	1	0	1	0
          2620	2026-03-17 07:59:42	1	0	1	0
           221	2026-03-17 08:00:00	1	0	1	0
           602	2026-03-17 08:03:25	1	0	1	0
           161	2026-03-17 08:03:55	1	0	1	0
           245	2026-03-17 08:04:30	1	0	1	0
           956	2026-03-17 08:04:39	1	0	1	0
           553	2026-03-17 08:05:01	1	0	1	0
          1003	2026-03-17 08:05:07	1	0	1	0
           314	2026-03-17 08:05:52	1	0	1	0
           314	2026-03-17 08:05:54	1	0	1	0
            79	2026-03-17 08:08:23	1	0	1	0
            79	2026-03-17 08:08:25	1	0	1	0
            10	2026-03-17 08:11:20	1	0	1	0
          2512	2026-03-17 08:11:33	1	0	1	0
           625	2026-03-17 08:15:12	1	0	1	0
           625	2026-03-17 08:15:16	1	0	1	0
            44	2026-03-17 08:15:45	1	0	1	0
             1	2026-03-17 08:18:02	1	0	1	0
             1	2026-03-17 08:18:06	1	0	1	0
            65	2026-03-17 08:27:34	1	0	1	0
            52	2026-03-17 08:27:49	1	0	1	0
            52	2026-03-17 08:27:52	1	0	1	0
            52	2026-03-17 08:27:54	1	0	1	0
           879	2026-03-17 08:28:20	1	0	1	0
           879	2026-03-17 08:28:25	1	0	1	0
            71	2026-03-17 08:28:37	1	0	1	0
            71	2026-03-17 08:28:39	1	0	1	0
           601	2026-03-17 08:30:40	1	0	1	0
           645	2026-03-17 08:37:49	1	0	1	0
            25	2026-03-17 08:40:40	1	0	1	0
            25	2026-03-17 08:40:45	1	0	1	0
           576	2026-03-17 08:41:23	1	0	1	0
           101	2026-03-17 08:44:44	1	0	1	0
           113	2026-03-17 08:44:52	1	0	1	0
           258	2026-03-17 08:47:07	1	0	1	0
           531	2026-03-17 08:47:12	1	0	1	0
           584	2026-03-17 08:47:24	1	0	1	0
           225	2026-03-17 08:49:09	1	0	1	0
          2501	2026-03-17 08:49:16	1	0	1	0
          2505	2026-03-17 08:49:30	1	0	1	0
          2505	2026-03-17 08:49:35	1	0	1	0
           225	2026-03-17 08:49:40	1	0	1	0
            12	2026-03-17 08:51:58	1	0	1	0
            12	2026-03-17 08:52:02	1	0	1	0
           663	2026-03-17 08:52:41	1	0	1	0
           318	2026-03-17 08:52:46	1	0	1	0
           623	2026-03-17 08:53:13	1	0	1	0
           623	2026-03-17 08:53:16	1	0	1	0
           253	2026-03-17 08:53:31	1	0	1	0
           252	2026-03-17 08:54:15	1	0	1	0
           252	2026-03-17 08:54:25	1	0	1	0
           179	2026-03-17 08:54:31	1	0	1	0
           179	2026-03-17 08:54:34	1	0	1	0
           559	2026-03-17 08:55:29	1	0	1	0
           559	2026-03-17 08:55:36	1	0	1	0
           239	2026-03-17 08:55:49	1	0	1	0
           204	2026-03-17 08:56:21	1	0	1	0
           204	2026-03-17 08:56:25	1	0	1	0
            72	2026-03-17 08:56:31	1	0	1	0
           222	2026-03-17 08:56:56	1	0	1	0
           569	2026-03-17 08:58:15	1	0	1	0
           635	2026-03-17 08:58:18	1	0	1	0
           249	2026-03-17 08:58:35	1	0	1	0
           896	2026-03-17 08:59:17	1	0	1	0
           896	2026-03-17 08:59:20	1	0	1	0
           622	2026-03-17 08:59:35	1	0	1	0
           622	2026-03-17 08:59:40	1	0	1	0
           622	2026-03-17 08:59:45	1	0	1	0
           414	2026-03-17 08:59:50	1	0	1	0
           414	2026-03-17 08:59:55	1	0	1	0
            22	2026-03-17 09:00:02	1	0	1	0
           631	2026-03-17 09:00:07	1	0	1	0
          2500	2026-03-17 09:00:13	1	0	1	0
            35	2026-03-17 09:00:17	1	0	1	0
            35	2026-03-17 09:00:22	1	0	1	0
           328	2026-03-17 09:00:27	1	0	1	0
           328	2026-03-17 09:00:31	1	0	1	0
           891	2026-03-17 09:02:20	1	0	1	0
            53	2026-03-17 09:02:52	1	0	1	0
           561	2026-03-17 09:04:24	1	0	1	0
          2506	2026-03-17 09:04:51	1	0	1	0
           521	2026-03-17 09:05:20	1	0	1	0
           327	2026-03-17 09:05:28	1	0	1	0
           251	2026-03-17 09:05:56	1	0	1	0
           230	2026-03-17 09:06:29	1	0	1	0
           230	2026-03-17 09:06:31	1	0	1	0
           587	2026-03-17 09:06:54	1	0	1	0
          2502	2026-03-17 09:07:25	1	0	1	0
           628	2026-03-17 09:07:43	1	0	1	0
           618	2026-03-17 09:09:03	1	0	1	0
           618	2026-03-17 09:09:07	1	0	1	0
           618	2026-03-17 09:09:12	1	0	1	0
           114	2026-03-17 09:09:37	1	0	1	0
           401	2026-03-17 09:09:43	1	0	1	0
           527	2026-03-17 09:09:53	1	0	1	0
           527	2026-03-17 09:09:55	1	0	1	0
           936	2026-03-17 09:10:08	1	0	1	0
            46	2026-03-17 09:11:33	1	0	1	0
            46	2026-03-17 09:11:35	1	0	1	0
             9	2026-03-17 09:14:30	1	0	1	0
           893	2026-03-17 09:18:33	1	0	1	0
            18	2026-03-17 09:19:22	1	0	1	0
            18	2026-03-17 09:19:28	1	0	1	0
           572	2026-03-17 09:19:39	1	0	1	0
           572	2026-03-17 09:19:41	1	0	1	0
           610	2026-03-17 09:21:38	1	0	1	0
          2503	2026-03-17 09:22:43	1	0	1	0
            87	2026-03-17 09:22:56	1	0	1	0
            87	2026-03-17 09:23:05	1	0	1	0
            87	2026-03-17 09:23:11	1	0	1	0
            87	2026-03-17 09:23:21	1	0	1	0
           191	2026-03-17 09:24:26	1	0	1	0
           244	2026-03-17 09:27:38	1	0	1	0
            82	2026-03-17 09:31:24	1	0	1	0
           585	2026-03-17 09:35:58	1	0	1	0
           585	2026-03-17 09:36:00	1	0	1	0
           585	2026-03-17 09:36:03	1	0	1	0
          2521	2026-03-17 09:41:11	1	0	1	0
           137	2026-03-17 09:54:03	1	0	1	0
           137	2026-03-17 09:54:05	1	0	1	0
           137	2026-03-17 09:54:07	1	0	1	0
           897	2026-03-17 09:57:39	1	0	1	0
            81	2026-03-17 10:02:21	1	0	1	0
           875	2026-03-17 10:05:07	1	0	1	0
            90	2026-03-17 10:06:01	1	0	1	0
           818	2026-03-17 10:07:26	1	0	1	0
           408	2026-03-17 10:08:28	1	0	1	0
            83	2026-03-17 10:15:45	1	0	1	0
           218	2026-03-17 10:16:40	1	0	1	0
           235	2026-03-17 10:27:19	1	0	1	0
           616	2026-03-17 10:51:59	1	0	1	0
           602	2026-03-17 12:30:10	1	0	1	0
           605	2026-03-17 12:34:42	1	0	1	0
           576	2026-03-17 13:01:21	1	0	1	0
           253	2026-03-17 13:09:24	1	0	1	0
           936	2026-03-17 13:54:06	1	0	1	0
            22	2026-03-17 14:00:48	1	0	1	0
           248	2026-03-17 14:01:11	1	0	1	0
           212	2026-03-17 14:01:16	1	0	1	0
           107	2026-03-17 14:04:36	1	0	1	0
           235	2026-03-17 14:10:59	1	0	1	0
            46	2026-03-17 14:16:43	1	1	1	0
            46	2026-03-17 14:16:45	1	1	1	0
           875	2026-03-17 14:20:22	1	1	1	0
           101	2026-03-17 14:27:01	1	1	1	0
           594	2026-03-17 14:31:48	1	1	1	0
           594	2026-03-17 14:32:00	1	1	1	0
           879	2026-03-17 15:00:03	1	1	1	0
           879	2026-03-17 15:00:05	1	1	1	0
           109	2026-03-17 15:00:11	1	1	1	0
           407	2026-03-17 15:00:15	1	1	1	0
           407	2026-03-17 15:00:17	1	1	1	0
            79	2026-03-17 15:00:19	1	1	1	0
            79	2026-03-17 15:00:21	1	1	1	0
           625	2026-03-17 15:00:26	1	1	1	0
           625	2026-03-17 15:00:29	1	1	1	0
           152	2026-03-17 15:00:35	1	1	1	0
            84	2026-03-17 15:00:39	1	1	1	0
           160	2026-03-17 15:00:49	1	1	1	0
            10	2026-03-17 15:01:01	1	1	1	0
           245	2026-03-17 15:01:15	1	1	1	0
            98	2026-03-17 15:01:20	1	1	1	0
            98	2026-03-17 15:01:23	1	1	1	0
           106	2026-03-17 15:01:31	1	1	1	0
           221	2026-03-17 15:01:41	1	1	1	0
           221	2026-03-17 15:01:44	1	1	1	0
           526	2026-03-17 15:01:48	1	1	1	0
           526	2026-03-17 15:01:50	1	1	1	0
           526	2026-03-17 15:01:52	1	1	1	0
           117	2026-03-17 15:02:02	1	1	1	0
            78	2026-03-17 15:02:10	1	1	1	0
            44	2026-03-17 15:02:33	1	1	1	0
           314	2026-03-17 15:02:36	1	1	1	0
           314	2026-03-17 15:02:38	1	1	1	0
            73	2026-03-17 15:03:13	1	1	1	0
            68	2026-03-17 15:03:20	1	1	1	0
           828	2026-03-17 15:03:43	1	1	1	0
          2620	2026-03-17 15:04:00	1	1	1	0
           563	2026-03-17 15:05:57	1	1	1	0
           561	2026-03-17 15:08:13	1	1	1	0
           161	2026-03-17 15:13:40	1	1	1	0
           562	2026-03-17 15:15:26	1	1	1	0
           616	2026-03-17 15:22:18	1	1	1	0
          1003	2026-03-17 15:30:41	1	1	1	0
           113	2026-03-17 16:00:10	1	1	1	0
             1	2026-03-17 16:00:16	1	1	1	0
             1	2026-03-17 16:00:22	1	1	1	0
            72	2026-03-17 16:00:28	1	1	1	0
            71	2026-03-17 16:00:49	1	1	1	0
            71	2026-03-17 16:00:52	1	1	1	0
           635	2026-03-17 16:00:55	1	1	1	0
           137	2026-03-17 16:01:01	1	1	1	0
           137	2026-03-17 16:01:03	1	1	1	0
           137	2026-03-17 16:01:05	1	1	1	0
           896	2026-03-17 16:01:12	1	1	1	0
           896	2026-03-17 16:01:14	1	1	1	0
           225	2026-03-17 16:01:31	1	1	1	0
           663	2026-03-17 16:01:42	1	1	1	0
           230	2026-03-17 16:01:50	1	1	1	0
           230	2026-03-17 16:01:52	1	1	1	0
           114	2026-03-17 16:01:58	1	1	1	0
           631	2026-03-17 16:02:05	1	1	1	0
           618	2026-03-17 16:02:09	1	1	1	0
           618	2026-03-17 16:02:12	1	1	1	0
             9	2026-03-17 16:02:19	1	1	1	0
            52	2026-03-17 16:02:24	1	1	1	0
            52	2026-03-17 16:02:26	1	1	1	0
            52	2026-03-17 16:02:28	1	1	1	0
          2501	2026-03-17 16:03:30	1	1	1	0
          2506	2026-03-17 16:03:37	1	1	1	0
          2506	2026-03-17 16:03:39	1	1	1	0
            12	2026-03-17 16:03:44	1	1	1	0
          2502	2026-03-17 16:03:51	1	1	1	0
            94	2026-03-17 16:03:58	1	1	1	0
            25	2026-03-17 16:04:27	1	1	1	0
            25	2026-03-17 16:04:32	1	1	1	0
            35	2026-03-17 16:05:08	1	1	1	0
            35	2026-03-17 16:05:20	1	1	1	0
           222	2026-03-17 16:05:52	1	1	1	0
           893	2026-03-17 16:05:56	1	1	1	0
           401	2026-03-17 16:06:22	1	1	1	0
           191	2026-03-17 16:06:37	1	1	1	0
          2505	2026-03-17 16:06:43	1	1	1	0
          2505	2026-03-17 16:06:52	1	1	1	0
           891	2026-03-17 16:07:01	1	1	1	0
           124	2026-03-17 16:07:07	1	1	1	0
           124	2026-03-17 16:07:10	1	1	1	0
           239	2026-03-17 16:07:36	1	1	1	0
           252	2026-03-17 16:08:34	1	1	1	0
           252	2026-03-17 16:08:39	1	1	1	0
           252	2026-03-17 16:08:41	1	1	1	0
           179	2026-03-17 16:08:50	1	1	1	0
           179	2026-03-17 16:08:52	1	1	1	0
           628	2026-03-17 16:11:50	1	1	1	0
           569	2026-03-17 16:12:01	1	1	1	0
           527	2026-03-17 16:13:13	1	1	1	0
           249	2026-03-17 16:17:49	1	1	1	0
          2512	2026-03-17 16:18:01	1	1	1	0
           956	2026-03-17 16:19:37	1	1	1	0
           233	2026-03-17 16:20:49	1	1	1	0
           414	2026-03-17 16:20:56	1	1	1	0
           414	2026-03-17 16:21:00	1	1	1	0
           955	2026-03-17 16:21:05	1	1	1	0
           601	2026-03-17 16:32:52	1	1	1	0
           218	2026-03-17 16:34:58	1	1	1	0
            87	2026-03-17 16:35:15	1	1	1	0
            87	2026-03-17 16:35:21	1	1	1	0
           327	2026-03-17 16:54:10	1	1	1	0
           651	2026-03-17 17:00:10	1	1	1	0
           559	2026-03-17 17:01:44	1	1	1	0
           559	2026-03-17 17:01:47	1	1	1	0
           204	2026-03-17 17:03:22	1	1	1	0
           623	2026-03-17 17:05:42	1	1	1	0
           623	2026-03-17 17:05:44	1	1	1	0
            81	2026-03-17 17:08:08	1	1	1	0
           897	2026-03-17 17:09:03	1	1	1	0
           553	2026-03-17 17:11:57	1	1	1	0
          2521	2026-03-17 17:14:06	1	1	1	0
           572	2026-03-17 17:28:24	1	1	1	0
           572	2026-03-17 17:28:29	1	1	1	0
            90	2026-03-17 17:30:02	1	1	1	0
           251	2026-03-17 17:33:49	1	1	1	0
           818	2026-03-17 17:35:28	1	1	1	0
           587	2026-03-17 17:37:35	1	1	1	0
           604	2026-03-17 17:48:36	1	1	1	0
           645	2026-03-17 17:48:41	1	1	1	0
           584	2026-03-17 18:01:17	1	1	1	0
           594	2026-03-17 18:01:23	1	1	1	0
           594	2026-03-17 18:01:33	1	1	1	0
           325	2026-03-17 18:01:39	1	1	1	0
           531	2026-03-17 18:02:10	1	1	1	0
           258	2026-03-17 18:02:24	1	1	1	0
           328	2026-03-17 18:02:37	1	1	1	0
           328	2026-03-17 18:02:43	1	1	1	0
           521	2026-03-17 18:03:00	1	1	1	0
            82	2026-03-17 18:19:22	1	1	1	0
            83	2026-03-17 18:25:07	1	1	1	0
           622	2026-03-17 18:26:48	1	1	1	0
           622	2026-03-17 18:26:53	1	1	1	0
           622	2026-03-17 18:26:59	1	1	1	0
           585	2026-03-17 18:41:30	1	1	1	0
           585	2026-03-17 18:41:32	1	1	1	0
            18	2026-03-17 18:46:24	1	1	1	0
           408	2026-03-17 19:02:21	1	1	1	0
           244	2026-03-17 19:46:44	1	1	1	0
           212	2026-03-18 06:46:13	1	1	1	0
           248	2026-03-18 06:46:19	1	1	1	0
           248	2026-03-18 06:46:29	1	1	1	0
            68	2026-03-18 06:53:56	1	1	1	0
           109	2026-03-18 07:20:36	1	1	1	0
           955	2026-03-18 07:36:39	1	1	1	0
           526	2026-03-18 07:37:41	1	1	1	0
           526	2026-03-18 07:37:44	1	1	1	0
           144	2026-03-18 07:38:12	1	1	1	0
           117	2026-03-18 07:41:54	1	1	1	0
            73	2026-03-18 07:43:15	1	1	1	0
            98	2026-03-18 07:44:08	1	1	1	0
            98	2026-03-18 07:44:11	1	1	1	0
           828	2026-03-18 07:44:17	1	1	1	0
            84	2026-03-18 07:45:07	1	1	1	0
           407	2026-03-18 07:51:11	1	1	1	0
            44	2026-03-18 07:54:58	1	1	1	0
           260	2026-03-18 07:55:28	1	1	1	0
           219	2026-03-18 07:56:04	1	1	1	0
           106	2026-03-18 07:56:28	1	1	1	0
           106	2026-03-18 07:56:30	1	1	1	0
          2620	2026-03-18 07:58:22	1	1	1	0
            10	2026-03-18 07:58:47	1	1	1	0
           221	2026-03-18 08:00:51	1	1	1	0
           221	2026-03-18 08:00:54	1	1	1	0
           152	2026-03-18 08:01:39	1	1	1	0
           160	2026-03-18 08:01:49	1	1	1	0
           553	2026-03-18 08:01:56	1	1	1	0
            78	2026-03-18 08:02:12	1	1	1	0
           245	2026-03-18 08:03:51	1	0	1	0
           245	2026-03-18 08:03:59	1	0	1	0
           625	2026-03-18 08:05:22	1	0	1	0
           625	2026-03-18 08:05:26	1	0	1	0
           314	2026-03-18 08:06:07	1	0	1	0
           161	2026-03-18 08:08:31	1	0	1	0
           604	2026-03-18 08:08:48	1	0	1	0
           879	2026-03-18 08:09:51	1	0	1	0
           879	2026-03-18 08:09:54	1	0	1	0
           563	2026-03-18 08:10:06	1	0	1	0
           563	2026-03-18 08:10:12	1	0	1	0
           602	2026-03-18 08:10:31	1	0	1	0
           562	2026-03-18 08:14:01	1	0	1	0
            94	2026-03-18 08:18:06	1	0	1	0
            65	2026-03-18 08:19:40	1	0	1	0
           225	2026-03-18 08:23:35	1	0	1	0
           225	2026-03-18 08:23:41	1	0	1	0
           956	2026-03-18 08:24:37	1	0	1	0
             1	2026-03-18 08:26:28	1	0	1	0
             1	2026-03-18 08:26:32	1	0	1	0
            79	2026-03-18 08:29:17	1	0	1	0
            79	2026-03-18 08:29:19	1	0	1	0
           576	2026-03-18 08:33:37	1	0	1	0
            46	2026-03-18 08:45:16	1	0	1	0
            46	2026-03-18 08:45:21	1	0	1	0
           251	2026-03-18 08:45:43	1	0	1	0
           531	2026-03-18 08:45:56	1	0	1	0
           258	2026-03-18 08:46:09	1	0	1	0
            12	2026-03-18 08:46:16	1	0	1	0
            12	2026-03-18 08:46:20	1	0	1	0
           113	2026-03-18 08:48:17	1	0	1	0
           328	2026-03-18 08:51:38	1	0	1	0
           328	2026-03-18 08:51:44	1	0	1	0
           318	2026-03-18 08:52:15	1	0	1	0
           527	2026-03-18 08:55:10	1	0	1	0
            52	2026-03-18 08:56:45	1	0	1	0
            52	2026-03-18 08:56:48	1	0	1	0
            52	2026-03-18 08:56:50	1	0	1	0
            18	2026-03-18 08:57:22	1	0	1	0
          2505	2026-03-18 08:57:26	1	0	1	0
          2505	2026-03-18 08:57:30	1	0	1	0
          2501	2026-03-18 08:57:36	1	0	1	0
           230	2026-03-18 08:58:22	1	0	1	0
           230	2026-03-18 08:58:24	1	0	1	0
           635	2026-03-18 08:58:38	1	0	1	0
           327	2026-03-18 08:58:54	1	0	1	0
           101	2026-03-18 08:59:44	1	0	1	0
           124	2026-03-18 09:00:06	1	0	1	0
           124	2026-03-18 09:00:08	1	0	1	0
           575	2026-03-18 09:01:38	1	0	1	0
           575	2026-03-18 09:01:43	1	0	1	0
            25	2026-03-18 09:01:49	1	0	1	0
            25	2026-03-18 09:01:54	1	0	1	0
           204	2026-03-18 09:01:58	1	0	1	0
           249	2026-03-18 09:02:08	1	0	1	0
           818	2026-03-18 09:02:20	1	0	1	0
           622	2026-03-18 09:02:26	1	0	1	0
           622	2026-03-18 09:02:32	1	0	1	0
           622	2026-03-18 09:02:39	1	0	1	0
            35	2026-03-18 09:02:45	1	0	1	0
            35	2026-03-18 09:02:58	1	0	1	0
           631	2026-03-18 09:03:04	1	0	1	0
           569	2026-03-18 09:04:12	1	0	1	0
           623	2026-03-18 09:04:17	1	0	1	0
           623	2026-03-18 09:04:20	1	0	1	0
           605	2026-03-18 09:04:32	1	0	1	0
            87	2026-03-18 09:04:41	1	0	1	0
            87	2026-03-18 09:04:47	1	0	1	0
           414	2026-03-18 09:05:09	1	0	1	0
           414	2026-03-18 09:05:12	1	0	1	0
            87	2026-03-18 09:05:45	1	0	1	0
            87	2026-03-18 09:05:52	1	0	1	0
           559	2026-03-18 09:06:26	1	0	1	0
           559	2026-03-18 09:06:30	1	0	1	0
           401	2026-03-18 09:06:49	1	0	1	0
           896	2026-03-18 09:06:53	1	0	1	0
           896	2026-03-18 09:06:55	1	0	1	0
           587	2026-03-18 09:07:08	1	0	1	0
           561	2026-03-18 09:07:39	1	0	1	0
           651	2026-03-18 09:08:13	1	0	1	0
            72	2026-03-18 09:08:19	1	0	1	0
            71	2026-03-18 09:08:29	1	0	1	0
            71	2026-03-18 09:08:32	1	0	1	0
           521	2026-03-18 09:09:17	1	0	1	0
           521	2026-03-18 09:09:21	1	0	1	0
          2502	2026-03-18 09:09:29	1	0	1	0
             9	2026-03-18 09:09:35	1	0	1	0
           663	2026-03-18 09:09:40	1	0	1	0
            22	2026-03-18 09:09:43	1	0	1	0
           239	2026-03-18 09:09:47	1	0	1	0
            53	2026-03-18 09:09:53	1	0	1	0
          2506	2026-03-18 09:11:41	1	0	1	0
           233	2026-03-18 09:12:17	1	0	1	0
           514	2026-03-18 09:12:27	1	0	1	0
          2500	2026-03-18 09:13:41	1	0	1	0
           191	2026-03-18 09:14:38	1	0	1	0
           616	2026-03-18 09:14:47	1	0	1	0
           179	2026-03-18 09:16:18	1	0	1	0
           179	2026-03-18 09:16:20	1	0	1	0
           891	2026-03-18 09:16:45	1	0	1	0
           253	2026-03-18 09:18:19	1	0	1	0
           578	2026-03-18 09:22:20	1	0	1	0
           252	2026-03-18 09:23:33	1	0	1	0
           252	2026-03-18 09:23:41	1	0	1	0
           114	2026-03-18 09:24:38	1	0	1	0
           572	2026-03-18 09:24:44	1	0	1	0
           893	2026-03-18 09:25:18	1	0	1	0
           618	2026-03-18 09:28:14	1	0	1	0
           585	2026-03-18 09:36:56	1	0	1	0
           585	2026-03-18 09:37:00	1	0	1	0
          2521	2026-03-18 09:45:21	1	0	1	0
           408	2026-03-18 09:46:32	1	0	1	0
            82	2026-03-18 09:50:01	1	0	1	0
            34	2026-03-18 09:54:48	1	0	1	0
            34	2026-03-18 09:54:50	1	0	1	0
           137	2026-03-18 09:59:59	1	0	1	0
           137	2026-03-18 10:00:02	1	0	1	0
           137	2026-03-18 10:00:04	1	0	1	0
           137	2026-03-18 10:00:06	1	0	1	0
           875	2026-03-18 10:01:23	1	0	1	0
           897	2026-03-18 10:02:19	1	0	1	0
            83	2026-03-18 10:03:04	1	0	1	0
            81	2026-03-18 10:03:32	1	0	1	0
           218	2026-03-18 10:07:19	1	0	1	0
           244	2026-03-18 10:08:47	1	0	1	0
            90	2026-03-18 10:10:07	1	0	1	0
           235	2026-03-18 10:14:24	1	0	1	0
           645	2026-03-18 11:39:34	1	0	1	0
           602	2026-03-18 12:30:08	1	0	1	0
           253	2026-03-18 13:07:23	1	0	1	0
           226	2026-03-18 13:23:03	1	0	1	0
           576	2026-03-18 13:30:02	1	0	1	0
            22	2026-03-18 14:03:24	1	0	1	0
           248	2026-03-18 14:03:28	1	0	1	0
           212	2026-03-18 14:03:32	1	0	1	0
           561	2026-03-18 14:12:37	1	0	1	0
           875	2026-03-18 14:15:29	1	0	1	0
           235	2026-03-18 14:19:59	1	0	1	0
           594	2026-03-18 14:30:27	1	0	1	0
           594	2026-03-18 14:30:35	1	0	1	0
           101	2026-03-18 14:37:20	1	0	1	0
           616	2026-03-18 14:48:12	1	0	1	0
            10	2026-03-18 15:00:05	1	0	1	0
            98	2026-03-18 15:00:25	1	0	1	0
            98	2026-03-18 15:00:27	1	0	1	0
           318	2026-03-18 15:00:38	1	0	1	0
           260	2026-03-18 15:00:41	1	0	1	0
           109	2026-03-18 15:00:55	1	0	1	0
           407	2026-03-18 15:01:03	1	0	1	0
           245	2026-03-18 15:01:07	1	0	1	0
           160	2026-03-18 15:01:36	1	0	1	0
           152	2026-03-18 15:01:42	1	0	1	0
            84	2026-03-18 15:01:47	1	0	1	0
           828	2026-03-18 15:02:08	1	0	1	0
           106	2026-03-18 15:02:15	1	0	1	0
            44	2026-03-18 15:02:26	1	0	1	0
            68	2026-03-18 15:02:37	1	0	1	0
            73	2026-03-18 15:02:47	1	0	1	0
           221	2026-03-18 15:03:00	1	0	1	0
           526	2026-03-18 15:03:05	1	0	1	0
           526	2026-03-18 15:03:08	1	0	1	0
            65	2026-03-18 15:03:26	1	0	1	0
           117	2026-03-18 15:03:35	1	0	1	0
           625	2026-03-18 15:04:19	1	0	1	0
           563	2026-03-18 15:06:38	1	0	1	0
           879	2026-03-18 15:07:15	1	0	1	0
           879	2026-03-18 15:07:18	1	0	1	0
           219	2026-03-18 15:07:42	1	0	1	0
          2620	2026-03-18 15:08:11	1	0	1	0
            78	2026-03-18 15:11:47	1	0	1	0
           161	2026-03-18 15:20:23	1	0	1	0
           562	2026-03-18 15:21:54	1	0	1	0
           144	2026-03-18 15:26:25	1	0	1	0
            79	2026-03-18 15:32:13	1	0	1	0
            52	2026-03-18 15:38:13	1	0	1	0
            52	2026-03-18 15:38:15	1	0	1	0
            52	2026-03-18 15:38:18	1	0	1	0
             1	2026-03-18 16:00:12	1	0	1	0
           225	2026-03-18 16:00:21	1	0	1	0
           663	2026-03-18 16:00:27	1	0	1	0
           114	2026-03-18 16:00:37	1	0	1	0
             9	2026-03-18 16:00:44	1	0	1	0
            71	2026-03-18 16:00:50	1	0	1	0
            71	2026-03-18 16:00:52	1	0	1	0
           137	2026-03-18 16:01:00	1	0	1	0
           137	2026-03-18 16:01:03	1	0	1	0
           137	2026-03-18 16:01:05	1	0	1	0
           191	2026-03-18 16:01:07	1	0	1	0
           896	2026-03-18 16:01:12	1	0	1	0
           896	2026-03-18 16:01:14	1	0	1	0
           230	2026-03-18 16:01:28	1	0	1	0
           230	2026-03-18 16:01:30	1	0	1	0
           605	2026-03-18 16:01:37	1	0	1	0
           575	2026-03-18 16:01:47	1	0	1	0
           575	2026-03-18 16:01:53	1	0	1	0
           559	2026-03-18 16:02:06	1	0	1	0
           559	2026-03-18 16:02:11	1	0	1	0
           559	2026-03-18 16:02:15	1	0	1	0
            12	2026-03-18 16:02:56	1	0	1	0
           893	2026-03-18 16:04:00	1	0	1	0
           618	2026-03-18 16:04:06	1	0	1	0
           618	2026-03-18 16:04:11	1	0	1	0
            25	2026-03-18 16:04:17	1	0	1	0
            25	2026-03-18 16:04:22	1	0	1	0
           239	2026-03-18 16:05:19	1	0	1	0
           124	2026-03-18 16:05:47	1	0	1	0
           124	2026-03-18 16:05:50	1	0	1	0
           891	2026-03-18 16:05:52	1	0	1	0
           956	2026-03-18 16:06:17	1	0	1	0
           955	2026-03-18 16:06:29	1	0	1	0
           401	2026-03-18 16:06:41	1	0	1	0
          2506	2026-03-18 16:06:47	1	0	1	0
          2501	2026-03-18 16:06:53	1	0	1	0
           631	2026-03-18 16:07:04	1	0	1	0
           635	2026-03-18 16:07:35	1	0	1	0
           113	2026-03-18 16:10:51	1	0	1	0
           610	2026-03-18 16:10:56	1	0	1	0
           252	2026-03-18 16:12:06	1	0	1	0
           252	2026-03-18 16:12:17	1	0	1	0
           222	2026-03-18 16:12:53	1	0	1	0
           327	2026-03-18 16:14:33	1	0	1	0
            94	2026-03-18 16:15:58	1	0	1	0
           414	2026-03-18 16:16:03	1	0	1	0
           414	2026-03-18 16:16:08	1	0	1	0
           514	2026-03-18 16:16:13	1	0	1	0
            72	2026-03-18 16:16:36	1	0	1	0
           179	2026-03-18 16:16:44	1	0	1	0
           179	2026-03-18 16:16:47	1	0	1	0
            87	2026-03-18 16:17:00	1	0	1	0
            87	2026-03-18 16:17:06	1	0	1	0
           569	2026-03-18 16:17:18	1	0	1	0
            18	2026-03-18 16:18:06	1	0	1	0
           527	2026-03-18 16:18:12	1	0	1	0
           578	2026-03-18 16:18:21	1	0	1	0
           527	2026-03-18 16:18:31	1	0	1	0
          2500	2026-03-18 16:18:38	1	0	1	0
          2502	2026-03-18 16:18:51	1	0	1	0
          2512	2026-03-18 16:19:39	1	0	1	0
          2503	2026-03-18 16:20:11	1	0	1	0
            46	2026-03-18 16:21:42	1	1	1	0
            46	2026-03-18 16:21:44	1	1	1	0
            35	2026-03-18 16:37:18	1	1	1	0
            35	2026-03-18 16:37:23	1	1	1	0
           601	2026-03-18 16:41:22	1	1	1	0
          2505	2026-03-18 16:43:22	1	1	1	0
          2505	2026-03-18 16:43:27	1	1	1	0
           233	2026-03-18 16:48:21	1	1	1	0
           249	2026-03-18 16:53:41	1	1	1	0
           897	2026-03-18 17:00:31	1	1	1	0
           651	2026-03-18 17:00:58	1	1	1	0
           623	2026-03-18 17:02:02	1	1	1	0
           623	2026-03-18 17:02:05	1	1	1	0
           204	2026-03-18 17:02:30	1	1	1	0
           651	2026-03-18 17:02:40	1	1	1	0
           325	2026-03-18 17:03:55	1	1	1	0
           218	2026-03-18 17:06:03	1	1	1	0
            83	2026-03-18 17:07:46	1	1	1	0
           251	2026-03-18 17:10:01	1	1	1	0
            81	2026-03-18 17:10:13	1	1	1	0
           818	2026-03-18 17:10:16	1	1	1	0
           553	2026-03-18 17:23:41	1	1	1	0
          2521	2026-03-18 17:24:40	1	1	1	0
           587	2026-03-18 17:46:20	1	1	1	0
           521	2026-03-18 18:00:14	1	1	1	0
           328	2026-03-18 18:00:24	1	1	1	0
            34	2026-03-18 18:00:33	1	1	1	0
            34	2026-03-18 18:00:36	1	1	1	0
           328	2026-03-18 18:00:42	1	1	1	0
            90	2026-03-18 18:03:10	1	1	1	0
           622	2026-03-18 18:03:19	1	1	1	0
           622	2026-03-18 18:03:24	1	1	1	0
           622	2026-03-18 18:03:30	1	1	1	0
           584	2026-03-18 18:04:23	1	1	1	0
           594	2026-03-18 18:04:29	1	1	1	0
           594	2026-03-18 18:04:34	1	1	1	0
           258	2026-03-18 18:04:54	1	1	1	0
           531	2026-03-18 18:05:04	1	1	1	0
           604	2026-03-18 18:45:11	1	1	1	0
           572	2026-03-18 18:51:25	1	1	1	0
           572	2026-03-18 18:51:28	1	1	1	0
           408	2026-03-18 19:06:41	1	1	1	0
           585	2026-03-18 19:06:49	1	1	1	0
           585	2026-03-18 19:06:51	1	1	1	0
           244	2026-03-18 19:22:14	1	1	1	0
            82	2026-03-18 21:45:06	1	1	1	0
           645	2026-03-18 22:29:40	1	1	1	0
           212	2026-03-19 06:46:40	1	1	1	0
           248	2026-03-19 06:47:23	1	1	1	0
           248	2026-03-19 06:47:26	1	1	1	0
           526	2026-03-19 06:56:29	1	1	1	0
           526	2026-03-19 06:56:32	1	1	1	0
           109	2026-03-19 07:27:55	1	1	1	0
          1003	2026-03-19 07:31:05	1	1	1	0
           828	2026-03-19 07:32:21	1	0	1	0
            79	2026-03-19 07:37:58	1	0	1	0
            79	2026-03-19 07:38:00	1	0	1	0
            79	2026-03-19 07:38:02	1	0	1	0
           562	2026-03-19 07:39:11	1	0	1	0
            44	2026-03-19 07:39:32	1	0	1	0
            98	2026-03-19 07:40:16	1	0	1	0
            98	2026-03-19 07:40:19	1	0	1	0
            73	2026-03-19 07:41:13	1	0	1	0
           117	2026-03-19 07:44:15	1	0	1	0
           407	2026-03-19 07:47:21	1	0	1	0
           107	2026-03-19 07:47:46	1	0	1	0
            78	2026-03-19 07:48:11	1	0	1	0
            84	2026-03-19 07:50:21	1	0	1	0
           260	2026-03-19 07:53:48	1	0	1	0
           221	2026-03-19 07:56:14	1	0	1	0
           221	2026-03-19 07:56:17	1	0	1	0
           152	2026-03-19 07:57:53	1	0	1	0
           563	2026-03-19 07:59:57	1	0	1	0
           625	2026-03-19 08:00:28	1	0	1	0
           625	2026-03-19 08:00:33	1	0	1	0
          2620	2026-03-19 08:01:09	1	0	1	0
           553	2026-03-19 08:01:40	1	0	1	0
           245	2026-03-19 08:01:55	1	0	1	0
           245	2026-03-19 08:01:59	1	0	1	0
            10	2026-03-19 08:03:29	1	0	1	0
           160	2026-03-19 08:04:38	1	0	1	0
           161	2026-03-19 08:05:11	1	0	1	0
           161	2026-03-19 08:05:16	1	0	1	0
            65	2026-03-19 08:05:32	1	0	1	0
           106	2026-03-19 08:07:46	1	0	1	0
           602	2026-03-19 08:09:12	1	0	1	0
           314	2026-03-19 08:09:25	1	0	1	0
           601	2026-03-19 08:17:09	1	0	1	0
             1	2026-03-19 08:17:17	1	0	1	0
             1	2026-03-19 08:17:23	1	0	1	0
           604	2026-03-19 08:18:06	1	0	1	0
           604	2026-03-19 08:18:11	1	0	1	0
            71	2026-03-19 08:22:37	1	0	1	0
            71	2026-03-19 08:22:40	1	0	1	0
           576	2026-03-19 08:33:49	1	0	1	0
           253	2026-03-19 08:33:54	1	0	1	0
           124	2026-03-19 08:38:01	1	0	1	0
           124	2026-03-19 08:38:03	1	0	1	0
            12	2026-03-19 08:39:02	1	0	1	0
            12	2026-03-19 08:39:05	1	0	1	0
           124	2026-03-19 08:40:33	1	0	1	0
           124	2026-03-19 08:40:35	1	0	1	0
           113	2026-03-19 08:40:57	1	0	1	0
          2501	2026-03-19 08:45:53	1	0	1	0
           531	2026-03-19 08:45:59	1	0	1	0
           258	2026-03-19 08:46:05	1	0	1	0
          2505	2026-03-19 08:46:11	1	0	1	0
          2505	2026-03-19 08:46:18	1	0	1	0
           569	2026-03-19 08:47:08	1	0	1	0
           623	2026-03-19 08:50:33	1	0	1	0
           623	2026-03-19 08:50:37	1	0	1	0
            25	2026-03-19 08:50:47	1	0	1	0
            25	2026-03-19 08:50:52	1	0	1	0
           605	2026-03-19 08:52:00	1	0	1	0
           204	2026-03-19 08:53:22	1	0	1	0
           204	2026-03-19 08:53:24	1	0	1	0
           328	2026-03-19 08:53:53	1	0	1	0
           328	2026-03-19 08:54:01	1	0	1	0
           252	2026-03-19 08:54:53	1	0	1	0
           252	2026-03-19 08:54:59	1	0	1	0
           635	2026-03-19 08:55:17	1	0	1	0
           618	2026-03-19 08:56:14	1	0	1	0
           618	2026-03-19 08:56:18	1	0	1	0
           663	2026-03-19 08:56:46	1	0	1	0
           575	2026-03-19 08:57:04	1	0	1	0
           575	2026-03-19 08:57:09	1	0	1	0
           559	2026-03-19 08:57:33	1	0	1	0
           559	2026-03-19 08:57:37	1	0	1	0
           318	2026-03-19 08:57:48	1	0	1	0
           651	2026-03-19 08:58:28	1	0	1	0
           891	2026-03-19 08:58:40	1	0	1	0
           622	2026-03-19 08:58:46	1	0	1	0
           622	2026-03-19 08:58:52	1	0	1	0
           622	2026-03-19 08:58:59	1	0	1	0
           230	2026-03-19 08:59:09	1	0	1	0
           230	2026-03-19 08:59:11	1	0	1	0
           251	2026-03-19 08:59:32	1	0	1	0
            87	2026-03-19 08:59:54	1	0	1	0
            87	2026-03-19 09:00:01	1	0	1	0
           631	2026-03-19 09:01:11	1	0	1	0
           414	2026-03-19 09:01:44	1	0	1	0
           414	2026-03-19 09:01:48	1	0	1	0
           896	2026-03-19 09:02:00	1	0	1	0
           896	2026-03-19 09:02:02	1	0	1	0
          2500	2026-03-19 09:02:45	1	0	1	0
             9	2026-03-19 09:02:53	1	0	1	0
          2506	2026-03-19 09:02:59	1	0	1	0
            22	2026-03-19 09:03:23	1	0	1	0
           401	2026-03-19 09:04:02	1	0	1	0
           616	2026-03-19 09:04:20	1	0	1	0
           222	2026-03-19 09:06:17	1	0	1	0
           226	2026-03-19 09:06:23	1	0	1	0
           561	2026-03-19 09:06:36	1	0	1	0
           527	2026-03-19 09:07:54	1	0	1	0
           527	2026-03-19 09:07:56	1	0	1	0
           578	2026-03-19 09:10:02	1	0	1	0
           249	2026-03-19 09:10:19	1	0	1	0
           249	2026-03-19 09:10:27	1	0	1	0
           239	2026-03-19 09:12:09	1	0	1	0
           584	2026-03-19 09:13:24	1	0	1	0
           893	2026-03-19 09:17:41	1	0	1	0
            18	2026-03-19 09:18:17	1	0	1	0
          2502	2026-03-19 09:18:50	1	0	1	0
           572	2026-03-19 09:19:19	1	0	1	0
           101	2026-03-19 09:20:28	1	0	1	0
            35	2026-03-19 09:21:04	1	0	1	0
            35	2026-03-19 09:21:15	1	0	1	0
          2503	2026-03-19 09:22:25	1	0	1	0
           244	2026-03-19 09:52:01	1	0	1	0
            82	2026-03-19 09:52:10	1	0	1	0
           645	2026-03-19 09:55:29	1	0	1	0
            34	2026-03-19 10:00:04	1	0	1	0
            34	2026-03-19 10:00:06	1	0	1	0
            81	2026-03-19 10:00:38	1	0	1	0
           818	2026-03-19 10:01:52	1	0	1	0
           235	2026-03-19 10:02:06	1	0	1	0
           408	2026-03-19 10:05:17	1	0	1	0
           875	2026-03-19 10:06:55	1	0	1	0
           218	2026-03-19 10:07:00	1	0	1	0
            83	2026-03-19 10:07:19	1	0	1	0
           594	2026-03-19 11:08:49	1	0	1	0
           594	2026-03-19 11:09:00	1	0	1	0
           602	2026-03-19 12:31:56	1	0	1	0
           226	2026-03-19 13:05:29	1	0	1	0
           253	2026-03-19 13:06:56	1	0	1	0
           576	2026-03-19 13:30:17	1	0	1	0
           248	2026-03-19 14:01:13	1	0	1	0
           248	2026-03-19 14:01:15	1	0	1	0
           212	2026-03-19 14:01:42	1	0	1	0
            22	2026-03-19 14:01:47	1	0	1	0
           875	2026-03-19 14:07:04	1	0	1	0
           107	2026-03-19 14:08:26	1	0	1	0
           235	2026-03-19 14:18:58	1	0	1	0
           604	2026-03-19 14:30:03	1	0	1	0
           101	2026-03-19 14:30:27	1	0	1	0
            98	2026-03-19 15:00:03	1	0	1	0
            98	2026-03-19 15:00:06	1	0	1	0
           245	2026-03-19 15:00:11	1	0	1	0
           245	2026-03-19 15:00:13	1	0	1	0
           318	2026-03-19 15:00:19	1	0	1	0
           407	2026-03-19 15:00:22	1	0	1	0
           260	2026-03-19 15:00:25	1	0	1	0
            78	2026-03-19 15:00:32	1	0	1	0
            10	2026-03-19 15:00:39	1	0	1	0
           160	2026-03-19 15:00:58	1	0	1	0
            44	2026-03-19 15:01:04	1	0	1	0
           314	2026-03-19 15:01:09	1	0	1	0
           117	2026-03-19 15:01:29	1	0	1	0
           562	2026-03-19 15:01:58	1	0	1	0
           152	2026-03-19 15:02:06	1	0	1	0
            84	2026-03-19 15:02:09	1	0	1	0
           106	2026-03-19 15:02:37	1	0	1	0
           526	2026-03-19 15:03:17	1	0	1	0
           526	2026-03-19 15:03:19	1	0	1	0
           109	2026-03-19 15:04:10	1	0	1	0
           219	2026-03-19 15:04:16	1	0	1	0
           828	2026-03-19 15:04:22	1	0	1	0
           221	2026-03-19 15:04:26	1	0	1	0
            65	2026-03-19 15:04:30	1	0	1	0
           625	2026-03-19 15:04:41	1	0	1	0
           625	2026-03-19 15:04:45	1	0	1	0
            73	2026-03-19 15:05:51	1	0	1	0
           563	2026-03-19 15:07:25	1	0	1	0
            94	2026-03-19 15:09:51	1	0	1	0
          2620	2026-03-19 15:13:37	1	0	1	0
            79	2026-03-19 15:14:54	1	0	1	0
            79	2026-03-19 15:14:57	1	0	1	0
           561	2026-03-19 15:20:27	1	0	1	0
           616	2026-03-19 15:25:03	1	0	1	0
           161	2026-03-19 15:28:14	1	0	1	0
           161	2026-03-19 15:28:19	1	0	1	0
          1003	2026-03-19 15:30:50	1	0	1	0
             1	2026-03-19 16:00:07	1	0	1	0
             1	2026-03-19 16:00:11	1	0	1	0
             9	2026-03-19 16:00:20	1	0	1	0
            71	2026-03-19 16:00:32	1	0	1	0
            71	2026-03-19 16:00:35	1	0	1	0
           896	2026-03-19 16:00:47	1	0	1	0
           896	2026-03-19 16:00:50	1	0	1	0
           230	2026-03-19 16:01:08	1	0	1	0
           230	2026-03-19 16:01:10	1	0	1	0
           113	2026-03-19 16:01:34	1	0	1	0
           605	2026-03-19 16:01:44	1	0	1	0
           575	2026-03-19 16:01:54	1	0	1	0
           575	2026-03-19 16:01:59	1	0	1	0
           663	2026-03-19 16:02:27	1	0	1	0
           893	2026-03-19 16:02:40	1	0	1	0
           559	2026-03-19 16:04:07	1	0	1	0
           559	2026-03-19 16:04:11	1	0	1	0
            53	2026-03-19 16:04:54	1	0	1	0
            53	2026-03-19 16:04:56	1	0	1	0
           891	2026-03-19 16:05:31	1	0	1	0
            12	2026-03-19 16:06:23	1	0	1	0
            12	2026-03-19 16:06:32	1	0	1	0
            25	2026-03-19 16:07:08	1	0	1	0
            25	2026-03-19 16:07:17	1	0	1	0
           222	2026-03-19 16:07:22	1	0	1	0
           401	2026-03-19 16:07:35	1	0	1	0
           610	2026-03-19 16:09:08	1	0	1	0
           618	2026-03-19 16:09:14	1	0	1	0
           618	2026-03-19 16:09:19	1	0	1	0
           252	2026-03-19 16:11:54	1	0	1	0
           252	2026-03-19 16:12:00	1	0	1	0
           635	2026-03-19 16:15:11	1	0	1	0
          2505	2026-03-19 16:15:18	1	0	1	0
          2505	2026-03-19 16:15:28	1	0	1	0
          2501	2026-03-19 16:16:33	1	0	1	0
          2506	2026-03-19 16:16:40	1	0	1	0
            35	2026-03-19 16:16:47	1	0	1	0
            35	2026-03-19 16:16:52	1	0	1	0
          2500	2026-03-19 16:16:58	1	0	1	0
          2502	2026-03-19 16:17:04	1	0	1	0
           249	2026-03-19 16:18:43	1	0	1	0
          2503	2026-03-19 16:18:52	1	0	1	0
           414	2026-03-19 16:19:30	1	0	1	0
           414	2026-03-19 16:19:32	1	0	1	0
           578	2026-03-19 16:21:06	1	0	1	0
           578	2026-03-19 16:21:16	1	0	1	0
           569	2026-03-19 16:21:45	1	0	1	0
            87	2026-03-19 16:24:35	1	0	1	0
            87	2026-03-19 16:24:41	1	0	1	0
            87	2026-03-19 16:24:50	1	0	1	0
           527	2026-03-19 16:29:36	1	0	1	0
           631	2026-03-19 16:32:03	1	0	1	0
           651	2026-03-19 17:00:43	1	0	1	0
           204	2026-03-19 17:01:09	1	0	1	0
           251	2026-03-19 17:01:15	1	0	1	0
           553	2026-03-19 17:01:59	1	0	1	0
           623	2026-03-19 17:10:26	1	0	1	0
           623	2026-03-19 17:10:28	1	0	1	0
            83	2026-03-19 17:18:53	1	0	1	0
           325	2026-03-19 17:21:56	1	0	1	0
           572	2026-03-19 17:23:21	1	0	1	0
           818	2026-03-19 17:28:40	1	0	1	0
           645	2026-03-19 17:32:04	1	0	1	0
           587	2026-03-19 17:39:15	1	0	1	0
            34	2026-03-19 18:00:07	1	0	1	0
            34	2026-03-19 18:00:09	1	0	1	0
           584	2026-03-19 18:01:08	1	0	1	0
           594	2026-03-19 18:01:18	1	0	1	0
           594	2026-03-19 18:01:24	1	0	1	0
           328	2026-03-19 18:01:30	1	0	1	0
           328	2026-03-19 18:01:32	1	0	1	0
           258	2026-03-19 18:10:15	1	0	1	0
           531	2026-03-19 18:10:20	1	0	1	0
            81	2026-03-19 18:14:01	1	0	1	0
           218	2026-03-19 18:51:32	1	0	1	0
           408	2026-03-19 19:00:36	1	0	1	0
            18	2026-03-19 19:11:52	1	0	1	0
           244	2026-03-19 19:19:44	1	0	1	0
           248	2026-03-20 06:41:43	1	0	1	0
           248	2026-03-20 06:41:46	1	0	1	0
           212	2026-03-20 06:44:47	1	0	1	0
            68	2026-03-20 06:55:46	1	0	1	0
           225	2026-03-20 06:57:11	1	0	1	0
           225	2026-03-20 06:57:20	1	0	1	0
           526	2026-03-20 07:27:55	1	0	1	0
           526	2026-03-20 07:27:57	1	0	1	0
           144	2026-03-20 07:28:51	1	0	1	0
            78	2026-03-20 07:37:20	1	0	1	0
           120	2026-03-20 07:37:25	1	0	1	0
           828	2026-03-20 07:39:02	1	0	1	0
           563	2026-03-20 07:44:12	1	0	1	0
           563	2026-03-20 07:44:18	1	0	1	0
          1003	2026-03-20 07:44:45	1	0	1	0
           260	2026-03-20 07:47:24	1	0	1	0
           407	2026-03-20 07:47:27	1	0	1	0
           117	2026-03-20 07:47:35	1	0	1	0
            84	2026-03-20 07:47:39	1	0	1	0
           245	2026-03-20 07:47:48	1	0	1	0
           221	2026-03-20 07:47:55	1	0	1	0
           221	2026-03-20 07:48:02	1	0	1	0
           107	2026-03-20 07:48:43	1	0	1	0
            73	2026-03-20 07:50:04	1	0	1	0
            44	2026-03-20 07:53:03	1	0	1	0
           604	2026-03-20 07:53:11	1	0	1	0
           604	2026-03-20 07:53:16	1	0	1	0
            79	2026-03-20 07:54:42	1	0	1	0
            79	2026-03-20 07:54:45	1	0	1	0
            65	2026-03-20 07:55:19	1	0	1	0
          2620	2026-03-20 07:57:08	1	0	1	0
            10	2026-03-20 07:59:44	1	0	1	0
           152	2026-03-20 07:59:58	1	0	1	0
           553	2026-03-20 08:00:23	1	0	1	0
           219	2026-03-20 08:06:11	1	0	1	0
           106	2026-03-20 08:06:41	1	0	1	0
           625	2026-03-20 08:07:41	1	0	1	0
           625	2026-03-20 08:07:47	1	0	1	0
          2512	2026-03-20 08:07:55	1	0	1	0
           314	2026-03-20 08:08:25	1	0	1	0
            94	2026-03-20 08:09:13	1	0	1	0
            94	2026-03-20 08:09:15	1	0	1	0
           160	2026-03-20 08:15:49	1	0	1	0
           602	2026-03-20 08:18:30	1	0	1	0
           531	2026-03-20 08:22:52	1	0	1	0
           258	2026-03-20 08:22:59	1	0	1	0
           601	2026-03-20 08:26:31	1	0	1	0
            52	2026-03-20 08:29:46	1	0	1	0
            52	2026-03-20 08:29:48	1	0	1	0
            52	2026-03-20 08:29:51	1	0	1	0
             1	2026-03-20 08:29:58	1	0	1	0
             1	2026-03-20 08:30:02	1	0	1	0
            71	2026-03-20 08:30:45	1	0	1	0
            71	2026-03-20 08:30:48	1	0	1	0
           879	2026-03-20 08:31:30	1	0	1	0
           879	2026-03-20 08:31:32	1	0	1	0
          2501	2026-03-20 08:33:59	1	0	1	0
          2501	2026-03-20 08:34:12	1	0	1	0
           414	2026-03-20 08:35:16	1	0	1	0
           414	2026-03-20 08:35:18	1	0	1	0
           239	2026-03-20 08:39:18	1	0	1	0
           239	2026-03-20 08:39:30	1	0	1	0
           645	2026-03-20 08:39:37	1	0	1	0
           327	2026-03-20 08:40:07	1	0	1	0
           124	2026-03-20 08:40:21	1	0	1	0
           124	2026-03-20 08:40:23	1	0	1	0
            18	2026-03-20 08:43:42	1	0	1	0
           101	2026-03-20 08:45:19	1	0	1	0
           113	2026-03-20 08:46:24	1	0	1	0
           113	2026-03-20 08:46:34	1	0	1	0
           233	2026-03-20 08:48:19	1	0	1	0
           253	2026-03-20 08:48:35	1	0	1	0
           559	2026-03-20 08:50:11	1	0	1	0
           559	2026-03-20 08:50:15	1	0	1	0
           584	2026-03-20 08:51:05	1	0	1	0
           635	2026-03-20 08:51:49	1	0	1	0
           623	2026-03-20 08:51:54	1	0	1	0
           623	2026-03-20 08:51:57	1	0	1	0
            12	2026-03-20 08:52:02	1	0	1	0
            12	2026-03-20 08:52:05	1	0	1	0
           618	2026-03-20 08:52:51	1	0	1	0
           618	2026-03-20 08:52:54	1	0	1	0
           891	2026-03-20 08:53:21	1	0	1	0
           663	2026-03-20 08:53:28	1	0	1	0
          2505	2026-03-20 08:53:42	1	0	1	0
          2505	2026-03-20 08:53:45	1	0	1	0
            25	2026-03-20 08:53:50	1	0	1	0
            25	2026-03-20 08:53:55	1	0	1	0
           569	2026-03-20 08:54:01	1	0	1	0
           651	2026-03-20 08:54:58	1	0	1	0
           318	2026-03-20 08:55:21	1	0	1	0
           179	2026-03-20 08:55:45	1	0	1	0
           179	2026-03-20 08:55:52	1	0	1	0
           622	2026-03-20 08:56:19	1	0	1	0
           622	2026-03-20 08:56:25	1	0	1	0
           622	2026-03-20 08:56:31	1	0	1	0
           251	2026-03-20 08:57:21	1	0	1	0
            87	2026-03-20 08:57:32	1	0	1	0
            87	2026-03-20 08:57:39	1	0	1	0
            87	2026-03-20 08:57:48	1	0	1	0
           191	2026-03-20 08:58:13	1	0	1	0
           204	2026-03-20 08:58:22	1	0	1	0
           204	2026-03-20 08:58:25	1	0	1	0
           230	2026-03-20 08:58:53	1	0	1	0
           230	2026-03-20 08:58:55	1	0	1	0
           252	2026-03-20 08:59:27	1	0	1	0
            22	2026-03-20 08:59:34	1	0	1	0
           328	2026-03-20 08:59:40	1	0	1	0
           328	2026-03-20 08:59:42	1	0	1	0
           328	2026-03-20 08:59:45	1	0	1	0
           587	2026-03-20 09:00:47	1	0	1	0
           896	2026-03-20 09:02:27	1	0	1	0
           896	2026-03-20 09:02:30	1	0	1	0
           575	2026-03-20 09:04:37	1	0	1	0
           575	2026-03-20 09:04:45	1	0	1	0
           893	2026-03-20 09:06:08	1	0	1	0
            35	2026-03-20 09:06:19	1	0	1	0
            35	2026-03-20 09:06:24	1	0	1	0
           249	2026-03-20 09:07:18	1	0	1	0
          2500	2026-03-20 09:07:30	1	0	1	0
          2502	2026-03-20 09:07:36	1	0	1	0
           610	2026-03-20 09:07:40	1	0	1	0
           226	2026-03-20 09:07:55	1	0	1	0
           616	2026-03-20 09:08:17	1	0	1	0
           222	2026-03-20 09:08:30	1	0	1	0
          2506	2026-03-20 09:09:12	1	0	1	0
           561	2026-03-20 09:11:11	1	0	1	0
           578	2026-03-20 09:22:20	1	0	1	0
          2503	2026-03-20 09:25:00	1	0	1	0
           572	2026-03-20 09:27:46	1	0	1	0
           572	2026-03-20 09:27:49	1	0	1	0
           401	2026-03-20 09:30:38	1	0	1	0
            82	2026-03-20 09:49:51	1	0	1	0
           218	2026-03-20 09:58:50	1	0	1	0
           244	2026-03-20 09:59:53	1	0	1	0
           875	2026-03-20 10:04:02	1	0	1	0
            83	2026-03-20 10:04:21	1	0	1	0
           235	2026-03-20 10:05:58	1	0	1	0
            34	2026-03-20 10:08:49	1	0	1	0
            34	2026-03-20 10:08:52	1	0	1	0
           408	2026-03-20 10:08:56	1	0	1	0
           818	2026-03-20 10:10:37	1	0	1	0
           226	2026-03-20 13:01:02	1	0	1	0
           602	2026-03-20 13:30:31	1	0	1	0
           253	2026-03-20 13:33:55	1	0	1	0
            22	2026-03-20 14:03:12	1	0	1	0
           875	2026-03-20 14:05:08	1	0	1	0
           212	2026-03-20 14:07:57	1	0	1	0
           248	2026-03-20 14:12:24	1	0	1	0
           248	2026-03-20 14:12:26	1	0	1	0
           107	2026-03-20 14:12:54	1	0	1	0
           101	2026-03-20 14:14:00	1	0	1	0
           561	2026-03-20 14:14:13	1	0	1	0
           235	2026-03-20 14:14:38	1	0	1	0
            79	2026-03-20 15:00:17	1	0	1	0
            79	2026-03-20 15:00:19	1	0	1	0
           245	2026-03-20 15:00:22	1	0	1	0
          2620	2026-03-20 15:00:27	1	0	1	0
           260	2026-03-20 15:00:32	1	0	1	0
           407	2026-03-20 15:00:35	1	0	1	0
            10	2026-03-20 15:00:41	1	0	1	0
           117	2026-03-20 15:00:50	1	0	1	0
           106	2026-03-20 15:01:11	1	0	1	0
           160	2026-03-20 15:01:18	1	0	1	0
           152	2026-03-20 15:01:24	1	0	1	0
            78	2026-03-20 15:01:53	1	0	1	0
            84	2026-03-20 15:02:23	1	0	1	0
           526	2026-03-20 15:03:10	1	0	1	0
           526	2026-03-20 15:03:13	1	0	1	0
           828	2026-03-20 15:03:20	1	0	1	0
            68	2026-03-20 15:05:44	1	0	1	0
            73	2026-03-20 15:05:57	1	0	1	0
           563	2026-03-20 15:06:04	1	0	1	0
           219	2026-03-20 15:07:15	1	0	1	0
           221	2026-03-20 15:07:20	1	0	1	0
           221	2026-03-20 15:07:24	1	0	1	0
          2512	2026-03-20 15:09:07	1	0	1	0
           879	2026-03-20 15:10:43	1	0	1	0
           879	2026-03-20 15:10:45	1	0	1	0
           625	2026-03-20 15:12:14	1	0	1	0
           616	2026-03-20 15:12:59	1	0	1	0
           625	2026-03-20 15:13:50	1	0	1	0
            94	2026-03-20 15:17:22	1	0	1	0
           144	2026-03-20 15:19:21	1	0	1	0
          1003	2026-03-20 15:34:43	1	0	1	0
            46	2026-03-20 15:53:21	1	1	1	0
            46	2026-03-20 15:53:23	1	1	1	0
             1	2026-03-20 16:00:06	1	1	1	0
             1	2026-03-20 16:00:10	1	1	1	0
           191	2026-03-20 16:00:20	1	1	1	0
           225	2026-03-20 16:00:25	1	1	1	0
            71	2026-03-20 16:00:38	1	1	1	0
            71	2026-03-20 16:00:40	1	1	1	0
           896	2026-03-20 16:01:46	1	1	1	0
           896	2026-03-20 16:01:48	1	1	1	0
            72	2026-03-20 16:02:12	1	1	1	0
          2505	2026-03-20 16:02:20	1	1	1	0
          2505	2026-03-20 16:02:23	1	1	1	0
           230	2026-03-20 16:02:30	1	1	1	0
           230	2026-03-20 16:02:33	1	1	1	0
           559	2026-03-20 16:02:38	1	1	1	0
           559	2026-03-20 16:02:42	1	1	1	0
           575	2026-03-20 16:03:41	1	1	1	0
           575	2026-03-20 16:03:45	1	1	1	0
          2506	2026-03-20 16:05:35	1	1	1	0
          2501	2026-03-20 16:05:45	1	1	1	0
          2500	2026-03-20 16:06:32	1	1	1	0
          2502	2026-03-20 16:06:50	1	1	1	0
           233	2026-03-20 16:07:02	1	1	1	0
           618	2026-03-20 16:07:07	1	1	1	0
           618	2026-03-20 16:07:12	1	1	1	0
           239	2026-03-20 16:07:58	1	1	1	0
            53	2026-03-20 16:08:12	1	1	1	0
            12	2026-03-20 16:08:29	1	1	1	0
            25	2026-03-20 16:08:34	1	1	1	0
            25	2026-03-20 16:08:39	1	1	1	0
           891	2026-03-20 16:09:04	1	1	1	0
           124	2026-03-20 16:09:09	1	1	1	0
           252	2026-03-20 16:09:17	1	1	1	0
           252	2026-03-20 16:09:23	1	1	1	0
           179	2026-03-20 16:09:27	1	1	1	0
           179	2026-03-20 16:09:32	1	1	1	0
           610	2026-03-20 16:09:37	1	1	1	0
           113	2026-03-20 16:13:06	1	1	1	0
           113	2026-03-20 16:13:12	1	1	1	0
           222	2026-03-20 16:13:34	1	1	1	0
           635	2026-03-20 16:13:45	1	1	1	0
           414	2026-03-20 16:15:20	1	1	1	0
           414	2026-03-20 16:15:23	1	1	1	0
           578	2026-03-20 16:20:18	1	1	1	0
           314	2026-03-20 16:21:02	1	1	1	0
           314	2026-03-20 16:21:04	1	1	1	0
            44	2026-03-20 16:21:20	1	1	1	0
           401	2026-03-20 16:21:31	1	1	1	0
            87	2026-03-20 16:23:12	1	1	1	0
            87	2026-03-20 16:23:18	1	1	1	0
            87	2026-03-20 16:23:30	1	1	1	0
           601	2026-03-20 16:35:06	1	1	1	0
          2503	2026-03-20 16:46:18	1	1	1	0
           249	2026-03-20 16:49:01	1	1	1	0
           663	2026-03-20 16:51:53	1	1	1	0
           204	2026-03-20 17:01:19	1	1	1	0
           553	2026-03-20 17:02:21	1	1	1	0
           251	2026-03-20 17:02:44	1	1	1	0
           651	2026-03-20 17:03:30	1	1	1	0
            82	2026-03-20 17:08:36	1	1	1	0
            83	2026-03-20 17:08:41	1	1	1	0
           325	2026-03-20 17:11:53	1	1	1	0
            35	2026-03-20 17:13:30	1	1	1	0
            35	2026-03-20 17:13:35	1	1	1	0
           893	2026-03-20 17:17:32	1	1	1	0
           818	2026-03-20 17:17:40	1	1	1	0
           623	2026-03-20 17:22:28	1	1	1	0
           623	2026-03-20 17:22:31	1	1	1	0
           527	2026-03-20 17:24:42	1	1	1	0
           327	2026-03-20 17:30:21	1	1	1	0
           604	2026-03-20 17:31:14	1	1	1	0
           645	2026-03-20 17:31:27	1	1	1	0
           218	2026-03-20 17:34:27	1	1	1	0
           569	2026-03-20 17:41:07	1	1	1	0
           572	2026-03-20 17:56:59	1	1	1	0
            34	2026-03-20 18:02:46	1	1	1	0
            34	2026-03-20 18:02:49	1	1	1	0
           408	2026-03-20 18:03:56	1	1	1	0
           584	2026-03-20 18:08:02	1	1	1	0
           328	2026-03-20 18:11:42	1	1	1	0
           328	2026-03-20 18:11:46	1	1	1	0
           514	2026-03-20 18:30:20	1	1	1	0
           628	2026-03-20 18:30:28	1	1	1	0
           531	2026-03-20 18:34:34	1	1	1	0
           258	2026-03-20 18:34:41	1	1	1	0
            18	2026-03-20 18:49:02	1	1	1	0
           622	2026-03-20 18:54:59	1	1	1	0
           622	2026-03-20 18:55:05	1	1	1	0
           622	2026-03-20 18:55:11	1	1	1	0
           244	2026-03-20 20:20:57	1	1	1	0
           248	2026-03-23 06:49:28	1	1	1	0
           212	2026-03-23 06:49:34	1	1	1	0
            68	2026-03-23 06:52:19	1	1	1	0
           109	2026-03-23 07:18:04	1	1	1	0
           955	2026-03-23 07:22:13	1	1	1	0
           221	2026-03-23 07:24:27	1	1	1	0
           221	2026-03-23 07:24:31	1	1	1	0
           144	2026-03-23 07:30:22	1	1	1	0
           526	2026-03-23 07:35:36	1	1	1	0
           526	2026-03-23 07:35:41	1	1	1	0
          1003	2026-03-23 07:37:13	1	1	1	0
            73	2026-03-23 07:39:07	1	1	1	0
            73	2026-03-23 07:39:12	1	1	1	0
            98	2026-03-23 07:42:45	1	1	1	0
            98	2026-03-23 07:42:48	1	1	1	0
            79	2026-03-23 07:43:22	1	1	1	0
            79	2026-03-23 07:43:24	1	1	1	0
           828	2026-03-23 07:46:48	1	0	1	0
           407	2026-03-23 07:48:34	1	0	1	0
           602	2026-03-23 07:49:25	1	0	1	0
          2512	2026-03-23 07:51:07	1	0	1	0
           107	2026-03-23 07:51:24	1	0	1	0
           152	2026-03-23 07:52:00	1	0	1	0
            84	2026-03-23 07:52:06	1	0	1	0
           562	2026-03-23 07:52:52	1	0	1	0
           260	2026-03-23 07:53:27	1	0	1	0
           117	2026-03-23 07:54:53	1	0	1	0
           225	2026-03-23 07:55:24	1	0	1	0
           106	2026-03-23 07:55:38	1	0	1	0
           562	2026-03-23 07:56:14	1	0	1	0
            10	2026-03-23 07:58:05	1	0	1	0
          2620	2026-03-23 08:00:16	1	0	1	0
            44	2026-03-23 08:01:09	1	0	1	0
            78	2026-03-23 08:01:47	1	0	1	0
           120	2026-03-23 08:01:52	1	0	1	0
           625	2026-03-23 08:03:51	1	0	1	0
           625	2026-03-23 08:03:55	1	0	1	0
           314	2026-03-23 08:05:54	1	0	1	0
           314	2026-03-23 08:05:56	1	0	1	0
           604	2026-03-23 08:10:43	1	0	1	0
           604	2026-03-23 08:10:48	1	0	1	0
             1	2026-03-23 08:11:13	1	0	1	0
             1	2026-03-23 08:11:18	1	0	1	0
            71	2026-03-23 08:11:44	1	0	1	0
            71	2026-03-23 08:11:46	1	0	1	0
           232	2026-03-23 08:27:38	1	0	1	0
           232	2026-03-23 08:27:48	1	0	1	0
           245	2026-03-23 08:28:02	1	0	1	0
           601	2026-03-23 08:29:31	1	0	1	0
           124	2026-03-23 08:32:03	1	0	1	0
           124	2026-03-23 08:32:05	1	0	1	0
            52	2026-03-23 08:34:40	1	0	1	0
            52	2026-03-23 08:34:42	1	0	1	0
            52	2026-03-23 08:34:44	1	0	1	0
           113	2026-03-23 08:34:49	1	0	1	0
           645	2026-03-23 08:35:45	1	0	1	0
           576	2026-03-23 08:40:55	1	0	1	0
          2505	2026-03-23 08:41:35	1	0	1	0
          2505	2026-03-23 08:41:42	1	0	1	0
            12	2026-03-23 08:47:59	1	0	1	0
            12	2026-03-23 08:48:03	1	0	1	0
           559	2026-03-23 08:48:36	1	0	1	0
           559	2026-03-23 08:48:39	1	0	1	0
           251	2026-03-23 08:48:45	1	0	1	0
           623	2026-03-23 08:49:12	1	0	1	0
           623	2026-03-23 08:49:16	1	0	1	0
            25	2026-03-23 08:49:26	1	0	1	0
            25	2026-03-23 08:49:32	1	0	1	0
           179	2026-03-23 08:51:59	1	0	1	0
           179	2026-03-23 08:52:02	1	0	1	0
           414	2026-03-23 08:52:07	1	0	1	0
           414	2026-03-23 08:52:09	1	0	1	0
           569	2026-03-23 08:53:39	1	0	1	0
           663	2026-03-23 08:53:46	1	0	1	0
           101	2026-03-23 08:54:43	1	0	1	0
            46	2026-03-23 08:55:02	1	0	1	0
            46	2026-03-23 08:55:07	1	0	1	0
          2501	2026-03-23 08:55:19	1	0	1	0
           204	2026-03-23 08:56:14	1	0	1	0
           252	2026-03-23 08:56:27	1	0	1	0
           252	2026-03-23 08:56:33	1	0	1	0
            18	2026-03-23 08:56:48	1	0	1	0
           896	2026-03-23 08:58:03	1	0	1	0
           896	2026-03-23 08:58:05	1	0	1	0
           605	2026-03-23 08:59:17	1	0	1	0
           584	2026-03-23 09:00:02	1	0	1	0
           584	2026-03-23 09:00:06	1	0	1	0
           628	2026-03-23 09:01:39	1	0	1	0
           114	2026-03-23 09:02:24	1	0	1	0
            72	2026-03-23 09:02:32	1	0	1	0
           622	2026-03-23 09:02:43	1	0	1	0
           622	2026-03-23 09:02:48	1	0	1	0
           622	2026-03-23 09:02:54	1	0	1	0
            22	2026-03-23 09:02:57	1	0	1	0
           239	2026-03-23 09:03:08	1	0	1	0
             9	2026-03-23 09:04:21	1	0	1	0
           651	2026-03-23 09:04:25	1	0	1	0
           222	2026-03-23 09:04:29	1	0	1	0
           318	2026-03-23 09:05:06	1	0	1	0
           561	2026-03-23 09:05:14	1	0	1	0
           230	2026-03-23 09:05:35	1	0	1	0
           230	2026-03-23 09:05:38	1	0	1	0
           936	2026-03-23 09:05:45	1	0	1	0
           226	2026-03-23 09:06:11	1	0	1	0
           893	2026-03-23 09:06:39	1	0	1	0
           631	2026-03-23 09:07:27	1	0	1	0
           891	2026-03-23 09:07:53	1	0	1	0
           401	2026-03-23 09:08:03	1	0	1	0
           610	2026-03-23 09:08:12	1	0	1	0
           258	2026-03-23 09:08:29	1	0	1	0
          2500	2026-03-23 09:08:37	1	0	1	0
          2502	2026-03-23 09:08:44	1	0	1	0
           191	2026-03-23 09:09:03	1	0	1	0
           249	2026-03-23 09:09:18	1	0	1	0
           618	2026-03-23 09:09:31	1	0	1	0
           618	2026-03-23 09:09:36	1	0	1	0
           233	2026-03-23 09:09:41	1	0	1	0
           818	2026-03-23 09:09:45	1	0	1	0
           587	2026-03-23 09:10:48	1	0	1	0
           521	2026-03-23 09:11:50	1	0	1	0
          2506	2026-03-23 09:13:45	1	0	1	0
            35	2026-03-23 09:16:43	1	0	1	0
            35	2026-03-23 09:16:49	1	0	1	0
            34	2026-03-23 09:17:29	1	0	1	0
            34	2026-03-23 09:17:32	1	0	1	0
           253	2026-03-23 09:22:45	1	0	1	0
           527	2026-03-23 09:23:20	1	0	1	0
           408	2026-03-23 09:25:20	1	0	1	0
           572	2026-03-23 09:27:59	1	0	1	0
           572	2026-03-23 09:28:03	1	0	1	0
          2503	2026-03-23 09:29:22	1	0	1	0
